step,epoch,loss,lr
1,1,1.13185155,1e-07
2,1,1.21875167,1e-07
3,1,1.22745728,2e-07
4,1,1.15287566,2e-07
5,1,1.20928657,2e-07
6,1,1.17207682,3e-07
7,1,1.25729311,3e-07
8,1,1.21816862,3e-07
9,1,1.18106508,4e-07
10,1,1.25535822,4e-07
11,1,1.10821009,4e-07
12,1,1.12917328,5e-07
13,1,1.14916611,5e-07
14,1,1.25476217,5e-07
15,1,1.24139678,6e-07
16,1,1.27396667,6e-07
17,1,1.21095133,6e-07
18,1,1.15020740,7e-07
19,1,1.16297662,7e-07
20,1,1.29987144,7e-07
21,1,1.13957524,8e-07
22,1,1.20746541,8e-07
23,1,1.20932567,8e-07
24,1,1.21385658,9e-07
25,1,1.14463508,9e-07
26,1,1.27229846,9e-07
27,1,1.21049476,1e-06
28,1,1.17488050,1e-06
29,1,1.13583493,1e-06
30,1,1.25560474,1.1e-06
31,1,1.19015312,1.1e-06
32,1,1.21908522,1.1e-06
33,1,1.18943870,1.2e-06
34,1,1.09969115,1.2e-06
35,1,1.18563890,1.2e-06
36,1,1.17100334,1.3e-06
37,1,1.16885316,1.3e-06
38,1,1.16582584,1.3e-06
39,1,1.24258554,1.4e-06
40,1,1.14725041,1.4e-06
41,1,1.11982286,1.4e-06
42,1,1.22828388,1.5e-06
43,1,1.17192423,1.5e-06
44,1,1.19281709,1.5e-06
45,1,1.20341396,1.6e-06
46,1,1.14467323,1.6e-06
47,1,1.17089057,1.6e-06
48,1,1.19937754,1.7e-06
49,1,1.20589292,1.7e-06
50,1,1.11896372,1.7e-06
51,1,1.10983157,1.8e-06
52,1,1.23715448,1.8e-06
53,1,1.18863511,1.8e-06
54,1,1.10927892,1.9e-06
55,1,1.17268181,1.9e-06
56,1,1.12469792,1.9e-06
57,1,1.10434830,2e-06
58,1,1.15514874,2e-06
59,1,1.13847148,2e-06
60,1,1.07924533,2.1e-06
61,1,1.11977017,2.1e-06
62,1,1.20681226,2.1e-06
63,1,1.09517312,2.2e-06
64,1,1.07959652,2.2e-06
65,1,1.14065456,2.2e-06
66,1,1.16727281,2.3e-06
67,1,1.18140316,2.3e-06
68,1,1.14430785,2.3e-06
69,1,1.07819653,2.4e-06
70,1,1.18344390,2.4e-06
71,1,1.16979408,2.4e-06
72,1,1.05403578,2.5e-06
73,1,1.07604146,2.5e-06
74,1,1.06700552,2.5e-06
75,1,1.13310564,2.6e-06
76,1,1.06115711,2.6e-06
77,1,1.12733579,2.6e-06
78,1,1.14763367,2.7e-06
79,1,1.03845179,2.7e-06
80,1,1.16740274,2.7e-06
81,1,1.11188030,2.8e-06
82,1,1.11126029,2.8e-06
83,1,1.07587957,2.8e-06
84,1,1.09652269,2.9e-06
85,1,1.12976694,2.9e-06
86,1,1.02161539,2.9e-06
87,1,1.08541751,3e-06
88,1,0.99113792,3e-06
89,1,1.07651842,3e-06
90,1,1.11067176,3.1e-06
91,1,1.15433741,3.1e-06
92,1,1.03070593,3.1e-06
93,1,1.05847907,3.2e-06
94,1,1.04870844,3.2e-06
95,1,1.09506941,3.2e-06
96,1,0.99560916,3.3e-06
97,1,1.01127350,3.3e-06
98,1,0.98009109,3.3e-06
99,1,1.05100513,3.4e-06
100,1,1.12242067,3.4e-06
101,1,1.04099071,3.4e-06
102,1,1.07923663,3.5e-06
103,1,1.00564265,3.5e-06
104,1,1.05751181,3.5e-06
105,1,0.98083895,3.6e-06
106,1,1.04060698,3.6e-06
107,1,1.04423630,3.6e-06
108,1,0.97868407,3.7e-06
109,1,0.98680180,3.7e-06
110,1,1.03212631,3.7e-06
111,1,1.03754044,3.8e-06
112,1,0.97441196,3.8e-06
113,1,0.96269596,3.8e-06
114,1,0.99917316,3.9e-06
115,1,1.02603006,3.9e-06
116,1,0.99604082,3.9e-06
117,1,0.95062774,4e-06
118,1,1.01072204,4e-06
119,1,1.01200724,4e-06
120,1,0.99496639,4.1e-06
121,1,0.96990079,4.1e-06
122,1,0.98895186,4.1e-06
123,1,0.95802653,4.2e-06
124,1,1.01520145,4.2e-06
125,1,0.99931955,4.2e-06
126,1,0.96109378,4.3e-06
127,1,0.94142056,4.3e-06
128,1,0.97286266,4.3e-06
129,1,0.96281457,4.4e-06
130,1,0.92766762,4.4e-06
131,1,0.99234837,4.4e-06
132,1,0.99142456,4.5e-06
133,1,0.96964043,4.5e-06
134,1,1.01142192,4.5e-06
135,1,0.99551886,4.6e-06
136,1,0.94890547,4.6e-06
137,1,0.96143335,4.6e-06
138,1,0.92943209,4.7e-06
139,1,0.93481719,4.7e-06
140,1,0.95658845,4.7e-06
141,1,0.94896549,4.8e-06
142,1,0.93834388,4.8e-06
143,1,0.99370784,4.8e-06
144,1,0.88572478,4.9e-06
145,1,0.99073642,4.9e-06
146,1,0.99908513,4.9e-06
147,1,0.96286964,5e-06
148,1,0.89317751,5e-06
149,1,0.90885913,5e-06
150,1,0.94562328,5.1e-06
151,1,0.91995239,5.1e-06
152,1,0.91467059,5.1e-06
153,1,0.93179500,5.2e-06
154,1,0.96903288,5.2e-06
155,1,1.00927114,5.2e-06
156,1,0.90597749,5.3e-06
157,1,0.94821918,5.3e-06
158,1,0.92302215,5.3e-06
159,1,0.92003983,5.4e-06
160,1,0.88974923,5.4e-06
161,1,0.90929043,5.4e-06
162,1,0.91877162,5.5e-06
163,1,0.99401683,5.5e-06
164,1,0.93893450,5.5e-06
165,1,1.02585793,5.6e-06
166,1,0.88110894,5.6e-06
167,1,0.85258055,5.6e-06
168,1,0.94789159,5.7e-06
169,1,0.93134034,5.7e-06
170,1,0.88835019,5.7e-06
171,1,0.88289344,5.8e-06
172,1,0.92829084,5.8e-06
173,1,0.96469611,5.8e-06
174,1,0.87458527,5.9e-06
175,1,0.96390724,5.9e-06
176,1,0.95638841,5.9e-06
177,1,0.93931103,6e-06
178,1,0.93014240,6e-06
179,1,0.91620576,6e-06
180,1,0.89599389,6.1e-06
181,1,0.91364014,6.1e-06
182,1,0.90680921,6.1e-06
183,1,0.85805142,6.2e-06
184,1,0.89394176,6.2e-06
185,1,0.90343308,6.2e-06
186,1,0.90189189,6.3e-06
187,1,0.85565507,6.3e-06
188,1,0.83861613,6.3e-06
189,1,0.93645638,6.4e-06
190,1,0.80678189,6.4e-06
191,1,0.87959957,6.4e-06
192,1,0.91955328,6.5e-06
193,1,0.92176533,6.5e-06
194,1,0.88849276,6.5e-06
195,1,0.86273038,6.6e-06
196,1,0.84002417,6.6e-06
197,1,0.84308171,6.6e-06
198,1,0.91945428,6.7e-06
199,1,0.83924168,6.7e-06
200,1,0.82954615,6.7e-06
201,1,0.86216199,6.8e-06
202,1,0.86633658,6.8e-06
203,1,0.89323467,6.8e-06
204,1,0.85045564,6.9e-06
205,1,0.89838427,6.9e-06
206,1,0.85943222,6.9e-06
207,1,0.80612266,7e-06
208,1,0.80230159,7e-06
209,1,0.83772314,7e-06
210,1,0.84181225,7.1e-06
211,1,0.84680009,7.1e-06
212,1,0.82481527,7.1e-06
213,1,0.87104464,7.2e-06
214,1,0.86798954,7.2e-06
215,1,0.86677217,7.2e-06
216,1,0.93891203,7.3e-06
217,1,0.82978529,7.3e-06
218,1,0.91777980,7.3e-06
219,1,0.85000789,7.4e-06
220,1,0.87815523,7.4e-06
221,1,0.89306372,7.4e-06
222,1,0.88201809,7.5e-06
223,1,0.86570424,7.5e-06
224,1,0.88051343,7.6e-06
225,2,0.83201528,7.6e-06
226,2,0.88045514,7.6e-06
227,2,0.82829690,7.7e-06
228,2,0.80896604,7.7e-06
229,2,0.85443419,7.7e-06
230,2,0.84055227,7.8e-06
231,2,0.82972181,7.8e-06
232,2,0.87801617,7.8e-06
233,2,0.86524791,7.9e-06
234,2,0.78664935,7.9e-06
235,2,0.82243252,7.9e-06
236,2,0.78901970,8e-06
237,2,0.78955543,8e-06
238,2,0.84887266,8e-06
239,2,0.84756440,8.1e-06
240,2,0.81387734,8.1e-06
241,2,0.78340292,8.1e-06
242,2,0.80688989,8.2e-06
243,2,0.83487940,8.2e-06
244,2,0.85314292,8.2e-06
245,2,0.80465335,8.3e-06
246,2,0.87442565,8.3e-06
247,2,0.82813728,8.3e-06
248,2,0.81758118,8.4e-06
249,2,0.85320276,8.4e-06
250,2,0.79513729,8.4e-06
251,2,0.84866542,8.5e-06
252,2,0.81743211,8.5e-06
253,2,0.78442353,8.5e-06
254,2,0.81240809,8.6e-06
255,2,0.76870120,8.6e-06
256,2,0.80516404,8.6e-06
257,2,0.76397413,8.7e-06
258,2,0.79563808,8.7e-06
259,2,0.83782071,8.7e-06
260,2,0.81967014,8.8e-06
261,2,0.79882753,8.8e-06
262,2,0.80925387,8.8e-06
263,2,0.84838903,8.9e-06
264,2,0.83841574,8.9e-06
265,2,0.82286692,8.9e-06
266,2,0.85302538,9e-06
267,2,0.83401459,9e-06
268,2,0.81040275,9e-06
269,2,0.84905946,9.1e-06
270,2,0.78706497,9.1e-06
271,2,0.89461362,9.1e-06
272,2,0.75734830,9.2e-06
273,2,0.79963768,9.2e-06
274,2,0.75885928,9.2e-06
275,2,0.80232847,9.3e-06
276,2,0.85697985,9.3e-06
277,2,0.74166793,9.3e-06
278,2,0.80671918,9.4e-06
279,2,0.75254840,9.4e-06
280,2,0.81397629,9.4e-06
281,2,0.72457427,9.5e-06
282,2,0.80611873,9.5e-06
283,2,0.81821644,9.5e-06
284,2,0.79894221,9.6e-06
285,2,0.76210392,9.6e-06
286,2,0.82562178,9.6e-06
287,2,0.86502194,9.7e-06
288,2,0.84020317,9.7e-06
289,2,0.74004716,9.7e-06
290,2,0.80380344,9.8e-06
291,2,0.78467101,9.8e-06
292,2,0.75656199,9.8e-06
293,2,0.78188676,9.9e-06
294,2,0.78401756,9.9e-06
295,2,0.73523134,9.9e-06
296,2,0.79968703,1e-05
297,2,0.78225607,1e-05
298,2,0.85755396,1e-05
299,2,0.74516571,1.01e-05
300,2,0.73938131,1.01e-05
301,2,0.75530040,1.01e-05
302,2,0.72175360,1.02e-05
303,2,0.83839905,1.02e-05
304,2,0.78429878,1.02e-05
305,2,0.70553410,1.03e-05
306,2,0.77033091,1.03e-05
307,2,0.75361097,1.03e-05
308,2,0.77042365,1.04e-05
309,2,0.72505015,1.04e-05
310,2,0.68344438,1.04e-05
311,2,0.80340141,1.05e-05
312,2,0.79788560,1.05e-05
313,2,0.75151891,1.05e-05
314,2,0.77743709,1.06e-05
315,2,0.72760916,1.06e-05
316,2,0.81807077,1.06e-05
317,2,0.77789468,1.07e-05
318,2,0.73104781,1.07e-05
319,2,0.76923436,1.07e-05
320,2,0.78884166,1.08e-05
321,2,0.68862343,1.08e-05
322,2,0.66070265,1.08e-05
323,2,0.74723786,1.09e-05
324,2,0.74564546,1.09e-05
325,2,0.77637422,1.09e-05
326,2,0.75125515,1.1e-05
327,2,0.64903605,1.1e-05
328,2,0.77709138,1.1e-05
329,2,0.70581412,1.11e-05
330,2,0.83742023,1.11e-05
331,2,0.76317167,1.11e-05
332,2,0.74937618,1.12e-05
333,2,0.78715611,1.12e-05
334,2,0.73533189,1.12e-05
335,2,0.80191863,1.13e-05
336,2,0.68362969,1.13e-05
337,2,0.70418233,1.13e-05
338,2,0.73527288,1.14e-05
339,2,0.83729208,1.14e-05
340,2,0.70103329,1.14e-05
341,2,0.72724748,1.15e-05
342,2,0.61357844,1.15e-05
343,2,0.72758383,1.15e-05
344,2,0.74893665,1.16e-05
345,2,0.73176575,1.16e-05
346,2,0.76021457,1.16e-05
347,2,0.68655080,1.17e-05
348,2,0.74361455,1.17e-05
349,2,0.72983712,1.17e-05
350,2,0.81637561,1.18e-05
351,2,0.68104428,1.18e-05
352,2,0.76810998,1.18e-05
353,2,0.70169663,1.19e-05
354,2,0.76467133,1.19e-05
355,2,0.69049954,1.19e-05
356,2,0.66957307,1.2e-05
357,2,0.70288229,1.2e-05
358,2,0.65354633,1.2e-05
359,2,0.75963515,1.21e-05
360,2,0.78681219,1.21e-05
361,2,0.78260946,1.21e-05
362,2,0.77134383,1.22e-05
363,2,0.67686224,1.22e-05
364,2,0.72035402,1.22e-05
365,2,0.75690860,1.23e-05
366,2,0.72477949,1.23e-05
367,2,0.66879606,1.23e-05
368,2,0.76166648,1.24e-05
369,2,0.73732495,1.24e-05
370,2,0.78174365,1.24e-05
371,2,0.63837349,1.25e-05
372,2,0.71102321,1.25e-05
373,2,0.70793200,1.25e-05
374,2,0.63083196,1.26e-05
375,2,0.79831672,1.26e-05
376,2,0.71684426,1.26e-05
377,2,0.66792488,1.27e-05
378,2,0.73051202,1.27e-05
379,2,0.66565108,1.27e-05
380,2,0.72274768,1.28e-05
381,2,0.66649234,1.28e-05
382,2,0.75956482,1.28e-05
383,2,0.66092950,1.29e-05
384,2,0.73310316,1.29e-05
385,2,0.63771099,1.29e-05
386,2,0.75615251,1.3e-05
387,2,0.61689353,1.3e-05
388,2,0.67583579,1.3e-05
389,2,0.62385380,1.31e-05
390,2,0.67852056,1.31e-05
391,2,0.76351660,1.31e-05
392,2,0.72544593,1.32e-05
393,2,0.62926054,1.32e-05
394,2,0.68016690,1.32e-05
395,2,0.67804289,1.33e-05
396,2,0.68261975,1.33e-05
397,2,0.66070896,1.33e-05
398,2,0.76928139,1.34e-05
399,2,0.68510413,1.34e-05
400,2,0.66839874,1.34e-05
401,2,0.74316138,1.35e-05
402,2,0.65463829,1.35e-05
403,2,0.72239131,1.35e-05
404,2,0.70409632,1.36e-05
405,2,0.63723767,1.36e-05
406,2,0.71281862,1.36e-05
407,2,0.62558007,1.37e-05
408,2,0.75686252,1.37e-05
409,2,0.68398142,1.37e-05
410,2,0.69767779,1.38e-05
411,2,0.65750563,1.38e-05
412,2,0.74621928,1.38e-05
413,2,0.68061084,1.39e-05
414,2,0.77268523,1.39e-05
415,2,0.64937615,1.39e-05
416,2,0.64277959,1.4e-05
417,2,0.66645062,1.4e-05
418,2,0.71209359,1.4e-05
419,2,0.71996015,1.41e-05
420,2,0.61990434,1.41e-05
421,2,0.66691774,1.41e-05
422,2,0.68689561,1.42e-05
423,2,0.61895955,1.42e-05
424,2,0.70176983,1.42e-05
425,2,0.65757942,1.43e-05
426,2,0.72300756,1.43e-05
427,2,0.65371788,1.43e-05
428,2,0.70098162,1.44e-05
429,2,0.70679140,1.44e-05
430,2,0.68199772,1.44e-05
431,2,0.70359862,1.45e-05
432,2,0.70074004,1.45e-05
433,2,0.60969722,1.45e-05
434,2,0.63097811,1.46e-05
435,2,0.70351261,1.46e-05
436,2,0.70141381,1.46e-05
437,2,0.61979955,1.47e-05
438,2,0.71310031,1.47e-05
439,2,0.61151826,1.47e-05
440,2,0.56956339,1.48e-05
441,2,0.71897030,1.48e-05
442,2,0.66883457,1.48e-05
443,2,0.64501256,1.49e-05
444,2,0.68685263,1.49e-05
445,2,0.64791566,1.49e-05
446,2,0.69464159,1.5e-05
447,2,0.69827145,1.5e-05
448,2,0.57847738,1.51e-05
449,3,0.59379208,1.51e-05
450,3,0.73045874,1.51e-05
451,3,0.64248329,1.52e-05
452,3,0.63062483,1.52e-05
453,3,0.66765565,1.52e-05
454,3,0.64572883,1.53e-05
455,3,0.65106064,1.53e-05
456,3,0.65431356,1.53e-05
457,3,0.66978002,1.54e-05
458,3,0.65739578,1.54e-05
459,3,0.62554169,1.54e-05
460,3,0.58160770,1.55e-05
461,3,0.68512070,1.55e-05
462,3,0.59949678,1.55e-05
463,3,0.61325949,1.56e-05
464,3,0.58287519,1.56e-05
465,3,0.65739202,1.56e-05
466,3,0.62767220,1.57e-05
467,3,0.64281607,1.57e-05
468,3,0.55188560,1.57e-05
469,3,0.59553564,1.58e-05
470,3,0.53110909,1.58e-05
471,3,0.62691796,1.58e-05
472,3,0.55891055,1.59e-05
473,3,0.59958589,1.59e-05
474,3,0.62211502,1.59e-05
475,3,0.61391610,1.6e-05
476,3,0.60639018,1.6e-05
477,3,0.61213094,1.6e-05
478,3,0.57552546,1.61e-05
479,3,0.54409754,1.61e-05
480,3,0.53015280,1.61e-05
481,3,0.57465535,1.62e-05
482,3,0.66660511,1.62e-05
483,3,0.65202904,1.62e-05
484,3,0.60307890,1.63e-05
485,3,0.66550857,1.63e-05
486,3,0.59681463,1.63e-05
487,3,0.55958366,1.64e-05
488,3,0.55150634,1.64e-05
489,3,0.59337497,1.64e-05
490,3,0.66397101,1.65e-05
491,3,0.58560652,1.65e-05
492,3,0.63189471,1.65e-05
493,3,0.60642594,1.66e-05
494,3,0.59300488,1.66e-05
495,3,0.60761476,1.66e-05
496,3,0.68142462,1.67e-05
497,3,0.61577606,1.67e-05
498,3,0.64693153,1.67e-05
499,3,0.62369263,1.68e-05
500,3,0.53260964,1.68e-05
501,3,0.62507308,1.68e-05
502,3,0.59336805,1.69e-05
503,3,0.61505485,1.69e-05
504,3,0.54660535,1.69e-05
505,3,0.54101127,1.7e-05
506,3,0.55380893,1.7e-05
507,3,0.58279383,1.7e-05
508,3,0.58894479,1.71e-05
509,3,0.57379395,1.71e-05
510,3,0.59100783,1.71e-05
511,3,0.58931023,1.72e-05
512,3,0.56918889,1.72e-05
513,3,0.57766068,1.72e-05
514,3,0.52553618,1.73e-05
515,3,0.64891112,1.73e-05
516,3,0.59858155,1.73e-05
517,3,0.69855803,1.74e-05
518,3,0.57633042,1.74e-05
519,3,0.58582568,1.74e-05
520,3,0.48012719,1.75e-05
521,3,0.57420236,1.75e-05
522,3,0.62219059,1.75e-05
523,3,0.54049426,1.76e-05
524,3,0.61230886,1.76e-05
525,3,0.59529203,1.76e-05
526,3,0.60172403,1.77e-05
527,3,0.55637878,1.77e-05
528,3,0.54001635,1.77e-05
529,3,0.59758514,1.78e-05
530,3,0.60290039,1.78e-05
531,3,0.49298629,1.78e-05
532,3,0.57273078,1.79e-05
533,3,0.48525381,1.79e-05
534,3,0.58460844,1.79e-05
535,3,0.64764786,1.8e-05
536,3,0.49461699,1.8e-05
537,3,0.54243386,1.8e-05
538,3,0.53004193,1.81e-05
539,3,0.54989946,1.81e-05
540,3,0.57407522,1.81e-05
541,3,0.55184078,1.82e-05
542,3,0.60275453,1.82e-05
543,3,0.60526383,1.82e-05
544,3,0.54613507,1.83e-05
545,3,0.60595709,1.83e-05
546,3,0.52268755,1.83e-05
547,3,0.56374764,1.84e-05
548,3,0.65586627,1.84e-05
549,3,0.52169585,1.84e-05
550,3,0.52552843,1.85e-05
551,3,0.57922304,1.85e-05
552,3,0.51595652,1.85e-05
553,3,0.53403777,1.86e-05
554,3,0.51448154,1.86e-05
555,3,0.55512965,1.86e-05
556,3,0.51774442,1.87e-05
557,3,0.59098160,1.87e-05
558,3,0.56041253,1.87e-05
559,3,0.52747262,1.88e-05
560,3,0.57751840,1.88e-05
561,3,0.49838871,1.88e-05
562,3,0.50500661,1.89e-05
563,3,0.50276887,1.89e-05
564,3,0.48479837,1.89e-05
565,3,0.49548241,1.9e-05
566,3,0.59363449,1.9e-05
567,3,0.52541876,1.9e-05
568,3,0.54718071,1.91e-05
569,3,0.55718154,1.91e-05
570,3,0.49224466,1.91e-05
571,3,0.48594928,1.92e-05
572,3,0.51566291,1.92e-05
573,3,0.58906066,1.92e-05
574,3,0.65667748,1.93e-05
575,3,0.46570271,1.93e-05
576,3,0.48766875,1.93e-05
577,3,0.48042354,1.94e-05
578,3,0.62034583,1.94e-05
579,3,0.58111393,1.94e-05
580,3,0.48621234,1.95e-05
581,3,0.52455622,1.95e-05
582,3,0.53345263,1.95e-05
583,3,0.55275965,1.96e-05
584,3,0.57081461,1.96e-05
585,3,0.56636798,1.96e-05
586,3,0.51286155,1.97e-05
587,3,0.55896789,1.97e-05
588,3,0.50307727,1.97e-05
589,3,0.54789490,1.98e-05
590,3,0.58248413,1.98e-05
591,3,0.49477205,1.98e-05
592,3,0.58743763,1.99e-05
593,3,0.44474393,1.99e-05
594,3,0.46908912,1.99e-05
595,3,0.56620401,2e-05
596,3,0.50158536,2e-05
597,3,0.49871904,2e-05
598,3,0.56454730,2.01e-05
599,3,0.45910519,2.01e-05
600,3,0.55737054,2.01e-05
601,3,0.51122904,2.02e-05
602,3,0.53966630,2.02e-05
603,3,0.53246033,2.02e-05
604,3,0.46904439,2.03e-05
605,3,0.52795243,2.03e-05
606,3,0.52994233,2.03e-05
607,3,0.45053837,2.04e-05
608,3,0.49514970,2.04e-05
609,3,0.47724217,2.04e-05
610,3,0.42871493,2.05e-05
611,3,0.53386986,2.05e-05
612,3,0.52027225,2.05e-05
613,3,0.57134211,2.06e-05
614,3,0.48948225,2.06e-05
615,3,0.52351546,2.06e-05
616,3,0.50078034,2.07e-05
617,3,0.44922516,2.07e-05
618,3,0.50620103,2.07e-05
619,3,0.50045329,2.08e-05
620,3,0.41726169,2.08e-05
621,3,0.44723624,2.08e-05
622,3,0.58915806,2.09e-05
623,3,0.50766742,2.09e-05
624,3,0.42232209,2.09e-05
625,3,0.54370445,2.1e-05
626,3,0.52843809,2.1e-05
627,3,0.49584764,2.1e-05
628,3,0.53362131,2.11e-05
629,3,0.48560667,2.11e-05
630,3,0.56093836,2.11e-05
631,3,0.44492173,2.12e-05
632,3,0.50342345,2.12e-05
633,3,0.48301587,2.12e-05
634,3,0.44317526,2.13e-05
635,3,0.56132096,2.13e-05
636,3,0.46498871,2.13e-05
637,3,0.43966350,2.14e-05
638,3,0.48339301,2.14e-05
639,3,0.52333248,2.14e-05
640,3,0.49265859,2.15e-05
641,3,0.54607475,2.15e-05
642,3,0.43156275,2.15e-05
643,3,0.50788641,2.16e-05
644,3,0.52703500,2.16e-05
645,3,0.51822650,2.16e-05
646,3,0.44616216,2.17e-05
647,3,0.49193984,2.17e-05
648,3,0.47568148,2.17e-05
649,3,0.46461713,2.18e-05
650,3,0.49427986,2.18e-05
651,3,0.54763556,2.18e-05
652,3,0.43838483,2.19e-05
653,3,0.47437757,2.19e-05
654,3,0.56068444,2.19e-05
655,3,0.55046308,2.2e-05
656,3,0.42013273,2.2e-05
657,3,0.54456300,2.2e-05
658,3,0.43890244,2.21e-05
659,3,0.42189384,2.21e-05
660,3,0.45435366,2.21e-05
661,3,0.50522566,2.22e-05
662,3,0.50850517,2.22e-05
663,3,0.50979078,2.22e-05
664,3,0.43563995,2.23e-05
665,3,0.46824980,2.23e-05
666,3,0.41594851,2.23e-05
667,3,0.45955366,2.24e-05
668,3,0.43115044,2.24e-05
669,3,0.47657013,2.24e-05
670,3,0.49965823,2.25e-05
671,3,0.45534849,2.25e-05
672,3,0.44233641,2.26e-05
673,4,0.51316017,2.26e-05
674,4,0.45074749,2.26e-05
675,4,0.54584479,2.27e-05
676,4,0.46305797,2.27e-05
677,4,0.38322872,2.27e-05
678,4,0.47102022,2.28e-05
679,4,0.52376169,2.28e-05
680,4,0.40882993,2.28e-05
681,4,0.43232799,2.29e-05
682,4,0.53895307,2.29e-05
683,4,0.46488756,2.29e-05
684,4,0.50734746,2.3e-05
685,4,0.52616096,2.3e-05
686,4,0.46017039,2.3e-05
687,4,0.46309972,2.31e-05
688,4,0.47963068,2.31e-05
689,4,0.53955317,2.31e-05
690,4,0.41805047,2.32e-05
691,4,0.48425016,2.32e-05
692,4,0.43223101,2.32e-05
693,4,0.52471197,2.33e-05
694,4,0.48755321,2.33e-05
695,4,0.42628026,2.33e-05
696,4,0.49412721,2.34e-05
697,4,0.45531806,2.34e-05
698,4,0.44362324,2.34e-05
699,4,0.48289940,2.35e-05
700,4,0.46735641,2.35e-05
701,4,0.42872378,2.35e-05
702,4,0.54666251,2.36e-05
703,4,0.41412029,2.36e-05
704,4,0.45785654,2.36e-05
705,4,0.50693047,2.37e-05
706,4,0.42405343,2.37e-05
707,4,0.45856771,2.37e-05
708,4,0.57156301,2.38e-05
709,4,0.48127860,2.38e-05
710,4,0.44198167,2.38e-05
711,4,0.55039918,2.39e-05
712,4,0.47370395,2.39e-05
713,4,0.49208364,2.39e-05
714,4,0.46731085,2.4e-05
715,4,0.45368147,2.4e-05
716,4,0.42956829,2.4e-05
717,4,0.50329745,2.41e-05
718,4,0.47248834,2.41e-05
719,4,0.53668612,2.41e-05
720,4,0.45598644,2.42e-05
721,4,0.40699190,2.42e-05
722,4,0.40047044,2.42e-05
723,4,0.51359212,2.43e-05
724,4,0.36924586,2.43e-05
725,4,0.46530122,2.43e-05
726,4,0.46794221,2.44e-05
727,4,0.46582866,2.44e-05
728,4,0.47753793,2.44e-05
729,4,0.50380123,2.45e-05
730,4,0.41010424,2.45e-05
731,4,0.42727852,2.45e-05
732,4,0.44184276,2.46e-05
733,4,0.42191848,2.46e-05
734,4,0.38355476,2.46e-05
735,4,0.42176867,2.47e-05
736,4,0.47151828,2.47e-05
737,4,0.40402764,2.47e-05
738,4,0.40931624,2.48e-05
739,4,0.42441747,2.48e-05
740,4,0.35747075,2.48e-05
741,4,0.46339285,2.49e-05
742,4,0.49415240,2.49e-05
743,4,0.48028347,2.49e-05
744,4,0.41495940,2.5e-05
745,4,0.53732908,2.5e-05
746,4,0.43616638,2.5e-05
747,4,0.46551913,2.51e-05
748,4,0.45189238,2.51e-05
749,4,0.45680380,2.51e-05
750,4,0.43277663,2.52e-05
751,4,0.41351599,2.52e-05
752,4,0.41097957,2.52e-05
753,4,0.38671607,2.53e-05
754,4,0.36530137,2.53e-05
755,4,0.37020367,2.53e-05
756,4,0.37261117,2.54e-05
757,4,0.44807482,2.54e-05
758,4,0.49044418,2.54e-05
759,4,0.40001187,2.55e-05
760,4,0.46880502,2.55e-05
761,4,0.38182244,2.55e-05
762,4,0.46185035,2.56e-05
763,4,0.38781211,2.56e-05
764,4,0.43517861,2.56e-05
765,4,0.40713105,2.57e-05
766,4,0.42765141,2.57e-05
767,4,0.41679904,2.57e-05
768,4,0.45288533,2.58e-05
769,4,0.35762748,2.58e-05
770,4,0.43831441,2.58e-05
771,4,0.47534952,2.59e-05
772,4,0.36092433,2.59e-05
773,4,0.37428018,2.59e-05
774,4,0.44287547,2.6e-05
775,4,0.39956626,2.6e-05
776,4,0.35948467,2.6e-05
777,4,0.40896997,2.61e-05
778,4,0.41659367,2.61e-05
779,4,0.41689259,2.61e-05
780,4,0.42803949,2.62e-05
781,4,0.41437882,2.62e-05
782,4,0.51499498,2.62e-05
783,4,0.44684362,2.63e-05
784,4,0.38930506,2.63e-05
785,4,0.40027595,2.63e-05
786,4,0.47239479,2.64e-05
787,4,0.40886164,2.64e-05
788,4,0.44853300,2.64e-05
789,4,0.34192094,2.65e-05
790,4,0.42912596,2.65e-05
791,4,0.40291882,2.65e-05
792,4,0.44069517,2.66e-05
793,4,0.39138073,2.66e-05
794,4,0.35263321,2.66e-05
795,4,0.44600636,2.67e-05
796,4,0.51162565,2.67e-05
797,4,0.41549534,2.67e-05
798,4,0.37777519,2.68e-05
799,4,0.39007756,2.68e-05
800,4,0.46718639,2.68e-05
801,4,0.42618984,2.69e-05
802,4,0.37561283,2.69e-05
803,4,0.33772776,2.69e-05
804,4,0.44912553,2.7e-05
805,4,0.45917210,2.7e-05
806,4,0.38751504,2.7e-05
807,4,0.35676011,2.71e-05
808,4,0.38300723,2.71e-05
809,4,0.35687202,2.71e-05
810,4,0.41163501,2.72e-05
811,4,0.36946154,2.72e-05
812,4,0.37798083,2.72e-05
813,4,0.35013527,2.73e-05
814,4,0.43166161,2.73e-05
815,4,0.45522165,2.73e-05
816,4,0.36820695,2.74e-05
817,4,0.41721261,2.74e-05
818,4,0.39812869,2.74e-05
819,4,0.40132397,2.75e-05
820,4,0.30575299,2.75e-05
821,4,0.41814038,2.75e-05
822,4,0.36766112,2.76e-05
823,4,0.37158465,2.76e-05
824,4,0.37540516,2.76e-05
825,4,0.34234029,2.77e-05
826,4,0.34994122,2.77e-05
827,4,0.42397213,2.77e-05
828,4,0.41557974,2.78e-05
829,4,0.39711809,2.78e-05
830,4,0.39440578,2.78e-05
831,4,0.40007472,2.79e-05
832,4,0.40173310,2.79e-05
833,4,0.35639429,2.79e-05
834,4,0.44890973,2.8e-05
835,4,0.33173066,2.8e-05
836,4,0.36837289,2.8e-05
837,4,0.41680342,2.81e-05
838,4,0.41798204,2.81e-05
839,4,0.39983296,2.81e-05
840,4,0.43670464,2.82e-05
841,4,0.33000657,2.82e-05
842,4,0.35950905,2.82e-05
843,4,0.35456333,2.83e-05
844,4,0.39710268,2.83e-05
845,4,0.37333071,2.83e-05
846,4,0.35797542,2.84e-05
847,4,0.33673394,2.84e-05
848,4,0.32462189,2.84e-05
849,4,0.37462014,2.85e-05
850,4,0.32092941,2.85e-05
851,4,0.40652615,2.85e-05
852,4,0.40169638,2.86e-05
853,4,0.46593508,2.86e-05
854,4,0.45796475,2.86e-05
855,4,0.45856065,2.87e-05
856,4,0.35001940,2.87e-05
857,4,0.34204751,2.87e-05
858,4,0.42917404,2.88e-05
859,4,0.38653988,2.88e-05
860,4,0.34331447,2.88e-05
861,4,0.36672997,2.89e-05
862,4,0.36987090,2.89e-05
863,4,0.39640793,2.89e-05
864,4,0.43453798,2.9e-05
865,4,0.36946285,2.9e-05
866,4,0.31791443,2.9e-05
867,4,0.32689455,2.91e-05
868,4,0.36946020,2.91e-05
869,4,0.34631369,2.91e-05
870,4,0.31859607,2.92e-05
871,4,0.38011044,2.92e-05
872,4,0.38877091,2.92e-05
873,4,0.28654957,2.93e-05
874,4,0.38235039,2.93e-05
875,4,0.34693834,2.93e-05
876,4,0.39845735,2.94e-05
877,4,0.31548899,2.94e-05
878,4,0.32120374,2.94e-05
879,4,0.40486664,2.95e-05
880,4,0.32544607,2.95e-05
881,4,0.34582981,2.95e-05
882,4,0.33258486,2.96e-05
883,4,0.36763009,2.96e-05
884,4,0.34968805,2.96e-05
885,4,0.32478344,2.97e-05
886,4,0.32861027,2.97e-05
887,4,0.42334485,2.97e-05
888,4,0.34120506,2.98e-05
889,4,0.33324414,2.98e-05
890,4,0.36857629,2.98e-05
891,4,0.41793561,2.99e-05
892,4,0.36185139,2.99e-05
893,4,0.34157488,2.99e-05
894,4,0.30635923,3e-05
895,4,0.34305283,3e-05
896,4,0.34332126,3.01e-05
897,5,0.36062634,3.01e-05
898,5,0.32534721,3.01e-05
899,5,0.30441990,3.02e-05
900,5,0.42893612,3.02e-05
901,5,0.34564731,3.02e-05
902,5,0.29245684,3.03e-05
903,5,0.32692325,3.03e-05
904,5,0.27745408,3.03e-05
905,5,0.37250733,3.04e-05
906,5,0.35786065,3.04e-05
907,5,0.36481079,3.04e-05
908,5,0.38090110,3.05e-05
909,5,0.37900671,3.05e-05
910,5,0.36228031,3.05e-05
911,5,0.33208650,3.06e-05
912,5,0.25778207,3.06e-05
913,5,0.27423632,3.06e-05
914,5,0.41055486,3.07e-05
915,5,0.33435211,3.07e-05
916,5,0.37977773,3.07e-05
917,5,0.28974032,3.08e-05
918,5,0.35343298,3.08e-05
919,5,0.29907346,3.08e-05
920,5,0.31802619,3.09e-05
921,5,0.27860254,3.09e-05
922,5,0.25490755,3.09e-05
923,5,0.34488750,3.1e-05
924,5,0.34251520,3.1e-05
925,5,0.36737198,3.1e-05
926,5,0.36352658,3.11e-05
927,5,0.36125359,3.11e-05
928,5,0.41153297,3.11e-05
929,5,0.46559486,3.12e-05
930,5,0.33569187,3.12e-05
931,5,0.31754881,3.12e-05
932,5,0.32983670,3.13e-05
933,5,0.35297674,3.13e-05
934,5,0.35416517,3.13e-05
935,5,0.41836351,3.14e-05
936,5,0.31752250,3.14e-05
937,5,0.39990991,3.14e-05
938,5,0.36771092,3.15e-05
939,5,0.39094934,3.15e-05
940,5,0.37221658,3.15e-05
941,5,0.32313299,3.16e-05
942,5,0.37338492,3.16e-05
943,5,0.34957004,3.16e-05
944,5,0.33230233,3.17e-05
945,5,0.33661425,3.17e-05
946,5,0.27974543,3.17e-05
947,5,0.33698040,3.18e-05
948,5,0.32824218,3.18e-05
949,5,0.29936200,3.18e-05
950,5,0.36714849,3.19e-05
951,5,0.32746321,3.19e-05
952,5,0.32102865,3.19e-05
953,5,0.30414769,3.2e-05
954,5,0.36468825,3.2e-05
955,5,0.27593243,3.2e-05
956,5,0.33245254,3.21e-05
957,5,0.30815768,3.21e-05
958,5,0.28695688,3.21e-05
959,5,0.28429222,3.22e-05
960,5,0.36380237,3.22e-05
961,5,0.27031529,3.22e-05
962,5,0.36564526,3.23e-05
963,5,0.37858659,3.23e-05
964,5,0.33078891,3.23e-05
965,5,0.33399892,3.24e-05
966,5,0.30462587,3.24e-05
967,5,0.27481264,3.24e-05
968,5,0.34373412,3.25e-05
969,5,0.35627043,3.25e-05
970,5,0.39393055,3.25e-05
971,5,0.38460323,3.26e-05
972,5,0.32076892,3.26e-05
973,5,0.34996063,3.26e-05
974,5,0.35235482,3.27e-05
975,5,0.30080748,3.27e-05
976,5,0.29696089,3.27e-05
977,5,0.31543386,3.28e-05
978,5,0.38647848,3.28e-05
979,5,0.31853580,3.28e-05
980,5,0.36921096,3.29e-05
981,5,0.31714994,3.29e-05
982,5,0.31957635,3.29e-05
983,5,0.37252542,3.3e-05
984,5,0.33548233,3.3e-05
985,5,0.33438665,3.3e-05
986,5,0.28081322,3.31e-05
987,5,0.30878940,3.31e-05
988,5,0.40660298,3.31e-05
989,5,0.32459337,3.32e-05
990,5,0.35322413,3.32e-05
991,5,0.36044025,3.32e-05
992,5,0.35311365,3.33e-05
993,5,0.41954207,3.33e-05
994,5,0.31380546,3.33e-05
995,5,0.35414898,3.34e-05
996,5,0.32082528,3.34e-05
997,5,0.32105717,3.34e-05
998,5,0.34273589,3.35e-05
999,5,0.35724732,3.35e-05
1000,5,0.37765130,3.35e-05
1001,5,0.31675667,3.36e-05
1002,5,0.30722153,3.36e-05
1003,5,0.32220384,3.36e-05
1004,5,0.34759152,3.37e-05
1005,5,0.32475835,3.37e-05
1006,5,0.34356779,3.37e-05
1007,5,0.28514129,3.38e-05
1008,5,0.31243670,3.38e-05
1009,5,0.39165616,3.38e-05
1010,5,0.28504202,3.39e-05
1011,5,0.30166334,3.39e-05
1012,5,0.32390100,3.39e-05
1013,5,0.34703907,3.4e-05
1014,5,0.31867188,3.4e-05
1015,5,0.34545285,3.4e-05
1016,5,0.29370239,3.41e-05
1017,5,0.30240339,3.41e-05
1018,5,0.38964981,3.41e-05
1019,5,0.30289662,3.42e-05
1020,5,0.29652756,3.42e-05
1021,5,0.36750802,3.42e-05
1022,5,0.30745095,3.43e-05
1023,5,0.35465127,3.43e-05
1024,5,0.31701830,3.43e-05
1025,5,0.37336895,3.44e-05
1026,5,0.29153574,3.44e-05
1027,5,0.30947751,3.44e-05
1028,5,0.25305706,3.45e-05
1029,5,0.28866607,3.45e-05
1030,5,0.32567567,3.45e-05
1031,5,0.29469907,3.46e-05
1032,5,0.34373730,3.46e-05
1033,5,0.30595586,3.46e-05
1034,5,0.35160267,3.47e-05
1035,5,0.34021348,3.47e-05
1036,5,0.33172497,3.47e-05
1037,5,0.31278020,3.48e-05
1038,5,0.31954810,3.48e-05
1039,5,0.29580608,3.48e-05
1040,5,0.27254722,3.49e-05
1041,5,0.35847306,3.49e-05
1042,5,0.33719131,3.49e-05
1043,5,0.35606980,3.5e-05
1044,5,0.32816833,3.5e-05
1045,5,0.32929727,3.5e-05
1046,5,0.31184787,3.51e-05
1047,5,0.38536477,3.51e-05
1048,5,0.33219498,3.51e-05
1049,5,0.29037052,3.52e-05
1050,5,0.32788476,3.52e-05
1051,5,0.31282124,3.52e-05
1052,5,0.33089834,3.53e-05
1053,5,0.34440932,3.53e-05
1054,5,0.38957191,3.53e-05
1055,5,0.26557723,3.54e-05
1056,5,0.26718509,3.54e-05
1057,5,0.33499002,3.54e-05
1058,5,0.35552689,3.55e-05
1059,5,0.30769968,3.55e-05
1060,5,0.35053107,3.55e-05
1061,5,0.33638677,3.56e-05
1062,5,0.36151597,3.56e-05
1063,5,0.32977995,3.56e-05
1064,5,0.24778175,3.57e-05
1065,5,0.26512697,3.57e-05
1066,5,0.30030477,3.57e-05
1067,5,0.31623062,3.58e-05
1068,5,0.33143935,3.58e-05
1069,5,0.32263589,3.58e-05
1070,5,0.34306574,3.59e-05
1071,5,0.31626981,3.59e-05
1072,5,0.34870309,3.59e-05
1073,5,0.38293824,3.6e-05
1074,5,0.33569297,3.6e-05
1075,5,0.31727323,3.6e-05
1076,5,0.34279555,3.61e-05
1077,5,0.27849066,3.61e-05
1078,5,0.30395398,3.61e-05
1079,5,0.31364018,3.62e-05
1080,5,0.30288374,3.62e-05
1081,5,0.30770993,3.62e-05
1082,5,0.27403498,3.63e-05
1083,5,0.24981193,3.63e-05
1084,5,0.28773570,3.63e-05
1085,5,0.30566472,3.64e-05
1086,5,0.30050004,3.64e-05
1087,5,0.34070081,3.64e-05
1088,5,0.27412331,3.65e-05
1089,5,0.29641619,3.65e-05
1090,5,0.30224150,3.65e-05
1091,5,0.37028298,3.66e-05
1092,5,0.31294817,3.66e-05
1093,5,0.26696986,3.66e-05
1094,5,0.24361348,3.67e-05
1095,5,0.29154158,3.67e-05
1096,5,0.33266443,3.67e-05
1097,5,0.27650139,3.68e-05
1098,5,0.30075607,3.68e-05
1099,5,0.28409696,3.68e-05
1100,5,0.25936696,3.69e-05
1101,5,0.35627121,3.69e-05
1102,5,0.28672659,3.69e-05
1103,5,0.28970185,3.7e-05
1104,5,0.28620851,3.7e-05
1105,5,0.32251796,3.7e-05
1106,5,0.29500875,3.71e-05
1107,5,0.33206224,3.71e-05
1108,5,0.32635325,3.71e-05
1109,5,0.26715642,3.72e-05
1110,5,0.35614246,3.72e-05
1111,5,0.28130847,3.72e-05
1112,5,0.29795074,3.73e-05
1113,5,0.28325409,3.73e-05
1114,5,0.25609836,3.73e-05
1115,5,0.30098471,3.74e-05
1116,5,0.29169658,3.74e-05
1117,5,0.27412453,3.74e-05
1118,5,0.32956350,3.75e-05
1119,5,0.28205794,3.75e-05
1120,5,0.28291023,3.76e-05
1121,6,0.30482179,3.76e-05
1122,6,0.27315232,3.76e-05
1123,6,0.34839058,3.77e-05
1124,6,0.28201243,3.77e-05
1125,6,0.33213842,3.77e-05
1126,6,0.29410160,3.78e-05
1127,6,0.40803528,3.78e-05
1128,6,0.31300041,3.78e-05
1129,6,0.31817663,3.79e-05
1130,6,0.28519210,3.79e-05
1131,6,0.29454041,3.79e-05
1132,6,0.28440601,3.8e-05
1133,6,0.33687565,3.8e-05
1134,6,0.29358405,3.8e-05
1135,6,0.28810477,3.81e-05
1136,6,0.31281674,3.81e-05
1137,6,0.26084918,3.81e-05
1138,6,0.33044338,3.82e-05
1139,6,0.36826807,3.82e-05
1140,6,0.29903954,3.82e-05
1141,6,0.31789178,3.83e-05
1142,6,0.32362199,3.83e-05
1143,6,0.31984219,3.83e-05
1144,6,0.31869090,3.84e-05
1145,6,0.28830338,3.84e-05
1146,6,0.34439048,3.84e-05
1147,6,0.36014602,3.85e-05
1148,6,0.33094713,3.85e-05
1149,6,0.26811552,3.85e-05
1150,6,0.34011215,3.86e-05
1151,6,0.30029464,3.86e-05
1152,6,0.32811600,3.86e-05
1153,6,0.29311174,3.87e-05
1154,6,0.25379986,3.87e-05
1155,6,0.26538751,3.87e-05
1156,6,0.32002515,3.88e-05
1157,6,0.27876353,3.88e-05
1158,6,0.35584196,3.88e-05
1159,6,0.26679501,3.89e-05
1160,6,0.28400463,3.89e-05
1161,6,0.29427627,3.89e-05
1162,6,0.26613316,3.9e-05
1163,6,0.29554600,3.9e-05
1164,6,0.31648809,3.9e-05
1165,6,0.26730144,3.91e-05
1166,6,0.25021785,3.91e-05
1167,6,0.26647282,3.91e-05
1168,6,0.33049941,3.92e-05
1169,6,0.35060954,3.92e-05
1170,6,0.30650568,3.92e-05
1171,6,0.25768563,3.93e-05
1172,6,0.29778421,3.93e-05
1173,6,0.32272676,3.93e-05
1174,6,0.31099325,3.94e-05
1175,6,0.33163100,3.94e-05
1176,6,0.38204631,3.94e-05
1177,6,0.34226644,3.95e-05
1178,6,0.29395291,3.95e-05
1179,6,0.21920788,3.95e-05
1180,6,0.26201668,3.96e-05
1181,6,0.32184118,3.96e-05
1182,6,0.37482375,3.96e-05
1183,6,0.29862851,3.97e-05
1184,6,0.26147190,3.97e-05
1185,6,0.25241926,3.97e-05
1186,6,0.26118731,3.98e-05
1187,6,0.26300675,3.98e-05
1188,6,0.38462776,3.98e-05
1189,6,0.28915077,3.99e-05
1190,6,0.24358991,3.99e-05
1191,6,0.27840707,3.99e-05
1192,6,0.29491287,4e-05
1193,6,0.31123871,4e-05
1194,6,0.29281354,4e-05
1195,6,0.28378898,4.01e-05
1196,6,0.29950130,4.01e-05
1197,6,0.26855755,4.01e-05
1198,6,0.33583534,4.02e-05
1199,6,0.25353336,4.02e-05
1200,6,0.25944978,4.02e-05
1201,6,0.28637213,4.03e-05
1202,6,0.28703448,4.03e-05
1203,6,0.24985418,4.03e-05
1204,6,0.32774550,4.04e-05
1205,6,0.25601274,4.04e-05
1206,6,0.33937567,4.04e-05
1207,6,0.30428338,4.05e-05
1208,6,0.26795617,4.05e-05
1209,6,0.36650062,4.05e-05
1210,6,0.33628917,4.06e-05
1211,6,0.37055230,4.06e-05
1212,6,0.27587014,4.06e-05
1213,6,0.28356048,4.07e-05
1214,6,0.32059443,4.07e-05
1215,6,0.38111901,4.07e-05
1216,6,0.29460287,4.08e-05
1217,6,0.30070353,4.08e-05
1218,6,0.29534552,4.08e-05
1219,6,0.29332122,4.09e-05
1220,6,0.29554373,4.09e-05
1221,6,0.24616322,4.09e-05
1222,6,0.35827750,4.1e-05
1223,6,0.30504766,4.1e-05
1224,6,0.23811084,4.1e-05
1225,6,0.25230125,4.11e-05
1226,6,0.31370923,4.11e-05
1227,6,0.29700854,4.11e-05
1228,6,0.28556520,4.12e-05
1229,6,0.31545302,4.12e-05
1230,6,0.29806820,4.12e-05
1231,6,0.30112046,4.13e-05
1232,6,0.30039951,4.13e-05
1233,6,0.32767004,4.13e-05
1234,6,0.34134793,4.14e-05
1235,6,0.32506976,4.14e-05
1236,6,0.34935308,4.14e-05
1237,6,0.29730424,4.15e-05
1238,6,0.25276035,4.15e-05
1239,6,0.30108902,4.15e-05
1240,6,0.30996799,4.16e-05
1241,6,0.25695255,4.16e-05
1242,6,0.32345968,4.16e-05
1243,6,0.27036661,4.17e-05
1244,6,0.28392628,4.17e-05
1245,6,0.32777327,4.17e-05
1246,6,0.30726212,4.18e-05
1247,6,0.29115063,4.18e-05
1248,6,0.35902530,4.18e-05
1249,6,0.28103849,4.19e-05
1250,6,0.30470261,4.19e-05
1251,6,0.35722351,4.19e-05
1252,6,0.32324514,4.2e-05
1253,6,0.23098144,4.2e-05
1254,6,0.27421561,4.2e-05
1255,6,0.35438776,4.21e-05
1256,6,0.27834702,4.21e-05
1257,6,0.32289088,4.21e-05
1258,6,0.32631421,4.22e-05
1259,6,0.26318169,4.22e-05
1260,6,0.28587627,4.22e-05
1261,6,0.35976514,4.23e-05
1262,6,0.30985922,4.23e-05
1263,6,0.28514427,4.23e-05
1264,6,0.30412185,4.24e-05
1265,6,0.27747071,4.24e-05
1266,6,0.28320092,4.24e-05
1267,6,0.31213170,4.25e-05
1268,6,0.32973206,4.25e-05
1269,6,0.35965523,4.25e-05
1270,6,0.26531935,4.26e-05
1271,6,0.26573676,4.26e-05
1272,6,0.32336882,4.26e-05
1273,6,0.30810949,4.27e-05
1274,6,0.36971998,4.27e-05
1275,6,0.27866334,4.27e-05
1276,6,0.29790568,4.28e-05
1277,6,0.25357270,4.28e-05
1278,6,0.30344516,4.28e-05
1279,6,0.25153670,4.29e-05
1280,6,0.26221883,4.29e-05
1281,6,0.27066463,4.29e-05
1282,6,0.26355931,4.3e-05
1283,6,0.27327153,4.3e-05
1284,6,0.30668867,4.3e-05
1285,6,0.23961686,4.31e-05
1286,6,0.35420439,4.31e-05
1287,6,0.36046356,4.31e-05
1288,6,0.28274065,4.32e-05
1289,6,0.30578038,4.32e-05
1290,6,0.26109681,4.32e-05
1291,6,0.24268828,4.33e-05
1292,6,0.31062114,4.33e-05
1293,6,0.31019279,4.33e-05
1294,6,0.28479809,4.34e-05
1295,6,0.28546441,4.34e-05
1296,6,0.33240753,4.34e-05
1297,6,0.29312539,4.35e-05
1298,6,0.32072970,4.35e-05
1299,6,0.25089988,4.35e-05
1300,6,0.33870715,4.36e-05
1301,6,0.30803680,4.36e-05
1302,6,0.26573184,4.36e-05
1303,6,0.27533078,4.37e-05
1304,6,0.34763691,4.37e-05
1305,6,0.25350863,4.37e-05
1306,6,0.26956880,4.38e-05
1307,6,0.26522303,4.38e-05
1308,6,0.33846903,4.38e-05
1309,6,0.30845219,4.39e-05
1310,6,0.28480768,4.39e-05
1311,6,0.28508645,4.39e-05
1312,6,0.31257433,4.4e-05
1313,6,0.26060355,4.4e-05
1314,6,0.25797087,4.4e-05
1315,6,0.26729995,4.41e-05
1316,6,0.28174520,4.41e-05
1317,6,0.31123143,4.41e-05
1318,6,0.33212700,4.42e-05
1319,6,0.32837850,4.42e-05
1320,6,0.29946133,4.42e-05
1321,6,0.34071952,4.43e-05
1322,6,0.28638560,4.43e-05
1323,6,0.28035837,4.43e-05
1324,6,0.31591269,4.44e-05
1325,6,0.28997636,4.44e-05
1326,6,0.30583963,4.44e-05
1327,6,0.28649145,4.45e-05
1328,6,0.26820660,4.45e-05
1329,6,0.28467497,4.45e-05
1330,6,0.29609209,4.46e-05
1331,6,0.30016503,4.46e-05
1332,6,0.26349139,4.46e-05
1333,6,0.30469599,4.47e-05
1334,6,0.28587478,4.47e-05
1335,6,0.32793391,4.47e-05
1336,6,0.27616000,4.48e-05
1337,6,0.28789601,4.48e-05
1338,6,0.25893340,4.48e-05
1339,6,0.25697008,4.49e-05
1340,6,0.21214575,4.49e-05
1341,6,0.25733122,4.49e-05
1342,6,0.26845485,4.5e-05
1343,6,0.27543581,4.5e-05
1344,6,0.23138098,4.51e-05
1345,7,0.28010735,4.51e-05
1346,7,0.32938439,4.51e-05
1347,7,0.29853162,4.52e-05
1348,7,0.24006253,4.52e-05
1349,7,0.25271544,4.52e-05
1350,7,0.27645350,4.53e-05
1351,7,0.25731444,4.53e-05
1352,7,0.29082268,4.53e-05
1353,7,0.26487565,4.54e-05
1354,7,0.27095115,4.54e-05
1355,7,0.34961730,4.54e-05
1356,7,0.25278628,4.55e-05
1357,7,0.26734430,4.55e-05
1358,7,0.35051271,4.55e-05
1359,7,0.26441598,4.56e-05
1360,7,0.29646116,4.56e-05
1361,7,0.28812391,4.56e-05
1362,7,0.28029186,4.57e-05
1363,7,0.24147749,4.57e-05
1364,7,0.27877310,4.57e-05
1365,7,0.30339751,4.58e-05
1366,7,0.26143348,4.58e-05
1367,7,0.29266578,4.58e-05
1368,7,0.31448758,4.59e-05
1369,7,0.27434558,4.59e-05
1370,7,0.29489768,4.59e-05
1371,7,0.31168932,4.6e-05
1372,7,0.25123531,4.6e-05
1373,7,0.26028103,4.6e-05
1374,7,0.23893277,4.61e-05
1375,7,0.25795683,4.61e-05
1376,7,0.30288813,4.61e-05
1377,7,0.23553841,4.62e-05
1378,7,0.31366897,4.62e-05
1379,7,0.27962780,4.62e-05
1380,7,0.25295633,4.63e-05
1381,7,0.27545202,4.63e-05
1382,7,0.25041053,4.63e-05
1383,7,0.22669718,4.64e-05
1384,7,0.25457782,4.64e-05
1385,7,0.25774252,4.64e-05
1386,7,0.25513881,4.65e-05
1387,7,0.33164668,4.65e-05
1388,7,0.40443277,4.65e-05
1389,7,0.28302667,4.66e-05
1390,7,0.27944681,4.66e-05
1391,7,0.30236980,4.66e-05
1392,7,0.27936190,4.67e-05
1393,7,0.25363296,4.67e-05
1394,7,0.27296454,4.67e-05
1395,7,0.31620014,4.68e-05
1396,7,0.27999461,4.68e-05
1397,7,0.30913305,4.68e-05
1398,7,0.32285392,4.69e-05
1399,7,0.27843440,4.69e-05
1400,7,0.29093704,4.69e-05
1401,7,0.32504699,4.7e-05
1402,7,0.26754734,4.7e-05
1403,7,0.29285628,4.7e-05
1404,7,0.28023663,4.71e-05
1405,7,0.31856102,4.71e-05
1406,7,0.28142136,4.71e-05
1407,7,0.25892365,4.72e-05
1408,7,0.27260560,4.72e-05
1409,7,0.25902686,4.72e-05
1410,7,0.31446651,4.73e-05
1411,7,0.30645391,4.73e-05
1412,7,0.28789526,4.73e-05
1413,7,0.26478511,4.74e-05
1414,7,0.34329852,4.74e-05
1415,7,0.28432834,4.74e-05
1416,7,0.26716778,4.75e-05
1417,7,0.34213325,4.75e-05
1418,7,0.23862451,4.75e-05
1419,7,0.32331309,4.76e-05
1420,7,0.27284086,4.76e-05
1421,7,0.32837379,4.76e-05
1422,7,0.33540821,4.77e-05
1423,7,0.33162344,4.77e-05
1424,7,0.24764302,4.77e-05
1425,7,0.31956157,4.78e-05
1426,7,0.29978487,4.78e-05
1427,7,0.32348058,4.78e-05
1428,7,0.25395799,4.79e-05
1429,7,0.30514872,4.79e-05
1430,7,0.26186073,4.79e-05
1431,7,0.25752813,4.8e-05
1432,7,0.28050801,4.8e-05
1433,7,0.29879445,4.8e-05
1434,7,0.27268121,4.81e-05
1435,7,0.31654680,4.81e-05
1436,7,0.28871125,4.81e-05
1437,7,0.25696218,4.82e-05
1438,7,0.26199028,4.82e-05
1439,7,0.28878602,4.82e-05
1440,7,0.23885056,4.83e-05
1441,7,0.23486125,4.83e-05
1442,7,0.22468466,4.83e-05
1443,7,0.33156139,4.84e-05
1444,7,0.25158477,4.84e-05
1445,7,0.30295736,4.84e-05
1446,7,0.30789521,4.85e-05
1447,7,0.31135297,4.85e-05
1448,7,0.25112122,4.85e-05
1449,7,0.24553150,4.86e-05
1450,7,0.28911245,4.86e-05
1451,7,0.31207174,4.86e-05
1452,7,0.27452946,4.87e-05
1453,7,0.25519347,4.87e-05
1454,7,0.31657314,4.87e-05
1455,7,0.30776247,4.88e-05
1456,7,0.26274323,4.88e-05
1457,7,0.34292960,4.88e-05
1458,7,0.26015615,4.89e-05
1459,7,0.26860866,4.89e-05
1460,7,0.33006582,4.89e-05
1461,7,0.25304687,4.9e-05
1462,7,0.30247065,4.9e-05
1463,7,0.31460387,4.9e-05
1464,7,0.30730268,4.91e-05
1465,7,0.24829271,4.91e-05
1466,7,0.27270049,4.91e-05
1467,7,0.31370419,4.92e-05
1468,7,0.31949669,4.92e-05
1469,7,0.27082187,4.92e-05
1470,7,0.29199025,4.93e-05
1471,7,0.30438572,4.93e-05
1472,7,0.30157480,4.93e-05
1473,7,0.22275822,4.94e-05
1474,7,0.26859921,4.94e-05
1475,7,0.23205245,4.94e-05
1476,7,0.23602006,4.95e-05
1477,7,0.31256172,4.95e-05
1478,7,0.28599739,4.95e-05
1479,7,0.29520184,4.96e-05
1480,7,0.25529248,4.96e-05
1481,7,0.29045853,4.96e-05
1482,7,0.29390272,4.97e-05
1483,7,0.28049260,4.97e-05
1484,7,0.26387462,4.97e-05
1485,7,0.28993720,4.98e-05
1486,7,0.31504327,4.98e-05
1487,7,0.29545745,4.98e-05
1488,7,0.27414569,4.99e-05
1489,7,0.27113396,4.99e-05
1490,7,0.24918386,4.99e-05
1491,7,0.26420116,5e-05
1492,7,0.27697444,5e-05
1493,7,0.25781116,5e-05
1494,7,0.25904226,5.01e-05
1495,7,0.27958384,5.01e-05
1496,7,0.23748861,5.01e-05
1497,7,0.25306436,5.02e-05
1498,7,0.21861994,5.02e-05
1499,7,0.29490575,5.02e-05
1500,7,0.21114701,5.03e-05
1501,7,0.29942685,5.03e-05
1502,7,0.30948699,5.03e-05
1503,7,0.24282806,5.04e-05
1504,7,0.28450128,5.04e-05
1505,7,0.22153430,5.04e-05
1506,7,0.29770207,5.05e-05
1507,7,0.26095772,5.05e-05
1508,7,0.24939701,5.05e-05
1509,7,0.27954528,5.06e-05
1510,7,0.28296405,5.06e-05
1511,7,0.23919670,5.06e-05
1512,7,0.23018532,5.07e-05
1513,7,0.25517440,5.07e-05
1514,7,0.21465026,5.07e-05
1515,7,0.26569387,5.08e-05
1516,7,0.30509979,5.08e-05
1517,7,0.29255372,5.08e-05
1518,7,0.25361532,5.09e-05
1519,7,0.27200335,5.09e-05
1520,7,0.27160645,5.09e-05
1521,7,0.26371914,5.1e-05
1522,7,0.27632999,5.1e-05
1523,7,0.26990673,5.1e-05
1524,7,0.32338992,5.11e-05
1525,7,0.27640378,5.11e-05
1526,7,0.26832566,5.11e-05
1527,7,0.20638886,5.12e-05
1528,7,0.22539972,5.12e-05
1529,7,0.20887941,5.12e-05
1530,7,0.21810380,5.13e-05
1531,7,0.19851284,5.13e-05
1532,7,0.24668777,5.13e-05
1533,7,0.33123657,5.14e-05
1534,7,0.28462180,5.14e-05
1535,7,0.23234783,5.14e-05
1536,7,0.27735388,5.15e-05
1537,7,0.23811972,5.15e-05
1538,7,0.27042109,5.15e-05
1539,7,0.28018969,5.16e-05
1540,7,0.27075383,5.16e-05
1541,7,0.29510841,5.16e-05
1542,7,0.27709904,5.17e-05
1543,7,0.26206964,5.17e-05
1544,7,0.24674098,5.17e-05
1545,7,0.26897448,5.18e-05
1546,7,0.23803584,5.18e-05
1547,7,0.27546641,5.18e-05
1548,7,0.29116890,5.19e-05
1549,7,0.27814761,5.19e-05
1550,7,0.25827971,5.19e-05
1551,7,0.25399905,5.2e-05
1552,7,0.25265771,5.2e-05
1553,7,0.24364845,5.2e-05
1554,7,0.29218322,5.21e-05
1555,7,0.27640200,5.21e-05
1556,7,0.26055977,5.21e-05
1557,7,0.28010863,5.22e-05
1558,7,0.27169558,5.22e-05
1559,7,0.21493065,5.22e-05
1560,7,0.26558325,5.23e-05
1561,7,0.28974402,5.23e-05
1562,7,0.28783828,5.23e-05
1563,7,0.26449761,5.24e-05
1564,7,0.30905253,5.24e-05
1565,7,0.28866017,5.24e-05
1566,7,0.30828777,5.25e-05
1567,7,0.26946482,5.25e-05
1568,7,0.25186181,5.26e-05
1569,8,0.28722697,5.26e-05
1570,8,0.27510428,5.26e-05
1571,8,0.25792131,5.27e-05
1572,8,0.24608485,5.27e-05
1573,8,0.23216835,5.27e-05
1574,8,0.27706742,5.28e-05
1575,8,0.30898803,5.28e-05
1576,8,0.31440967,5.28e-05
1577,8,0.29771692,5.29e-05
1578,8,0.25734359,5.29e-05
1579,8,0.28947800,5.29e-05
1580,8,0.24262129,5.3e-05
1581,8,0.31543395,5.3e-05
1582,8,0.28705195,5.3e-05
1583,8,0.29417413,5.31e-05
1584,8,0.23903584,5.31e-05
1585,8,0.22194457,5.31e-05
1586,8,0.29256546,5.32e-05
1587,8,0.27936578,5.32e-05
1588,8,0.28824532,5.32e-05
1589,8,0.25570822,5.33e-05
1590,8,0.27251810,5.33e-05
1591,8,0.26852471,5.33e-05
1592,8,0.28382167,5.34e-05
1593,8,0.31297457,5.34e-05
1594,8,0.29283798,5.34e-05
1595,8,0.29221684,5.35e-05
1596,8,0.26684949,5.35e-05
1597,8,0.24315934,5.35e-05
1598,8,0.27533346,5.36e-05
1599,8,0.25647920,5.36e-05
1600,8,0.29574758,5.36e-05
1601,8,0.25248796,5.37e-05
1602,8,0.28111163,5.37e-05
1603,8,0.23864083,5.37e-05
1604,8,0.26098895,5.38e-05
1605,8,0.28104714,5.38e-05
1606,8,0.24597594,5.38e-05
1607,8,0.29263362,5.39e-05
1608,8,0.32249820,5.39e-05
1609,8,0.29436380,5.39e-05
1610,8,0.28164518,5.4e-05
1611,8,0.24410138,5.4e-05
1612,8,0.27842256,5.4e-05
1613,8,0.26482654,5.41e-05
1614,8,0.28781882,5.41e-05
1615,8,0.24687020,5.41e-05
1616,8,0.28788811,5.42e-05
1617,8,0.29479551,5.42e-05
1618,8,0.21044700,5.42e-05
1619,8,0.27913553,5.43e-05
1620,8,0.26073015,5.43e-05
1621,8,0.30799589,5.43e-05
1622,8,0.26444504,5.44e-05
1623,8,0.28257844,5.44e-05
1624,8,0.30238345,5.44e-05
1625,8,0.26537585,5.45e-05
1626,8,0.24560118,5.45e-05
1627,8,0.29719549,5.45e-05
1628,8,0.23611973,5.46e-05
1629,8,0.26474145,5.46e-05
1630,8,0.30872059,5.46e-05
1631,8,0.30628997,5.47e-05
1632,8,0.25580561,5.47e-05
1633,8,0.20398079,5.47e-05
1634,8,0.23081236,5.48e-05
1635,8,0.25268906,5.48e-05
1636,8,0.26431510,5.48e-05
1637,8,0.26855353,5.49e-05
1638,8,0.26439583,5.49e-05
1639,8,0.26633117,5.49e-05
1640,8,0.30054078,5.5e-05
1641,8,0.29304546,5.5e-05
1642,8,0.26993889,5.5e-05
1643,8,0.31396616,5.51e-05
1644,8,0.27120361,5.51e-05
1645,8,0.26606768,5.51e-05
1646,8,0.27952135,5.52e-05
1647,8,0.22837994,5.52e-05
1648,8,0.25956556,5.52e-05
1649,8,0.24494258,5.53e-05
1650,8,0.27973515,5.53e-05
1651,8,0.23238903,5.53e-05
1652,8,0.31263635,5.54e-05
1653,8,0.27658960,5.54e-05
1654,8,0.26704437,5.54e-05
1655,8,0.28598529,5.55e-05
1656,8,0.25456840,5.55e-05
1657,8,0.21620679,5.55e-05
1658,8,0.32626292,5.56e-05
1659,8,0.29789442,5.56e-05
1660,8,0.24893576,5.56e-05
1661,8,0.28962594,5.57e-05
1662,8,0.23282254,5.57e-05
1663,8,0.25910664,5.57e-05
1664,8,0.30978745,5.58e-05
1665,8,0.25436160,5.58e-05
1666,8,0.25668085,5.58e-05
1667,8,0.27634597,5.59e-05
1668,8,0.26874194,5.59e-05
1669,8,0.30247033,5.59e-05
1670,8,0.21105373,5.6e-05
1671,8,0.27345362,5.6e-05
1672,8,0.23571154,5.6e-05
1673,8,0.26172790,5.61e-05
1674,8,0.23802285,5.61e-05
1675,8,0.29781193,5.61e-05
1676,8,0.27557003,5.62e-05
1677,8,0.27506286,5.62e-05
1678,8,0.24175607,5.62e-05
1679,8,0.22248718,5.63e-05
1680,8,0.33290526,5.63e-05
1681,8,0.21644223,5.63e-05
1682,8,0.27343363,5.64e-05
1683,8,0.27451915,5.64e-05
1684,8,0.24045561,5.64e-05
1685,8,0.28485858,5.65e-05
1686,8,0.26090717,5.65e-05
1687,8,0.25214598,5.65e-05
1688,8,0.31626669,5.66e-05
1689,8,0.22048575,5.66e-05
1690,8,0.25527593,5.66e-05
1691,8,0.27948967,5.67e-05
1692,8,0.23527436,5.67e-05
1693,8,0.29153150,5.67e-05
1694,8,0.26942095,5.68e-05
1695,8,0.23862922,5.68e-05
1696,8,0.28191680,5.68e-05
1697,8,0.26742828,5.69e-05
1698,8,0.29079586,5.69e-05
1699,8,0.31605452,5.69e-05
1700,8,0.23209660,5.7e-05
1701,8,0.28139609,5.7e-05
1702,8,0.26533645,5.7e-05
1703,8,0.25100595,5.71e-05
1704,8,0.21857792,5.71e-05
1705,8,0.23035121,5.71e-05
1706,8,0.22342119,5.72e-05
1707,8,0.22881594,5.72e-05
1708,8,0.21912453,5.72e-05
1709,8,0.29163134,5.73e-05
1710,8,0.22606894,5.73e-05
1711,8,0.28625095,5.73e-05
1712,8,0.27730846,5.74e-05
1713,8,0.24884793,5.74e-05
1714,8,0.23597687,5.74e-05
1715,8,0.30140966,5.75e-05
1716,8,0.21661767,5.75e-05
1717,8,0.23515090,5.75e-05
1718,8,0.27262715,5.76e-05
1719,8,0.23694828,5.76e-05
1720,8,0.23692314,5.76e-05
1721,8,0.26524699,5.77e-05
1722,8,0.25895065,5.77e-05
1723,8,0.27753526,5.77e-05
1724,8,0.22912917,5.78e-05
1725,8,0.28784367,5.78e-05
1726,8,0.23894231,5.78e-05
1727,8,0.28121585,5.79e-05
1728,8,0.24710637,5.79e-05
1729,8,0.22381680,5.79e-05
1730,8,0.27114880,5.8e-05
1731,8,0.23993997,5.8e-05
1732,8,0.23453152,5.8e-05
1733,8,0.32957542,5.81e-05
1734,8,0.25907075,5.81e-05
1735,8,0.28279918,5.81e-05
1736,8,0.26125681,5.82e-05
1737,8,0.22077021,5.82e-05
1738,8,0.27534595,5.82e-05
1739,8,0.23110330,5.83e-05
1740,8,0.29626596,5.83e-05
1741,8,0.24783902,5.83e-05
1742,8,0.25502458,5.84e-05
1743,8,0.22239956,5.84e-05
1744,8,0.27479476,5.84e-05
1745,8,0.20177615,5.85e-05
1746,8,0.34341592,5.85e-05
1747,8,0.27410063,5.85e-05
1748,8,0.23432313,5.86e-05
1749,8,0.26540276,5.86e-05
1750,8,0.27125162,5.86e-05
1751,8,0.27317068,5.87e-05
1752,8,0.26456970,5.87e-05
1753,8,0.29750735,5.87e-05
1754,8,0.30009079,5.88e-05
1755,8,0.26375186,5.88e-05
1756,8,0.25382698,5.88e-05
1757,8,0.25756636,5.89e-05
1758,8,0.27006161,5.89e-05
1759,8,0.27662170,5.89e-05
1760,8,0.28603157,5.9e-05
1761,8,0.25510353,5.9e-05
1762,8,0.25858706,5.9e-05
1763,8,0.31049967,5.91e-05
1764,8,0.25798211,5.91e-05
1765,8,0.31823191,5.91e-05
1766,8,0.24976644,5.92e-05
1767,8,0.25585735,5.92e-05
1768,8,0.23566870,5.92e-05
1769,8,0.22501884,5.93e-05
1770,8,0.23308620,5.93e-05
1771,8,0.28988737,5.93e-05
1772,8,0.24779253,5.94e-05
1773,8,0.25177425,5.94e-05
1774,8,0.30000043,5.94e-05
1775,8,0.23923919,5.95e-05
1776,8,0.25528130,5.95e-05
1777,8,0.23648602,5.95e-05
1778,8,0.29697576,5.96e-05
1779,8,0.26539132,5.96e-05
1780,8,0.23927920,5.96e-05
1781,8,0.26134595,5.97e-05
1782,8,0.28759435,5.97e-05
1783,8,0.23271674,5.97e-05
1784,8,0.27941030,5.98e-05
1785,8,0.21978001,5.98e-05
1786,8,0.24130797,5.98e-05
1787,8,0.24095583,5.99e-05
1788,8,0.24182832,5.99e-05
1789,8,0.24604189,5.99e-05
1790,8,0.25914055,6e-05
1791,8,0.26955944,6e-05
1792,8,0.26079988,6.01e-05
1793,9,0.24127626,6.01e-05
1794,9,0.29250711,6.01e-05
1795,9,0.24569552,6.02e-05
1796,9,0.20330703,6.02e-05
1797,9,0.26087570,6.02e-05
1798,9,0.23922190,6.03e-05
1799,9,0.23796754,6.03e-05
1800,9,0.24833080,6.03e-05
1801,9,0.31131622,6.04e-05
1802,9,0.22941411,6.04e-05
1803,9,0.25927114,6.04e-05
1804,9,0.20751321,6.05e-05
1805,9,0.23996681,6.05e-05
1806,9,0.30522585,6.05e-05
1807,9,0.25847906,6.06e-05
1808,9,0.28229326,6.06e-05
1809,9,0.25395915,6.06e-05
1810,9,0.25406682,6.07e-05
1811,9,0.28042305,6.07e-05
1812,9,0.27042285,6.07e-05
1813,9,0.25114843,6.08e-05
1814,9,0.25551099,6.08e-05
1815,9,0.24063000,6.08e-05
1816,9,0.26918858,6.09e-05
1817,9,0.29769021,6.09e-05
1818,9,0.24478780,6.09e-05
1819,9,0.26221305,6.1e-05
1820,9,0.24631092,6.1e-05
1821,9,0.29665574,6.1e-05
1822,9,0.25835609,6.11e-05
1823,9,0.28210339,6.11e-05
1824,9,0.22252062,6.11e-05
1825,9,0.28452793,6.12e-05
1826,9,0.29380643,6.12e-05
1827,9,0.23146731,6.12e-05
1828,9,0.24821441,6.13e-05
1829,9,0.27223605,6.13e-05
1830,9,0.32082435,6.13e-05
1831,9,0.24929647,6.14e-05
1832,9,0.20933853,6.14e-05
1833,9,0.23928623,6.14e-05
1834,9,0.24877708,6.15e-05
1835,9,0.28492388,6.15e-05
1836,9,0.22528812,6.15e-05
1837,9,0.24129586,6.16e-05
1838,9,0.22686611,6.16e-05
1839,9,0.28455636,6.16e-05
1840,9,0.32276553,6.17e-05
1841,9,0.23710327,6.17e-05
1842,9,0.24500495,6.17e-05
1843,9,0.21463630,6.18e-05
1844,9,0.24646243,6.18e-05
1845,9,0.26668519,6.18e-05
1846,9,0.25258344,6.19e-05
1847,9,0.25238559,6.19e-05
1848,9,0.21675710,6.19e-05
1849,9,0.26798889,6.2e-05
1850,9,0.27227491,6.2e-05
1851,9,0.24607818,6.2e-05
1852,9,0.26116705,6.21e-05
1853,9,0.24790627,6.21e-05
1854,9,0.27856505,6.21e-05
1855,9,0.23872957,6.22e-05
1856,9,0.30752593,6.22e-05
1857,9,0.27728501,6.22e-05
1858,9,0.22174966,6.23e-05
1859,9,0.26270324,6.23e-05
1860,9,0.24423270,6.23e-05
1861,9,0.23707440,6.24e-05
1862,9,0.27512422,6.24e-05
1863,9,0.24876043,6.24e-05
1864,9,0.29893011,6.25e-05
1865,9,0.21866034,6.25e-05
1866,9,0.26539695,6.25e-05
1867,9,0.25638089,6.26e-05
1868,9,0.31435189,6.26e-05
1869,9,0.24752840,6.26e-05
1870,9,0.25190160,6.27e-05
1871,9,0.23592481,6.27e-05
1872,9,0.27138722,6.27e-05
1873,9,0.24192330,6.28e-05
1874,9,0.21879402,6.28e-05
1875,9,0.25273448,6.28e-05
1876,9,0.28770548,6.29e-05
1877,9,0.23897564,6.29e-05
1878,9,0.24756715,6.29e-05
1879,9,0.25259519,6.3e-05
1880,9,0.29452407,6.3e-05
1881,9,0.26395494,6.3e-05
1882,9,0.21030788,6.31e-05
1883,9,0.23265246,6.31e-05
1884,9,0.24219653,6.31e-05
1885,9,0.26133659,6.32e-05
1886,9,0.26228762,6.32e-05
1887,9,0.26159039,6.32e-05
1888,9,0.23978150,6.33e-05
1889,9,0.23458549,6.33e-05
1890,9,0.29221183,6.33e-05
1891,9,0.30761611,6.34e-05
1892,9,0.24480346,6.34e-05
1893,9,0.32090384,6.34e-05
1894,9,0.27808708,6.35e-05
1895,9,0.31207508,6.35e-05
1896,9,0.24271598,6.35e-05
1897,9,0.23545298,6.36e-05
1898,9,0.20962656,6.36e-05
1899,9,0.20855872,6.36e-05
1900,9,0.25668418,6.37e-05
1901,9,0.28008661,6.37e-05
1902,9,0.23051696,6.37e-05
1903,9,0.22141194,6.38e-05
1904,9,0.23450153,6.38e-05
1905,9,0.23555057,6.38e-05
1906,9,0.26485574,6.39e-05
1907,9,0.22162765,6.39e-05
1908,9,0.24804547,6.39e-05
1909,9,0.30360132,6.4e-05
1910,9,0.20446335,6.4e-05
1911,9,0.31317753,6.4e-05
1912,9,0.29025123,6.41e-05
1913,9,0.24515453,6.41e-05
1914,9,0.24678913,6.41e-05
1915,9,0.22897784,6.42e-05
1916,9,0.22573595,6.42e-05
1917,9,0.25217956,6.42e-05
1918,9,0.27259749,6.43e-05
1919,9,0.26522636,6.43e-05
1920,9,0.26562983,6.43e-05
1921,9,0.24896435,6.44e-05
1922,9,0.24052450,6.44e-05
1923,9,0.26287144,6.44e-05
1924,9,0.25245804,6.45e-05
1925,9,0.28820142,6.45e-05
1926,9,0.20724812,6.45e-05
1927,9,0.25944754,6.46e-05
1928,9,0.26499510,6.46e-05
1929,9,0.26992744,6.46e-05
1930,9,0.23108602,6.47e-05
1931,9,0.25428447,6.47e-05
1932,9,0.24177182,6.47e-05
1933,9,0.24380657,6.48e-05
1934,9,0.24590695,6.48e-05
1935,9,0.28157771,6.48e-05
1936,9,0.23458998,6.49e-05
1937,9,0.26414633,6.49e-05
1938,9,0.21529174,6.49e-05
1939,9,0.26494274,6.5e-05
1940,9,0.26386544,6.5e-05
1941,9,0.23649165,6.5e-05
1942,9,0.25012445,6.51e-05
1943,9,0.22849070,6.51e-05
1944,9,0.26641732,6.51e-05
1945,9,0.23153749,6.52e-05
1946,9,0.26819322,6.52e-05
1947,9,0.27480823,6.52e-05
1948,9,0.26211277,6.53e-05
1949,9,0.24215898,6.53e-05
1950,9,0.29630569,6.53e-05
1951,9,0.28443477,6.54e-05
1952,9,0.22837773,6.54e-05
1953,9,0.23367921,6.54e-05
1954,9,0.20068428,6.55e-05
1955,9,0.28978342,6.55e-05
1956,9,0.26351783,6.55e-05
1957,9,0.28449208,6.56e-05
1958,9,0.29282448,6.56e-05
1959,9,0.24552464,6.56e-05
1960,9,0.20677468,6.57e-05
1961,9,0.25145489,6.57e-05
1962,9,0.24172579,6.57e-05
1963,9,0.23746443,6.58e-05
1964,9,0.24450521,6.58e-05
1965,9,0.22966139,6.58e-05
1966,9,0.26064739,6.59e-05
1967,9,0.26980743,6.59e-05
1968,9,0.20392929,6.59e-05
1969,9,0.22671103,6.6e-05
1970,9,0.23539053,6.6e-05
1971,9,0.20706210,6.6e-05
1972,9,0.22798912,6.61e-05
1973,9,0.23671713,6.61e-05
1974,9,0.26083747,6.61e-05
1975,9,0.24929313,6.62e-05
1976,9,0.27552289,6.62e-05
1977,9,0.25647169,6.62e-05
1978,9,0.26977652,6.63e-05
1979,9,0.26715258,6.63e-05
1980,9,0.26396906,6.63e-05
1981,9,0.23221278,6.64e-05
1982,9,0.24259472,6.64e-05
1983,9,0.24659888,6.64e-05
1984,9,0.26105139,6.65e-05
1985,9,0.24396145,6.65e-05
1986,9,0.26390609,6.65e-05
1987,9,0.24268804,6.66e-05
1988,9,0.23372607,6.66e-05
1989,9,0.31767768,6.66e-05
1990,9,0.24428634,6.67e-05
1991,9,0.23101203,6.67e-05
1992,9,0.24155423,6.67e-05
1993,9,0.22787496,6.68e-05
1994,9,0.26207119,6.68e-05
1995,9,0.24787149,6.68e-05
1996,9,0.20859239,6.69e-05
1997,9,0.27610344,6.69e-05
1998,9,0.26447928,6.69e-05
1999,9,0.24342069,6.7e-05
2000,9,0.29092425,6.7e-05
2001,9,0.24042313,6.7e-05
2002,9,0.23554608,6.71e-05
2003,9,0.21648166,6.71e-05
2004,9,0.28497669,6.71e-05
2005,9,0.26879346,6.72e-05
2006,9,0.25807309,6.72e-05
2007,9,0.30591446,6.72e-05
2008,9,0.32167873,6.73e-05
2009,9,0.28918871,6.73e-05
2010,9,0.25577110,6.73e-05
2011,9,0.26700252,6.74e-05
2012,9,0.20329063,6.74e-05
2013,9,0.23929030,6.74e-05
2014,9,0.24628794,6.75e-05
2015,9,0.26147732,6.75e-05
2016,9,0.26331669,6.76e-05
2017,10,0.23803163,6.76e-05
2018,10,0.22848110,6.76e-05
2019,10,0.23271297,6.77e-05
2020,10,0.24333112,6.77e-05
2021,10,0.24581048,6.77e-05
2022,10,0.26156247,6.78e-05
2023,10,0.20141923,6.78e-05
2024,10,0.23813516,6.78e-05
2025,10,0.22957604,6.79e-05
2026,10,0.23516285,6.79e-05
2027,10,0.29604983,6.79e-05
2028,10,0.24587733,6.8e-05
2029,10,0.22732829,6.8e-05
2030,10,0.26385111,6.8e-05
2031,10,0.27850884,6.81e-05
2032,10,0.22924900,6.81e-05
2033,10,0.30274299,6.81e-05
2034,10,0.24638858,6.82e-05
2035,10,0.23089200,6.82e-05
2036,10,0.24914639,6.82e-05
2037,10,0.24676768,6.83e-05
2038,10,0.22778635,6.83e-05
2039,10,0.25757506,6.83e-05
2040,10,0.27561948,6.84e-05
2041,10,0.28910607,6.84e-05
2042,10,0.28541961,6.84e-05
2043,10,0.22727446,6.85e-05
2044,10,0.26518965,6.85e-05
2045,10,0.21140385,6.85e-05
2046,10,0.23820525,6.86e-05
2047,10,0.24241072,6.86e-05
2048,10,0.22577827,6.86e-05
2049,10,0.24935368,6.87e-05
2050,10,0.29221165,6.87e-05
2051,10,0.21685611,6.87e-05
2052,10,0.24767289,6.88e-05
2053,10,0.26761991,6.88e-05
2054,10,0.27206516,6.88e-05
2055,10,0.24038300,6.89e-05
2056,10,0.20733361,6.89e-05
2057,10,0.26115200,6.89e-05
2058,10,0.27704069,6.9e-05
2059,10,0.30797684,6.9e-05
2060,10,0.23776796,6.9e-05
2061,10,0.27030152,6.91e-05
2062,10,0.24576902,6.91e-05
2063,10,0.26559800,6.91e-05
2064,10,0.23968112,6.92e-05
2065,10,0.25698465,6.92e-05
2066,10,0.20450187,6.92e-05
2067,10,0.23611091,6.93e-05
2068,10,0.23959792,6.93e-05
2069,10,0.23524606,6.93e-05
2070,10,0.23825461,6.94e-05
2071,10,0.21947706,6.94e-05
2072,10,0.32385880,6.94e-05
2073,10,0.25878239,6.95e-05
2074,10,0.20956814,6.95e-05
2075,10,0.21476278,6.95e-05
2076,10,0.24875534,6.96e-05
2077,10,0.23379549,6.96e-05
2078,10,0.23103783,6.96e-05
2079,10,0.20548606,6.97e-05
2080,10,0.23697805,6.97e-05
2081,10,0.29956400,6.97e-05
2082,10,0.25756264,6.98e-05
2083,10,0.23170492,6.98e-05
2084,10,0.23580210,6.98e-05
2085,10,0.24447280,6.99e-05
2086,10,0.26388571,6.99e-05
2087,10,0.26032671,6.99e-05
2088,10,0.25259161,7e-05
2089,10,0.24483836,7e-05
2090,10,0.25098765,7e-05
2091,10,0.28465348,7.01e-05
2092,10,0.25993714,7.01e-05
2093,10,0.23378676,7.01e-05
2094,10,0.22922966,7.02e-05
2095,10,0.23556101,7.02e-05
2096,10,0.24935542,7.02e-05
2097,10,0.23092631,7.03e-05
2098,10,0.19982964,7.03e-05
2099,10,0.29072645,7.03e-05
2100,10,0.22246425,7.04e-05
2101,10,0.21582198,7.04e-05
2102,10,0.25679740,7.04e-05
2103,10,0.26145765,7.05e-05
2104,10,0.21706575,7.05e-05
2105,10,0.24817400,7.05e-05
2106,10,0.29815373,7.06e-05
2107,10,0.22302257,7.06e-05
2108,10,0.23059718,7.06e-05
2109,10,0.26133093,7.07e-05
2110,10,0.26006985,7.07e-05
2111,10,0.24083093,7.07e-05
2112,10,0.22947900,7.08e-05
2113,10,0.24516940,7.08e-05
2114,10,0.25317931,7.08e-05
2115,10,0.23198774,7.09e-05
2116,10,0.23675470,7.09e-05
2117,10,0.24843666,7.09e-05
2118,10,0.21038246,7.1e-05
2119,10,0.28367111,7.1e-05
2120,10,0.23629260,7.1e-05
2121,10,0.27851674,7.11e-05
2122,10,0.23170546,7.11e-05
2123,10,0.27024072,7.11e-05
2124,10,0.25425744,7.12e-05
2125,10,0.24642090,7.12e-05
2126,10,0.25043613,7.12e-05
2127,10,0.21074605,7.13e-05
2128,10,0.20643441,7.13e-05
2129,10,0.18717055,7.13e-05
2130,10,0.28530234,7.14e-05
2131,10,0.23937637,7.14e-05
2132,10,0.25242254,7.14e-05
2133,10,0.26104984,7.15e-05
2134,10,0.23122047,7.15e-05
2135,10,0.28384274,7.15e-05
2136,10,0.22104889,7.16e-05
2137,10,0.23627965,7.16e-05
2138,10,0.20289461,7.16e-05
2139,10,0.32545322,7.17e-05
2140,10,0.22685289,7.17e-05
2141,10,0.23975037,7.17e-05
2142,10,0.28623745,7.18e-05
2143,10,0.25459710,7.18e-05
2144,10,0.26305839,7.18e-05
2145,10,0.21598785,7.19e-05
2146,10,0.23771569,7.19e-05
2147,10,0.22997305,7.19e-05
2148,10,0.26225230,7.2e-05
2149,10,0.20857775,7.2e-05
2150,10,0.26790226,7.2e-05
2151,10,0.30576795,7.21e-05
2152,10,0.24953854,7.21e-05
2153,10,0.20388052,7.21e-05
2154,10,0.27466345,7.22e-05
2155,10,0.25218999,7.22e-05
2156,10,0.26147494,7.22e-05
2157,10,0.24431956,7.23e-05
2158,10,0.23456627,7.23e-05
2159,10,0.23588279,7.23e-05
2160,10,0.21612442,7.24e-05
2161,10,0.26824126,7.24e-05
2162,10,0.21237504,7.24e-05
2163,10,0.22800331,7.25e-05
2164,10,0.27895945,7.25e-05
2165,10,0.24890873,7.25e-05
2166,10,0.24819452,7.26e-05
2167,10,0.22359860,7.26e-05
2168,10,0.23599009,7.26e-05
2169,10,0.20018387,7.27e-05
2170,10,0.23888096,7.27e-05
2171,10,0.22390077,7.27e-05
2172,10,0.21333516,7.28e-05
2173,10,0.26590329,7.28e-05
2174,10,0.20942335,7.28e-05
2175,10,0.26099402,7.29e-05
2176,10,0.24721348,7.29e-05
2177,10,0.23580424,7.29e-05
2178,10,0.21491210,7.3e-05
2179,10,0.18948537,7.3e-05
2180,10,0.21659476,7.3e-05
2181,10,0.27254298,7.31e-05
2182,10,0.22222081,7.31e-05
2183,10,0.26931909,7.31e-05
2184,10,0.24781653,7.32e-05
2185,10,0.21368985,7.32e-05
2186,10,0.23109071,7.32e-05
2187,10,0.23657873,7.33e-05
2188,10,0.21500883,7.33e-05
2189,10,0.27448446,7.33e-05
2190,10,0.24392465,7.34e-05
2191,10,0.22070985,7.34e-05
2192,10,0.20487928,7.34e-05
2193,10,0.25292224,7.35e-05
2194,10,0.24747691,7.35e-05
2195,10,0.24834993,7.35e-05
2196,10,0.20611498,7.36e-05
2197,10,0.19603884,7.36e-05
2198,10,0.22834085,7.36e-05
2199,10,0.22091743,7.37e-05
2200,10,0.27754033,7.37e-05
2201,10,0.27300054,7.37e-05
2202,10,0.26131421,7.38e-05
2203,10,0.29295188,7.38e-05
2204,10,0.23767051,7.38e-05
2205,10,0.24590048,7.39e-05
2206,10,0.22475092,7.39e-05
2207,10,0.25182444,7.39e-05
2208,10,0.29024965,7.4e-05
2209,10,0.23060283,7.4e-05
2210,10,0.25966370,7.4e-05
2211,10,0.27155763,7.41e-05
2212,10,0.24729657,7.41e-05
2213,10,0.22686037,7.41e-05
2214,10,0.25552255,7.42e-05
2215,10,0.21694788,7.42e-05
2216,10,0.24489997,7.42e-05
2217,10,0.25797459,7.43e-05
2218,10,0.23302406,7.43e-05
2219,10,0.23413134,7.43e-05
2220,10,0.21973523,7.44e-05
2221,10,0.22390535,7.44e-05
2222,10,0.24192071,7.44e-05
2223,10,0.19854462,7.45e-05
2224,10,0.26432407,7.45e-05
2225,10,0.23894763,7.45e-05
2226,10,0.23240279,7.46e-05
2227,10,0.19846694,7.46e-05
2228,10,0.24273866,7.46e-05
2229,10,0.20777026,7.47e-05
2230,10,0.21029520,7.47e-05
2231,10,0.23056750,7.47e-05
2232,10,0.27572474,7.48e-05
2233,10,0.31675267,7.48e-05
2234,10,0.24233632,7.48e-05
2235,10,0.28584409,7.49e-05
2236,10,0.27022547,7.49e-05
2237,10,0.26754063,7.49e-05
2238,10,0.21561842,7.5e-05
2239,10,0.21933734,7.5e-05
2240,10,0.26451656,7.51e-05
2241,11,0.28677136,7.51e-05
2242,11,0.28596804,7.51e-05
2243,11,0.21649669,7.52e-05
2244,11,0.22397785,7.52e-05
2245,11,0.21521494,7.52e-05
2246,11,0.24826738,7.53e-05
2247,11,0.26748461,7.53e-05
2248,11,0.27783155,7.53e-05
2249,11,0.27669513,7.54e-05
2250,11,0.22237518,7.54e-05
2251,11,0.22395192,7.54e-05
2252,11,0.23933429,7.55e-05
2253,11,0.24092524,7.55e-05
2254,11,0.24819615,7.55e-05
2255,11,0.25099158,7.56e-05
2256,11,0.29271954,7.56e-05
2257,11,0.22975068,7.56e-05
2258,11,0.23741822,7.57e-05
2259,11,0.22253299,7.57e-05
2260,11,0.23027566,7.57e-05
2261,11,0.25525007,7.58e-05
2262,11,0.23104271,7.58e-05
2263,11,0.24027634,7.58e-05
2264,11,0.29250249,7.59e-05
2265,11,0.21557012,7.59e-05
2266,11,0.24130885,7.59e-05
2267,11,0.24767177,7.6e-05
2268,11,0.25748330,7.6e-05
2269,11,0.25184232,7.6e-05
2270,11,0.25294536,7.61e-05
2271,11,0.27087593,7.61e-05
2272,11,0.21432917,7.61e-05
2273,11,0.22923176,7.62e-05
2274,11,0.23605308,7.62e-05
2275,11,0.25709504,7.62e-05
2276,11,0.24448936,7.63e-05
2277,11,0.21310714,7.63e-05
2278,11,0.25022480,7.63e-05
2279,11,0.27311730,7.64e-05
2280,11,0.21854517,7.64e-05
2281,11,0.24991141,7.64e-05
2282,11,0.29585433,7.65e-05
2283,11,0.20698278,7.65e-05
2284,11,0.23867635,7.65e-05
2285,11,0.23084453,7.66e-05
2286,11,0.21527931,7.66e-05
2287,11,0.23640144,7.66e-05
2288,11,0.24717854,7.67e-05
2289,11,0.24710736,7.67e-05
2290,11,0.25939843,7.67e-05
2291,11,0.25876236,7.68e-05
2292,11,0.22937612,7.68e-05
2293,11,0.26504952,7.68e-05
2294,11,0.26203102,7.69e-05
2295,11,0.23385648,7.69e-05
2296,11,0.20232487,7.69e-05
2297,11,0.20805702,7.7e-05
2298,11,0.22863644,7.7e-05
2299,11,0.26738656,7.7e-05
2300,11,0.21061173,7.71e-05
2301,11,0.23542438,7.71e-05
2302,11,0.26999712,7.71e-05
2303,11,0.26147458,7.72e-05
2304,11,0.26232228,7.72e-05
2305,11,0.23671019,7.72e-05
2306,11,0.26607716,7.73e-05
2307,11,0.22803751,7.73e-05
2308,11,0.23165032,7.73e-05
2309,11,0.28034183,7.74e-05
2310,11,0.29671419,7.74e-05
2311,11,0.22055686,7.74e-05
2312,11,0.21148932,7.75e-05
2313,11,0.23947816,7.75e-05
2314,11,0.27491269,7.75e-05
2315,11,0.23581295,7.76e-05
2316,11,0.23981762,7.76e-05
2317,11,0.27990952,7.76e-05
2318,11,0.17793679,7.77e-05
2319,11,0.23389521,7.77e-05
2320,11,0.24241647,7.77e-05
2321,11,0.23812591,7.78e-05
2322,11,0.27624983,7.78e-05
2323,11,0.22850060,7.78e-05
2324,11,0.25683886,7.79e-05
2325,11,0.20910415,7.79e-05
2326,11,0.21963058,7.79e-05
2327,11,0.24310738,7.8e-05
2328,11,0.25650382,7.8e-05
2329,11,0.21249494,7.8e-05
2330,11,0.29630327,7.81e-05
2331,11,0.28249964,7.81e-05
2332,11,0.22319180,7.81e-05
2333,11,0.28397143,7.82e-05
2334,11,0.20404594,7.82e-05
2335,11,0.29413828,7.82e-05
2336,11,0.23247945,7.83e-05
2337,11,0.24073736,7.83e-05
2338,11,0.31281477,7.83e-05
2339,11,0.22855589,7.84e-05
2340,11,0.26452941,7.84e-05
2341,11,0.20282750,7.84e-05
2342,11,0.24012262,7.85e-05
2343,11,0.24569497,7.85e-05
2344,11,0.21368216,7.85e-05
2345,11,0.23239595,7.86e-05
2346,11,0.20491600,7.86e-05
2347,11,0.22437374,7.86e-05
2348,11,0.21558830,7.87e-05
2349,11,0.22906968,7.87e-05
2350,11,0.23230302,7.87e-05
2351,11,0.21150737,7.88e-05
2352,11,0.25248933,7.88e-05
2353,11,0.22294168,7.88e-05
2354,11,0.23456976,7.89e-05
2355,11,0.22147670,7.89e-05
2356,11,0.18909356,7.89e-05
2357,11,0.25255641,7.9e-05
2358,11,0.24933253,7.9e-05
2359,11,0.24092500,7.9e-05
2360,11,0.21727389,7.91e-05
2361,11,0.22668940,7.91e-05
2362,11,0.22743699,7.91e-05
2363,11,0.28555295,7.92e-05
2364,11,0.21014546,7.92e-05
2365,11,0.22903398,7.92e-05
2366,11,0.23151973,7.93e-05
2367,11,0.24342725,7.93e-05
2368,11,0.28039503,7.93e-05
2369,11,0.26281542,7.94e-05
2370,11,0.24737853,7.94e-05
2371,11,0.21246056,7.94e-05
2372,11,0.21274684,7.95e-05
2373,11,0.21492271,7.95e-05
2374,11,0.21913680,7.95e-05
2375,11,0.20609930,7.96e-05
2376,11,0.22043079,7.96e-05
2377,11,0.19977252,7.96e-05
2378,11,0.25369373,7.97e-05
2379,11,0.25217807,7.97e-05
2380,11,0.23033261,7.97e-05
2381,11,0.24494490,7.98e-05
2382,11,0.20598090,7.98e-05
2383,11,0.26425275,7.98e-05
2384,11,0.23406932,7.99e-05
2385,11,0.21473190,7.99e-05
2386,11,0.24272072,7.99e-05
2387,11,0.24836819,8e-05
2388,11,0.22352505,8e-05
2389,11,0.20089003,8e-05
2390,11,0.21751705,8.01e-05
2391,11,0.26261091,8.01e-05
2392,11,0.24566400,8.01e-05
2393,11,0.25308251,8.02e-05
2394,11,0.25542101,8.02e-05
2395,11,0.27018282,8.02e-05
2396,11,0.18616834,8.03e-05
2397,11,0.19742674,8.03e-05
2398,11,0.22609304,8.03e-05
2399,11,0.21782863,8.04e-05
2400,11,0.24442121,8.04e-05
2401,11,0.28518268,8.04e-05
2402,11,0.26304990,8.05e-05
2403,11,0.22880155,8.05e-05
2404,11,0.27544737,8.05e-05
2405,11,0.23408508,8.06e-05
2406,11,0.20607218,8.06e-05
2407,11,0.21708970,8.06e-05
2408,11,0.26547837,8.07e-05
2409,11,0.22591643,8.07e-05
2410,11,0.26475787,8.07e-05
2411,11,0.23159568,8.08e-05
2412,11,0.26847959,8.08e-05
2413,11,0.27408457,8.08e-05
2414,11,0.19208972,8.09e-05
2415,11,0.23072325,8.09e-05
2416,11,0.28600618,8.09e-05
2417,11,0.27062497,8.1e-05
2418,11,0.25857866,8.1e-05
2419,11,0.22212891,8.1e-05
2420,11,0.22392595,8.11e-05
2421,11,0.28061074,8.11e-05
2422,11,0.20082638,8.11e-05
2423,11,0.21244358,8.12e-05
2424,11,0.24936190,8.12e-05
2425,11,0.25109190,8.12e-05
2426,11,0.25467592,8.13e-05
2427,11,0.22155762,8.13e-05
2428,11,0.23830399,8.13e-05
2429,11,0.25182158,8.14e-05
2430,11,0.24730311,8.14e-05
2431,11,0.23177247,8.14e-05
2432,11,0.23519330,8.15e-05
2433,11,0.23204701,8.15e-05
2434,11,0.22694866,8.15e-05
2435,11,0.24055853,8.16e-05
2436,11,0.24879593,8.16e-05
2437,11,0.24131215,8.16e-05
2438,11,0.28416476,8.17e-05
2439,11,0.22126520,8.17e-05
2440,11,0.25379017,8.17e-05
2441,11,0.26397851,8.18e-05
2442,11,0.21750388,8.18e-05
2443,11,0.26085860,8.18e-05
2444,11,0.23372287,8.19e-05
2445,11,0.20322983,8.19e-05
2446,11,0.20714363,8.19e-05
2447,11,0.23203233,8.2e-05
2448,11,0.22021151,8.2e-05
2449,11,0.20995820,8.2e-05
2450,11,0.25566134,8.21e-05
2451,11,0.22241172,8.21e-05
2452,11,0.24890266,8.21e-05
2453,11,0.24863932,8.22e-05
2454,11,0.25690341,8.22e-05
2455,11,0.27788231,8.22e-05
2456,11,0.21529198,8.23e-05
2457,11,0.21855780,8.23e-05
2458,11,0.26102448,8.23e-05
2459,11,0.18887562,8.24e-05
2460,11,0.21514988,8.24e-05
2461,11,0.19759122,8.24e-05
2462,11,0.21181166,8.25e-05
2463,11,0.21402752,8.25e-05
2464,11,0.21672492,8.26e-05
2465,12,0.27653107,8.26e-05
2466,12,0.21918237,8.26e-05
2467,12,0.23879960,8.27e-05
2468,12,0.23729807,8.27e-05
2469,12,0.27777582,8.27e-05
2470,12,0.25420821,8.28e-05
2471,12,0.26924580,8.28e-05
2472,12,0.22035180,8.28e-05
2473,12,0.22682862,8.29e-05
2474,12,0.27514693,8.29e-05
2475,12,0.21618327,8.29e-05
2476,12,0.22312419,8.3e-05
2477,12,0.22231060,8.3e-05
2478,12,0.22493735,8.3e-05
2479,12,0.26840556,8.31e-05
2480,12,0.20795321,8.31e-05
2481,12,0.23753272,8.31e-05
2482,12,0.20130858,8.32e-05
2483,12,0.20999357,8.32e-05
2484,12,0.20262423,8.32e-05
2485,12,0.23432937,8.33e-05
2486,12,0.22110733,8.33e-05
2487,12,0.22209010,8.33e-05
2488,12,0.20637745,8.34e-05
2489,12,0.23571102,8.34e-05
2490,12,0.19755261,8.34e-05
2491,12,0.21582770,8.35e-05
2492,12,0.27148998,8.35e-05
2493,12,0.26497352,8.35e-05
2494,12,0.23223834,8.36e-05
2495,12,0.24342895,8.36e-05
2496,12,0.23761269,8.36e-05
2497,12,0.24406159,8.37e-05
2498,12,0.22975104,8.37e-05
2499,12,0.19713438,8.37e-05
2500,12,0.27509630,8.38e-05
2501,12,0.20937501,8.38e-05
2502,12,0.20263347,8.38e-05
2503,12,0.24405125,8.39e-05
2504,12,0.23250072,8.39e-05
2505,12,0.20507523,8.39e-05
2506,12,0.22702166,8.4e-05
2507,12,0.24046159,8.4e-05
2508,12,0.22147217,8.4e-05
2509,12,0.20815587,8.41e-05
2510,12,0.19968836,8.41e-05
2511,12,0.26737136,8.41e-05
2512,12,0.30505687,8.42e-05
2513,12,0.21445172,8.42e-05
2514,12,0.21402192,8.42e-05
2515,12,0.21725643,8.43e-05
2516,12,0.25885126,8.43e-05
2517,12,0.20363741,8.43e-05
2518,12,0.22716320,8.44e-05
2519,12,0.24339096,8.44e-05
2520,12,0.26338309,8.44e-05
2521,12,0.24046974,8.45e-05
2522,12,0.25038788,8.45e-05
2523,12,0.24015772,8.45e-05
2524,12,0.23805660,8.46e-05
2525,12,0.26438481,8.46e-05
2526,12,0.23963545,8.46e-05
2527,12,0.25346860,8.47e-05
2528,12,0.24646923,8.47e-05
2529,12,0.22766161,8.47e-05
2530,12,0.22900930,8.48e-05
2531,12,0.23476259,8.48e-05
2532,12,0.23052359,8.48e-05
2533,12,0.21102105,8.49e-05
2534,12,0.25621018,8.49e-05
2535,12,0.27144343,8.49e-05
2536,12,0.20918977,8.5e-05
2537,12,0.27020508,8.5e-05
2538,12,0.20295608,8.5e-05
2539,12,0.21198301,8.51e-05
2540,12,0.24123117,8.51e-05
2541,12,0.21863878,8.51e-05
2542,12,0.25235522,8.52e-05
2543,12,0.19353160,8.52e-05
2544,12,0.20490639,8.52e-05
2545,12,0.27658641,8.53e-05
2546,12,0.25698638,8.53e-05
2547,12,0.28258082,8.53e-05
2548,12,0.23605596,8.54e-05
2549,12,0.23358008,8.54e-05
2550,12,0.17787826,8.54e-05
2551,12,0.21615808,8.55e-05
2552,12,0.22961384,8.55e-05
2553,12,0.20756957,8.55e-05
2554,12,0.22590610,8.56e-05
2555,12,0.26733240,8.56e-05
2556,12,0.19716358,8.56e-05
2557,12,0.23878412,8.57e-05
2558,12,0.23799543,8.57e-05
2559,12,0.23082153,8.57e-05
2560,12,0.23344839,8.58e-05
2561,12,0.22744894,8.58e-05
2562,12,0.21016280,8.58e-05
2563,12,0.22786157,8.59e-05
2564,12,0.22929800,8.59e-05
2565,12,0.22738944,8.59e-05
2566,12,0.24414596,8.6e-05
2567,12,0.27763146,8.6e-05
2568,12,0.26254880,8.6e-05
2569,12,0.23608796,8.61e-05
2570,12,0.24034284,8.61e-05
2571,12,0.19082157,8.61e-05
2572,12,0.19922349,8.62e-05
2573,12,0.26157421,8.62e-05
2574,12,0.21920745,8.62e-05
2575,12,0.21649109,8.63e-05
2576,12,0.22252819,8.63e-05
2577,12,0.21366887,8.63e-05
2578,12,0.23750106,8.64e-05
2579,12,0.20520520,8.64e-05
2580,12,0.24109349,8.64e-05
2581,12,0.20291893,8.65e-05
2582,12,0.23132960,8.65e-05
2583,12,0.23090184,8.65e-05
2584,12,0.23002557,8.66e-05
2585,12,0.21983445,8.66e-05
2586,12,0.25181416,8.66e-05
2587,12,0.24282360,8.67e-05
2588,12,0.21397613,8.67e-05
2589,12,0.26606983,8.67e-05
2590,12,0.23847353,8.68e-05
2591,12,0.25193661,8.68e-05
2592,12,0.27202529,8.68e-05
2593,12,0.19708487,8.69e-05
2594,12,0.27550226,8.69e-05
2595,12,0.22059926,8.69e-05
2596,12,0.24555789,8.7e-05
2597,12,0.21957879,8.7e-05
2598,12,0.23928329,8.7e-05
2599,12,0.22973756,8.71e-05
2600,12,0.22882144,8.71e-05
2601,12,0.20348570,8.71e-05
2602,12,0.20078799,8.72e-05
2603,12,0.20916736,8.72e-05
2604,12,0.25504911,8.72e-05
2605,12,0.20178889,8.73e-05
2606,12,0.22298190,8.73e-05
2607,12,0.24723725,8.73e-05
2608,12,0.24375491,8.74e-05
2609,12,0.22017442,8.74e-05
2610,12,0.25312001,8.74e-05
2611,12,0.22205386,8.75e-05
2612,12,0.23916894,8.75e-05
2613,12,0.22808939,8.75e-05
2614,12,0.20371477,8.76e-05
2615,12,0.25697425,8.76e-05
2616,12,0.21121132,8.76e-05
2617,12,0.21035919,8.77e-05
2618,12,0.23521921,8.77e-05
2619,12,0.22897516,8.77e-05
2620,12,0.20928031,8.78e-05
2621,12,0.23244320,8.78e-05
2622,12,0.23538923,8.78e-05
2623,12,0.24993239,8.79e-05
2624,12,0.23851573,8.79e-05
2625,12,0.22945425,8.79e-05
2626,12,0.25824377,8.8e-05
2627,12,0.20311314,8.8e-05
2628,12,0.21184304,8.8e-05
2629,12,0.22575490,8.81e-05
2630,12,0.24493198,8.81e-05
2631,12,0.27464080,8.81e-05
2632,12,0.21736264,8.82e-05
2633,12,0.25677586,8.82e-05
2634,12,0.19335994,8.82e-05
2635,12,0.17499229,8.83e-05
2636,12,0.24426763,8.83e-05
2637,12,0.22885367,8.83e-05
2638,12,0.20680627,8.84e-05
2639,12,0.18991219,8.84e-05
2640,12,0.19280700,8.84e-05
2641,12,0.23427066,8.85e-05
2642,12,0.28874665,8.85e-05
2643,12,0.24432479,8.85e-05
2644,12,0.24776898,8.86e-05
2645,12,0.21054974,8.86e-05
2646,12,0.25292951,8.86e-05
2647,12,0.23860067,8.87e-05
2648,12,0.20548686,8.87e-05
2649,12,0.23411006,8.87e-05
2650,12,0.24931502,8.88e-05
2651,12,0.30133933,8.88e-05
2652,12,0.21604519,8.88e-05
2653,12,0.26408133,8.89e-05
2654,12,0.22752148,8.89e-05
2655,12,0.26739922,8.89e-05
2656,12,0.26066408,8.9e-05
2657,12,0.26406121,8.9e-05
2658,12,0.26516962,8.9e-05
2659,12,0.19874661,8.91e-05
2660,12,0.27752352,8.91e-05
2661,12,0.21523699,8.91e-05
2662,12,0.20149529,8.92e-05
2663,12,0.23941356,8.92e-05
2664,12,0.24563500,8.92e-05
2665,12,0.21704458,8.93e-05
2666,12,0.21037565,8.93e-05
2667,12,0.26605648,8.93e-05
2668,12,0.22457299,8.94e-05
2669,12,0.21989757,8.94e-05
2670,12,0.22446799,8.94e-05
2671,12,0.25705853,8.95e-05
2672,12,0.23761897,8.95e-05
2673,12,0.25996661,8.95e-05
2674,12,0.22648697,8.96e-05
2675,12,0.18219468,8.96e-05
2676,12,0.24769418,8.96e-05
2677,12,0.24258143,8.97e-05
2678,12,0.26521277,8.97e-05
2679,12,0.24284415,8.97e-05
2680,12,0.24608129,8.98e-05
2681,12,0.27801985,8.98e-05
2682,12,0.23377702,8.98e-05
2683,12,0.23360682,8.99e-05
2684,12,0.24877977,8.99e-05
2685,12,0.23000090,8.99e-05
2686,12,0.22245038,9e-05
2687,12,0.19846867,9e-05
2688,12,0.26570329,9.01e-05
2689,13,0.25364727,9.01e-05
2690,13,0.27096790,9.01e-05
2691,13,0.25140709,9.02e-05
2692,13,0.22431295,9.02e-05
2693,13,0.24653374,9.02e-05
2694,13,0.23889196,9.03e-05
2695,13,0.24346060,9.03e-05
2696,13,0.23547809,9.03e-05
2697,13,0.22999291,9.04e-05
2698,13,0.25585243,9.04e-05
2699,13,0.21383761,9.04e-05
2700,13,0.23872153,9.05e-05
2701,13,0.19064140,9.05e-05
2702,13,0.26802731,9.05e-05
2703,13,0.22231887,9.06e-05
2704,13,0.20133102,9.06e-05
2705,13,0.21088648,9.06e-05
2706,13,0.20520858,9.07e-05
2707,13,0.19789630,9.07e-05
2708,13,0.22956094,9.07e-05
2709,13,0.22847942,9.08e-05
2710,13,0.22254038,9.08e-05
2711,13,0.21477127,9.08e-05
2712,13,0.20438032,9.09e-05
2713,13,0.20993912,9.09e-05
2714,13,0.24762671,9.09e-05
2715,13,0.24855089,9.1e-05
2716,13,0.23359880,9.1e-05
2717,13,0.25803131,9.1e-05
2718,13,0.21984339,9.11e-05
2719,13,0.22631232,9.11e-05
2720,13,0.20514838,9.11e-05
2721,13,0.23430316,9.12e-05
2722,13,0.20316100,9.12e-05
2723,13,0.20412157,9.12e-05
2724,13,0.18006858,9.13e-05
2725,13,0.27058661,9.13e-05
2726,13,0.24767473,9.13e-05
2727,13,0.18420462,9.14e-05
2728,13,0.19283918,9.14e-05
2729,13,0.21008925,9.14e-05
2730,13,0.21631460,9.15e-05
2731,13,0.22269630,9.15e-05
2732,13,0.26013729,9.15e-05
2733,13,0.21851540,9.16e-05
2734,13,0.20069210,9.16e-05
2735,13,0.21590666,9.16e-05
2736,13,0.20602915,9.17e-05
2737,13,0.18811290,9.17e-05
2738,13,0.20521337,9.17e-05
2739,13,0.23764704,9.18e-05
2740,13,0.23175721,9.18e-05
2741,13,0.25899664,9.18e-05
2742,13,0.23723006,9.19e-05
2743,13,0.19926220,9.19e-05
2744,13,0.26147097,9.19e-05
2745,13,0.22666141,9.2e-05
2746,13,0.25888044,9.2e-05
2747,13,0.23912871,9.2e-05
2748,13,0.26007169,9.21e-05
2749,13,0.24089620,9.21e-05
2750,13,0.19712636,9.21e-05
2751,13,0.25239372,9.22e-05
2752,13,0.20665690,9.22e-05
2753,13,0.20244883,9.22e-05
2754,13,0.22355458,9.23e-05
2755,13,0.19446491,9.23e-05
2756,13,0.18457413,9.23e-05
2757,13,0.25692764,9.24e-05
2758,13,0.20617080,9.24e-05
2759,13,0.23045126,9.24e-05
2760,13,0.21783078,9.25e-05
2761,13,0.18646179,9.25e-05
2762,13,0.21586868,9.25e-05
2763,13,0.22851066,9.26e-05
2764,13,0.16938904,9.26e-05
2765,13,0.21330613,9.26e-05
2766,13,0.24083740,9.27e-05
2767,13,0.25857604,9.27e-05
2768,13,0.19325760,9.27e-05
2769,13,0.20173007,9.28e-05
2770,13,0.22031675,9.28e-05
2771,13,0.25721741,9.28e-05
2772,13,0.19479367,9.29e-05
2773,13,0.23124044,9.29e-05
2774,13,0.23963758,9.29e-05
2775,13,0.23662287,9.3e-05
2776,13,0.24701940,9.3e-05
2777,13,0.20142417,9.3e-05
2778,13,0.23979330,9.31e-05
2779,13,0.19470803,9.31e-05
2780,13,0.21896148,9.31e-05
2781,13,0.22532937,9.32e-05
2782,13,0.23931861,9.32e-05
2783,13,0.22192387,9.32e-05
2784,13,0.22976729,9.33e-05
2785,13,0.23945162,9.33e-05
2786,13,0.23634300,9.33e-05
2787,13,0.21179685,9.34e-05
2788,13,0.22157936,9.34e-05
2789,13,0.18024954,9.34e-05
2790,13,0.20290712,9.35e-05
2791,13,0.25402004,9.35e-05
2792,13,0.25214484,9.35e-05
2793,13,0.27038443,9.36e-05
2794,13,0.19576816,9.36e-05
2795,13,0.20053194,9.36e-05
2796,13,0.19858396,9.37e-05
2797,13,0.20447102,9.37e-05
2798,13,0.23910978,9.37e-05
2799,13,0.20921060,9.38e-05
2800,13,0.19600296,9.38e-05
2801,13,0.21335791,9.38e-05
2802,13,0.22161983,9.39e-05
2803,13,0.22652873,9.39e-05
2804,13,0.25408870,9.39e-05
2805,13,0.22806656,9.4e-05
2806,13,0.22170365,9.4e-05
2807,13,0.21185599,9.4e-05
2808,13,0.20543632,9.41e-05
2809,13,0.24448514,9.41e-05
2810,13,0.19999234,9.41e-05
2811,13,0.20073175,9.42e-05
2812,13,0.24559252,9.42e-05
2813,13,0.20115754,9.42e-05
2814,13,0.21131162,9.43e-05
2815,13,0.20287506,9.43e-05
2816,13,0.20748487,9.43e-05
2817,13,0.19597575,9.44e-05
2818,13,0.17876586,9.44e-05
2819,13,0.21396260,9.44e-05
2820,13,0.22618091,9.45e-05
2821,13,0.24215108,9.45e-05
2822,13,0.23795342,9.45e-05
2823,13,0.24846272,9.46e-05
2824,13,0.19701496,9.46e-05
2825,13,0.26186424,9.46e-05
2826,13,0.23891446,9.47e-05
2827,13,0.21807155,9.47e-05
2828,13,0.24522106,9.47e-05
2829,13,0.22938466,9.48e-05
2830,13,0.19482157,9.48e-05
2831,13,0.23810431,9.48e-05
2832,13,0.22638153,9.49e-05
2833,13,0.24374908,9.49e-05
2834,13,0.28106701,9.49e-05
2835,13,0.24072050,9.5e-05
2836,13,0.18440799,9.5e-05
2837,13,0.21359459,9.5e-05
2838,13,0.20330238,9.51e-05
2839,13,0.21601999,9.51e-05
2840,13,0.21729934,9.51e-05
2841,13,0.21570620,9.52e-05
2842,13,0.26106223,9.52e-05
2843,13,0.23535375,9.52e-05
2844,13,0.25526899,9.53e-05
2845,13,0.21866791,9.53e-05
2846,13,0.24896178,9.53e-05
2847,13,0.22770143,9.54e-05
2848,13,0.23322594,9.54e-05
2849,13,0.22508751,9.54e-05
2850,13,0.21162467,9.55e-05
2851,13,0.17866501,9.55e-05
2852,13,0.23085992,9.55e-05
2853,13,0.21751206,9.56e-05
2854,13,0.25211820,9.56e-05
2855,13,0.22160137,9.56e-05
2856,13,0.21322843,9.57e-05
2857,13,0.21192950,9.57e-05
2858,13,0.22236805,9.57e-05
2859,13,0.20024030,9.58e-05
2860,13,0.20907955,9.58e-05
2861,13,0.19667785,9.58e-05
2862,13,0.21235085,9.59e-05
2863,13,0.22888264,9.59e-05
2864,13,0.22512047,9.59e-05
2865,13,0.21040314,9.6e-05
2866,13,0.21177220,9.6e-05
2867,13,0.20256285,9.6e-05
2868,13,0.27333111,9.61e-05
2869,13,0.21739447,9.61e-05
2870,13,0.26004362,9.61e-05
2871,13,0.28656423,9.62e-05
2872,13,0.22621927,9.62e-05
2873,13,0.20811860,9.62e-05
2874,13,0.23187649,9.63e-05
2875,13,0.21888725,9.63e-05
2876,13,0.22529301,9.63e-05
2877,13,0.23555928,9.64e-05
2878,13,0.25254160,9.64e-05
2879,13,0.22669379,9.64e-05
2880,13,0.20094419,9.65e-05
2881,13,0.20051627,9.65e-05
2882,13,0.24476764,9.65e-05
2883,13,0.19308095,9.66e-05
2884,13,0.24308304,9.66e-05
2885,13,0.23340347,9.66e-05
2886,13,0.23285192,9.67e-05
2887,13,0.23052911,9.67e-05
2888,13,0.22987396,9.67e-05
2889,13,0.18949178,9.68e-05
2890,13,0.25567144,9.68e-05
2891,13,0.18713138,9.68e-05
2892,13,0.19528645,9.69e-05
2893,13,0.21011816,9.69e-05
2894,13,0.21007404,9.69e-05
2895,13,0.21875301,9.7e-05
2896,13,0.24886994,9.7e-05
2897,13,0.24506316,9.7e-05
2898,13,0.22944109,9.71e-05
2899,13,0.19820099,9.71e-05
2900,13,0.22238123,9.71e-05
2901,13,0.21438043,9.72e-05
2902,13,0.21221730,9.72e-05
2903,13,0.20587540,9.72e-05
2904,13,0.17895137,9.73e-05
2905,13,0.22140574,9.73e-05
2906,13,0.22128201,9.73e-05
2907,13,0.21651888,9.74e-05
2908,13,0.24794118,9.74e-05
2909,13,0.19680378,9.74e-05
2910,13,0.21309432,9.75e-05
2911,13,0.17726979,9.75e-05
2912,13,0.19741780,9.76e-05
2913,14,0.21060407,9.76e-05
2914,14,0.21449541,9.76e-05
2915,14,0.25662529,9.77e-05
2916,14,0.20180325,9.77e-05
2917,14,0.21974972,9.77e-05
2918,14,0.22365841,9.78e-05
2919,14,0.22288518,9.78e-05
2920,14,0.26219201,9.78e-05
2921,14,0.24467432,9.79e-05
2922,14,0.23282652,9.79e-05
2923,14,0.20252073,9.79e-05
2924,14,0.21686789,9.8e-05
2925,14,0.24567053,9.8e-05
2926,14,0.17526196,9.8e-05
2927,14,0.21390502,9.81e-05
2928,14,0.21349756,9.81e-05
2929,14,0.22880682,9.81e-05
2930,14,0.18570504,9.82e-05
2931,14,0.19125286,9.82e-05
2932,14,0.20064223,9.82e-05
2933,14,0.27162546,9.83e-05
2934,14,0.24063770,9.83e-05
2935,14,0.20425996,9.83e-05
2936,14,0.20296721,9.84e-05
2937,14,0.18958899,9.84e-05
2938,14,0.21722141,9.84e-05
2939,14,0.20708489,9.85e-05
2940,14,0.22102928,9.85e-05
2941,14,0.23877549,9.85e-05
2942,14,0.18814169,9.86e-05
2943,14,0.19670591,9.86e-05
2944,14,0.21945833,9.86e-05
2945,14,0.25029001,9.87e-05
2946,14,0.24111478,9.87e-05
2947,14,0.19874606,9.87e-05
2948,14,0.25843105,9.88e-05
2949,14,0.26173824,9.88e-05
2950,14,0.22118616,9.88e-05
2951,14,0.20626448,9.89e-05
2952,14,0.20223086,9.89e-05
2953,14,0.25610030,9.89e-05
2954,14,0.22098136,9.9e-05
2955,14,0.19480261,9.9e-05
2956,14,0.23449218,9.9e-05
2957,14,0.24397020,9.91e-05
2958,14,0.22843033,9.91e-05
2959,14,0.21552628,9.91e-05
2960,14,0.23896414,9.92e-05
2961,14,0.20987356,9.92e-05
2962,14,0.22076839,9.92e-05
2963,14,0.21443424,9.93e-05
2964,14,0.17599595,9.93e-05
2965,14,0.20949876,9.93e-05
2966,14,0.21428494,9.94e-05
2967,14,0.18652755,9.94e-05
2968,14,0.21487522,9.94e-05
2969,14,0.29113489,9.95e-05
2970,14,0.20821576,9.95e-05
2971,14,0.20894162,9.95e-05
2972,14,0.23384595,9.96e-05
2973,14,0.24234514,9.96e-05
2974,14,0.22473083,9.96e-05
2975,14,0.20476846,9.97e-05
2976,14,0.21304630,9.97e-05
2977,14,0.27567229,9.97e-05
2978,14,0.21336578,9.98e-05
2979,14,0.22608146,9.98e-05
2980,14,0.23680006,9.98e-05
2981,14,0.24402815,9.99e-05
2982,14,0.24724779,9.99e-05
2983,14,0.22480449,9.99e-05
2984,14,0.24436218,0.0001
2985,14,0.24021046,0.0001
2986,14,0.19216344,0.0001
2987,14,0.26612398,0.0001001
2988,14,0.22181706,0.0001001
2989,14,0.18622279,0.0001001
2990,14,0.22958109,0.0001002
2991,14,0.26716292,0.0001002
2992,14,0.19813988,0.0001002
2993,14,0.21779518,0.0001003
2994,14,0.21437798,0.0001003
2995,14,0.26476341,0.0001003
2996,14,0.28613430,0.0001004
2997,14,0.18783556,0.0001004
2998,14,0.20849225,0.0001004
2999,14,0.22357832,0.0001005
3000,14,0.23646691,0.0001005
3001,14,0.26702031,0.0001005
3002,14,0.22094524,0.0001006
3003,14,0.22159319,0.0001006
3004,14,0.24800280,0.0001006
3005,14,0.22023420,0.0001007
3006,14,0.22114174,0.0001007
3007,14,0.18530361,0.0001007
3008,14,0.20836839,0.0001008
3009,14,0.25340781,0.0001008
3010,14,0.18959777,0.0001008
3011,14,0.29740727,0.0001009
3012,14,0.23205027,0.0001009
3013,14,0.26020533,0.0001009
3014,14,0.21525550,0.000101
3015,14,0.18686853,0.000101
3016,14,0.24331442,0.000101
3017,14,0.19769493,0.0001011
3018,14,0.19513696,0.0001011
3019,14,0.19602323,0.0001011
3020,14,0.21797197,0.0001012
3021,14,0.18591183,0.0001012
3022,14,0.24845743,0.0001012
3023,14,0.20906758,0.0001013
3024,14,0.18728513,0.0001013
3025,14,0.16370143,0.0001013
3026,14,0.18531621,0.0001014
3027,14,0.21440701,0.0001014
3028,14,0.22809288,0.0001014
3029,14,0.22926973,0.0001015
3030,14,0.23003994,0.0001015
3031,14,0.20207374,0.0001015
3032,14,0.17876741,0.0001016
3033,14,0.20928770,0.0001016
3034,14,0.27091828,0.0001016
3035,14,0.21579963,0.0001017
3036,14,0.22449294,0.0001017
3037,14,0.17693743,0.0001017
3038,14,0.24526319,0.0001018
3039,14,0.23133358,0.0001018
3040,14,0.18459842,0.0001018
3041,14,0.19615744,0.0001019
3042,14,0.19110456,0.0001019
3043,14,0.23562011,0.0001019
3044,14,0.21482866,0.000102
3045,14,0.21293232,0.000102
3046,14,0.17805308,0.000102
3047,14,0.20709503,0.0001021
3048,14,0.21221159,0.0001021
3049,14,0.22841075,0.0001021
3050,14,0.19713686,0.0001022
3051,14,0.20008335,0.0001022
3052,14,0.16028513,0.0001022
3053,14,0.21251731,0.0001023
3054,14,0.23811924,0.0001023
3055,14,0.23959622,0.0001023
3056,14,0.23441941,0.0001024
3057,14,0.20523314,0.0001024
3058,14,0.29293901,0.0001024
3059,14,0.20386635,0.0001025
3060,14,0.20884740,0.0001025
3061,14,0.21521586,0.0001025
3062,14,0.20456988,0.0001026
3063,14,0.19571102,0.0001026
3064,14,0.23853666,0.0001026
3065,14,0.19789171,0.0001027
3066,14,0.22225091,0.0001027
3067,14,0.21027154,0.0001027
3068,14,0.22755620,0.0001028
3069,14,0.22594735,0.0001028
3070,14,0.23539305,0.0001028
3071,14,0.19176871,0.0001029
3072,14,0.19136930,0.0001029
3073,14,0.17806737,0.0001029
3074,14,0.19507754,0.000103
3075,14,0.18523316,0.000103
3076,14,0.21782967,0.000103
3077,14,0.23541901,0.0001031
3078,14,0.21154128,0.0001031
3079,14,0.18714681,0.0001031
3080,14,0.19372968,0.0001032
3081,14,0.25257754,0.0001032
3082,14,0.20520028,0.0001032
3083,14,0.20417586,0.0001033
3084,14,0.19074747,0.0001033
3085,14,0.21736299,0.0001033
3086,14,0.27092361,0.0001034
3087,14,0.22688705,0.0001034
3088,14,0.21776059,0.0001034
3089,14,0.19195291,0.0001035
3090,14,0.23220608,0.0001035
3091,14,0.25013694,0.0001035
3092,14,0.19618315,0.0001036
3093,14,0.18948933,0.0001036
3094,14,0.19596379,0.0001036
3095,14,0.21865639,0.0001037
3096,14,0.20408377,0.0001037
3097,14,0.21416125,0.0001037
3098,14,0.19976871,0.0001038
3099,14,0.21660446,0.0001038
3100,14,0.21900950,0.0001038
3101,14,0.24721436,0.0001039
3102,14,0.22724780,0.0001039
3103,14,0.22234003,0.0001039
3104,14,0.19333157,0.000104
3105,14,0.23001669,0.000104
3106,14,0.22029564,0.000104
3107,14,0.20287228,0.0001041
3108,14,0.20687842,0.0001041
3109,14,0.23497686,0.0001041
3110,14,0.19743364,0.0001042
3111,14,0.21027009,0.0001042
3112,14,0.18306684,0.0001042
3113,14,0.21284971,0.0001043
3114,14,0.17418610,0.0001043
3115,14,0.20953172,0.0001043
3116,14,0.20624696,0.0001044
3117,14,0.26865989,0.0001044
3118,14,0.21603772,0.0001044
3119,14,0.20823479,0.0001045
3120,14,0.24133584,0.0001045
3121,14,0.23837379,0.0001045
3122,14,0.24003112,0.0001046
3123,14,0.25844610,0.0001046
3124,14,0.21547627,0.0001046
3125,14,0.23269066,0.0001047
3126,14,0.21766004,0.0001047
3127,14,0.23033378,0.0001047
3128,14,0.21305501,0.0001048
3129,14,0.19703817,0.0001048
3130,14,0.19551787,0.0001048
3131,14,0.16854958,0.0001049
3132,14,0.20826608,0.0001049
3133,14,0.24595523,0.0001049
3134,14,0.20534103,0.000105
3135,14,0.24573377,0.000105
3136,14,0.20610493,0.0001051
3137,15,0.20448494,0.0001051
3138,15,0.24126485,0.0001051
3139,15,0.29388064,0.0001052
3140,15,0.20723414,0.0001052
3141,15,0.22606687,0.0001052
3142,15,0.24270704,0.0001053
3143,15,0.25347096,0.0001053
3144,15,0.22978602,0.0001053
3145,15,0.22688067,0.0001054
3146,15,0.26548511,0.0001054
3147,15,0.26464516,0.0001054
3148,15,0.24028575,0.0001055
3149,15,0.19948700,0.0001055
3150,15,0.23604541,0.0001055
3151,15,0.19894662,0.0001056
3152,15,0.23151092,0.0001056
3153,15,0.21329997,0.0001056
3154,15,0.22544965,0.0001057
3155,15,0.20734081,0.0001057
3156,15,0.22459686,0.0001057
3157,15,0.23216818,0.0001058
3158,15,0.22594398,0.0001058
3159,15,0.18666780,0.0001058
3160,15,0.20760541,0.0001059
3161,15,0.23295248,0.0001059
3162,15,0.23466909,0.0001059
3163,15,0.24147832,0.000106
3164,15,0.21838725,0.000106
3165,15,0.22733617,0.000106
3166,15,0.23387432,0.0001061
3167,15,0.21904725,0.0001061
3168,15,0.19089112,0.0001061
3169,15,0.21182072,0.0001062
3170,15,0.22362423,0.0001062
3171,15,0.20909977,0.0001062
3172,15,0.21634090,0.0001063
3173,15,0.20593485,0.0001063
3174,15,0.22920915,0.0001063
3175,15,0.24969935,0.0001064
3176,15,0.21598797,0.0001064
3177,15,0.23965041,0.0001064
3178,15,0.22105062,0.0001065
3179,15,0.20714813,0.0001065
3180,15,0.20264190,0.0001065
3181,15,0.23987469,0.0001066
3182,15,0.21729279,0.0001066
3183,15,0.22834784,0.0001066
3184,15,0.20663622,0.0001067
3185,15,0.17468606,0.0001067
3186,15,0.20436221,0.0001067
3187,15,0.19627939,0.0001068
3188,15,0.27076018,0.0001068
3189,15,0.19895777,0.0001068
3190,15,0.25009859,0.0001069
3191,15,0.19415431,0.0001069
3192,15,0.21083212,0.0001069
3193,15,0.20692556,0.000107
3194,15,0.25342536,0.000107
3195,15,0.20786285,0.000107
3196,15,0.21905649,0.0001071
3197,15,0.25178799,0.0001071
3198,15,0.23774731,0.0001071
3199,15,0.23372965,0.0001072
3200,15,0.20382652,0.0001072
3201,15,0.20107572,0.0001072
3202,15,0.21573693,0.0001073
3203,15,0.21147040,0.0001073
3204,15,0.18933865,0.0001073
3205,15,0.22765028,0.0001074
3206,15,0.25726610,0.0001074
3207,15,0.18049228,0.0001074
3208,15,0.17837682,0.0001075
3209,15,0.19125614,0.0001075
3210,15,0.22843866,0.0001075
3211,15,0.19301561,0.0001076
3212,15,0.20083642,0.0001076
3213,15,0.24688266,0.0001076
3214,15,0.22900477,0.0001077
3215,15,0.18425636,0.0001077
3216,15,0.24624054,0.0001077
3217,15,0.24100010,0.0001078
3218,15,0.23769045,0.0001078
3219,15,0.17722830,0.0001078
3220,15,0.19589421,0.0001079
3221,15,0.21068732,0.0001079
3222,15,0.21689390,0.0001079
3223,15,0.20399277,0.000108
3224,15,0.20882022,0.000108
3225,15,0.23019937,0.000108
3226,15,0.19441828,0.0001081
3227,15,0.23619884,0.0001081
3228,15,0.21362081,0.0001081
3229,15,0.20274340,0.0001082
3230,15,0.25160843,0.0001082
3231,15,0.20540953,0.0001082
3232,15,0.20793155,0.0001083
3233,15,0.19401142,0.0001083
3234,15,0.18601751,0.0001083
3235,15,0.18165636,0.0001084
3236,15,0.19295220,0.0001084
3237,15,0.21344563,0.0001084
3238,15,0.21065883,0.0001085
3239,15,0.23262677,0.0001085
3240,15,0.21474263,0.0001085
3241,15,0.18630758,0.0001086
3242,15,0.17070302,0.0001086
3243,15,0.19015668,0.0001086
3244,15,0.22490409,0.0001087
3245,15,0.17782104,0.0001087
3246,15,0.18993191,0.0001087
3247,15,0.17585485,0.0001088
3248,15,0.22235231,0.0001088
3249,15,0.23231666,0.0001088
3250,15,0.17759626,0.0001089
3251,15,0.14911166,0.0001089
3252,15,0.18981168,0.0001089
3253,15,0.18428105,0.000109
3254,15,0.23145442,0.000109
3255,15,0.26226586,0.000109
3256,15,0.23763672,0.0001091
3257,15,0.23686004,0.0001091
3258,15,0.20502135,0.0001091
3259,15,0.21020858,0.0001092
3260,15,0.20715718,0.0001092
3261,15,0.21210715,0.0001092
3262,15,0.16980343,0.0001093
3263,15,0.21870236,0.0001093
3264,15,0.21505031,0.0001093
3265,15,0.18854985,0.0001094
3266,15,0.22049123,0.0001094
3267,15,0.21751986,0.0001094
3268,15,0.20590433,0.0001095
3269,15,0.23959610,0.0001095
3270,15,0.19140790,0.0001095
3271,15,0.26989952,0.0001096
3272,15,0.19716418,0.0001096
3273,15,0.20295572,0.0001096
3274,15,0.22254023,0.0001097
3275,15,0.19231623,0.0001097
3276,15,0.22407743,0.0001097
3277,15,0.18390398,0.0001098
3278,15,0.23176426,0.0001098
3279,15,0.18569738,0.0001098
3280,15,0.18719062,0.0001099
3281,15,0.22126691,0.0001099
3282,15,0.22170457,0.0001099
3283,15,0.21223027,0.00011
3284,15,0.16841409,0.00011
3285,15,0.18749622,0.00011
3286,15,0.20377533,0.0001101
3287,15,0.19233561,0.0001101
3288,15,0.24534726,0.0001101
3289,15,0.17627677,0.0001102
3290,15,0.18964303,0.0001102
3291,15,0.17456555,0.0001102
3292,15,0.20170729,0.0001103
3293,15,0.22184157,0.0001103
3294,15,0.20521772,0.0001103
3295,15,0.20637362,0.0001104
3296,15,0.22507548,0.0001104
3297,15,0.22535568,0.0001104
3298,15,0.20545164,0.0001105
3299,15,0.21500467,0.0001105
3300,15,0.24274668,0.0001105
3301,15,0.23178780,0.0001106
3302,15,0.20218992,0.0001106
3303,15,0.17193177,0.0001106
3304,15,0.22239381,0.0001107
3305,15,0.22372733,0.0001107
3306,15,0.19665211,0.0001107
3307,15,0.21380697,0.0001108
3308,15,0.19321680,0.0001108
3309,15,0.16347781,0.0001108
3310,15,0.20866200,0.0001109
3311,15,0.21750841,0.0001109
3312,15,0.17775367,0.0001109
3313,15,0.20780890,0.000111
3314,15,0.18568628,0.000111
3315,15,0.19264397,0.000111
3316,15,0.22395355,0.0001111
3317,15,0.23270988,0.0001111
3318,15,0.20022708,0.0001111
3319,15,0.24476287,0.0001112
3320,15,0.21879110,0.0001112
3321,15,0.19365907,0.0001112
3322,15,0.25605428,0.0001113
3323,15,0.21075088,0.0001113
3324,15,0.22564815,0.0001113
3325,15,0.22515607,0.0001114
3326,15,0.25730664,0.0001114
3327,15,0.22717409,0.0001114
3328,15,0.23408620,0.0001115
3329,15,0.22329061,0.0001115
3330,15,0.20903143,0.0001115
3331,15,0.20763338,0.0001116
3332,15,0.19642977,0.0001116
3333,15,0.16979158,0.0001116
3334,15,0.21194014,0.0001117
3335,15,0.22237305,0.0001117
3336,15,0.24350081,0.0001117
3337,15,0.23457532,0.0001118
3338,15,0.22463787,0.0001118
3339,15,0.21381569,0.0001118
3340,15,0.17543149,0.0001119
3341,15,0.20864421,0.0001119
3342,15,0.20235035,0.0001119
3343,15,0.20482913,0.000112
3344,15,0.18166801,0.000112
3345,15,0.18319766,0.000112
3346,15,0.18263996,0.0001121
3347,15,0.18751958,0.0001121
3348,15,0.20791337,0.0001121
3349,15,0.20349132,0.0001122
3350,15,0.20797440,0.0001122
3351,15,0.23594779,0.0001122
3352,15,0.19290471,0.0001123
3353,15,0.19161719,0.0001123
3354,15,0.22737901,0.0001123
3355,15,0.20525205,0.0001124
3356,15,0.23721310,0.0001124
3357,15,0.18465488,0.0001124
3358,15,0.21103102,0.0001125
3359,15,0.20364718,0.0001125
3360,15,0.23792005,0.0001126
3361,16,0.17498937,0.0001126
3362,16,0.23096125,0.0001126
3363,16,0.19408016,0.0001127
3364,16,0.21031180,0.0001127
3365,16,0.17395119,0.0001127
3366,16,0.21464571,0.0001128
3367,16,0.21995872,0.0001128
3368,16,0.21624863,0.0001128
3369,16,0.19194655,0.0001129
3370,16,0.21200280,0.0001129
3371,16,0.19516097,0.0001129
3372,16,0.18026015,0.000113
3373,16,0.18095434,0.000113
3374,16,0.18267587,0.000113
3375,16,0.22220521,0.0001131
3376,16,0.21474567,0.0001131
3377,16,0.19187284,0.0001131
3378,16,0.18606481,0.0001132
3379,16,0.19899923,0.0001132
3380,16,0.18345818,0.0001132
3381,16,0.21496432,0.0001133
3382,16,0.18997142,0.0001133
3383,16,0.22424799,0.0001133
3384,16,0.20354709,0.0001134
3385,16,0.29742825,0.0001134
3386,16,0.19690940,0.0001134
3387,16,0.20761129,0.0001135
3388,16,0.22459981,0.0001135
3389,16,0.21899007,0.0001135
3390,16,0.21017300,0.0001136
3391,16,0.19346344,0.0001136
3392,16,0.15587392,0.0001136
3393,16,0.27968991,0.0001137
3394,16,0.20925514,0.0001137
3395,16,0.18268645,0.0001137
3396,16,0.18728325,0.0001138
3397,16,0.21725047,0.0001138
3398,16,0.15789656,0.0001138
3399,16,0.20113117,0.0001139
3400,16,0.18939871,0.0001139
3401,16,0.19960260,0.0001139
3402,16,0.20365033,0.000114
3403,16,0.20724618,0.000114
3404,16,0.20592491,0.000114
3405,16,0.19754450,0.0001141
3406,16,0.22156386,0.0001141
3407,16,0.18429220,0.0001141
3408,16,0.18689200,0.0001142
3409,16,0.20136195,0.0001142
3410,16,0.20310268,0.0001142
3411,16,0.18862240,0.0001143
3412,16,0.21419296,0.0001143
3413,16,0.16898546,0.0001143
3414,16,0.21141249,0.0001144
3415,16,0.19167599,0.0001144
3416,16,0.20898315,0.0001144
3417,16,0.20414090,0.0001145
3418,16,0.19762516,0.0001145
3419,16,0.22116205,0.0001145
3420,16,0.18582551,0.0001146
3421,16,0.19827591,0.0001146
3422,16,0.18837750,0.0001146
3423,16,0.24860726,0.0001147
3424,16,0.19669306,0.0001147
3425,16,0.22751074,0.0001147
3426,16,0.16982250,0.0001148
3427,16,0.17877740,0.0001148
3428,16,0.23024015,0.0001148
3429,16,0.17028002,0.0001149
3430,16,0.20014773,0.0001149
3431,16,0.27753323,0.0001149
3432,16,0.28467482,0.000115
3433,16,0.19639349,0.000115
3434,16,0.16826960,0.000115
3435,16,0.22776589,0.0001151
3436,16,0.19897449,0.0001151
3437,16,0.18551287,0.0001151
3438,16,0.19975695,0.0001152
3439,16,0.16742007,0.0001152
3440,16,0.19844604,0.0001152
3441,16,0.20640111,0.0001153
3442,16,0.18196031,0.0001153
3443,16,0.22539285,0.0001153
3444,16,0.20439911,0.0001154
3445,16,0.18822029,0.0001154
3446,16,0.19306013,0.0001154
3447,16,0.18389985,0.0001155
3448,16,0.19663039,0.0001155
3449,16,0.19293515,0.0001155
3450,16,0.19827609,0.0001156
3451,16,0.21006322,0.0001156
3452,16,0.17794411,0.0001156
3453,16,0.15398425,0.0001157
3454,16,0.20559177,0.0001157
3455,16,0.26955032,0.0001157
3456,16,0.22368205,0.0001158
3457,16,0.19611502,0.0001158
3458,16,0.20807521,0.0001158
3459,16,0.20982373,0.0001159
3460,16,0.19657239,0.0001159
3461,16,0.20376694,0.0001159
3462,16,0.22972320,0.000116
3463,16,0.22998467,0.000116
3464,16,0.21111786,0.000116
3465,16,0.16155565,0.0001161
3466,16,0.20421606,0.0001161
3467,16,0.21303932,0.0001161
3468,16,0.21072623,0.0001162
3469,16,0.24609785,0.0001162
3470,16,0.24931386,0.0001162
3471,16,0.24630177,0.0001163
3472,16,0.20219359,0.0001163
3473,16,0.18866026,0.0001163
3474,16,0.20505397,0.0001164
3475,16,0.17940837,0.0001164
3476,16,0.25916493,0.0001164
3477,16,0.20501916,0.0001165
3478,16,0.24726830,0.0001165
3479,16,0.19483888,0.0001165
3480,16,0.21574280,0.0001166
3481,16,0.19172391,0.0001166
3482,16,0.22796969,0.0001166
3483,16,0.19012746,0.0001167
3484,16,0.22918436,0.0001167
3485,16,0.21113616,0.0001167
3486,16,0.18731257,0.0001168
3487,16,0.22361970,0.0001168
3488,16,0.17154376,0.0001168
3489,16,0.24935532,0.0001169
3490,16,0.16819766,0.0001169
3491,16,0.22549014,0.0001169
3492,16,0.22221528,0.000117
3493,16,0.16306165,0.000117
3494,16,0.26333416,0.000117
3495,16,0.18702649,0.0001171
3496,16,0.22062290,0.0001171
3497,16,0.21081971,0.0001171
3498,16,0.18279563,0.0001172
3499,16,0.20623887,0.0001172
3500,16,0.21586728,0.0001172
3501,16,0.25325629,0.0001173
3502,16,0.25107753,0.0001173
3503,16,0.30452010,0.0001173
3504,16,0.23114744,0.0001174
3505,16,0.22205198,0.0001174
3506,16,0.20657884,0.0001174
3507,16,0.20818965,0.0001175
3508,16,0.21785377,0.0001175
3509,16,0.19002531,0.0001175
3510,16,0.20910828,0.0001176
3511,16,0.18251029,0.0001176
3512,16,0.18174009,0.0001176
3513,16,0.19815533,0.0001177
3514,16,0.22725058,0.0001177
3515,16,0.19907784,0.0001177
3516,16,0.26448765,0.0001178
3517,16,0.18450986,0.0001178
3518,16,0.23512423,0.0001178
3519,16,0.19930612,0.0001179
3520,16,0.22247116,0.0001179
3521,16,0.20304954,0.0001179
3522,16,0.19671106,0.000118
3523,16,0.21565096,0.000118
3524,16,0.18092510,0.000118
3525,16,0.21074548,0.0001181
3526,16,0.23172198,0.0001181
3527,16,0.20088303,0.0001181
3528,16,0.20694387,0.0001182
3529,16,0.21427107,0.0001182
3530,16,0.19235432,0.0001182
3531,16,0.21613654,0.0001183
3532,16,0.21475558,0.0001183
3533,16,0.22459780,0.0001183
3534,16,0.19216816,0.0001184
3535,16,0.19618732,0.0001184
3536,16,0.18690273,0.0001184
3537,16,0.23766720,0.0001185
3538,16,0.21809530,0.0001185
3539,16,0.22211361,0.0001185
3540,16,0.21043578,0.0001186
3541,16,0.18648361,0.0001186
3542,16,0.19871247,0.0001186
3543,16,0.22286773,0.0001187
3544,16,0.20605616,0.0001187
3545,16,0.22668016,0.0001187
3546,16,0.20560017,0.0001188
3547,16,0.20651615,0.0001188
3548,16,0.21214700,0.0001188
3549,16,0.17964604,0.0001189
3550,16,0.23636620,0.0001189
3551,16,0.20662698,0.0001189
3552,16,0.24289241,0.000119
3553,16,0.20182404,0.000119
3554,16,0.22211596,0.000119
3555,16,0.18537101,0.0001191
3556,16,0.20990562,0.0001191
3557,16,0.25511920,0.0001191
3558,16,0.17786357,0.0001192
3559,16,0.19776349,0.0001192
3560,16,0.23302923,0.0001192
3561,16,0.18344525,0.0001193
3562,16,0.19662797,0.0001193
3563,16,0.19141817,0.0001193
3564,16,0.20232186,0.0001194
3565,16,0.21547136,0.0001194
3566,16,0.15634796,0.0001194
3567,16,0.24686408,0.0001195
3568,16,0.24034625,0.0001195
3569,16,0.22820966,0.0001195
3570,16,0.21168387,0.0001196
3571,16,0.22592789,0.0001196
3572,16,0.16553384,0.0001196
3573,16,0.19318764,0.0001197
3574,16,0.15845367,0.0001197
3575,16,0.20467556,0.0001197
3576,16,0.22309038,0.0001198
3577,16,0.16974418,0.0001198
3578,16,0.18895149,0.0001198
3579,16,0.26242849,0.0001199
3580,16,0.20883352,0.0001199
3581,16,0.21854597,0.0001199
3582,16,0.19475910,0.00012
3583,16,0.23861931,0.00012
3584,16,0.19609325,0.0001201
3585,17,0.24054655,0.0001201
3586,17,0.20064053,0.0001201
3587,17,0.16764936,0.0001202
3588,17,0.17698821,0.0001202
3589,17,0.15238708,0.0001202
3590,17,0.22935423,0.0001203
3591,17,0.20854065,0.0001203
3592,17,0.20546937,0.0001203
3593,17,0.19164211,0.0001204
3594,17,0.22227716,0.0001204
3595,17,0.21449447,0.0001204
3596,17,0.17559950,0.0001205
3597,17,0.23203835,0.0001205
3598,17,0.18672858,0.0001205
3599,17,0.21431267,0.0001206
3600,17,0.19469319,0.0001206
3601,17,0.18529329,0.0001206
3602,17,0.20028022,0.0001207
3603,17,0.20010138,0.0001207
3604,17,0.17810640,0.0001207
3605,17,0.17108589,0.0001208
3606,17,0.17707422,0.0001208
3607,17,0.24186301,0.0001208
3608,17,0.20457351,0.0001209
3609,17,0.18814930,0.0001209
3610,17,0.20916539,0.0001209
3611,17,0.17588863,0.000121
3612,17,0.19513659,0.000121
3613,17,0.22117022,0.000121
3614,17,0.19272874,0.0001211
3615,17,0.21310508,0.0001211
3616,17,0.18826294,0.0001211
3617,17,0.20162848,0.0001212
3618,17,0.22195897,0.0001212
3619,17,0.20153278,0.0001212
3620,17,0.20200202,0.0001213
3621,17,0.22782278,0.0001213
3622,17,0.20563334,0.0001213
3623,17,0.20040981,0.0001214
3624,17,0.18314129,0.0001214
3625,17,0.16656920,0.0001214
3626,17,0.18371940,0.0001215
3627,17,0.21126835,0.0001215
3628,17,0.22968034,0.0001215
3629,17,0.19366929,0.0001216
3630,17,0.22541508,0.0001216
3631,17,0.20676546,0.0001216
3632,17,0.18628870,0.0001217
3633,17,0.25717705,0.0001217
3634,17,0.19310203,0.0001217
3635,17,0.25878650,0.0001218
3636,17,0.22626492,0.0001218
3637,17,0.19312899,0.0001218
3638,17,0.18379280,0.0001219
3639,17,0.20677820,0.0001219
3640,17,0.22828357,0.0001219
3641,17,0.23711358,0.000122
3642,17,0.20149487,0.000122
3643,17,0.19175182,0.000122
3644,17,0.21499988,0.0001221
3645,17,0.17227814,0.0001221
3646,17,0.24807158,0.0001221
3647,17,0.17280871,0.0001222
3648,17,0.22200762,0.0001222
3649,17,0.22123876,0.0001222
3650,17,0.20624560,0.0001223
3651,17,0.21809195,0.0001223
3652,17,0.20325574,0.0001223
3653,17,0.21227133,0.0001224
3654,17,0.21913174,0.0001224
3655,17,0.19242249,0.0001224
3656,17,0.18995313,0.0001225
3657,17,0.17231369,0.0001225
3658,17,0.21666738,0.0001225
3659,17,0.24408928,0.0001226
3660,17,0.19962192,0.0001226
3661,17,0.21290913,0.0001226
3662,17,0.22109658,0.0001227
3663,17,0.22753218,0.0001227
3664,17,0.21657394,0.0001227
3665,17,0.20206818,0.0001228
3666,17,0.17953154,0.0001228
3667,17,0.15799996,0.0001228
3668,17,0.17361133,0.0001229
3669,17,0.21949260,0.0001229
3670,17,0.22775650,0.0001229
3671,17,0.19888723,0.000123
3672,17,0.18349813,0.000123
3673,17,0.20463096,0.000123
3674,17,0.19735436,0.0001231
3675,17,0.21004245,0.0001231
3676,17,0.21494913,0.0001231
3677,17,0.22088055,0.0001232
3678,17,0.20387751,0.0001232
3679,17,0.18188810,0.0001232
3680,17,0.25446343,0.0001233
3681,17,0.17834263,0.0001233
3682,17,0.19536565,0.0001233
3683,17,0.24014962,0.0001234
3684,17,0.21692678,0.0001234
3685,17,0.17552388,0.0001234
3686,17,0.19957253,0.0001235
3687,17,0.19961521,0.0001235
3688,17,0.17208883,0.0001235
3689,17,0.15583451,0.0001236
3690,17,0.21223864,0.0001236
3691,17,0.21077244,0.0001236
3692,17,0.21307205,0.0001237
3693,17,0.20301025,0.0001237
3694,17,0.17502058,0.0001237
3695,17,0.20731972,0.0001238
3696,17,0.20677876,0.0001238
3697,17,0.21780941,0.0001238
3698,17,0.21559684,0.0001239
3699,17,0.19776629,0.0001239
3700,17,0.20935604,0.0001239
3701,17,0.21021998,0.000124
3702,17,0.16992161,0.000124
3703,17,0.17182779,0.000124
3704,17,0.21257588,0.0001241
3705,17,0.20010448,0.0001241
3706,17,0.22952339,0.0001241
3707,17,0.21722893,0.0001242
3708,17,0.15477172,0.0001242
3709,17,0.17872685,0.0001242
3710,17,0.20957302,0.0001243
3711,17,0.21239710,0.0001243
3712,17,0.20339684,0.0001243
3713,17,0.20323035,0.0001244
3714,17,0.17469034,0.0001244
3715,17,0.21767721,0.0001244
3716,17,0.15502144,0.0001245
3717,17,0.15352134,0.0001245
3718,17,0.23894680,0.0001245
3719,17,0.17323682,0.0001246
3720,17,0.22978179,0.0001246
3721,17,0.18655750,0.0001246
3722,17,0.17666648,0.0001247
3723,17,0.21969295,0.0001247
3724,17,0.23398995,0.0001247
3725,17,0.17422152,0.0001248
3726,17,0.22002789,0.0001248
3727,17,0.19366521,0.0001248
3728,17,0.20945644,0.0001249
3729,17,0.21174705,0.0001249
3730,17,0.18228266,0.0001249
3731,17,0.20973021,0.000125
3732,17,0.22759053,0.000125
3733,17,0.21244469,0.000125
3734,17,0.20266716,0.0001251
3735,17,0.22644490,0.0001251
3736,17,0.18504517,0.0001251
3737,17,0.18151736,0.0001252
3738,17,0.20309094,0.0001252
3739,17,0.22850609,0.0001252
3740,17,0.21586570,0.0001253
3741,17,0.24189620,0.0001253
3742,17,0.19899043,0.0001253
3743,17,0.25576803,0.0001254
3744,17,0.18557248,0.0001254
3745,17,0.21009904,0.0001254
3746,17,0.17653076,0.0001255
3747,17,0.20177147,0.0001255
3748,17,0.19921355,0.0001255
3749,17,0.21404326,0.0001256
3750,17,0.25858727,0.0001256
3751,17,0.22236142,0.0001256
3752,17,0.25351378,0.0001257
3753,17,0.20319717,0.0001257
3754,17,0.22468220,0.0001257
3755,17,0.21357189,0.0001258
3756,17,0.17997238,0.0001258
3757,17,0.19993106,0.0001258
3758,17,0.17944956,0.0001259
3759,17,0.19018106,0.0001259
3760,17,0.24156943,0.0001259
3761,17,0.22631884,0.000126
3762,17,0.22080277,0.000126
3763,17,0.23753509,0.000126
3764,17,0.21558647,0.0001261
3765,17,0.21979582,0.0001261
3766,17,0.20681378,0.0001261
3767,17,0.18341318,0.0001262
3768,17,0.19865076,0.0001262
3769,17,0.19960265,0.0001262
3770,17,0.19627306,0.0001263
3771,17,0.23986217,0.0001263
3772,17,0.19189107,0.0001263
3773,17,0.22487250,0.0001264
3774,17,0.20391408,0.0001264
3775,17,0.21766216,0.0001264
3776,17,0.19146475,0.0001265
3777,17,0.17547700,0.0001265
3778,17,0.21771853,0.0001265
3779,17,0.22157435,0.0001266
3780,17,0.18049753,0.0001266
3781,17,0.21817176,0.0001266
3782,17,0.22754323,0.0001267
3783,17,0.17527430,0.0001267
3784,17,0.20558119,0.0001267
3785,17,0.17717159,0.0001268
3786,17,0.17236164,0.0001268
3787,17,0.19159028,0.0001268
3788,17,0.21339142,0.0001269
3789,17,0.20655057,0.0001269
3790,17,0.23914716,0.0001269
3791,17,0.21557800,0.000127
3792,17,0.18072313,0.000127
3793,17,0.19415390,0.000127
3794,17,0.22144553,0.0001271
3795,17,0.18832068,0.0001271
3796,17,0.21952936,0.0001271
3797,17,0.18280803,0.0001272
3798,17,0.20450851,0.0001272
3799,17,0.22317678,0.0001272
3800,17,0.18660943,0.0001273
3801,17,0.21617278,0.0001273
3802,17,0.18711466,0.0001273
3803,17,0.26006043,0.0001274
3804,17,0.22357801,0.0001274
3805,17,0.18772456,0.0001274
3806,17,0.17653754,0.0001275
3807,17,0.20288035,0.0001275
3808,17,0.19638865,0.0001276
3809,18,0.25039533,0.0001276
3810,18,0.20010059,0.0001276
3811,18,0.18558364,0.0001277
3812,18,0.21457744,0.0001277
3813,18,0.19853847,0.0001277
3814,18,0.19352482,0.0001278
3815,18,0.19121996,0.0001278
3816,18,0.17027602,0.0001278
3817,18,0.18001418,0.0001279
3818,18,0.21777642,0.0001279
3819,18,0.22306129,0.0001279
3820,18,0.22985363,0.000128
3821,18,0.21853667,0.000128
3822,18,0.21172850,0.000128
3823,18,0.17192757,0.0001281
3824,18,0.17313635,0.0001281
3825,18,0.24706587,0.0001281
3826,18,0.18697172,0.0001282
3827,18,0.19293246,0.0001282
3828,18,0.18773142,0.0001282
3829,18,0.21008377,0.0001283
3830,18,0.19396925,0.0001283
3831,18,0.18999760,0.0001283
3832,18,0.20053643,0.0001284
3833,18,0.23880957,0.0001284
3834,18,0.20382243,0.0001284
3835,18,0.16406703,0.0001285
3836,18,0.20902431,0.0001285
3837,18,0.21069339,0.0001285
3838,18,0.17058977,0.0001286
3839,18,0.16714822,0.0001286
3840,18,0.21421835,0.0001286
3841,18,0.20244120,0.0001287
3842,18,0.24180624,0.0001287
3843,18,0.25223857,0.0001287
3844,18,0.23522530,0.0001288
3845,18,0.18049365,0.0001288
3846,18,0.18704067,0.0001288
3847,18,0.19898979,0.0001289
3848,18,0.21765320,0.0001289
3849,18,0.19848691,0.0001289
3850,18,0.18692337,0.000129
3851,18,0.22210228,0.000129
3852,18,0.15433262,0.000129
3853,18,0.17564175,0.0001291
3854,18,0.21388975,0.0001291
3855,18,0.16119280,0.0001291
3856,18,0.21433119,0.0001292
3857,18,0.19143346,0.0001292
3858,18,0.20546274,0.0001292
3859,18,0.19117638,0.0001293
3860,18,0.25501874,0.0001293
3861,18,0.17683238,0.0001293
3862,18,0.21141645,0.0001294
3863,18,0.19405431,0.0001294
3864,18,0.20347349,0.0001294
3865,18,0.20952186,0.0001295
3866,18,0.18785398,0.0001295
3867,18,0.16541754,0.0001295
3868,18,0.21255222,0.0001296
3869,18,0.15022363,0.0001296
3870,18,0.19686687,0.0001296
3871,18,0.20490506,0.0001297
3872,18,0.22708130,0.0001297
3873,18,0.19898543,0.0001297
3874,18,0.19288890,0.0001298
3875,18,0.21163979,0.0001298
3876,18,0.23970567,0.0001298
3877,18,0.20112781,0.0001299
3878,18,0.18189375,0.0001299
3879,18,0.21350190,0.0001299
3880,18,0.22050416,0.00013
3881,18,0.19707295,0.00013
3882,18,0.22200540,0.00013
3883,18,0.17791770,0.0001301
3884,18,0.25971150,0.0001301
3885,18,0.20256290,0.0001301
3886,18,0.18019289,0.0001302
3887,18,0.17283568,0.0001302
3888,18,0.19961034,0.0001302
3889,18,0.23444979,0.0001303
3890,18,0.19651103,0.0001303
3891,18,0.19809851,0.0001303
3892,18,0.20931475,0.0001304
3893,18,0.20150428,0.0001304
3894,18,0.15632322,0.0001304
3895,18,0.20049670,0.0001305
3896,18,0.17302695,0.0001305
3897,18,0.20556492,0.0001305
3898,18,0.17536023,0.0001306
3899,18,0.19520530,0.0001306
3900,18,0.17543434,0.0001306
3901,18,0.18166614,0.0001307
3902,18,0.24053997,0.0001307
3903,18,0.21245520,0.0001307
3904,18,0.21936755,0.0001308
3905,18,0.17370677,0.0001308
3906,18,0.20515661,0.0001308
3907,18,0.19048721,0.0001309
3908,18,0.19679843,0.0001309
3909,18,0.20166413,0.0001309
3910,18,0.17968342,0.000131
3911,18,0.20232031,0.000131
3912,18,0.20939445,0.000131
3913,18,0.17475289,0.0001311
3914,18,0.19732194,0.0001311
3915,18,0.18846957,0.0001311
3916,18,0.20718369,0.0001312
3917,18,0.21681666,0.0001312
3918,18,0.24156043,0.0001312
3919,18,0.20361410,0.0001313
3920,18,0.23357897,0.0001313
3921,18,0.18826056,0.0001313
3922,18,0.15106630,0.0001314
3923,18,0.19689775,0.0001314
3924,18,0.20754103,0.0001314
3925,18,0.18135771,0.0001315
3926,18,0.16871348,0.0001315
3927,18,0.18252444,0.0001315
3928,18,0.19490144,0.0001316
3929,18,0.18242006,0.0001316
3930,18,0.21936980,0.0001316
3931,18,0.21223068,0.0001317
3932,18,0.22489987,0.0001317
3933,18,0.18195203,0.0001317
3934,18,0.16721714,0.0001318
3935,18,0.16336963,0.0001318
3936,18,0.19504571,0.0001318
3937,18,0.16159968,0.0001319
3938,18,0.16913491,0.0001319
3939,18,0.20851940,0.0001319
3940,18,0.19804689,0.000132
3941,18,0.18726486,0.000132
3942,18,0.20790806,0.000132
3943,18,0.16837955,0.0001321
3944,18,0.17194507,0.0001321
3945,18,0.20911950,0.0001321
3946,18,0.21692353,0.0001322
3947,18,0.20807692,0.0001322
3948,18,0.17248581,0.0001322
3949,18,0.18781655,0.0001323
3950,18,0.22730777,0.0001323
3951,18,0.18236682,0.0001323
3952,18,0.21474326,0.0001324
3953,18,0.19617364,0.0001324
3954,18,0.20558974,0.0001324
3955,18,0.21035372,0.0001325
3956,18,0.20173451,0.0001325
3957,18,0.18767405,0.0001325
3958,18,0.18723691,0.0001326
3959,18,0.16892879,0.0001326
3960,18,0.18553965,0.0001326
3961,18,0.17402694,0.0001327
3962,18,0.24621242,0.0001327
3963,18,0.19990540,0.0001327
3964,18,0.16437094,0.0001328
3965,18,0.19114438,0.0001328
3966,18,0.18596141,0.0001328
3967,18,0.19762391,0.0001329
3968,18,0.22072303,0.0001329
3969,18,0.17360751,0.0001329
3970,18,0.18613240,0.000133
3971,18,0.17792389,0.000133
3972,18,0.19021098,0.000133
3973,18,0.18595742,0.0001331
3974,18,0.18853986,0.0001331
3975,18,0.21251997,0.0001331
3976,18,0.17369196,0.0001332
3977,18,0.19278020,0.0001332
3978,18,0.20971292,0.0001332
3979,18,0.21956569,0.0001333
3980,18,0.19218704,0.0001333
3981,18,0.22696976,0.0001333
3982,18,0.17801313,0.0001334
3983,18,0.15612607,0.0001334
3984,18,0.19069636,0.0001334
3985,18,0.21921527,0.0001335
3986,18,0.20114231,0.0001335
3987,18,0.16442983,0.0001335
3988,18,0.21852815,0.0001336
3989,18,0.23652586,0.0001336
3990,18,0.19611979,0.0001336
3991,18,0.22432303,0.0001337
3992,18,0.22391093,0.0001337
3993,18,0.18596622,0.0001337
3994,18,0.21084291,0.0001338
3995,18,0.19563763,0.0001338
3996,18,0.22046697,0.0001338
3997,18,0.21345210,0.0001339
3998,18,0.17315090,0.0001339
3999,18,0.14514384,0.0001339
4000,18,0.19719213,0.000134
4001,18,0.19448499,0.000134
4002,18,0.23680525,0.000134
4003,18,0.16705287,0.0001341
4004,18,0.18768939,0.0001341
4005,18,0.20040207,0.0001341
4006,18,0.18314826,0.0001342
4007,18,0.18359677,0.0001342
4008,18,0.18408231,0.0001342
4009,18,0.21281694,0.0001343
4010,18,0.19959456,0.0001343
4011,18,0.24552464,0.0001343
4012,18,0.16011761,0.0001344
4013,18,0.21303046,0.0001344
4014,18,0.19427228,0.0001344
4015,18,0.18366385,0.0001345
4016,18,0.19472204,0.0001345
4017,18,0.17701006,0.0001345
4018,18,0.24160711,0.0001346
4019,18,0.18025520,0.0001346
4020,18,0.25428033,0.0001346
4021,18,0.20010428,0.0001347
4022,18,0.22604844,0.0001347
4023,18,0.18891454,0.0001347
4024,18,0.21783045,0.0001348
4025,18,0.21022192,0.0001348
4026,18,0.17327154,0.0001348
4027,18,0.19243109,0.0001349
4028,18,0.20428059,0.0001349
4029,18,0.20457530,0.0001349
4030,18,0.16577116,0.000135
4031,18,0.23574851,0.000135
4032,18,0.20679936,0.0001351
4033,19,0.20743939,0.0001351
4034,19,0.20358875,0.0001351
4035,19,0.18225978,0.0001352
4036,19,0.17375875,0.0001352
4037,19,0.18548553,0.0001352
4038,19,0.14876017,0.0001353
4039,19,0.18777260,0.0001353
4040,19,0.20266223,0.0001353
4041,19,0.18905914,0.0001354
4042,19,0.19136016,0.0001354
4043,19,0.18974291,0.0001354
4044,19,0.25113967,0.0001355
4045,19,0.21076708,0.0001355
4046,19,0.23365542,0.0001355
4047,19,0.18741143,0.0001356
4048,19,0.18734030,0.0001356
4049,19,0.19769043,0.0001356
4050,19,0.18615070,0.0001357
4051,19,0.19801864,0.0001357
4052,19,0.21199751,0.0001357
4053,19,0.22211862,0.0001358
4054,19,0.19645314,0.0001358
4055,19,0.20432580,0.0001358
4056,19,0.20491746,0.0001359
4057,19,0.21624646,0.0001359
4058,19,0.21659546,0.0001359
4059,19,0.17377959,0.000136
4060,19,0.23366997,0.000136
4061,19,0.19928083,0.000136
4062,19,0.20418632,0.0001361
4063,19,0.19824290,0.0001361
4064,19,0.21803117,0.0001361
4065,19,0.22429907,0.0001362
4066,19,0.17413700,0.0001362
4067,19,0.16512632,0.0001362
4068,19,0.20068738,0.0001363
4069,19,0.21555731,0.0001363
4070,19,0.17017154,0.0001363
4071,19,0.18965173,0.0001364
4072,19,0.20919710,0.0001364
4073,19,0.19071893,0.0001364
4074,19,0.18111913,0.0001365
4075,19,0.20376001,0.0001365
4076,19,0.19686633,0.0001365
4077,19,0.18320356,0.0001366
4078,19,0.18722141,0.0001366
4079,19,0.19885884,0.0001366
4080,19,0.18337479,0.0001367
4081,19,0.20146468,0.0001367
4082,19,0.20907967,0.0001367
4083,19,0.19653319,0.0001368
4084,19,0.23421857,0.0001368
4085,19,0.21309605,0.0001368
4086,19,0.17859268,0.0001369
4087,19,0.22850224,0.0001369
4088,19,0.22409205,0.0001369
4089,19,0.20891571,0.000137
4090,19,0.19036572,0.000137
4091,19,0.19023740,0.000137
4092,19,0.20564976,0.0001371
4093,19,0.20585778,0.0001371
4094,19,0.20463502,0.0001371
4095,19,0.18148291,0.0001372
4096,19,0.17085640,0.0001372
4097,19,0.20929722,0.0001372
4098,19,0.18802965,0.0001373
4099,19,0.19222590,0.0001373
4100,19,0.19480935,0.0001373
4101,19,0.16338038,0.0001374
4102,19,0.18914661,0.0001374
4103,19,0.15570192,0.0001374
4104,19,0.20187663,0.0001375
4105,19,0.21216556,0.0001375
4106,19,0.19438666,0.0001375
4107,19,0.18764214,0.0001376
4108,19,0.21760949,0.0001376
4109,19,0.19407341,0.0001376
4110,19,0.17040960,0.0001377
4111,19,0.23447458,0.0001377
4112,19,0.19458269,0.0001377
4113,19,0.20051453,0.0001378
4114,19,0.23950724,0.0001378
4115,19,0.19002251,0.0001378
4116,19,0.17886686,0.0001379
4117,19,0.21337271,0.0001379
4118,19,0.16646926,0.0001379
4119,19,0.19241713,0.000138
4120,19,0.19108824,0.000138
4121,19,0.18003765,0.000138
4122,19,0.23396234,0.0001381
4123,19,0.24249844,0.0001381
4124,19,0.20468092,0.0001381
4125,19,0.21528322,0.0001382
4126,19,0.19554093,0.0001382
4127,19,0.22376256,0.0001382
4128,19,0.18830299,0.0001383
4129,19,0.17181528,0.0001383
4130,19,0.17766695,0.0001383
4131,19,0.18068191,0.0001384
4132,19,0.18956447,0.0001384
4133,19,0.21460956,0.0001384
4134,19,0.23014939,0.0001385
4135,19,0.18793365,0.0001385
4136,19,0.19290721,0.0001385
4137,19,0.20324948,0.0001386
4138,19,0.17074661,0.0001386
4139,19,0.24998534,0.0001386
4140,19,0.20144354,0.0001387
4141,19,0.20094022,0.0001387
4142,19,0.21896087,0.0001387
4143,19,0.19634435,0.0001388
4144,19,0.19635741,0.0001388
4145,19,0.23409256,0.0001388
4146,19,0.19904014,0.0001389
4147,19,0.20908940,0.0001389
4148,19,0.16729257,0.0001389
4149,19,0.20763272,0.000139
4150,19,0.23468015,0.000139
4151,19,0.20842484,0.000139
4152,19,0.17335626,0.0001391
4153,19,0.20043194,0.0001391
4154,19,0.22253184,0.0001391
4155,19,0.18802916,0.0001392
4156,19,0.20996973,0.0001392
4157,19,0.19982092,0.0001392
4158,19,0.18800643,0.0001393
4159,19,0.22193295,0.0001393
4160,19,0.20581934,0.0001393
4161,19,0.19747803,0.0001394
4162,19,0.21126437,0.0001394
4163,19,0.17514169,0.0001394
4164,19,0.19303380,0.0001395
4165,19,0.18330984,0.0001395
4166,19,0.18442175,0.0001395
4167,19,0.19842015,0.0001396
4168,19,0.20984840,0.0001396
4169,19,0.22778568,0.0001396
4170,19,0.20804386,0.0001397
4171,19,0.18565130,0.0001397
4172,19,0.15227771,0.0001397
4173,19,0.16990837,0.0001398
4174,19,0.20081747,0.0001398
4175,19,0.21649419,0.0001398
4176,19,0.17916501,0.0001399
4177,19,0.18820024,0.0001399
4178,19,0.22351453,0.0001399
4179,19,0.17714755,0.00014
4180,19,0.18225303,0.00014
4181,19,0.21630380,0.00014
4182,19,0.16546991,0.0001401
4183,19,0.18598127,0.0001401
4184,19,0.16917130,0.0001401
4185,19,0.15237413,0.0001402
4186,19,0.20730615,0.0001402
4187,19,0.17204373,0.0001402
4188,19,0.19082755,0.0001403
4189,19,0.19402164,0.0001403
4190,19,0.18809466,0.0001403
4191,19,0.21937031,0.0001404
4192,19,0.20098601,0.0001404
4193,19,0.19466114,0.0001404
4194,19,0.19972894,0.0001405
4195,19,0.18728010,0.0001405
4196,19,0.19194315,0.0001405
4197,19,0.18725845,0.0001406
4198,19,0.18570504,0.0001406
4199,19,0.19751517,0.0001406
4200,19,0.20590001,0.0001407
4201,19,0.17709343,0.0001407
4202,19,0.20924056,0.0001407
4203,19,0.16646104,0.0001408
4204,19,0.18229572,0.0001408
4205,19,0.20718235,0.0001408
4206,19,0.20394938,0.0001409
4207,19,0.17666011,0.0001409
4208,19,0.16912739,0.0001409
4209,19,0.20738553,0.000141
4210,19,0.26075357,0.000141
4211,19,0.21276572,0.000141
4212,19,0.18406853,0.0001411
4213,19,0.19087991,0.0001411
4214,19,0.22585478,0.0001411
4215,19,0.21846864,0.0001412
4216,19,0.19282645,0.0001412
4217,19,0.19947192,0.0001412
4218,19,0.21856308,0.0001413
4219,19,0.16454528,0.0001413
4220,19,0.15875278,0.0001413
4221,19,0.22318922,0.0001414
4222,19,0.16893423,0.0001414
4223,19,0.18630819,0.0001414
4224,19,0.18912673,0.0001415
4225,19,0.18118939,0.0001415
4226,19,0.18843345,0.0001415
4227,19,0.19729547,0.0001416
4228,19,0.19527766,0.0001416
4229,19,0.18263197,0.0001416
4230,19,0.19408904,0.0001417
4231,19,0.18086410,0.0001417
4232,19,0.20369372,0.0001417
4233,19,0.17208514,0.0001418
4234,19,0.23464935,0.0001418
4235,19,0.22002122,0.0001418
4236,19,0.16674048,0.0001419
4237,19,0.18032193,0.0001419
4238,19,0.18810186,0.0001419
4239,19,0.22068958,0.000142
4240,19,0.18547271,0.000142
4241,19,0.19503258,0.000142
4242,19,0.19401662,0.0001421
4243,19,0.20469056,0.0001421
4244,19,0.16111311,0.0001421
4245,19,0.23766291,0.0001422
4246,19,0.17370401,0.0001422
4247,19,0.18717310,0.0001422
4248,19,0.19510469,0.0001423
4249,19,0.22241056,0.0001423
4250,19,0.17029253,0.0001423
4251,19,0.19758336,0.0001424
4252,19,0.17871088,0.0001424
4253,19,0.20209756,0.0001424
4254,19,0.19345215,0.0001425
4255,19,0.21287048,0.0001425
4256,19,0.15345463,0.0001426
4257,20,0.19625708,0.0001426
4258,20,0.19501495,0.0001426
4259,20,0.21109700,0.0001427
4260,20,0.13830374,0.0001427
4261,20,0.20075905,0.0001427
4262,20,0.21631482,0.0001428
4263,20,0.19443510,0.0001428
4264,20,0.21732754,0.0001428
4265,20,0.27741402,0.0001429
4266,20,0.19698595,0.0001429
4267,20,0.20006645,0.0001429
4268,20,0.19153056,0.000143
4269,20,0.18255958,0.000143
4270,20,0.21792313,0.000143
4271,20,0.17354959,0.0001431
4272,20,0.17281082,0.0001431
4273,20,0.21959814,0.0001431
4274,20,0.17057425,0.0001432
4275,20,0.23431176,0.0001432
4276,20,0.17402536,0.0001432
4277,20,0.20747726,0.0001433
4278,20,0.18838160,0.0001433
4279,20,0.19535884,0.0001433
4280,20,0.17625067,0.0001434
4281,20,0.17980373,0.0001434
4282,20,0.16106340,0.0001434
4283,20,0.19649941,0.0001435
4284,20,0.17429575,0.0001435
4285,20,0.20276795,0.0001435
4286,20,0.19690232,0.0001436
4287,20,0.16730484,0.0001436
4288,20,0.15869288,0.0001436
4289,20,0.16797602,0.0001437
4290,20,0.20707510,0.0001437
4291,20,0.25547892,0.0001437
4292,20,0.21722738,0.0001438
4293,20,0.21867347,0.0001438
4294,20,0.20217955,0.0001438
4295,20,0.17452519,0.0001439
4296,20,0.18757939,0.0001439
4297,20,0.18386357,0.0001439
4298,20,0.16868834,0.000144
4299,20,0.22257900,0.000144
4300,20,0.17087150,0.000144
4301,20,0.18239868,0.0001441
4302,20,0.23472118,0.0001441
4303,20,0.19523287,0.0001441
4304,20,0.20634067,0.0001442
4305,20,0.21082585,0.0001442
4306,20,0.17280857,0.0001442
4307,20,0.19753656,0.0001443
4308,20,0.16552436,0.0001443
4309,20,0.17972565,0.0001443
4310,20,0.21699832,0.0001444
4311,20,0.22328183,0.0001444
4312,20,0.20761147,0.0001444
4313,20,0.21738200,0.0001445
4314,20,0.20465925,0.0001445
4315,20,0.17965218,0.0001445
4316,20,0.20447066,0.0001446
4317,20,0.22752652,0.0001446
4318,20,0.19062427,0.0001446
4319,20,0.24157429,0.0001447
4320,20,0.20001221,0.0001447
4321,20,0.16740620,0.0001447
4322,20,0.20285481,0.0001448
4323,20,0.21180519,0.0001448
4324,20,0.22025590,0.0001448
4325,20,0.15626556,0.0001449
4326,20,0.18207018,0.0001449
4327,20,0.21669278,0.0001449
4328,20,0.20704708,0.000145
4329,20,0.20857069,0.000145
4330,20,0.19153206,0.000145
4331,20,0.21434554,0.0001451
4332,20,0.17616455,0.0001451
4333,20,0.20752212,0.0001451
4334,20,0.20318520,0.0001452
4335,20,0.23760156,0.0001452
4336,20,0.20049191,0.0001452
4337,20,0.20024157,0.0001453
4338,20,0.20754020,0.0001453
4339,20,0.16859005,0.0001453
4340,20,0.17980003,0.0001454
4341,20,0.16385989,0.0001454
4342,20,0.21170323,0.0001454
4343,20,0.16114300,0.0001455
4344,20,0.21347319,0.0001455
4345,20,0.18576491,0.0001455
4346,20,0.22413038,0.0001456
4347,20,0.18489572,0.0001456
4348,20,0.17083780,0.0001456
4349,20,0.21101663,0.0001457
4350,20,0.18566108,0.0001457
4351,20,0.19308393,0.0001457
4352,20,0.22584826,0.0001458
4353,20,0.22461018,0.0001458
4354,20,0.18684465,0.0001458
4355,20,0.16079144,0.0001459
4356,20,0.18261597,0.0001459
4357,20,0.21240756,0.0001459
4358,20,0.21886103,0.000146
4359,20,0.17782548,0.000146
4360,20,0.19462180,0.000146
4361,20,0.18807000,0.0001461
4362,20,0.18851739,0.0001461
4363,20,0.16378221,0.0001461
4364,20,0.17631623,0.0001462
4365,20,0.13442227,0.0001462
4366,20,0.21715562,0.0001462
4367,20,0.18160443,0.0001463
4368,20,0.18445295,0.0001463
4369,20,0.22056119,0.0001463
4370,20,0.17573600,0.0001464
4371,20,0.18641120,0.0001464
4372,20,0.18745062,0.0001464
4373,20,0.18752894,0.0001465
4374,20,0.18876593,0.0001465
4375,20,0.19763047,0.0001465
4376,20,0.19164905,0.0001466
4377,20,0.23510008,0.0001466
4378,20,0.19415037,0.0001466
4379,20,0.21823940,0.0001467
4380,20,0.21389553,0.0001467
4381,20,0.22399300,0.0001467
4382,20,0.18857110,0.0001468
4383,20,0.18671986,0.0001468
4384,20,0.22646694,0.0001468
4385,20,0.20829271,0.0001469
4386,20,0.18811999,0.0001469
4387,20,0.18558750,0.0001469
4388,20,0.22724509,0.000147
4389,20,0.21136248,0.000147
4390,20,0.19107336,0.000147
4391,20,0.24214333,0.0001471
4392,20,0.19174068,0.0001471
4393,20,0.20004058,0.0001471
4394,20,0.18607852,0.0001472
4395,20,0.16605465,0.0001472
4396,20,0.18879989,0.0001472
4397,20,0.17834435,0.0001473
4398,20,0.19284651,0.0001473
4399,20,0.21096639,0.0001473
4400,20,0.19573855,0.0001474
4401,20,0.18986738,0.0001474
4402,20,0.22040233,0.0001474
4403,20,0.19651189,0.0001475
4404,20,0.19920832,0.0001475
4405,20,0.17451629,0.0001475
4406,20,0.18874834,0.0001476
4407,20,0.16666640,0.0001476
4408,20,0.18076456,0.0001476
4409,20,0.18161145,0.0001477
4410,20,0.16755842,0.0001477
4411,20,0.18025339,0.0001477
4412,20,0.19649963,0.0001478
4413,20,0.17486134,0.0001478
4414,20,0.17519180,0.0001478
4415,20,0.18261425,0.0001479
4416,20,0.17978948,0.0001479
4417,20,0.18963504,0.0001479
4418,20,0.22896117,0.000148
4419,20,0.16526186,0.000148
4420,20,0.16458152,0.000148
4421,20,0.18270004,0.0001481
4422,20,0.20262334,0.0001481
4423,20,0.16640174,0.0001481
4424,20,0.22673182,0.0001482
4425,20,0.17823491,0.0001482
4426,20,0.18930137,0.0001482
4427,20,0.18471360,0.0001483
4428,20,0.20084171,0.0001483
4429,20,0.16644906,0.0001483
4430,20,0.20758104,0.0001484
4431,20,0.16621955,0.0001484
4432,20,0.20148508,0.0001484
4433,20,0.15587789,0.0001485
4434,20,0.16123125,0.0001485
4435,20,0.17619023,0.0001485
4436,20,0.20814529,0.0001486
4437,20,0.19760916,0.0001486
4438,20,0.19835398,0.0001486
4439,20,0.24213722,0.0001487
4440,20,0.17054069,0.0001487
4441,20,0.20391676,0.0001487
4442,20,0.19863042,0.0001488
4443,20,0.18026118,0.0001488
4444,20,0.19132416,0.0001488
4445,20,0.17356038,0.0001489
4446,20,0.19166295,0.0001489
4447,20,0.19819419,0.0001489
4448,20,0.20501105,0.000149
4449,20,0.17091823,0.000149
4450,20,0.16077507,0.000149
4451,20,0.20976555,0.0001491
4452,20,0.18557064,0.0001491
4453,20,0.14622524,0.0001491
4454,20,0.18424897,0.0001492
4455,20,0.20566127,0.0001492
4456,20,0.20710026,0.0001492
4457,20,0.19936529,0.0001493
4458,20,0.18860754,0.0001493
4459,20,0.17689705,0.0001493
4460,20,0.21585256,0.0001494
4461,20,0.20961091,0.0001494
4462,20,0.17272066,0.0001494
4463,20,0.16538492,0.0001495
4464,20,0.16620670,0.0001495
4465,20,0.23098163,0.0001495
4466,20,0.20167391,0.0001496
4467,20,0.20129248,0.0001496
4468,20,0.19497566,0.0001496
4469,20,0.23360376,0.0001497
4470,20,0.19622616,0.0001497
4471,20,0.17528377,0.0001497
4472,20,0.19483650,0.0001498
4473,20,0.20666789,0.0001498
4474,20,0.20535219,0.0001498
4475,20,0.19754879,0.0001499
4476,20,0.16058439,0.0001499
4477,20,0.21228538,0.0001499
4478,20,0.19046426,0.00015
4479,20,0.17904171,0.00015
4480,20,0.18365502,0.0001501
4481,21,0.21303777,0.0001501
4482,21,0.18914539,0.0001501
4483,21,0.20110402,0.0001502
4484,21,0.17220674,0.0001502
4485,21,0.17760061,0.0001502
4486,21,0.16067192,0.0001503
4487,21,0.18830243,0.0001503
4488,21,0.19755945,0.0001503
4489,21,0.17097579,0.0001504
4490,21,0.23999348,0.0001504
4491,21,0.17104410,0.0001504
4492,21,0.20972821,0.0001505
4493,21,0.16983008,0.0001505
4494,21,0.21706621,0.0001505
4495,21,0.17262265,0.0001506
4496,21,0.19889843,0.0001506
4497,21,0.16514580,0.0001506
4498,21,0.16464315,0.0001507
4499,21,0.25026670,0.0001507
4500,21,0.20178181,0.0001507
4501,21,0.18847828,0.0001508
4502,21,0.20889625,0.0001508
4503,21,0.18858021,0.0001508
4504,21,0.17173192,0.0001509
4505,21,0.20331800,0.0001509
4506,21,0.18360013,0.0001509
4507,21,0.15792751,0.000151
4508,21,0.19651455,0.000151
4509,21,0.17587583,0.000151
4510,21,0.19073622,0.0001511
4511,21,0.20697336,0.0001511
4512,21,0.16722348,0.0001511
4513,21,0.21489593,0.0001512
4514,21,0.18680333,0.0001512
4515,21,0.14527829,0.0001512
4516,21,0.20811586,0.0001513
4517,21,0.19263445,0.0001513
4518,21,0.20423214,0.0001513
4519,21,0.17374629,0.0001514
4520,21,0.18652694,0.0001514
4521,21,0.20588639,0.0001514
4522,21,0.20186995,0.0001515
4523,21,0.17259774,0.0001515
4524,21,0.19107231,0.0001515
4525,21,0.24246821,0.0001516
4526,21,0.17521361,0.0001516
4527,21,0.17506397,0.0001516
4528,21,0.19901673,0.0001517
4529,21,0.20621268,0.0001517
4530,21,0.23144993,0.0001517
4531,21,0.16366109,0.0001518
4532,21,0.18215641,0.0001518
4533,21,0.19949852,0.0001518
4534,21,0.17301679,0.0001519
4535,21,0.16204311,0.0001519
4536,21,0.18298873,0.0001519
4537,21,0.20669472,0.000152
4538,21,0.18838748,0.000152
4539,21,0.18359348,0.000152
4540,21,0.18398623,0.0001521
4541,21,0.22238997,0.0001521
4542,21,0.20534992,0.0001521
4543,21,0.21439210,0.0001522
4544,21,0.22728762,0.0001522
4545,21,0.22300939,0.0001522
4546,21,0.17151764,0.0001523
4547,21,0.16305488,0.0001523
4548,21,0.18518850,0.0001523
4549,21,0.18961081,0.0001524
4550,21,0.15809742,0.0001524
4551,21,0.18637368,0.0001524
4552,21,0.18268447,0.0001525
4553,21,0.20418911,0.0001525
4554,21,0.18090117,0.0001525
4555,21,0.24374861,0.0001526
4556,21,0.20072679,0.0001526
4557,21,0.19558635,0.0001526
4558,21,0.20833799,0.0001527
4559,21,0.21963167,0.0001527
4560,21,0.18602966,0.0001527
4561,21,0.21779422,0.0001528
4562,21,0.17454806,0.0001528
4563,21,0.21499459,0.0001528
4564,21,0.15997154,0.0001529
4565,21,0.13734072,0.0001529
4566,21,0.22005162,0.0001529
4567,21,0.20871806,0.000153
4568,21,0.21877360,0.000153
4569,21,0.19122618,0.000153
4570,21,0.20463923,0.0001531
4571,21,0.21425647,0.0001531
4572,21,0.21457931,0.0001531
4573,21,0.18638247,0.0001532
4574,21,0.21030024,0.0001532
4575,21,0.21601966,0.0001532
4576,21,0.19791341,0.0001533
4577,21,0.19820067,0.0001533
4578,21,0.19646895,0.0001533
4579,21,0.15161356,0.0001534
4580,21,0.15646747,0.0001534
4581,21,0.26767823,0.0001534
4582,21,0.21984343,0.0001535
4583,21,0.20494163,0.0001535
4584,21,0.21480793,0.0001535
4585,21,0.20012316,0.0001536
4586,21,0.17460111,0.0001536
4587,21,0.17496304,0.0001536
4588,21,0.18980110,0.0001537
4589,21,0.16796242,0.0001537
4590,21,0.19038412,0.0001537
4591,21,0.21432035,0.0001538
4592,21,0.22985898,0.0001538
4593,21,0.18835795,0.0001538
4594,21,0.25049531,0.0001539
4595,21,0.18726966,0.0001539
4596,21,0.16776359,0.0001539
4597,21,0.18398677,0.000154
4598,21,0.20390499,0.000154
4599,21,0.19550204,0.000154
4600,21,0.19337720,0.0001541
4601,21,0.21343403,0.0001541
4602,21,0.19004586,0.0001541
4603,21,0.15814041,0.0001542
4604,21,0.17812411,0.0001542
4605,21,0.19765382,0.0001542
4606,21,0.21913537,0.0001543
4607,21,0.25100410,0.0001543
4608,21,0.17115244,0.0001543
4609,21,0.22773179,0.0001544
4610,21,0.17506057,0.0001544
4611,21,0.19448030,0.0001544
4612,21,0.19537506,0.0001545
4613,21,0.20876378,0.0001545
4614,21,0.17549972,0.0001545
4615,21,0.21956667,0.0001546
4616,21,0.19913153,0.0001546
4617,21,0.21324977,0.0001546
4618,21,0.22432093,0.0001547
4619,21,0.20666294,0.0001547
4620,21,0.19729947,0.0001547
4621,21,0.19929001,0.0001548
4622,21,0.16964209,0.0001548
4623,21,0.16241533,0.0001548
4624,21,0.19962220,0.0001549
4625,21,0.17813592,0.0001549
4626,21,0.16778778,0.0001549
4627,21,0.17825288,0.000155
4628,21,0.20126271,0.000155
4629,21,0.19935486,0.000155
4630,21,0.18585722,0.0001551
4631,21,0.21058902,0.0001551
4632,21,0.17279547,0.0001551
4633,21,0.18115428,0.0001552
4634,21,0.17622936,0.0001552
4635,21,0.16590187,0.0001552
4636,21,0.17636740,0.0001553
4637,21,0.19443738,0.0001553
4638,21,0.16164266,0.0001553
4639,21,0.19918686,0.0001554
4640,21,0.20380561,0.0001554
4641,21,0.17735067,0.0001554
4642,21,0.17859706,0.0001555
4643,21,0.18263523,0.0001555
4644,21,0.21093616,0.0001555
4645,21,0.15475407,0.0001556
4646,21,0.21544044,0.0001556
4647,21,0.17845401,0.0001556
4648,21,0.16601156,0.0001557
4649,21,0.20243570,0.0001557
4650,21,0.22635716,0.0001557
4651,21,0.20384932,0.0001558
4652,21,0.18986122,0.0001558
4653,21,0.18887345,0.0001558
4654,21,0.16151014,0.0001559
4655,21,0.21554896,0.0001559
4656,21,0.18764412,0.0001559
4657,21,0.22401719,0.000156
4658,21,0.17828906,0.000156
4659,21,0.16315600,0.000156
4660,21,0.16816384,0.0001561
4661,21,0.18349132,0.0001561
4662,21,0.17054234,0.0001561
4663,21,0.16376594,0.0001562
4664,21,0.16899085,0.0001562
4665,21,0.16440877,0.0001562
4666,21,0.18764362,0.0001563
4667,21,0.18087265,0.0001563
4668,21,0.19223782,0.0001563
4669,21,0.18356113,0.0001564
4670,21,0.15966807,0.0001564
4671,21,0.18493053,0.0001564
4672,21,0.19153312,0.0001565
4673,21,0.16363591,0.0001565
4674,21,0.17212836,0.0001565
4675,21,0.16625626,0.0001566
4676,21,0.17487900,0.0001566
4677,21,0.23394930,0.0001566
4678,21,0.17989485,0.0001567
4679,21,0.17289340,0.0001567
4680,21,0.19714920,0.0001567
4681,21,0.19026713,0.0001568
4682,21,0.26470411,0.0001568
4683,21,0.18766384,0.0001568
4684,21,0.19290206,0.0001569
4685,21,0.17280626,0.0001569
4686,21,0.19931325,0.0001569
4687,21,0.21115302,0.000157
4688,21,0.20155452,0.000157
4689,21,0.16751900,0.000157
4690,21,0.19854689,0.0001571
4691,21,0.16608594,0.0001571
4692,21,0.16908149,0.0001571
4693,21,0.18945520,0.0001572
4694,21,0.20479554,0.0001572
4695,21,0.20767355,0.0001572
4696,21,0.19782463,0.0001573
4697,21,0.17557685,0.0001573
4698,21,0.17608318,0.0001573
4699,21,0.22298753,0.0001574
4700,21,0.19476786,0.0001574
4701,21,0.18160944,0.0001574
4702,21,0.19152722,0.0001575
4703,21,0.17256838,0.0001575
4704,21,0.18335921,0.0001576
4705,22,0.17141156,0.0001576
4706,22,0.19374886,0.0001576
4707,22,0.21095113,0.0001577
4708,22,0.15838175,0.0001577
4709,22,0.16737424,0.0001577
4710,22,0.20636055,0.0001578
4711,22,0.18768978,0.0001578
4712,22,0.19844100,0.0001578
4713,22,0.19858119,0.0001579
4714,22,0.18510431,0.0001579
4715,22,0.16999266,0.0001579
4716,22,0.15991133,0.000158
4717,22,0.20696524,0.000158
4718,22,0.14612411,0.000158
4719,22,0.17228174,0.0001581
4720,22,0.18007366,0.0001581
4721,22,0.21284072,0.0001581
4722,22,0.18668704,0.0001582
4723,22,0.22261918,0.0001582
4724,22,0.21237925,0.0001582
4725,22,0.21711841,0.0001583
4726,22,0.20029351,0.0001583
4727,22,0.18630956,0.0001583
4728,22,0.21378285,0.0001584
4729,22,0.22580090,0.0001584
4730,22,0.16242069,0.0001584
4731,22,0.19125287,0.0001585
4732,22,0.19677810,0.0001585
4733,22,0.15578674,0.0001585
4734,22,0.19392356,0.0001586
4735,22,0.20186293,0.0001586
4736,22,0.21610115,0.0001586
4737,22,0.20026581,0.0001587
4738,22,0.17144001,0.0001587
4739,22,0.18235920,0.0001587
4740,22,0.19007024,0.0001588
4741,22,0.16915429,0.0001588
4742,22,0.17957318,0.0001588
4743,22,0.20208919,0.0001589
4744,22,0.23107103,0.0001589
4745,22,0.16907558,0.0001589
4746,22,0.22170278,0.000159
4747,22,0.14922215,0.000159
4748,22,0.18718204,0.000159
4749,22,0.18887274,0.0001591
4750,22,0.22477278,0.0001591
4751,22,0.22820604,0.0001591
4752,22,0.18437676,0.0001592
4753,22,0.18386929,0.0001592
4754,22,0.18636505,0.0001592
4755,22,0.14723714,0.0001593
4756,22,0.15199381,0.0001593
4757,22,0.21816218,0.0001593
4758,22,0.19513708,0.0001594
4759,22,0.20587699,0.0001594
4760,22,0.21886681,0.0001594
4761,22,0.18138659,0.0001595
4762,22,0.17196926,0.0001595
4763,22,0.19582781,0.0001595
4764,22,0.16433297,0.0001596
4765,22,0.15984295,0.0001596
4766,22,0.15825897,0.0001596
4767,22,0.17502677,0.0001597
4768,22,0.19644612,0.0001597
4769,22,0.17840478,0.0001597
4770,22,0.16804783,0.0001598
4771,22,0.21513638,0.0001598
4772,22,0.21661139,0.0001598
4773,22,0.17287271,0.0001599
4774,22,0.19676355,0.0001599
4775,22,0.18198791,0.0001599
4776,22,0.21207994,0.00016
4777,22,0.18201968,0.00016
4778,22,0.17340168,0.00016
4779,22,0.16777092,0.0001601
4780,22,0.15159869,0.0001601
4781,22,0.17780709,0.0001601
4782,22,0.19811092,0.0001602
4783,22,0.19238970,0.0001602
4784,22,0.15729673,0.0001602
4785,22,0.17282812,0.0001603
4786,22,0.16011938,0.0001603
4787,22,0.18573645,0.0001603
4788,22,0.19348930,0.0001604
4789,22,0.17079350,0.0001604
4790,22,0.16162729,0.0001604
4791,22,0.16575614,0.0001605
4792,22,0.15182763,0.0001605
4793,22,0.19390023,0.0001605
4794,22,0.20472114,0.0001606
4795,22,0.23154494,0.0001606
4796,22,0.18368340,0.0001606
4797,22,0.15476154,0.0001607
4798,22,0.20635298,0.0001607
4799,22,0.18478695,0.0001607
4800,22,0.15635751,0.0001608
4801,22,0.17070234,0.0001608
4802,22,0.18591821,0.0001608
4803,22,0.17127757,0.0001609
4804,22,0.20112264,0.0001609
4805,22,0.20823555,0.0001609
4806,22,0.16566187,0.000161
4807,22,0.18358456,0.000161
4808,22,0.17021269,0.000161
4809,22,0.18001744,0.0001611
4810,22,0.19017868,0.0001611
4811,22,0.25019228,0.0001611
4812,22,0.18504819,0.0001612
4813,22,0.19176631,0.0001612
4814,22,0.22055852,0.0001612
4815,22,0.17815058,0.0001613
4816,22,0.19074580,0.0001613
4817,22,0.17778298,0.0001613
4818,22,0.17790207,0.0001614
4819,22,0.19328716,0.0001614
4820,22,0.17147915,0.0001614
4821,22,0.17850779,0.0001615
4822,22,0.23974860,0.0001615
4823,22,0.19725612,0.0001615
4824,22,0.18056607,0.0001616
4825,22,0.17598459,0.0001616
4826,22,0.22313134,0.0001616
4827,22,0.17243245,0.0001617
4828,22,0.22440252,0.0001617
4829,22,0.16180602,0.0001617
4830,22,0.21464050,0.0001618
4831,22,0.21554813,0.0001618
4832,22,0.19763628,0.0001618
4833,22,0.17045692,0.0001619
4834,22,0.20119379,0.0001619
4835,22,0.23040359,0.0001619
4836,22,0.18676373,0.000162
4837,22,0.18182564,0.000162
4838,22,0.19166033,0.000162
4839,22,0.16549447,0.0001621
4840,22,0.17092852,0.0001621
4841,22,0.18310621,0.0001621
4842,22,0.17095336,0.0001622
4843,22,0.17068332,0.0001622
4844,22,0.16377380,0.0001622
4845,22,0.19348797,0.0001623
4846,22,0.20103912,0.0001623
4847,22,0.17942533,0.0001623
4848,22,0.17982396,0.0001624
4849,22,0.15974018,0.0001624
4850,22,0.18341689,0.0001624
4851,22,0.17458533,0.0001625
4852,22,0.24084958,0.0001625
4853,22,0.21371059,0.0001625
4854,22,0.19738933,0.0001626
4855,22,0.15441160,0.0001626
4856,22,0.20218234,0.0001626
4857,22,0.20276599,0.0001627
4858,22,0.25422925,0.0001627
4859,22,0.17327981,0.0001627
4860,22,0.14106779,0.0001628
4861,22,0.18078057,0.0001628
4862,22,0.17944574,0.0001628
4863,22,0.17345671,0.0001629
4864,22,0.18323897,0.0001629
4865,22,0.18606107,0.0001629
4866,22,0.19600070,0.000163
4867,22,0.20204644,0.000163
4868,22,0.18124706,0.000163
4869,22,0.23370133,0.0001631
4870,22,0.19290403,0.0001631
4871,22,0.18794219,0.0001631
4872,22,0.20020823,0.0001632
4873,22,0.14952719,0.0001632
4874,22,0.17548959,0.0001632
4875,22,0.18049698,0.0001633
4876,22,0.25309974,0.0001633
4877,22,0.15829232,0.0001633
4878,22,0.17448145,0.0001634
4879,22,0.19982827,0.0001634
4880,22,0.17089540,0.0001634
4881,22,0.17727022,0.0001635
4882,22,0.20520675,0.0001635
4883,22,0.16509861,0.0001635
4884,22,0.17866664,0.0001636
4885,22,0.20110552,0.0001636
4886,22,0.17113543,0.0001636
4887,22,0.16872165,0.0001637
4888,22,0.19254880,0.0001637
4889,22,0.17696671,0.0001637
4890,22,0.16731259,0.0001638
4891,22,0.18016887,0.0001638
4892,22,0.19089544,0.0001638
4893,22,0.16251528,0.0001639
4894,22,0.17854129,0.0001639
4895,22,0.26162031,0.0001639
4896,22,0.16846502,0.000164
4897,22,0.19412941,0.000164
4898,22,0.21639785,0.000164
4899,22,0.19918033,0.0001641
4900,22,0.19546330,0.0001641
4901,22,0.16923499,0.0001641
4902,22,0.21053067,0.0001642
4903,22,0.19984782,0.0001642
4904,22,0.21269402,0.0001642
4905,22,0.16597106,0.0001643
4906,22,0.16351178,0.0001643
4907,22,0.19990711,0.0001643
4908,22,0.21156017,0.0001644
4909,22,0.19285256,0.0001644
4910,22,0.22902563,0.0001644
4911,22,0.17856805,0.0001645
4912,22,0.20689116,0.0001645
4913,22,0.20188403,0.0001645
4914,22,0.21251914,0.0001646
4915,22,0.16230607,0.0001646
4916,22,0.19273899,0.0001646
4917,22,0.19565359,0.0001647
4918,22,0.17915539,0.0001647
4919,22,0.20938835,0.0001647
4920,22,0.17181879,0.0001648
4921,22,0.19177350,0.0001648
4922,22,0.18199086,0.0001648
4923,22,0.20338808,0.0001649
4924,22,0.23659198,0.0001649
4925,22,0.17667203,0.0001649
4926,22,0.17565274,0.000165
4927,22,0.21723741,0.000165
4928,22,0.19696388,0.0001651
4929,23,0.19536087,0.0001651
4930,23,0.21702144,0.0001651
4931,23,0.17651105,0.0001652
4932,23,0.19407903,0.0001652
4933,23,0.22430961,0.0001652
4934,23,0.21392362,0.0001653
4935,23,0.19666193,0.0001653
4936,23,0.18789135,0.0001653
4937,23,0.17262582,0.0001654
4938,23,0.17876145,0.0001654
4939,23,0.14890340,0.0001654
4940,23,0.18418199,0.0001655
4941,23,0.20913057,0.0001655
4942,23,0.18328212,0.0001655
4943,23,0.18632147,0.0001656
4944,23,0.17050269,0.0001656
4945,23,0.20022254,0.0001656
4946,23,0.17944090,0.0001657
4947,23,0.17291611,0.0001657
4948,23,0.19888756,0.0001657
4949,23,0.17749493,0.0001658
4950,23,0.17496613,0.0001658
4951,23,0.20510153,0.0001658
4952,23,0.18306208,0.0001659
4953,23,0.16728178,0.0001659
4954,23,0.17477386,0.0001659
4955,23,0.21285558,0.000166
4956,23,0.16489521,0.000166
4957,23,0.16244173,0.000166
4958,23,0.21364383,0.0001661
4959,23,0.18541634,0.0001661
4960,23,0.19568989,0.0001661
4961,23,0.19108176,0.0001662
4962,23,0.18136787,0.0001662
4963,23,0.20804588,0.0001662
4964,23,0.16706631,0.0001663
4965,23,0.17420259,0.0001663
4966,23,0.21149907,0.0001663
4967,23,0.19655894,0.0001664
4968,23,0.18886685,0.0001664
4969,23,0.15799755,0.0001664
4970,23,0.19612500,0.0001665
4971,23,0.16815263,0.0001665
4972,23,0.17293768,0.0001665
4973,23,0.15123641,0.0001666
4974,23,0.23259370,0.0001666
4975,23,0.18035623,0.0001666
4976,23,0.19070384,0.0001667
4977,23,0.19743642,0.0001667
4978,23,0.22070003,0.0001667
4979,23,0.16261631,0.0001668
4980,23,0.20248590,0.0001668
4981,23,0.19345510,0.0001668
4982,23,0.20290849,0.0001669
4983,23,0.18219832,0.0001669
4984,23,0.18116072,0.0001669
4985,23,0.19894829,0.000167
4986,23,0.20703660,0.000167
4987,23,0.15594529,0.000167
4988,23,0.21284437,0.0001671
4989,23,0.23133561,0.0001671
4990,23,0.20670378,0.0001671
4991,23,0.16184758,0.0001672
4992,23,0.17940125,0.0001672
4993,23,0.17217320,0.0001672
4994,23,0.14962757,0.0001673
4995,23,0.20100555,0.0001673
4996,23,0.18260217,0.0001673
4997,23,0.15241975,0.0001674
4998,23,0.22396319,0.0001674
4999,23,0.18398315,0.0001674
5000,23,0.16169238,0.0001675
5001,23,0.21258590,0.0001675
5002,23,0.20642346,0.0001675
5003,23,0.15856442,0.0001676
5004,23,0.15564571,0.0001676
5005,23,0.17166328,0.0001676
5006,23,0.18434589,0.0001677
5007,23,0.18344788,0.0001677
5008,23,0.15530948,0.0001677
5009,23,0.22234540,0.0001678
5010,23,0.18543050,0.0001678
5011,23,0.17455463,0.0001678
5012,23,0.16364366,0.0001679
5013,23,0.19935462,0.0001679
5014,23,0.17204148,0.0001679
5015,23,0.16113438,0.000168
5016,23,0.22375581,0.000168
5017,23,0.20013385,0.000168
5018,23,0.17055134,0.0001681
5019,23,0.16911319,0.0001681
5020,23,0.16451785,0.0001681
5021,23,0.13864750,0.0001682
5022,23,0.18355064,0.0001682
5023,23,0.15683857,0.0001682
5024,23,0.18952897,0.0001683
5025,23,0.19515507,0.0001683
5026,23,0.18747762,0.0001683
5027,23,0.18725137,0.0001684
5028,23,0.19733498,0.0001684
5029,23,0.19052951,0.0001684
5030,23,0.17073832,0.0001685
5031,23,0.18668860,0.0001685
5032,23,0.17563075,0.0001685
5033,23,0.16405420,0.0001686
5034,23,0.19160295,0.0001686
5035,23,0.15014583,0.0001686
5036,23,0.16286962,0.0001687
5037,23,0.20165317,0.0001687
5038,23,0.17742757,0.0001687
5039,23,0.16072157,0.0001688
5040,23,0.16737264,0.0001688
5041,23,0.17563777,0.0001688
5042,23,0.19734780,0.0001689
5043,23,0.19434547,0.0001689
5044,23,0.20822661,0.0001689
5045,23,0.22529094,0.000169
5046,23,0.19474487,0.000169
5047,23,0.18444696,0.000169
5048,23,0.17374358,0.0001691
5049,23,0.17728424,0.0001691
5050,23,0.19670837,0.0001691
5051,23,0.18742466,0.0001692
5052,23,0.17546436,0.0001692
5053,23,0.16932760,0.0001692
5054,23,0.15848808,0.0001693
5055,23,0.19675624,0.0001693
5056,23,0.18146658,0.0001693
5057,23,0.19299915,0.0001694
5058,23,0.18928520,0.0001694
5059,23,0.21662641,0.0001694
5060,23,0.16900000,0.0001695
5061,23,0.18701339,0.0001695
5062,23,0.15758343,0.0001695
5063,23,0.17196304,0.0001696
5064,23,0.15726057,0.0001696
5065,23,0.15674940,0.0001696
5066,23,0.22255544,0.0001697
5067,23,0.16442209,0.0001697
5068,23,0.15324521,0.0001697
5069,23,0.19551294,0.0001698
5070,23,0.23613390,0.0001698
5071,23,0.17433634,0.0001698
5072,23,0.18517606,0.0001699
5073,23,0.16632274,0.0001699
5074,23,0.17238103,0.0001699
5075,23,0.22837490,0.00017
5076,23,0.17717473,0.00017
5077,23,0.16328385,0.00017
5078,23,0.17179188,0.0001701
5079,23,0.16439678,0.0001701
5080,23,0.21546206,0.0001701
5081,23,0.15835926,0.0001702
5082,23,0.17996636,0.0001702
5083,23,0.14583851,0.0001702
5084,23,0.19969994,0.0001703
5085,23,0.20097277,0.0001703
5086,23,0.19281524,0.0001703
5087,23,0.16355352,0.0001704
5088,23,0.16426736,0.0001704
5089,23,0.16865355,0.0001704
5090,23,0.20994906,0.0001705
5091,23,0.19644523,0.0001705
5092,23,0.16464522,0.0001705
5093,23,0.17558655,0.0001706
5094,23,0.18653773,0.0001706
5095,23,0.18637872,0.0001706
5096,23,0.17586333,0.0001707
5097,23,0.18998383,0.0001707
5098,23,0.18527655,0.0001707
5099,23,0.23095116,0.0001708
5100,23,0.18700230,0.0001708
5101,23,0.15385586,0.0001708
5102,23,0.18219273,0.0001709
5103,23,0.17163894,0.0001709
5104,23,0.18277788,0.0001709
5105,23,0.19291382,0.000171
5106,23,0.20214689,0.000171
5107,23,0.16342732,0.000171
5108,23,0.15842825,0.0001711
5109,23,0.20289001,0.0001711
5110,23,0.17407827,0.0001711
5111,23,0.20344675,0.0001712
5112,23,0.16389887,0.0001712
5113,23,0.21941440,0.0001712
5114,23,0.17318724,0.0001713
5115,23,0.17021689,0.0001713
5116,23,0.20503139,0.0001713
5117,23,0.18628806,0.0001714
5118,23,0.17334956,0.0001714
5119,23,0.17490713,0.0001714
5120,23,0.20245430,0.0001715
5121,23,0.15204093,0.0001715
5122,23,0.21481535,0.0001715
5123,23,0.17732012,0.0001716
5124,23,0.19207576,0.0001716
5125,23,0.21015343,0.0001716
5126,23,0.16221383,0.0001717
5127,23,0.14007495,0.0001717
5128,23,0.15724480,0.0001717
5129,23,0.21301949,0.0001718
5130,23,0.22975622,0.0001718
5131,23,0.20903170,0.0001718
5132,23,0.19315688,0.0001719
5133,23,0.18478304,0.0001719
5134,23,0.18639061,0.0001719
5135,23,0.17091349,0.000172
5136,23,0.14334607,0.000172
5137,23,0.19038074,0.000172
5138,23,0.18058684,0.0001721
5139,23,0.15943286,0.0001721
5140,23,0.21482828,0.0001721
5141,23,0.13685706,0.0001722
5142,23,0.20379892,0.0001722
5143,23,0.19592321,0.0001722
5144,23,0.23001653,0.0001723
5145,23,0.17640531,0.0001723
5146,23,0.16974962,0.0001723
5147,23,0.22304814,0.0001724
5148,23,0.15251003,0.0001724
5149,23,0.19808730,0.0001724
5150,23,0.19152656,0.0001725
5151,23,0.21235582,0.0001725
5152,23,0.18311295,0.0001726
5153,24,0.17018974,0.0001726
5154,24,0.16707119,0.0001726
5155,24,0.19966996,0.0001727
5156,24,0.17967391,0.0001727
5157,24,0.16898605,0.0001727
5158,24,0.15343390,0.0001728
5159,24,0.15697753,0.0001728
5160,24,0.18174219,0.0001728
5161,24,0.16918324,0.0001729
5162,24,0.17927569,0.0001729
5163,24,0.16074000,0.0001729
5164,24,0.19192329,0.000173
5165,24,0.19626956,0.000173
5166,24,0.21175632,0.000173
5167,24,0.21439652,0.0001731
5168,24,0.16686895,0.0001731
5169,24,0.24386713,0.0001731
5170,24,0.18446621,0.0001732
5171,24,0.19379084,0.0001732
5172,24,0.18177591,0.0001732
5173,24,0.17966914,0.0001733
5174,24,0.17269199,0.0001733
5175,24,0.15553930,0.0001733
5176,24,0.20711380,0.0001734
5177,24,0.16109799,0.0001734
5178,24,0.18068627,0.0001734
5179,24,0.17192952,0.0001735
5180,24,0.15315549,0.0001735
5181,24,0.15480265,0.0001735
5182,24,0.20185392,0.0001736
5183,24,0.18171185,0.0001736
5184,24,0.15905207,0.0001736
5185,24,0.18434298,0.0001737
5186,24,0.15846002,0.0001737
5187,24,0.16766660,0.0001737
5188,24,0.16386101,0.0001738
5189,24,0.15673701,0.0001738
5190,24,0.19656762,0.0001738
5191,24,0.23872600,0.0001739
5192,24,0.17636721,0.0001739
5193,24,0.17340884,0.0001739
5194,24,0.17560825,0.000174
5195,24,0.17385289,0.000174
5196,24,0.17590128,0.000174
5197,24,0.16864491,0.0001741
5198,24,0.19958322,0.0001741
5199,24,0.18638247,0.0001741
5200,24,0.20338547,0.0001742
5201,24,0.23396063,0.0001742
5202,24,0.18676972,0.0001742
5203,24,0.15594593,0.0001743
5204,24,0.19135126,0.0001743
5205,24,0.18993136,0.0001743
5206,24,0.18894038,0.0001744
5207,24,0.13267343,0.0001744
5208,24,0.19583289,0.0001744
5209,24,0.22719102,0.0001745
5210,24,0.18459722,0.0001745
5211,24,0.18045765,0.0001745
5212,24,0.17009865,0.0001746
5213,24,0.19507769,0.0001746
5214,24,0.17377596,0.0001746
5215,24,0.16112837,0.0001747
5216,24,0.17205215,0.0001747
5217,24,0.18776569,0.0001747
5218,24,0.16077331,0.0001748
5219,24,0.17812869,0.0001748
5220,24,0.15895997,0.0001748
5221,24,0.15967461,0.0001749
5222,24,0.17007028,0.0001749
5223,24,0.16379160,0.0001749
5224,24,0.16639492,0.000175
5225,24,0.17995207,0.000175
5226,24,0.16447043,0.000175
5227,24,0.18874721,0.0001751
5228,24,0.17880711,0.0001751
5229,24,0.19157711,0.0001751
5230,24,0.18257496,0.0001752
5231,24,0.20780763,0.0001752
5232,24,0.17798182,0.0001752
5233,24,0.20194182,0.0001753
5234,24,0.20909265,0.0001753
5235,24,0.18978059,0.0001753
5236,24,0.17971897,0.0001754
5237,24,0.17273675,0.0001754
5238,24,0.20430458,0.0001754
5239,24,0.20230326,0.0001755
5240,24,0.18754098,0.0001755
5241,24,0.20113628,0.0001755
5242,24,0.19583881,0.0001756
5243,24,0.16234183,0.0001756
5244,24,0.19641602,0.0001756
5245,24,0.22244930,0.0001757
5246,24,0.19975996,0.0001757
5247,24,0.19063377,0.0001757
5248,24,0.17188659,0.0001758
5249,24,0.19418159,0.0001758
5250,24,0.16390733,0.0001758
5251,24,0.16769779,0.0001759
5252,24,0.19923124,0.0001759
5253,24,0.20120166,0.0001759
5254,24,0.23237380,0.000176
5255,24,0.21270618,0.000176
5256,24,0.15298963,0.000176
5257,24,0.19867265,0.0001761
5258,24,0.19901161,0.0001761
5259,24,0.18877886,0.0001761
5260,24,0.17486462,0.0001762
5261,24,0.22150275,0.0001762
5262,24,0.15631136,0.0001762
5263,24,0.24003929,0.0001763
5264,24,0.21676105,0.0001763
5265,24,0.16796182,0.0001763
5266,24,0.17028984,0.0001764
5267,24,0.18504238,0.0001764
5268,24,0.17863896,0.0001764
5269,24,0.15012518,0.0001765
5270,24,0.17592537,0.0001765
5271,24,0.20916718,0.0001765
5272,24,0.20645866,0.0001766
5273,24,0.18597791,0.0001766
5274,24,0.24964395,0.0001766
5275,24,0.17281836,0.0001767
5276,24,0.18708502,0.0001767
5277,24,0.18025140,0.0001767
5278,24,0.17539285,0.0001768
5279,24,0.15959808,0.0001768
5280,24,0.25411350,0.0001768
5281,24,0.23483352,0.0001769
5282,24,0.17395353,0.0001769
5283,24,0.20280850,0.0001769
5284,24,0.21409127,0.000177
5285,24,0.20374057,0.000177
5286,24,0.17945623,0.000177
5287,24,0.20514780,0.0001771
5288,24,0.22167158,0.0001771
5289,24,0.17884865,0.0001771
5290,24,0.14945285,0.0001772
5291,24,0.21445608,0.0001772
5292,24,0.20697789,0.0001772
5293,24,0.20220517,0.0001773
5294,24,0.20569706,0.0001773
5295,24,0.18202084,0.0001773
5296,24,0.24223888,0.0001774
5297,24,0.17607574,0.0001774
5298,24,0.17798868,0.0001774
5299,24,0.21875846,0.0001775
5300,24,0.19607234,0.0001775
5301,24,0.16557494,0.0001775
5302,24,0.17999133,0.0001776
5303,24,0.20148382,0.0001776
5304,24,0.20223443,0.0001776
5305,24,0.16370180,0.0001777
5306,24,0.19916719,0.0001777
5307,24,0.17189297,0.0001777
5308,24,0.15540664,0.0001778
5309,24,0.17853653,0.0001778
5310,24,0.17767279,0.0001778
5311,24,0.16467547,0.0001779
5312,24,0.21605587,0.0001779
5313,24,0.17261925,0.0001779
5314,24,0.18210006,0.000178
5315,24,0.17818305,0.000178
5316,24,0.15322474,0.000178
5317,24,0.19331834,0.0001781
5318,24,0.18989119,0.0001781
5319,24,0.17962280,0.0001781
5320,24,0.22141096,0.0001782
5321,24,0.20584965,0.0001782
5322,24,0.19143915,0.0001782
5323,24,0.17250985,0.0001783
5324,24,0.21951765,0.0001783
5325,24,0.15810421,0.0001783
5326,24,0.17896259,0.0001784
5327,24,0.19056889,0.0001784
5328,24,0.17542514,0.0001784
5329,24,0.17902808,0.0001785
5330,24,0.17378525,0.0001785
5331,24,0.18711327,0.0001785
5332,24,0.18451867,0.0001786
5333,24,0.19120464,0.0001786
5334,24,0.18811244,0.0001786
5335,24,0.17445318,0.0001787
5336,24,0.25033036,0.0001787
5337,24,0.19241899,0.0001787
5338,24,0.18282895,0.0001788
5339,24,0.20899461,0.0001788
5340,24,0.20996720,0.0001788
5341,24,0.18212645,0.0001789
5342,24,0.19343948,0.0001789
5343,24,0.21077064,0.0001789
5344,24,0.24763200,0.000179
5345,24,0.17684448,0.000179
5346,24,0.17038117,0.000179
5347,24,0.17900954,0.0001791
5348,24,0.20578222,0.0001791
5349,24,0.18195705,0.0001791
5350,24,0.17771873,0.0001792
5351,24,0.18304026,0.0001792
5352,24,0.20014212,0.0001792
5353,24,0.17594588,0.0001793
5354,24,0.16445152,0.0001793
5355,24,0.19169347,0.0001793
5356,24,0.19201486,0.0001794
5357,24,0.19127350,0.0001794
5358,24,0.19579718,0.0001794
5359,24,0.15592581,0.0001795
5360,24,0.18337941,0.0001795
5361,24,0.17408226,0.0001795
5362,24,0.17503339,0.0001796
5363,24,0.19146565,0.0001796
5364,24,0.16635679,0.0001796
5365,24,0.18436208,0.0001797
5366,24,0.16918211,0.0001797
5367,24,0.18097197,0.0001797
5368,24,0.18177502,0.0001798
5369,24,0.20361054,0.0001798
5370,24,0.19290130,0.0001798
5371,24,0.17320228,0.0001799
5372,24,0.16294181,0.0001799
5373,24,0.16894984,0.0001799
5374,24,0.18373704,0.00018
5375,24,0.28209591,0.00018
5376,24,0.16035500,0.0001801
5377,25,0.19224308,0.0001801
5378,25,0.17391822,0.0001801
5379,25,0.20821707,0.0001802
5380,25,0.20009512,0.0001802
5381,25,0.15070486,0.0001802
5382,25,0.17654715,0.0001803
5383,25,0.19511485,0.0001803
5384,25,0.18772738,0.0001803
5385,25,0.17992304,0.0001804
5386,25,0.16214858,0.0001804
5387,25,0.18093681,0.0001804
5388,25,0.19670527,0.0001805
5389,25,0.19916523,0.0001805
5390,25,0.23395292,0.0001805
5391,25,0.18783644,0.0001806
5392,25,0.15623069,0.0001806
5393,25,0.19400433,0.0001806
5394,25,0.19685110,0.0001807
5395,25,0.17610845,0.0001807
5396,25,0.14652281,0.0001807
5397,25,0.19308743,0.0001808
5398,25,0.17520249,0.0001808
5399,25,0.19189700,0.0001808
5400,25,0.14967532,0.0001809
5401,25,0.19952196,0.0001809
5402,25,0.16217326,0.0001809
5403,25,0.22476232,0.000181
5404,25,0.15288031,0.000181
5405,25,0.21327615,0.000181
5406,25,0.17807561,0.0001811
5407,25,0.14880346,0.0001811
5408,25,0.21350703,0.0001811
5409,25,0.18498027,0.0001812
5410,25,0.23015231,0.0001812
5411,25,0.20527577,0.0001812
5412,25,0.17634329,0.0001813
5413,25,0.18474011,0.0001813
5414,25,0.17075229,0.0001813
5415,25,0.14244595,0.0001814
5416,25,0.18018727,0.0001814
5417,25,0.16034235,0.0001814
5418,25,0.17970312,0.0001815
5419,25,0.18261823,0.0001815
5420,25,0.16482148,0.0001815
5421,25,0.20096324,0.0001816
5422,25,0.22001237,0.0001816
5423,25,0.22745065,0.0001816
5424,25,0.15825257,0.0001817
5425,25,0.17339081,0.0001817
5426,25,0.17784898,0.0001817
5427,25,0.16002035,0.0001818
5428,25,0.22396736,0.0001818
5429,25,0.16658577,0.0001818
5430,25,0.16998789,0.0001819
5431,25,0.14959471,0.0001819
5432,25,0.19924906,0.0001819
5433,25,0.20991570,0.000182
5434,25,0.18072629,0.000182
5435,25,0.16267601,0.000182
5436,25,0.17505836,0.0001821
5437,25,0.19592622,0.0001821
5438,25,0.14918992,0.0001821
5439,25,0.18046884,0.0001822
5440,25,0.21493334,0.0001822
5441,25,0.19320188,0.0001822
5442,25,0.20447609,0.0001823
5443,25,0.15949658,0.0001823
5444,25,0.19743010,0.0001823
5445,25,0.16797738,0.0001824
5446,25,0.19238077,0.0001824
5447,25,0.17123193,0.0001824
5448,25,0.15711392,0.0001825
5449,25,0.18873811,0.0001825
5450,25,0.17048578,0.0001825
5451,25,0.19479071,0.0001826
5452,25,0.18594599,0.0001826
5453,25,0.17565069,0.0001826
5454,25,0.20514286,0.0001827
5455,25,0.17507723,0.0001827
5456,25,0.15742011,0.0001827
5457,25,0.16197918,0.0001828
5458,25,0.18478613,0.0001828
5459,25,0.19178669,0.0001828
5460,25,0.17350197,0.0001829
5461,25,0.14099236,0.0001829
5462,25,0.15303826,0.0001829
5463,25,0.21587324,0.000183
5464,25,0.18751565,0.000183
5465,25,0.17736945,0.000183
5466,25,0.20192355,0.0001831
5467,25,0.17595093,0.0001831
5468,25,0.16101001,0.0001831
5469,25,0.19249640,0.0001832
5470,25,0.16460189,0.0001832
5471,25,0.14377342,0.0001832
5472,25,0.15125456,0.0001833
5473,25,0.27399236,0.0001833
5474,25,0.16345116,0.0001833
5475,25,0.17971766,0.0001834
5476,25,0.20133317,0.0001834
5477,25,0.20591030,0.0001834
5478,25,0.18707141,0.0001835
5479,25,0.15242371,0.0001835
5480,25,0.17373709,0.0001835
5481,25,0.20480996,0.0001836
5482,25,0.19092762,0.0001836
5483,25,0.17122035,0.0001836
5484,25,0.19569695,0.0001837
5485,25,0.20295978,0.0001837
5486,25,0.17951594,0.0001837
5487,25,0.17666066,0.0001838
5488,25,0.17497377,0.0001838
5489,25,0.16702351,0.0001838
5490,25,0.20986643,0.0001839
5491,25,0.17468095,0.0001839
5492,25,0.20321362,0.0001839
5493,25,0.15613817,0.000184
5494,25,0.17603445,0.000184
5495,25,0.19655001,0.000184
5496,25,0.15059888,0.0001841
5497,25,0.16413842,0.0001841
5498,25,0.20843796,0.0001841
5499,25,0.17923427,0.0001842
5500,25,0.19923100,0.0001842
5501,25,0.24433605,0.0001842
5502,25,0.16335072,0.0001843
5503,25,0.17481551,0.0001843
5504,25,0.20220199,0.0001843
5505,25,0.19830462,0.0001844
5506,25,0.18167990,0.0001844
5507,25,0.17962627,0.0001844
5508,25,0.17949629,0.0001845
5509,25,0.17322132,0.0001845
5510,25,0.20072012,0.0001845
5511,25,0.17476740,0.0001846
5512,25,0.18161055,0.0001846
5513,25,0.19378737,0.0001846
5514,25,0.17498851,0.0001847
5515,25,0.19286725,0.0001847
5516,25,0.22240800,0.0001847
5517,25,0.16528091,0.0001848
5518,25,0.16221890,0.0001848
5519,25,0.14108995,0.0001848
5520,25,0.16260698,0.0001849
5521,25,0.15023276,0.0001849
5522,25,0.24969146,0.0001849
5523,25,0.20259115,0.000185
5524,25,0.20226966,0.000185
5525,25,0.16169658,0.000185
5526,25,0.17573616,0.0001851
5527,25,0.15641311,0.0001851
5528,25,0.22938812,0.0001851
5529,25,0.20519046,0.0001852
5530,25,0.22113375,0.0001852
5531,25,0.18285462,0.0001852
5532,25,0.18297365,0.0001853
5533,25,0.14892350,0.0001853
5534,25,0.24622449,0.0001853
5535,25,0.18719456,0.0001854
5536,25,0.20600757,0.0001854
5537,25,0.24745411,0.0001854
5538,25,0.15931132,0.0001855
5539,25,0.19182579,0.0001855
5540,25,0.17843132,0.0001855
5541,25,0.19264691,0.0001856
5542,25,0.19239049,0.0001856
5543,25,0.18143521,0.0001856
5544,25,0.19966859,0.0001857
5545,25,0.22939381,0.0001857
5546,25,0.19751045,0.0001857
5547,25,0.19992554,0.0001858
5548,25,0.18351112,0.0001858
5549,25,0.16865091,0.0001858
5550,25,0.18787655,0.0001859
5551,25,0.20234124,0.0001859
5552,25,0.19316292,0.0001859
5553,25,0.18852973,0.000186
5554,25,0.19705710,0.000186
5555,25,0.15330939,0.000186
5556,25,0.18305914,0.0001861
5557,25,0.20838106,0.0001861
5558,25,0.18153024,0.0001861
5559,25,0.18722567,0.0001862
5560,25,0.16051629,0.0001862
5561,25,0.15185216,0.0001862
5562,25,0.18937355,0.0001863
5563,25,0.17534547,0.0001863
5564,25,0.16180062,0.0001863
5565,25,0.15106492,0.0001864
5566,25,0.14801656,0.0001864
5567,25,0.18303820,0.0001864
5568,25,0.16530409,0.0001865
5569,25,0.18294379,0.0001865
5570,25,0.14918481,0.0001865
5571,25,0.19459455,0.0001866
5572,25,0.23078966,0.0001866
5573,25,0.15103598,0.0001866
5574,25,0.17750451,0.0001867
5575,25,0.19849114,0.0001867
5576,25,0.17097752,0.0001867
5577,25,0.18008369,0.0001868
5578,25,0.17120121,0.0001868
5579,25,0.17019036,0.0001868
5580,25,0.16074280,0.0001869
5581,25,0.15864757,0.0001869
5582,25,0.18231362,0.0001869
5583,25,0.21333310,0.000187
5584,25,0.18355554,0.000187
5585,25,0.20013802,0.000187
5586,25,0.17777085,0.0001871
5587,25,0.18561646,0.0001871
5588,25,0.20862143,0.0001871
5589,25,0.17701821,0.0001872
5590,25,0.21415520,0.0001872
5591,25,0.16335936,0.0001872
5592,25,0.17513329,0.0001873
5593,25,0.19812050,0.0001873
5594,25,0.19562495,0.0001873
5595,25,0.21772400,0.0001874
5596,25,0.20903765,0.0001874
5597,25,0.18079434,0.0001874
5598,25,0.14764693,0.0001875
5599,25,0.19876167,0.0001875
5600,25,0.17715690,0.0001876
5601,26,0.22300041,0.0001876
5602,26,0.17009291,0.0001876
5603,26,0.18790910,0.0001877
5604,26,0.21352947,0.0001877
5605,26,0.16903445,0.0001877
5606,26,0.18530695,0.0001878
5607,26,0.18739808,0.0001878
5608,26,0.17508700,0.0001878
5609,26,0.18080208,0.0001879
5610,26,0.16469902,0.0001879
5611,26,0.16614430,0.0001879
5612,26,0.20068304,0.000188
5613,26,0.17906754,0.000188
5614,26,0.14420474,0.000188
5615,26,0.17106675,0.0001881
5616,26,0.15710677,0.0001881
5617,26,0.18365084,0.0001881
5618,26,0.18207622,0.0001882
5619,26,0.18001454,0.0001882
5620,26,0.17774847,0.0001882
5621,26,0.17849872,0.0001883
5622,26,0.18118362,0.0001883
5623,26,0.16805999,0.0001883
5624,26,0.19615054,0.0001884
5625,26,0.17593585,0.0001884
5626,26,0.17742305,0.0001884
5627,26,0.18269770,0.0001885
5628,26,0.17885731,0.0001885
5629,26,0.19156432,0.0001885
5630,26,0.16461545,0.0001886
5631,26,0.16969284,0.0001886
5632,26,0.17948881,0.0001886
5633,26,0.18815356,0.0001887
5634,26,0.20368068,0.0001887
5635,26,0.21130094,0.0001887
5636,26,0.16127467,0.0001888
5637,26,0.18027982,0.0001888
5638,26,0.14660719,0.0001888
5639,26,0.15667745,0.0001889
5640,26,0.15973264,0.0001889
5641,26,0.16365054,0.0001889
5642,26,0.20582604,0.000189
5643,26,0.16927688,0.000189
5644,26,0.19392309,0.000189
5645,26,0.15731172,0.0001891
5646,26,0.15459764,0.0001891
5647,26,0.21106999,0.0001891
5648,26,0.19220352,0.0001892
5649,26,0.17670989,0.0001892
5650,26,0.20368294,0.0001892
5651,26,0.19082479,0.0001893
5652,26,0.19979112,0.0001893
5653,26,0.16746859,0.0001893
5654,26,0.19047098,0.0001894
5655,26,0.15337053,0.0001894
5656,26,0.16313046,0.0001894
5657,26,0.15055448,0.0001895
5658,26,0.16244476,0.0001895
5659,26,0.16243984,0.0001895
5660,26,0.20895502,0.0001896
5661,26,0.15207875,0.0001896
5662,26,0.20741171,0.0001896
5663,26,0.18123111,0.0001897
5664,26,0.18492083,0.0001897
5665,26,0.19237117,0.0001897
5666,26,0.17954969,0.0001898
5667,26,0.21590921,0.0001898
5668,26,0.21423082,0.0001898
5669,26,0.16659775,0.0001899
5670,26,0.18006596,0.0001899
5671,26,0.18120080,0.0001899
5672,26,0.21807623,0.00019
5673,26,0.18237829,0.00019
5674,26,0.18907687,0.00019
5675,26,0.17532828,0.0001901
5676,26,0.20017040,0.0001901
5677,26,0.16755205,0.0001901
5678,26,0.22673905,0.0001902
5679,26,0.18726651,0.0001902
5680,26,0.17059903,0.0001902
5681,26,0.13159549,0.0001903
5682,26,0.15131550,0.0001903
5683,26,0.16244319,0.0001903
5684,26,0.17252538,0.0001904
5685,26,0.17895091,0.0001904
5686,26,0.18534344,0.0001904
5687,26,0.22760348,0.0001905
5688,26,0.16506298,0.0001905
5689,26,0.18287981,0.0001905
5690,26,0.20152992,0.0001906
5691,26,0.18083274,0.0001906
5692,26,0.19511783,0.0001906
5693,26,0.16151966,0.0001907
5694,26,0.19063115,0.0001907
5695,26,0.15014407,0.0001907
5696,26,0.17583095,0.0001908
5697,26,0.17884016,0.0001908
5698,26,0.17845206,0.0001908
5699,26,0.19127953,0.0001909
5700,26,0.16261372,0.0001909
5701,26,0.18708909,0.0001909
5702,26,0.19358921,0.000191
5703,26,0.16559342,0.000191
5704,26,0.17340168,0.000191
5705,26,0.19850151,0.0001911
5706,26,0.16433248,0.0001911
5707,26,0.17351279,0.0001911
5708,26,0.22120583,0.0001912
5709,26,0.16776228,0.0001912
5710,26,0.21035986,0.0001912
5711,26,0.16626357,0.0001913
5712,26,0.18044120,0.0001913
5713,26,0.15352307,0.0001913
5714,26,0.16325819,0.0001914
5715,26,0.18316112,0.0001914
5716,26,0.15438348,0.0001914
5717,26,0.14981708,0.0001915
5718,26,0.16313085,0.0001915
5719,26,0.15982351,0.0001915
5720,26,0.17606613,0.0001916
5721,26,0.18259095,0.0001916
5722,26,0.19097984,0.0001916
5723,26,0.18431664,0.0001917
5724,26,0.16530150,0.0001917
5725,26,0.18773554,0.0001917
5726,26,0.21307838,0.0001918
5727,26,0.19876349,0.0001918
5728,26,0.18627231,0.0001918
5729,26,0.17105627,0.0001919
5730,26,0.15526898,0.0001919
5731,26,0.16035269,0.0001919
5732,26,0.17127925,0.000192
5733,26,0.18249211,0.000192
5734,26,0.19084474,0.000192
5735,26,0.17742372,0.0001921
5736,26,0.19613576,0.0001921
5737,26,0.21301901,0.0001921
5738,26,0.16111922,0.0001922
5739,26,0.17613892,0.0001922
5740,26,0.25319412,0.0001922
5741,26,0.19506887,0.0001923
5742,26,0.19117990,0.0001923
5743,26,0.20177463,0.0001923
5744,26,0.17807624,0.0001924
5745,26,0.18600821,0.0001924
5746,26,0.19280808,0.0001924
5747,26,0.18292937,0.0001925
5748,26,0.16444144,0.0001925
5749,26,0.18713760,0.0001925
5750,26,0.17946735,0.0001926
5751,26,0.17095423,0.0001926
5752,26,0.19861555,0.0001926
5753,26,0.17774656,0.0001927
5754,26,0.20211434,0.0001927
5755,26,0.16686372,0.0001927
5756,26,0.18330973,0.0001928
5757,26,0.19620459,0.0001928
5758,26,0.16277042,0.0001928
5759,26,0.20111589,0.0001929
5760,26,0.16212246,0.0001929
5761,26,0.20248310,0.0001929
5762,26,0.17568283,0.000193
5763,26,0.15564424,0.000193
5764,26,0.17910735,0.000193
5765,26,0.16251874,0.0001931
5766,26,0.15998641,0.0001931
5767,26,0.16218005,0.0001931
5768,26,0.15933764,0.0001932
5769,26,0.14109996,0.0001932
5770,26,0.18451503,0.0001932
5771,26,0.22327952,0.0001933
5772,26,0.17450058,0.0001933
5773,26,0.16991745,0.0001933
5774,26,0.18260774,0.0001934
5775,26,0.21159099,0.0001934
5776,26,0.14483395,0.0001934
5777,26,0.15882824,0.0001935
5778,26,0.16613178,0.0001935
5779,26,0.18830121,0.0001935
5780,26,0.16671729,0.0001936
5781,26,0.20038567,0.0001936
5782,26,0.21167390,0.0001936
5783,26,0.20303142,0.0001937
5784,26,0.17563403,0.0001937
5785,26,0.17244288,0.0001937
5786,26,0.17417991,0.0001938
5787,26,0.18600917,0.0001938
5788,26,0.20413518,0.0001938
5789,26,0.16885620,0.0001939
5790,26,0.16811733,0.0001939
5791,26,0.17415868,0.0001939
5792,26,0.20860219,0.000194
5793,26,0.14785281,0.000194
5794,26,0.15550220,0.000194
5795,26,0.14600722,0.0001941
5796,26,0.16493975,0.0001941
5797,26,0.17932831,0.0001941
5798,26,0.18983966,0.0001942
5799,26,0.18710956,0.0001942
5800,26,0.17681050,0.0001942
5801,26,0.16935742,0.0001943
5802,26,0.14673811,0.0001943
5803,26,0.19882362,0.0001943
5804,26,0.18983468,0.0001944
5805,26,0.21211168,0.0001944
5806,26,0.20120534,0.0001944
5807,26,0.17603827,0.0001945
5808,26,0.16546452,0.0001945
5809,26,0.20127617,0.0001945
5810,26,0.20438489,0.0001946
5811,26,0.20605962,0.0001946
5812,26,0.16440171,0.0001946
5813,26,0.18417609,0.0001947
5814,26,0.18133663,0.0001947
5815,26,0.18166992,0.0001947
5816,26,0.16668594,0.0001948
5817,26,0.20890743,0.0001948
5818,26,0.20394453,0.0001948
5819,26,0.22170249,0.0001949
5820,26,0.18887703,0.0001949
5821,26,0.17899248,0.0001949
5822,26,0.19502044,0.000195
5823,26,0.15821527,0.000195
5824,26,0.17964040,0.0001951
5825,27,0.19181219,0.0001951
5826,27,0.15031075,0.0001951
5827,27,0.17870820,0.0001952
5828,27,0.19450665,0.0001952
5829,27,0.18592495,0.0001952
5830,27,0.17910776,0.0001953
5831,27,0.21195619,0.0001953
5832,27,0.20072815,0.0001953
5833,27,0.18170810,0.0001954
5834,27,0.17791753,0.0001954
5835,27,0.17067945,0.0001954
5836,27,0.14325316,0.0001955
5837,27,0.17032155,0.0001955
5838,27,0.19315302,0.0001955
5839,27,0.17938136,0.0001956
5840,27,0.21688604,0.0001956
5841,27,0.20474777,0.0001956
5842,27,0.17765002,0.0001957
5843,27,0.18395022,0.0001957
5844,27,0.19275253,0.0001957
5845,27,0.16522306,0.0001958
5846,27,0.19037329,0.0001958
5847,27,0.15147290,0.0001958
5848,27,0.15972435,0.0001959
5849,27,0.17755753,0.0001959
5850,27,0.17382173,0.0001959
5851,27,0.16720989,0.000196
5852,27,0.21991941,0.000196
5853,27,0.20102064,0.000196
5854,27,0.18677199,0.0001961
5855,27,0.17745279,0.0001961
5856,27,0.18475693,0.0001961
5857,27,0.20558350,0.0001962
5858,27,0.18316448,0.0001962
5859,27,0.14012085,0.0001962
5860,27,0.17279482,0.0001963
5861,27,0.17974037,0.0001963
5862,27,0.15083894,0.0001963
5863,27,0.17084453,0.0001964
5864,27,0.17953253,0.0001964
5865,27,0.19615370,0.0001964
5866,27,0.15725841,0.0001965
5867,27,0.19755970,0.0001965
5868,27,0.15689567,0.0001965
5869,27,0.16513792,0.0001966
5870,27,0.15893634,0.0001966
5871,27,0.19358742,0.0001966
5872,27,0.21822409,0.0001967
5873,27,0.21102414,0.0001967
5874,27,0.19293031,0.0001967
5875,27,0.16571522,0.0001968
5876,27,0.19319211,0.0001968
5877,27,0.20849431,0.0001968
5878,27,0.19542865,0.0001969
5879,27,0.14833187,0.0001969
5880,27,0.19081423,0.0001969
5881,27,0.20606211,0.000197
5882,27,0.18364498,0.000197
5883,27,0.17719512,0.000197
5884,27,0.15766943,0.0001971
5885,27,0.19662902,0.0001971
5886,27,0.16980135,0.0001971
5887,27,0.17028630,0.0001972
5888,27,0.16370983,0.0001972
5889,27,0.16782209,0.0001972
5890,27,0.16007993,0.0001973
5891,27,0.21194319,0.0001973
5892,27,0.19656867,0.0001973
5893,27,0.18058942,0.0001974
5894,27,0.16506746,0.0001974
5895,27,0.17634249,0.0001974
5896,27,0.19021708,0.0001975
5897,27,0.17093918,0.0001975
5898,27,0.19073521,0.0001975
5899,27,0.22090583,0.0001976
5900,27,0.19114944,0.0001976
5901,27,0.15759894,0.0001976
5902,27,0.14822416,0.0001977
5903,27,0.21405225,0.0001977
5904,27,0.17744294,0.0001977
5905,27,0.21991961,0.0001978
5906,27,0.14633547,0.0001978
5907,27,0.16554576,0.0001978
5908,27,0.20837069,0.0001979
5909,27,0.19589762,0.0001979
5910,27,0.17342031,0.0001979
5911,27,0.17650130,0.000198
5912,27,0.16190544,0.000198
5913,27,0.13860689,0.000198
5914,27,0.24590918,0.0001981
5915,27,0.17848000,0.0001981
5916,27,0.19718432,0.0001981
5917,27,0.17299943,0.0001982
5918,27,0.17899255,0.0001982
5919,27,0.16156907,0.0001982
5920,27,0.22842392,0.0001983
5921,27,0.19659798,0.0001983
5922,27,0.15585147,0.0001983
5923,27,0.22685438,0.0001984
5924,27,0.18305194,0.0001984
5925,27,0.19142185,0.0001984
5926,27,0.19179192,0.0001985
5927,27,0.21683702,0.0001985
5928,27,0.15547249,0.0001985
5929,27,0.17875692,0.0001986
5930,27,0.17742550,0.0001986
5931,27,0.16514094,0.0001986
5932,27,0.17376380,0.0001987
5933,27,0.20227800,0.0001987
5934,27,0.17748635,0.0001987
5935,27,0.17304814,0.0001988
5936,27,0.18473898,0.0001988
5937,27,0.16201121,0.0001988
5938,27,0.21793163,0.0001989
5939,27,0.16861126,0.0001989
5940,27,0.16941462,0.0001989
5941,27,0.19169068,0.000199
5942,27,0.16619943,0.000199
5943,27,0.20519488,0.000199
5944,27,0.23445281,0.0001991
5945,27,0.17507723,0.0001991
5946,27,0.17567645,0.0001991
5947,27,0.14449754,0.0001992
5948,27,0.16642474,0.0001992
5949,27,0.18226263,0.0001992
5950,27,0.21670115,0.0001993
5951,27,0.15092325,0.0001993
5952,27,0.14205790,0.0001993
5953,27,0.19238679,0.0001994
5954,27,0.18608734,0.0001994
5955,27,0.20206702,0.0001994
5956,27,0.17047057,0.0001995
5957,27,0.15597993,0.0001995
5958,27,0.18137804,0.0001995
5959,27,0.17957687,0.0001996
5960,27,0.15885967,0.0001996
5961,27,0.19663207,0.0001996
5962,27,0.21185105,0.0001997
5963,27,0.16019475,0.0001997
5964,27,0.16398102,0.0001997
5965,27,0.15058988,0.0001998
5966,27,0.15646568,0.0001998
5967,27,0.15556136,0.0001998
5968,27,0.13692346,0.0001999
5969,27,0.18238696,0.0001999
5970,27,0.18346748,0.0001999
5971,27,0.13311112,0.0002
5972,27,0.17105630,0.0002
5973,27,0.15920743,0.0002
5974,27,0.17222592,0.0002
5975,27,0.16673139,0.0002
5976,27,0.15892792,0.0002
5977,27,0.14891891,0.0002
5978,27,0.14855585,0.0002
5979,27,0.15827543,0.0002
5980,27,0.16279460,0.0002
5981,27,0.19551226,0.0002
5982,27,0.15897155,0.0002
5983,27,0.18685375,0.00019999999
5984,27,0.18512432,0.00019999999
5985,27,0.19886187,0.00019999999
5986,27,0.18239516,0.00019999998
5987,27,0.18273222,0.00019999998
5988,27,0.16500762,0.00019999998
5989,27,0.18396096,0.00019999997
5990,27,0.19283883,0.00019999997
5991,27,0.17048046,0.00019999997
5992,27,0.15878606,0.00019999996
5993,27,0.13285398,0.00019999996
5994,27,0.20695814,0.00019999996
5995,27,0.15201229,0.00019999994
5996,27,0.13151187,0.00019999994
5997,27,0.18628800,0.00019999994
5998,27,0.15809603,0.00019999992
5999,27,0.15354565,0.00019999992
6000,27,0.18595320,0.00019999992
6001,27,0.14564782,0.0001999999
6002,27,0.16222575,0.0001999999
6003,27,0.17586836,0.0001999999
6004,27,0.15695757,0.00019999988
6005,27,0.16345949,0.00019999988
6006,27,0.22879700,0.00019999988
6007,27,0.15610549,0.00019999986
6008,27,0.17751384,0.00019999986
6009,27,0.19162242,0.00019999986
6010,27,0.21304098,0.00019999983
6011,27,0.21605235,0.00019999983
6012,27,0.19385540,0.00019999983
6013,27,0.19880110,0.0001999998
6014,27,0.17154233,0.0001999998
6015,27,0.18409252,0.0001999998
6016,27,0.17709832,0.00019999977
6017,27,0.14873385,0.00019999977
6018,27,0.18208849,0.00019999977
6019,27,0.18850957,0.00019999973
6020,27,0.18120323,0.00019999973
6021,27,0.16472900,0.00019999973
6022,27,0.16772084,0.0001999997
6023,27,0.19705527,0.0001999997
6024,27,0.23584461,0.0001999997
6025,27,0.15354760,0.00019999966
6026,27,0.17377281,0.00019999966
6027,27,0.16341405,0.00019999966
6028,27,0.21412061,0.00019999962
6029,27,0.16849828,0.00019999962
6030,27,0.17354500,0.00019999962
6031,27,0.17616920,0.00019999957
6032,27,0.14496636,0.00019999957
6033,27,0.16954544,0.00019999957
6034,27,0.21278644,0.00019999953
6035,27,0.17880818,0.00019999953
6036,27,0.16160618,0.00019999953
6037,27,0.18668197,0.00019999948
6038,27,0.17889301,0.00019999948
6039,27,0.14975977,0.00019999948
6040,27,0.16091578,0.00019999943
6041,27,0.14271717,0.00019999943
6042,27,0.16571017,0.00019999943
6043,27,0.17374818,0.00019999937
6044,27,0.17207783,0.00019999937
6045,27,0.18482552,0.00019999937
6046,27,0.16768955,0.00019999932
6047,27,0.18967417,0.00019999932
6048,27,0.19609502,0.00019999926
6049,28,0.18355523,0.00019999926
6050,28,0.16472358,0.00019999926
6051,28,0.15560898,0.0001999992
6052,28,0.17965773,0.0001999992
6053,28,0.18037397,0.0001999992
6054,28,0.18671310,0.00019999914
6055,28,0.17641436,0.00019999914
6056,28,0.18422619,0.00019999914
6057,28,0.18932343,0.00019999907
6058,28,0.16208428,0.00019999907
6059,28,0.21668820,0.00019999907
6060,28,0.17385098,0.000199999
6061,28,0.23843986,0.000199999
6062,28,0.16189840,0.000199999
6063,28,0.19075638,0.00019999893
6064,28,0.20670471,0.00019999893
6065,28,0.17182088,0.00019999893
6066,28,0.15877649,0.00019999886
6067,28,0.18015942,0.00019999886
6068,28,0.17912683,0.00019999886
6069,28,0.14707212,0.00019999879
6070,28,0.16835797,0.00019999879
6071,28,0.18272674,0.00019999879
6072,28,0.15877445,0.00019999871
6073,28,0.18581133,0.00019999871
6074,28,0.19403112,0.00019999871
6075,28,0.17189334,0.00019999863
6076,28,0.15064190,0.00019999863
6077,28,0.16198096,0.00019999863
6078,28,0.18189454,0.00019999855
6079,28,0.17357795,0.00019999855
6080,28,0.16086122,0.00019999855
6081,28,0.13867798,0.00019999846
6082,28,0.17469129,0.00019999846
6083,28,0.16491970,0.00019999846
6084,28,0.17017841,0.00019999838
6085,28,0.20148286,0.00019999838
6086,28,0.14482906,0.00019999838
6087,28,0.16445935,0.00019999829
6088,28,0.18586759,0.00019999829
6089,28,0.17259006,0.00019999829
6090,28,0.18345839,0.0001999982
6091,28,0.14779456,0.0001999982
6092,28,0.16413456,0.0001999982
6093,28,0.17359591,0.0001999981
6094,28,0.17088108,0.0001999981
6095,28,0.15528059,0.0001999981
6096,28,0.18716124,0.00019999801
6097,28,0.19822311,0.00019999801
6098,28,0.19345984,0.00019999801
6099,28,0.16054973,0.00019999791
6100,28,0.16766527,0.00019999791
6101,28,0.18254411,0.00019999791
6102,28,0.17293763,0.00019999781
6103,28,0.19225763,0.00019999781
6104,28,0.16847849,0.00019999781
6105,28,0.16063206,0.0001999977
6106,28,0.18585142,0.0001999977
6107,28,0.13739827,0.0001999977
6108,28,0.18115470,0.0001999976
6109,28,0.18489242,0.0001999976
6110,28,0.17112985,0.0001999976
6111,28,0.18016359,0.00019999749
6112,28,0.14662170,0.00019999749
6113,28,0.19339034,0.00019999749
6114,28,0.17303573,0.00019999738
6115,28,0.18724653,0.00019999738
6116,28,0.14839505,0.00019999738
6117,28,0.17801118,0.00019999727
6118,28,0.16764025,0.00019999727
6119,28,0.19489782,0.00019999727
6120,28,0.20650086,0.00019999715
6121,28,0.15724911,0.00019999715
6122,28,0.15700153,0.00019999715
6123,28,0.18585595,0.00019999704
6124,28,0.15540801,0.00019999704
6125,28,0.19247501,0.00019999704
6126,28,0.18763624,0.00019999692
6127,28,0.15000308,0.00019999692
6128,28,0.20652163,0.00019999692
6129,28,0.17861342,0.00019999679
6130,28,0.20149831,0.00019999679
6131,28,0.15914765,0.00019999679
6132,28,0.14375120,0.00019999667
6133,28,0.15595576,0.00019999667
6134,28,0.17360756,0.00019999667
6135,28,0.20002739,0.00019999654
6136,28,0.16264516,0.00019999654
6137,28,0.17082986,0.00019999654
6138,28,0.15464072,0.00019999641
6139,28,0.18408184,0.00019999641
6140,28,0.17341936,0.00019999641
6141,28,0.15936288,0.00019999628
6142,28,0.15315941,0.00019999628
6143,28,0.15369502,0.00019999628
6144,28,0.21597171,0.00019999615
6145,28,0.17028549,0.00019999615
6146,28,0.16243336,0.00019999615
6147,28,0.20096764,0.00019999601
6148,28,0.15864566,0.00019999601
6149,28,0.17615044,0.00019999601
6150,28,0.20008485,0.00019999587
6151,28,0.16520418,0.00019999587
6152,28,0.21391690,0.00019999587
6153,28,0.16746044,0.00019999573
6154,28,0.19431996,0.00019999573
6155,28,0.15147801,0.00019999573
6156,28,0.17684618,0.00019999559
6157,28,0.16701585,0.00019999559
6158,28,0.17109904,0.00019999559
6159,28,0.17259142,0.00019999544
6160,28,0.18261817,0.00019999544
6161,28,0.18479428,0.00019999544
6162,28,0.18205392,0.00019999529
6163,28,0.19494712,0.00019999529
6164,28,0.17579371,0.00019999529
6165,28,0.19840503,0.00019999514
6166,28,0.18328914,0.00019999514
6167,28,0.18070173,0.00019999514
6168,28,0.18080366,0.00019999499
6169,28,0.18252876,0.00019999499
6170,28,0.17663229,0.00019999499
6171,28,0.22746855,0.00019999483
6172,28,0.16595718,0.00019999483
6173,28,0.17740187,0.00019999483
6174,28,0.21062200,0.00019999468
6175,28,0.18465662,0.00019999468
6176,28,0.17381971,0.00019999468
6177,28,0.15894336,0.00019999452
6178,28,0.15750605,0.00019999452
6179,28,0.17928973,0.00019999452
6180,28,0.16993618,0.00019999435
6181,28,0.19586140,0.00019999435
6182,28,0.20383494,0.00019999435
6183,28,0.16183135,0.00019999419
6184,28,0.16021614,0.00019999419
6185,28,0.21904707,0.00019999419
6186,28,0.17323086,0.00019999402
6187,28,0.16970304,0.00019999402
6188,28,0.23052338,0.00019999402
6189,28,0.23002981,0.00019999385
6190,28,0.19543001,0.00019999385
6191,28,0.16781637,0.00019999385
6192,28,0.17581901,0.00019999368
6193,28,0.14549927,0.00019999368
6194,28,0.16513738,0.00019999368
6195,28,0.16501257,0.00019999351
6196,28,0.16743794,0.00019999351
6197,28,0.15683554,0.00019999351
6198,28,0.20066790,0.00019999333
6199,28,0.16540992,0.00019999333
6200,28,0.18025860,0.00019999333
6201,28,0.16476893,0.00019999315
6202,28,0.16886729,0.00019999315
6203,28,0.14804763,0.00019999315
6204,28,0.16509786,0.00019999297
6205,28,0.19076550,0.00019999297
6206,28,0.22155207,0.00019999297
6207,28,0.19120364,0.00019999279
6208,28,0.17753816,0.00019999279
6209,28,0.19601582,0.00019999279
6210,28,0.18395582,0.0001999926
6211,28,0.18801627,0.0001999926
6212,28,0.19124505,0.0001999926
6213,28,0.18623862,0.00019999241
6214,28,0.16663769,0.00019999241
6215,28,0.17232987,0.00019999241
6216,28,0.21087651,0.00019999222
6217,28,0.16532335,0.00019999222
6218,28,0.19188981,0.00019999222
6219,28,0.18193440,0.00019999203
6220,28,0.13337323,0.00019999203
6221,28,0.19233243,0.00019999203
6222,28,0.19104970,0.00019999183
6223,28,0.19264548,0.00019999183
6224,28,0.17348687,0.00019999183
6225,28,0.17456679,0.00019999163
6226,28,0.17260635,0.00019999163
6227,28,0.14665304,0.00019999163
6228,28,0.15700898,0.00019999143
6229,28,0.16879213,0.00019999143
6230,28,0.16302304,0.00019999143
6231,28,0.18565786,0.00019999123
6232,28,0.17112815,0.00019999123
6233,28,0.15589131,0.00019999123
6234,28,0.16005795,0.00019999102
6235,28,0.15524034,0.00019999102
6236,28,0.16008119,0.00019999102
6237,28,0.15706930,0.00019999082
6238,28,0.16891468,0.00019999082
6239,28,0.20028584,0.00019999082
6240,28,0.17143439,0.00019999061
6241,28,0.19696370,0.00019999061
6242,28,0.17597270,0.00019999061
6243,28,0.17819326,0.0001999904
6244,28,0.16898113,0.0001999904
6245,28,0.17865872,0.0001999904
6246,28,0.20034818,0.00019999018
6247,28,0.17697094,0.00019999018
6248,28,0.16012371,0.00019999018
6249,28,0.20036559,0.00019998996
6250,28,0.13539498,0.00019998996
6251,28,0.16682848,0.00019998996
6252,28,0.17626292,0.00019998974
6253,28,0.15711027,0.00019998974
6254,28,0.19137655,0.00019998974
6255,28,0.19382522,0.00019998952
6256,28,0.17516077,0.00019998952
6257,28,0.19801323,0.00019998952
6258,28,0.15250807,0.0001999893
6259,28,0.16297448,0.0001999893
6260,28,0.15313458,0.0001999893
6261,28,0.19904320,0.00019998907
6262,28,0.19390267,0.00019998907
6263,28,0.18248211,0.00019998907
6264,28,0.16160277,0.00019998884
6265,28,0.18532167,0.00019998884
6266,28,0.18636887,0.00019998884
6267,28,0.20412418,0.00019998861
6268,28,0.17207240,0.00019998861
6269,28,0.17038296,0.00019998861
6270,28,0.19682841,0.00019998838
6271,28,0.19553910,0.00019998838
6272,28,0.18231021,0.00019998814
6273,29,0.19227329,0.00019998814
6274,29,0.21094310,0.00019998814
6275,29,0.17297328,0.0001999879
6276,29,0.15051100,0.0001999879
6277,29,0.18371765,0.0001999879
6278,29,0.16495119,0.00019998766
6279,29,0.14872424,0.00019998766
6280,29,0.15368222,0.00019998766
6281,29,0.19104445,0.00019998742
6282,29,0.16702616,0.00019998742
6283,29,0.16080712,0.00019998742
6284,29,0.18483254,0.00019998717
6285,29,0.17321925,0.00019998717
6286,29,0.19806169,0.00019998717
6287,29,0.15106583,0.00019998693
6288,29,0.17159919,0.00019998693
6289,29,0.19337213,0.00019998693
6290,29,0.18723071,0.00019998668
6291,29,0.16750664,0.00019998668
6292,29,0.19750169,0.00019998668
6293,29,0.15233098,0.00019998642
6294,29,0.15987515,0.00019998642
6295,29,0.17375159,0.00019998642
6296,29,0.16267794,0.00019998617
6297,29,0.15713024,0.00019998617
6298,29,0.19780950,0.00019998617
6299,29,0.20798165,0.00019998591
6300,29,0.16653126,0.00019998591
6301,29,0.16807494,0.00019998591
6302,29,0.17320371,0.00019998565
6303,29,0.18726240,0.00019998565
6304,29,0.17868786,0.00019998565
6305,29,0.18046772,0.00019998539
6306,29,0.17812011,0.00019998539
6307,29,0.16798250,0.00019998539
6308,29,0.15655124,0.00019998513
6309,29,0.17825973,0.00019998513
6310,29,0.17400393,0.00019998513
6311,29,0.20008945,0.00019998486
6312,29,0.17428760,0.00019998486
6313,29,0.17525277,0.00019998486
6314,29,0.20424883,0.00019998459
6315,29,0.18155544,0.00019998459
6316,29,0.15359031,0.00019998459
6317,29,0.15411481,0.00019998432
6318,29,0.17952308,0.00019998432
6319,29,0.19852059,0.00019998432
6320,29,0.17522196,0.00019998404
6321,29,0.17691641,0.00019998404
6322,29,0.17790858,0.00019998404
6323,29,0.19544403,0.00019998377
6324,29,0.16163436,0.00019998377
6325,29,0.21347271,0.00019998377
6326,29,0.18987107,0.00019998349
6327,29,0.18553077,0.00019998349
6328,29,0.14780383,0.00019998349
6329,29,0.18420765,0.00019998321
6330,29,0.18062326,0.00019998321
6331,29,0.19817936,0.00019998321
6332,29,0.16150212,0.00019998293
6333,29,0.16060150,0.00019998293
6334,29,0.17560601,0.00019998293
6335,29,0.17019974,0.00019998264
6336,29,0.18248253,0.00019998264
6337,29,0.17400460,0.00019998264
6338,29,0.15330429,0.00019998235
6339,29,0.17719260,0.00019998235
6340,29,0.18213385,0.00019998235
6341,29,0.15593591,0.00019998206
6342,29,0.16921952,0.00019998206
6343,29,0.15601465,0.00019998206
6344,29,0.18002751,0.00019998177
6345,29,0.19265863,0.00019998177
6346,29,0.14465073,0.00019998177
6347,29,0.20103568,0.00019998147
6348,29,0.17206144,0.00019998147
6349,29,0.14583910,0.00019998147
6350,29,0.15735337,0.00019998117
6351,29,0.16172951,0.00019998117
6352,29,0.17144027,0.00019998117
6353,29,0.16821575,0.00019998087
6354,29,0.18520980,0.00019998087
6355,29,0.13616115,0.00019998087
6356,29,0.21293542,0.00019998057
6357,29,0.18946032,0.00019998057
6358,29,0.14949960,0.00019998057
6359,29,0.17721373,0.00019998027
6360,29,0.20550281,0.00019998027
6361,29,0.19793057,0.00019998027
6362,29,0.19633469,0.00019997996
6363,29,0.19709849,0.00019997996
6364,29,0.17663595,0.00019997996
6365,29,0.15467094,0.00019997965
6366,29,0.15759507,0.00019997965
6367,29,0.18805635,0.00019997965
6368,29,0.17586491,0.00019997934
6369,29,0.16754566,0.00019997934
6370,29,0.17053139,0.00019997934
6371,29,0.14888723,0.00019997903
6372,29,0.16009693,0.00019997903
6373,29,0.17933270,0.00019997903
6374,29,0.18463612,0.00019997871
6375,29,0.20746832,0.00019997871
6376,29,0.16172782,0.00019997871
6377,29,0.17102671,0.00019997839
6378,29,0.15602282,0.00019997839
6379,29,0.17109644,0.00019997839
6380,29,0.18229096,0.00019997807
6381,29,0.17672241,0.00019997807
6382,29,0.16123775,0.00019997807
6383,29,0.17686062,0.00019997774
6384,29,0.19285218,0.00019997774
6385,29,0.16019478,0.00019997774
6386,29,0.16231796,0.00019997742
6387,29,0.16405895,0.00019997742
6388,29,0.17507586,0.00019997742
6389,29,0.15747032,0.00019997709
6390,29,0.17991662,0.00019997709
6391,29,0.18824318,0.00019997709
6392,29,0.18454584,0.00019997676
6393,29,0.18313357,0.00019997676
6394,29,0.13733175,0.00019997676
6395,29,0.15487376,0.00019997643
6396,29,0.18251392,0.00019997643
6397,29,0.13472158,0.00019997643
6398,29,0.22482179,0.00019997609
6399,29,0.13614923,0.00019997609
6400,29,0.16485709,0.00019997609
6401,29,0.16270238,0.00019997575
6402,29,0.15486392,0.00019997575
6403,29,0.16101037,0.00019997575
6404,29,0.15128462,0.00019997541
6405,29,0.14314789,0.00019997541
6406,29,0.16885488,0.00019997541
6407,29,0.16997233,0.00019997507
6408,29,0.18248680,0.00019997507
6409,29,0.15670317,0.00019997507
6410,29,0.16470136,0.00019997472
6411,29,0.22439006,0.00019997472
6412,29,0.16631457,0.00019997472
6413,29,0.15533479,0.00019997438
6414,29,0.19053686,0.00019997438
6415,29,0.16986310,0.00019997438
6416,29,0.17160603,0.00019997403
6417,29,0.17787328,0.00019997403
6418,29,0.14590853,0.00019997403
6419,29,0.17658928,0.00019997368
6420,29,0.16969252,0.00019997368
6421,29,0.17518222,0.00019997368
6422,29,0.17816393,0.00019997332
6423,29,0.14082733,0.00019997332
6424,29,0.15072976,0.00019997332
6425,29,0.14400885,0.00019997296
6426,29,0.16610837,0.00019997296
6427,29,0.18684855,0.00019997296
6428,29,0.21718059,0.0001999726
6429,29,0.15825972,0.0001999726
6430,29,0.18962577,0.0001999726
6431,29,0.17132038,0.00019997224
6432,29,0.17123722,0.00019997224
6433,29,0.19106589,0.00019997224
6434,29,0.14855459,0.00019997188
6435,29,0.15412691,0.00019997188
6436,29,0.16660593,0.00019997188
6437,29,0.15984800,0.00019997151
6438,29,0.17662516,0.00019997151
6439,29,0.16578475,0.00019997151
6440,29,0.20093265,0.00019997114
6441,29,0.15531161,0.00019997114
6442,29,0.16561972,0.00019997114
6443,29,0.14855044,0.00019997077
6444,29,0.13050161,0.00019997077
6445,29,0.18310216,0.00019997077
6446,29,0.15012965,0.0001999704
6447,29,0.15985864,0.0001999704
6448,29,0.14760646,0.0001999704
6449,29,0.15421702,0.00019997002
6450,29,0.16390887,0.00019997002
6451,29,0.16704105,0.00019997002
6452,29,0.18546143,0.00019996965
6453,29,0.19639814,0.00019996965
6454,29,0.18207300,0.00019996965
6455,29,0.19562870,0.00019996926
6456,29,0.19190630,0.00019996926
6457,29,0.15518290,0.00019996926
6458,29,0.16726807,0.00019996888
6459,29,0.14966682,0.00019996888
6460,29,0.13743122,0.00019996888
6461,29,0.15882167,0.0001999685
6462,29,0.17740092,0.0001999685
6463,29,0.21792877,0.0001999685
6464,29,0.16808099,0.00019996811
6465,29,0.15480892,0.00019996811
6466,29,0.17137289,0.00019996811
6467,29,0.15157786,0.00019996772
6468,29,0.14619239,0.00019996772
6469,29,0.15871218,0.00019996772
6470,29,0.15564191,0.00019996733
6471,29,0.17986608,0.00019996733
6472,29,0.16396631,0.00019996733
6473,29,0.23426543,0.00019996693
6474,29,0.20637219,0.00019996693
6475,29,0.17174821,0.00019996693
6476,29,0.20450434,0.00019996653
6477,29,0.20011626,0.00019996653
6478,29,0.16074167,0.00019996653
6479,29,0.15580583,0.00019996613
6480,29,0.16044912,0.00019996613
6481,29,0.18825082,0.00019996613
6482,29,0.19742832,0.00019996573
6483,29,0.18757492,0.00019996573
6484,29,0.16939127,0.00019996573
6485,29,0.15192471,0.00019996533
6486,29,0.18535966,0.00019996533
6487,29,0.12391937,0.00019996533
6488,29,0.14265732,0.00019996492
6489,29,0.18367915,0.00019996492
6490,29,0.17627256,0.00019996492
6491,29,0.21215653,0.00019996451
6492,29,0.15676047,0.00019996451
6493,29,0.17613754,0.00019996451
6494,29,0.16810951,0.0001999641
6495,29,0.17632219,0.0001999641
6496,29,0.15364914,0.00019996369
6497,30,0.23591833,0.00019996369
6498,30,0.15850402,0.00019996369
6499,30,0.19661109,0.00019996327
6500,30,0.16136670,0.00019996327
6501,30,0.17293072,0.00019996327
6502,30,0.19151208,0.00019996285
6503,30,0.18832652,0.00019996285
6504,30,0.14035137,0.00019996285
6505,30,0.19693157,0.00019996243
6506,30,0.15391865,0.00019996243
6507,30,0.18257158,0.00019996243
6508,30,0.14427754,0.00019996201
6509,30,0.17567280,0.00019996201
6510,30,0.21506262,0.00019996201
6511,30,0.20174804,0.00019996158
6512,30,0.17577654,0.00019996158
6513,30,0.22129409,0.00019996158
6514,30,0.14660163,0.00019996115
6515,30,0.22855346,0.00019996115
6516,30,0.15261143,0.00019996115
6517,30,0.17067753,0.00019996072
6518,30,0.17363487,0.00019996072
6519,30,0.16833971,0.00019996072
6520,30,0.19560674,0.00019996029
6521,30,0.18237786,0.00019996029
6522,30,0.15733823,0.00019996029
6523,30,0.18357614,0.00019995986
6524,30,0.16896193,0.00019995986
6525,30,0.13988522,0.00019995986
6526,30,0.15028529,0.00019995942
6527,30,0.18510115,0.00019995942
6528,30,0.14771591,0.00019995942
6529,30,0.15982005,0.00019995898
6530,30,0.15352635,0.00019995898
6531,30,0.15213971,0.00019995898
6532,30,0.16332081,0.00019995854
6533,30,0.14823851,0.00019995854
6534,30,0.21637456,0.00019995854
6535,30,0.19689868,0.00019995809
6536,30,0.18758200,0.00019995809
6537,30,0.16209094,0.00019995809
6538,30,0.16195035,0.00019995765
6539,30,0.20743434,0.00019995765
6540,30,0.19063608,0.00019995765
6541,30,0.19187568,0.0001999572
6542,30,0.18365946,0.0001999572
6543,30,0.19493777,0.0001999572
6544,30,0.17421602,0.00019995674
6545,30,0.19892955,0.00019995674
6546,30,0.17359486,0.00019995674
6547,30,0.19898376,0.00019995629
6548,30,0.18134308,0.00019995629
6549,30,0.18120253,0.00019995629
6550,30,0.14912780,0.00019995583
6551,30,0.20299906,0.00019995583
6552,30,0.15831041,0.00019995583
6553,30,0.15303816,0.00019995537
6554,30,0.17259660,0.00019995537
6555,30,0.19523442,0.00019995537
6556,30,0.17934112,0.00019995491
6557,30,0.13918269,0.00019995491
6558,30,0.12507920,0.00019995491
6559,30,0.16938190,0.00019995445
6560,30,0.15555340,0.00019995445
6561,30,0.17993078,0.00019995445
6562,30,0.14965791,0.00019995398
6563,30,0.15643384,0.00019995398
6564,30,0.16137001,0.00019995398
6565,30,0.17416334,0.00019995352
6566,30,0.19023019,0.00019995352
6567,30,0.16355461,0.00019995352
6568,30,0.18982840,0.00019995305
6569,30,0.17563920,0.00019995305
6570,30,0.20480357,0.00019995305
6571,30,0.15793762,0.00019995257
6572,30,0.18034045,0.00019995257
6573,30,0.14941566,0.00019995257
6574,30,0.21465182,0.0001999521
6575,30,0.18932126,0.0001999521
6576,30,0.16621625,0.0001999521
6577,30,0.20259294,0.00019995162
6578,30,0.18663299,0.00019995162
6579,30,0.18776411,0.00019995162
6580,30,0.15969822,0.00019995114
6581,30,0.14130121,0.00019995114
6582,30,0.15743135,0.00019995114
6583,30,0.16503011,0.00019995066
6584,30,0.17592680,0.00019995066
6585,30,0.18075523,0.00019995066
6586,30,0.20271099,0.00019995017
6587,30,0.15911247,0.00019995017
6588,30,0.14212605,0.00019995017
6589,30,0.16920148,0.00019994968
6590,30,0.15922599,0.00019994968
6591,30,0.16454044,0.00019994968
6592,30,0.14246202,0.00019994919
6593,30,0.20996630,0.00019994919
6594,30,0.15779142,0.00019994919
6595,30,0.18563184,0.0001999487
6596,30,0.17516159,0.0001999487
6597,30,0.17584407,0.0001999487
6598,30,0.17546624,0.00019994821
6599,30,0.19592807,0.00019994821
6600,30,0.16659050,0.00019994821
6601,30,0.19435608,0.00019994771
6602,30,0.16892406,0.00019994771
6603,30,0.16366851,0.00019994771
6604,30,0.16719860,0.00019994721
6605,30,0.15704297,0.00019994721
6606,30,0.20640203,0.00019994721
6607,30,0.19468325,0.00019994671
6608,30,0.20666848,0.00019994671
6609,30,0.19028448,0.00019994671
6610,30,0.18313143,0.00019994621
6611,30,0.19611681,0.00019994621
6612,30,0.19221565,0.00019994621
6613,30,0.17693208,0.0001999457
6614,30,0.16386041,0.0001999457
6615,30,0.17258607,0.0001999457
6616,30,0.18393907,0.00019994519
6617,30,0.15760590,0.00019994519
6618,30,0.19422424,0.00019994519
6619,30,0.19772260,0.00019994468
6620,30,0.16675803,0.00019994468
6621,30,0.13874525,0.00019994468
6622,30,0.17770287,0.00019994417
6623,30,0.19249599,0.00019994417
6624,30,0.17587361,0.00019994417
6625,30,0.19243470,0.00019994365
6626,30,0.18610120,0.00019994365
6627,30,0.20327991,0.00019994365
6628,30,0.16255741,0.00019994313
6629,30,0.18049221,0.00019994313
6630,30,0.20608887,0.00019994313
6631,30,0.16887653,0.00019994261
6632,30,0.20871910,0.00019994261
6633,30,0.15002874,0.00019994261
6634,30,0.16741213,0.00019994209
6635,30,0.17746040,0.00019994209
6636,30,0.13055930,0.00019994209
6637,30,0.17371427,0.00019994156
6638,30,0.16453101,0.00019994156
6639,30,0.14424318,0.00019994156
6640,30,0.14584601,0.00019994104
6641,30,0.17422515,0.00019994104
6642,30,0.22892916,0.00019994104
6643,30,0.18609783,0.00019994051
6644,30,0.16495204,0.00019994051
6645,30,0.16066729,0.00019994051
6646,30,0.17282414,0.00019993998
6647,30,0.17327163,0.00019993998
6648,30,0.16944402,0.00019993998
6649,30,0.16983446,0.00019993944
6650,30,0.14541629,0.00019993944
6651,30,0.17917773,0.00019993944
6652,30,0.16143435,0.0001999389
6653,30,0.15805957,0.0001999389
6654,30,0.14095344,0.0001999389
6655,30,0.18256912,0.00019993836
6656,30,0.15701474,0.00019993836
6657,30,0.17299804,0.00019993836
6658,30,0.14977057,0.00019993782
6659,30,0.20372701,0.00019993782
6660,30,0.18682921,0.00019993782
6661,30,0.20870504,0.00019993728
6662,30,0.20530507,0.00019993728
6663,30,0.16514763,0.00019993728
6664,30,0.16298160,0.00019993673
6665,30,0.14965017,0.00019993673
6666,30,0.17923912,0.00019993673
6667,30,0.19504172,0.00019993618
6668,30,0.19473815,0.00019993618
6669,30,0.18129560,0.00019993618
6670,30,0.19078386,0.00019993563
6671,30,0.19420218,0.00019993563
6672,30,0.14335951,0.00019993563
6673,30,0.18264012,0.00019993508
6674,30,0.18281186,0.00019993508
6675,30,0.17246269,0.00019993508
6676,30,0.16239175,0.00019993452
6677,30,0.16662091,0.00019993452
6678,30,0.18020515,0.00019993452
6679,30,0.15893465,0.00019993396
6680,30,0.15857087,0.00019993396
6681,30,0.14139931,0.00019993396
6682,30,0.18088487,0.0001999334
6683,30,0.22980973,0.0001999334
6684,30,0.18476868,0.0001999334
6685,30,0.18989502,0.00019993284
6686,30,0.18085854,0.00019993284
6687,30,0.17715596,0.00019993284
6688,30,0.16284296,0.00019993227
6689,30,0.14579187,0.00019993227
6690,30,0.16198987,0.00019993227
6691,30,0.15221034,0.00019993171
6692,30,0.15128863,0.00019993171
6693,30,0.13317578,0.00019993171
6694,30,0.16155475,0.00019993114
6695,30,0.16675983,0.00019993114
6696,30,0.20449494,0.00019993114
6697,30,0.15080863,0.00019993056
6698,30,0.21169791,0.00019993056
6699,30,0.16068879,0.00019993056
6700,30,0.17894909,0.00019992999
6701,30,0.19674198,0.00019992999
6702,30,0.13456613,0.00019992999
6703,30,0.18012905,0.00019992941
6704,30,0.16517387,0.00019992941
6705,30,0.14609145,0.00019992941
6706,30,0.19110003,0.00019992883
6707,30,0.15780699,0.00019992883
6708,30,0.17021035,0.00019992883
6709,30,0.18768255,0.00019992825
6710,30,0.19739406,0.00019992825
6711,30,0.20428109,0.00019992825
6712,30,0.15750019,0.00019992766
6713,30,0.23446594,0.00019992766
6714,30,0.19841406,0.00019992766
6715,30,0.16996837,0.00019992708
6716,30,0.17033017,0.00019992708
6717,30,0.21045586,0.00019992708
6718,30,0.14999376,0.00019992649
6719,30,0.15268749,0.00019992649
6720,30,0.16462336,0.0001999259
6721,31,0.13931549,0.0001999259
6722,31,0.16821115,0.0001999259
6723,31,0.15519843,0.0001999253
6724,31,0.17571348,0.0001999253
6725,31,0.16292785,0.0001999253
6726,31,0.19494867,0.00019992471
6727,31,0.14535272,0.00019992471
6728,31,0.16872263,0.00019992471
6729,31,0.15016606,0.00019992411
6730,31,0.21624748,0.00019992411
6731,31,0.16149175,0.00019992411
6732,31,0.14867550,0.00019992351
6733,31,0.19636135,0.00019992351
6734,31,0.20135069,0.00019992351
6735,31,0.16615140,0.0001999229
6736,31,0.15588903,0.0001999229
6737,31,0.18914144,0.0001999229
6738,31,0.18362939,0.0001999223
6739,31,0.16976717,0.0001999223
6740,31,0.16482499,0.0001999223
6741,31,0.17984474,0.00019992169
6742,31,0.19910696,0.00019992169
6743,31,0.16543739,0.00019992169
6744,31,0.19648755,0.00019992108
6745,31,0.21224836,0.00019992108
6746,31,0.15194780,0.00019992108
6747,31,0.16920635,0.00019992047
6748,31,0.16893844,0.00019992047
6749,31,0.15830448,0.00019992047
6750,31,0.22097909,0.00019991985
6751,31,0.21661800,0.00019991985
6752,31,0.18486343,0.00019991985
6753,31,0.14291143,0.00019991923
6754,31,0.19513111,0.00019991923
6755,31,0.17251162,0.00019991923
6756,31,0.15201133,0.00019991861
6757,31,0.18374133,0.00019991861
6758,31,0.14646617,0.00019991861
6759,31,0.17000237,0.00019991799
6760,31,0.21530235,0.00019991799
6761,31,0.20766744,0.00019991799
6762,31,0.15035899,0.00019991737
6763,31,0.15600030,0.00019991737
6764,31,0.17524052,0.00019991737
6765,31,0.17564514,0.00019991674
6766,31,0.14484030,0.00019991674
6767,31,0.14501035,0.00019991674
6768,31,0.18224494,0.00019991611
6769,31,0.15612447,0.00019991611
6770,31,0.18392977,0.00019991611
6771,31,0.18592648,0.00019991548
6772,31,0.17010549,0.00019991548
6773,31,0.18738163,0.00019991548
6774,31,0.19365385,0.00019991484
6775,31,0.19760022,0.00019991484
6776,31,0.15238544,0.00019991484
6777,31,0.16428801,0.00019991421
6778,31,0.17265877,0.00019991421
6779,31,0.17813271,0.00019991421
6780,31,0.18537769,0.00019991357
6781,31,0.15747315,0.00019991357
6782,31,0.15547803,0.00019991357
6783,31,0.19969001,0.00019991293
6784,31,0.18221073,0.00019991293
6785,31,0.16731791,0.00019991293
6786,31,0.15232858,0.00019991228
6787,31,0.19069880,0.00019991228
6788,31,0.20310962,0.00019991228
6789,31,0.18266895,0.00019991164
6790,31,0.14995259,0.00019991164
6791,31,0.19076854,0.00019991164
6792,31,0.19411480,0.00019991099
6793,31,0.18042099,0.00019991099
6794,31,0.15605678,0.00019991099
6795,31,0.18206206,0.00019991034
6796,31,0.20510362,0.00019991034
6797,31,0.19892806,0.00019991034
6798,31,0.17943977,0.00019990968
6799,31,0.17422998,0.00019990968
6800,31,0.18941304,0.00019990968
6801,31,0.17794359,0.00019990903
6802,31,0.18990716,0.00019990903
6803,31,0.14583966,0.00019990903
6804,31,0.16380715,0.00019990837
6805,31,0.14138979,0.00019990837
6806,31,0.17891097,0.00019990837
6807,31,0.19768405,0.00019990771
6808,31,0.17134762,0.00019990771
6809,31,0.17006624,0.00019990771
6810,31,0.17231964,0.00019990705
6811,31,0.17016827,0.00019990705
6812,31,0.14283535,0.00019990705
6813,31,0.17343104,0.00019990638
6814,31,0.13692130,0.00019990638
6815,31,0.16905516,0.00019990638
6816,31,0.13879287,0.00019990572
6817,31,0.17640379,0.00019990572
6818,31,0.19619283,0.00019990572
6819,31,0.16303039,0.00019990505
6820,31,0.15524280,0.00019990505
6821,31,0.16640908,0.00019990505
6822,31,0.16651070,0.00019990437
6823,31,0.15341251,0.00019990437
6824,31,0.19644283,0.00019990437
6825,31,0.15346524,0.0001999037
6826,31,0.21200113,0.0001999037
6827,31,0.17821740,0.0001999037
6828,31,0.13985217,0.00019990302
6829,31,0.17677984,0.00019990302
6830,31,0.18018135,0.00019990302
6831,31,0.17296183,0.00019990234
6832,31,0.19481455,0.00019990234
6833,31,0.15484934,0.00019990234
6834,31,0.18588917,0.00019990166
6835,31,0.18580806,0.00019990166
6836,31,0.21398859,0.00019990166
6837,31,0.21189611,0.00019990098
6838,31,0.15495524,0.00019990098
6839,31,0.15967329,0.00019990098
6840,31,0.16660608,0.00019990029
6841,31,0.16113016,0.00019990029
6842,31,0.17564999,0.00019990029
6843,31,0.20639627,0.0001998996
6844,31,0.18481509,0.0001998996
6845,31,0.16580114,0.0001998996
6846,31,0.18057744,0.00019989891
6847,31,0.19954768,0.00019989891
6848,31,0.16860411,0.00019989891
6849,31,0.20069787,0.00019989822
6850,31,0.16565065,0.00019989822
6851,31,0.18914342,0.00019989822
6852,31,0.16788712,0.00019989752
6853,31,0.15289234,0.00019989752
6854,31,0.19214940,0.00019989752
6855,31,0.19960165,0.00019989682
6856,31,0.19170535,0.00019989682
6857,31,0.17237896,0.00019989682
6858,31,0.13921303,0.00019989612
6859,31,0.18526399,0.00019989612
6860,31,0.20918673,0.00019989612
6861,31,0.15157726,0.00019989542
6862,31,0.16478841,0.00019989542
6863,31,0.15657769,0.00019989542
6864,31,0.18846105,0.00019989472
6865,31,0.14610364,0.00019989472
6866,31,0.13376199,0.00019989472
6867,31,0.15606639,0.00019989401
6868,31,0.15917447,0.00019989401
6869,31,0.16658626,0.00019989401
6870,31,0.14783570,0.0001998933
6871,31,0.19578676,0.0001998933
6872,31,0.16469918,0.0001998933
6873,31,0.17668808,0.00019989259
6874,31,0.16533959,0.00019989259
6875,31,0.14715928,0.00019989259
6876,31,0.15339381,0.00019989187
6877,31,0.22849530,0.00019989187
6878,31,0.16120408,0.00019989187
6879,31,0.16585982,0.00019989115
6880,31,0.17830116,0.00019989115
6881,31,0.15576102,0.00019989115
6882,31,0.17611878,0.00019989043
6883,31,0.17084235,0.00019989043
6884,31,0.16639799,0.00019989043
6885,31,0.18898174,0.00019988971
6886,31,0.18346016,0.00019988971
6887,31,0.16802834,0.00019988971
6888,31,0.18004034,0.00019988899
6889,31,0.15371218,0.00019988899
6890,31,0.16006953,0.00019988899
6891,31,0.20394775,0.00019988826
6892,31,0.14522205,0.00019988826
6893,31,0.16778430,0.00019988826
6894,31,0.18185729,0.00019988753
6895,31,0.18127349,0.00019988753
6896,31,0.17878710,0.00019988753
6897,31,0.16102004,0.0001998868
6898,31,0.18054530,0.0001998868
6899,31,0.16164254,0.0001998868
6900,31,0.14215195,0.00019988607
6901,31,0.13035636,0.00019988607
6902,31,0.15314712,0.00019988607
6903,31,0.17854631,0.00019988533
6904,31,0.16757284,0.00019988533
6905,31,0.16720164,0.00019988533
6906,31,0.14448749,0.00019988459
6907,31,0.18453372,0.00019988459
6908,31,0.17905307,0.00019988459
6909,31,0.15355468,0.00019988385
6910,31,0.15308225,0.00019988385
6911,31,0.14585456,0.00019988385
6912,31,0.17056081,0.00019988311
6913,31,0.18302982,0.00019988311
6914,31,0.15382421,0.00019988311
6915,31,0.15800522,0.00019988236
6916,31,0.17456552,0.00019988236
6917,31,0.13688765,0.00019988236
6918,31,0.15661278,0.00019988161
6919,31,0.18085492,0.00019988161
6920,31,0.15581149,0.00019988161
6921,31,0.17498684,0.00019988086
6922,31,0.16118586,0.00019988086
6923,31,0.15309119,0.00019988086
6924,31,0.16655338,0.00019988011
6925,31,0.21332124,0.00019988011
6926,31,0.17354357,0.00019988011
6927,31,0.17856137,0.00019987936
6928,31,0.17337094,0.00019987936
6929,31,0.17904618,0.00019987936
6930,31,0.16207413,0.0001998786
6931,31,0.17097795,0.0001998786
6932,31,0.22927603,0.0001998786
6933,31,0.16089894,0.00019987784
6934,31,0.18316206,0.00019987784
6935,31,0.19436848,0.00019987784
6936,31,0.15858202,0.00019987708
6937,31,0.18801884,0.00019987708
6938,31,0.15195999,0.00019987708
6939,31,0.17857604,0.00019987631
6940,31,0.17428234,0.00019987631
6941,31,0.16671228,0.00019987631
6942,31,0.18817410,0.00019987555
6943,31,0.16206831,0.00019987555
6944,31,0.14446819,0.00019987478
6945,32,0.14687626,0.00019987478
6946,32,0.17303881,0.00019987478
6947,32,0.17239796,0.000199874
6948,32,0.15866372,0.000199874
6949,32,0.16625164,0.000199874
6950,32,0.16222872,0.00019987323
6951,32,0.19513673,0.00019987323
6952,32,0.18468058,0.00019987323
6953,32,0.23419866,0.00019987245
6954,32,0.17853040,0.00019987245
6955,32,0.20729455,0.00019987245
6956,32,0.17851195,0.00019987168
6957,32,0.17467794,0.00019987168
6958,32,0.19787627,0.00019987168
6959,32,0.18515435,0.00019987089
6960,32,0.16388451,0.00019987089
6961,32,0.16175862,0.00019987089
6962,32,0.17253765,0.00019987011
6963,32,0.18412618,0.00019987011
6964,32,0.19319007,0.00019987011
6965,32,0.18430358,0.00019986933
6966,32,0.15343836,0.00019986933
6967,32,0.18949901,0.00019986933
6968,32,0.15405259,0.00019986854
6969,32,0.15142629,0.00019986854
6970,32,0.16844830,0.00019986854
6971,32,0.19041395,0.00019986775
6972,32,0.17778873,0.00019986775
6973,32,0.15583408,0.00019986775
6974,32,0.14626044,0.00019986695
6975,32,0.16638687,0.00019986695
6976,32,0.17269143,0.00019986695
6977,32,0.18266675,0.00019986616
6978,32,0.18941998,0.00019986616
6979,32,0.14163592,0.00019986616
6980,32,0.16765898,0.00019986536
6981,32,0.14686076,0.00019986536
6982,32,0.16962247,0.00019986536
6983,32,0.16783652,0.00019986456
6984,32,0.13736162,0.00019986456
6985,32,0.15750182,0.00019986456
6986,32,0.23337018,0.00019986376
6987,32,0.24520425,0.00019986376
6988,32,0.20864832,0.00019986376
6989,32,0.17404649,0.00019986295
6990,32,0.16299079,0.00019986295
6991,32,0.18888061,0.00019986295
6992,32,0.17573091,0.00019986215
6993,32,0.18171273,0.00019986215
6994,32,0.17296717,0.00019986215
6995,32,0.13981736,0.00019986134
6996,32,0.20683581,0.00019986134
6997,32,0.15940116,0.00019986134
6998,32,0.17122915,0.00019986052
6999,32,0.16382959,0.00019986052
7000,32,0.16663751,0.00019986052
7001,32,0.18232678,0.00019985971
7002,32,0.16349928,0.00019985971
7003,32,0.16336797,0.00019985971
7004,32,0.15565747,0.00019985889
7005,32,0.16616711,0.00019985889
7006,32,0.16065073,0.00019985889
7007,32,0.15699682,0.00019985808
7008,32,0.21451478,0.00019985808
7009,32,0.19408625,0.00019985808
7010,32,0.17522061,0.00019985725
7011,32,0.14197809,0.00019985725
7012,32,0.13550688,0.00019985725
7013,32,0.17738347,0.00019985643
7014,32,0.15096107,0.00019985643
7015,32,0.19751716,0.00019985643
7016,32,0.18927386,0.0001998556
7017,32,0.15888707,0.0001998556
7018,32,0.17526865,0.0001998556
7019,32,0.15926006,0.00019985478
7020,32,0.14584231,0.00019985478
7021,32,0.15303376,0.00019985478
7022,32,0.13206755,0.00019985394
7023,32,0.16116722,0.00019985394
7024,32,0.14107105,0.00019985394
7025,32,0.14881733,0.00019985311
7026,32,0.20536169,0.00019985311
7027,32,0.17300145,0.00019985311
7028,32,0.13573587,0.00019985228
7029,32,0.15308034,0.00019985228
7030,32,0.20005769,0.00019985228
7031,32,0.16870241,0.00019985144
7032,32,0.15952353,0.00019985144
7033,32,0.14484517,0.00019985144
7034,32,0.15485644,0.0001998506
7035,32,0.17656860,0.0001998506
7036,32,0.17836890,0.0001998506
7037,32,0.16585745,0.00019984975
7038,32,0.13140425,0.00019984975
7039,32,0.17580950,0.00019984975
7040,32,0.25297889,0.00019984891
7041,32,0.17200415,0.00019984891
7042,32,0.16616486,0.00019984891
7043,32,0.19661900,0.00019984806
7044,32,0.21532911,0.00019984806
7045,32,0.18678838,0.00019984806
7046,32,0.16079198,0.00019984721
7047,32,0.13259891,0.00019984721
7048,32,0.15732077,0.00019984721
7049,32,0.15911379,0.00019984636
7050,32,0.18811727,0.00019984636
7051,32,0.17944700,0.00019984636
7052,32,0.20014614,0.00019984551
7053,32,0.20058899,0.00019984551
7054,32,0.18905126,0.00019984551
7055,32,0.15372780,0.00019984465
7056,32,0.15054025,0.00019984465
7057,32,0.14713115,0.00019984465
7058,32,0.17404413,0.00019984379
7059,32,0.19736187,0.00019984379
7060,32,0.16820207,0.00019984379
7061,32,0.16388039,0.00019984293
7062,32,0.17504178,0.00019984293
7063,32,0.18708734,0.00019984293
7064,32,0.21422499,0.00019984206
7065,32,0.14284551,0.00019984206
7066,32,0.20389697,0.00019984206
7067,32,0.18176256,0.0001998412
7068,32,0.14404604,0.0001998412
7069,32,0.20692578,0.0001998412
7070,32,0.17687458,0.00019984033
7071,32,0.15165713,0.00019984033
7072,32,0.17270021,0.00019984033
7073,32,0.14486347,0.00019983946
7074,32,0.16441721,0.00019983946
7075,32,0.14244959,0.00019983946
7076,32,0.14362656,0.00019983858
7077,32,0.14930519,0.00019983858
7078,32,0.19271371,0.00019983858
7079,32,0.15897219,0.00019983771
7080,32,0.14755528,0.00019983771
7081,32,0.15707248,0.00019983771
7082,32,0.15136211,0.00019983683
7083,32,0.18557462,0.00019983683
7084,32,0.16096818,0.00019983683
7085,32,0.13746557,0.00019983595
7086,32,0.17358398,0.00019983595
7087,32,0.14888257,0.00019983595
7088,32,0.17780194,0.00019983507
7089,32,0.16133645,0.00019983507
7090,32,0.13313609,0.00019983507
7091,32,0.15274844,0.00019983418
7092,32,0.18658277,0.00019983418
7093,32,0.17069100,0.00019983418
7094,32,0.17126441,0.00019983329
7095,32,0.17575817,0.00019983329
7096,32,0.15964822,0.00019983329
7097,32,0.19156300,0.0001998324
7098,32,0.16346799,0.0001998324
7099,32,0.16541620,0.0001998324
7100,32,0.16674691,0.00019983151
7101,32,0.16724400,0.00019983151
7102,32,0.17822689,0.00019983151
7103,32,0.16714588,0.00019983062
7104,32,0.15503554,0.00019983062
7105,32,0.19585133,0.00019983062
7106,32,0.16396719,0.00019982972
7107,32,0.18606459,0.00019982972
7108,32,0.16324180,0.00019982972
7109,32,0.20794269,0.00019982882
7110,32,0.19974402,0.00019982882
7111,32,0.14464819,0.00019982882
7112,32,0.19306430,0.00019982792
7113,32,0.15959933,0.00019982792
7114,32,0.16522254,0.00019982792
7115,32,0.19156954,0.00019982701
7116,32,0.17438111,0.00019982701
7117,32,0.14913891,0.00019982701
7118,32,0.19633472,0.00019982611
7119,32,0.15784314,0.00019982611
7120,32,0.16634497,0.00019982611
7121,32,0.18913019,0.0001998252
7122,32,0.17556149,0.0001998252
7123,32,0.18444347,0.0001998252
7124,32,0.16351429,0.00019982429
7125,32,0.18487996,0.00019982429
7126,32,0.17933768,0.00019982429
7127,32,0.17582075,0.00019982337
7128,32,0.18654114,0.00019982337
7129,32,0.14197290,0.00019982337
7130,32,0.16028583,0.00019982246
7131,32,0.17695872,0.00019982246
7132,32,0.15010343,0.00019982246
7133,32,0.14002487,0.00019982154
7134,32,0.18593340,0.00019982154
7135,32,0.19166754,0.00019982154
7136,32,0.19381592,0.00019982062
7137,32,0.15749684,0.00019982062
7138,32,0.15440801,0.00019982062
7139,32,0.13855517,0.00019981969
7140,32,0.19170129,0.00019981969
7141,32,0.16613470,0.00019981969
7142,32,0.15625438,0.00019981877
7143,32,0.18826346,0.00019981877
7144,32,0.16454354,0.00019981877
7145,32,0.15783183,0.00019981784
7146,32,0.15738595,0.00019981784
7147,32,0.13936833,0.00019981784
7148,32,0.17160439,0.00019981691
7149,32,0.17786258,0.00019981691
7150,32,0.15388647,0.00019981691
7151,32,0.19926296,0.00019981598
7152,32,0.15077256,0.00019981598
7153,32,0.19297473,0.00019981598
7154,32,0.20513856,0.00019981504
7155,32,0.16318542,0.00019981504
7156,32,0.19650444,0.00019981504
7157,32,0.17446396,0.00019981411
7158,32,0.16905144,0.00019981411
7159,32,0.17458725,0.00019981411
7160,32,0.14963585,0.00019981317
7161,32,0.17413282,0.00019981317
7162,32,0.19870946,0.00019981317
7163,32,0.16181022,0.00019981222
7164,32,0.13821098,0.00019981222
7165,32,0.17109244,0.00019981222
7166,32,0.18079810,0.00019981128
7167,32,0.15831766,0.00019981128
7168,32,0.15993975,0.00019981033
7169,33,0.17201707,0.00019981033
7170,33,0.16040149,0.00019981033
7171,33,0.19452929,0.00019980938
7172,33,0.15949309,0.00019980938
7173,33,0.19322602,0.00019980938
7174,33,0.18680948,0.00019980843
7175,33,0.16919667,0.00019980843
7176,33,0.18525927,0.00019980843
7177,33,0.16401394,0.00019980748
7178,33,0.13373946,0.00019980748
7179,33,0.17359380,0.00019980748
7180,33,0.21169142,0.00019980652
7181,33,0.17609535,0.00019980652
7182,33,0.16426371,0.00019980652
7183,33,0.14580487,0.00019980556
7184,33,0.16802321,0.00019980556
7185,33,0.17100111,0.00019980556
7186,33,0.18080330,0.0001998046
7187,33,0.13358971,0.0001998046
7188,33,0.17351536,0.0001998046
7189,33,0.18427980,0.00019980364
7190,33,0.17127673,0.00019980364
7191,33,0.15627491,0.00019980364
7192,33,0.17042813,0.00019980267
7193,33,0.18790340,0.00019980267
7194,33,0.17484550,0.00019980267
7195,33,0.16116716,0.0001998017
7196,33,0.16391657,0.0001998017
7197,33,0.15262914,0.0001998017
7198,33,0.16712150,0.00019980073
7199,33,0.19512825,0.00019980073
7200,33,0.16725467,0.00019980073
7201,33,0.17132686,0.00019979976
7202,33,0.19498742,0.00019979976
7203,33,0.18721293,0.00019979976
7204,33,0.19108197,0.00019979879
7205,33,0.13086662,0.00019979879
7206,33,0.15839955,0.00019979879
7207,33,0.13543424,0.00019979781
7208,33,0.16026668,0.00019979781
7209,33,0.14331475,0.00019979781
7210,33,0.17547113,0.00019979683
7211,33,0.18713483,0.00019979683
7212,33,0.15162167,0.00019979683
7213,33,0.16616468,0.00019979585
7214,33,0.13650259,0.00019979585
7215,33,0.14514139,0.00019979585
7216,33,0.14586642,0.00019979486
7217,33,0.18554184,0.00019979486
7218,33,0.15010783,0.00019979486
7219,33,0.14144681,0.00019979387
7220,33,0.14102541,0.00019979387
7221,33,0.20860736,0.00019979387
7222,33,0.20653790,0.00019979288
7223,33,0.16024800,0.00019979288
7224,33,0.17407259,0.00019979288
7225,33,0.14987634,0.00019979189
7226,33,0.17939368,0.00019979189
7227,33,0.16017789,0.00019979189
7228,33,0.16197386,0.0001997909
7229,33,0.16233812,0.0001997909
7230,33,0.13705450,0.0001997909
7231,33,0.17917959,0.0001997899
7232,33,0.17850831,0.0001997899
7233,33,0.20139214,0.0001997899
7234,33,0.13993514,0.0001997889
7235,33,0.19304582,0.0001997889
7236,33,0.16748509,0.0001997889
7237,33,0.16912061,0.0001997879
7238,33,0.16206676,0.0001997879
7239,33,0.14244229,0.0001997879
7240,33,0.17968377,0.0001997869
7241,33,0.20666504,0.0001997869
7242,33,0.14592426,0.0001997869
7243,33,0.17524284,0.00019978589
7244,33,0.14306810,0.00019978589
7245,33,0.17155330,0.00019978589
7246,33,0.17029195,0.00019978488
7247,33,0.17163372,0.00019978488
7248,33,0.18097442,0.00019978488
7249,33,0.17874496,0.00019978387
7250,33,0.15921102,0.00019978387
7251,33,0.15385781,0.00019978387
7252,33,0.15767048,0.00019978286
7253,33,0.17090741,0.00019978286
7254,33,0.14865765,0.00019978286
7255,33,0.17688859,0.00019978184
7256,33,0.18170786,0.00019978184
7257,33,0.18795758,0.00019978184
7258,33,0.15958263,0.00019978083
7259,33,0.14609700,0.00019978083
7260,33,0.17328200,0.00019978083
7261,33,0.17049867,0.00019977981
7262,33,0.15540373,0.00019977981
7263,33,0.18463479,0.00019977981
7264,33,0.13381976,0.00019977878
7265,33,0.15661511,0.00019977878
7266,33,0.20811924,0.00019977878
7267,33,0.15936852,0.00019977776
7268,33,0.16254964,0.00019977776
7269,33,0.14814194,0.00019977776
7270,33,0.16178161,0.00019977673
7271,33,0.15952291,0.00019977673
7272,33,0.16671371,0.00019977673
7273,33,0.19735609,0.0001997757
7274,33,0.15104851,0.0001997757
7275,33,0.14043835,0.0001997757
7276,33,0.15394224,0.00019977467
7277,33,0.16353351,0.00019977467
7278,33,0.16977996,0.00019977467
7279,33,0.16639885,0.00019977364
7280,33,0.14349928,0.00019977364
7281,33,0.18066424,0.00019977364
7282,33,0.16257320,0.0001997726
7283,33,0.16029011,0.0001997726
7284,33,0.16568959,0.0001997726
7285,33,0.16595748,0.00019977156
7286,33,0.16151184,0.00019977156
7287,33,0.14042881,0.00019977156
7288,33,0.22901200,0.00019977052
7289,33,0.14411756,0.00019977052
7290,33,0.18804002,0.00019977052
7291,33,0.14973246,0.00019976947
7292,33,0.16202638,0.00019976947
7293,33,0.19171152,0.00019976947
7294,33,0.15944719,0.00019976843
7295,33,0.18196271,0.00019976843
7296,33,0.15100549,0.00019976843
7297,33,0.14800839,0.00019976738
7298,33,0.14953311,0.00019976738
7299,33,0.16069669,0.00019976738
7300,33,0.16111375,0.00019976633
7301,33,0.14881116,0.00019976633
7302,33,0.17278418,0.00019976633
7303,33,0.15819609,0.00019976527
7304,33,0.16717826,0.00019976527
7305,33,0.16994362,0.00019976527
7306,33,0.18710083,0.00019976422
7307,33,0.14138630,0.00019976422
7308,33,0.16217689,0.00019976422
7309,33,0.17384484,0.00019976316
7310,33,0.16665767,0.00019976316
7311,33,0.18090367,0.00019976316
7312,33,0.15955508,0.0001997621
7313,33,0.14943545,0.0001997621
7314,33,0.14149046,0.0001997621
7315,33,0.17685430,0.00019976104
7316,33,0.14521860,0.00019976104
7317,33,0.19079416,0.00019976104
7318,33,0.19308221,0.00019975997
7319,33,0.17494379,0.00019975997
7320,33,0.17553604,0.00019975997
7321,33,0.16118509,0.00019975891
7322,33,0.15700148,0.00019975891
7323,33,0.14789079,0.00019975891
7324,33,0.15810543,0.00019975784
7325,33,0.13754049,0.00019975784
7326,33,0.17125313,0.00019975784
7327,33,0.18650553,0.00019975676
7328,33,0.14388594,0.00019975676
7329,33,0.14739887,0.00019975676
7330,33,0.21057872,0.00019975569
7331,33,0.14056651,0.00019975569
7332,33,0.21607783,0.00019975569
7333,33,0.18071827,0.00019975461
7334,33,0.18924253,0.00019975461
7335,33,0.17537758,0.00019975461
7336,33,0.15313086,0.00019975353
7337,33,0.14869122,0.00019975353
7338,33,0.17252092,0.00019975353
7339,33,0.13361475,0.00019975245
7340,33,0.16566448,0.00019975245
7341,33,0.13808903,0.00019975245
7342,33,0.14462177,0.00019975137
7343,33,0.19492140,0.00019975137
7344,33,0.17618841,0.00019975137
7345,33,0.17259270,0.00019975028
7346,33,0.17264056,0.00019975028
7347,33,0.14144988,0.00019975028
7348,33,0.16870514,0.00019974919
7349,33,0.16414478,0.00019974919
7350,33,0.14959607,0.00019974919
7351,33,0.14765190,0.0001997481
7352,33,0.15535058,0.0001997481
7353,33,0.18409121,0.0001997481
7354,33,0.15484965,0.00019974701
7355,33,0.17650110,0.00019974701
7356,33,0.14871804,0.00019974701
7357,33,0.20170110,0.00019974591
7358,33,0.15445976,0.00019974591
7359,33,0.18841109,0.00019974591
7360,33,0.14070779,0.00019974481
7361,33,0.16020843,0.00019974481
7362,33,0.18735453,0.00019974481
7363,33,0.14644355,0.00019974371
7364,33,0.14774507,0.00019974371
7365,33,0.16282323,0.00019974371
7366,33,0.18147385,0.00019974261
7367,33,0.14056383,0.00019974261
7368,33,0.20133281,0.00019974261
7369,33,0.19283621,0.0001997415
7370,33,0.17390919,0.0001997415
7371,33,0.15985554,0.0001997415
7372,33,0.15364529,0.00019974039
7373,33,0.15318392,0.00019974039
7374,33,0.17868851,0.00019974039
7375,33,0.18637137,0.00019973928
7376,33,0.20022875,0.00019973928
7377,33,0.13866630,0.00019973928
7378,33,0.14956501,0.00019973817
7379,33,0.15001284,0.00019973817
7380,33,0.19546032,0.00019973817
7381,33,0.15445994,0.00019973706
7382,33,0.15221122,0.00019973706
7383,33,0.16805425,0.00019973706
7384,33,0.14180663,0.00019973594
7385,33,0.20142643,0.00019973594
7386,33,0.16677962,0.00019973594
7387,33,0.18532996,0.00019973482
7388,33,0.15956965,0.00019973482
7389,33,0.21395783,0.00019973482
7390,33,0.14409201,0.0001997337
7391,33,0.17750542,0.0001997337
7392,33,0.17785525,0.00019973257
7393,34,0.16272968,0.00019973257
7394,34,0.20675842,0.00019973257
7395,34,0.14685407,0.00019973145
7396,34,0.16468816,0.00019973145
7397,34,0.19885352,0.00019973145
7398,34,0.18544281,0.00019973032
7399,34,0.14565235,0.00019973032
7400,34,0.13780668,0.00019973032
7401,34,0.14588349,0.00019972919
7402,34,0.16506538,0.00019972919
7403,34,0.18443716,0.00019972919
7404,34,0.22914720,0.00019972805
7405,34,0.14151685,0.00019972805
7406,34,0.13932386,0.00019972805
7407,34,0.16984908,0.00019972692
7408,34,0.16467673,0.00019972692
7409,34,0.15425140,0.00019972692
7410,34,0.15725791,0.00019972578
7411,34,0.16876845,0.00019972578
7412,34,0.19260715,0.00019972578
7413,34,0.19926429,0.00019972464
7414,34,0.18522128,0.00019972464
7415,34,0.17451632,0.00019972464
7416,34,0.14695069,0.00019972349
7417,34,0.15868816,0.00019972349
7418,34,0.19242518,0.00019972349
7419,34,0.14243284,0.00019972235
7420,34,0.16588919,0.00019972235
7421,34,0.13638505,0.00019972235
7422,34,0.16930327,0.0001997212
7423,34,0.16330360,0.0001997212
7424,34,0.15742972,0.0001997212
7425,34,0.16187447,0.00019972005
7426,34,0.15296116,0.00019972005
7427,34,0.18835060,0.00019972005
7428,34,0.15555984,0.0001997189
7429,34,0.14198719,0.0001997189
7430,34,0.17336047,0.0001997189
7431,34,0.18594110,0.00019971774
7432,34,0.16532180,0.00019971774
7433,34,0.17386064,0.00019971774
7434,34,0.20473412,0.00019971659
7435,34,0.15690117,0.00019971659
7436,34,0.18164502,0.00019971659
7437,34,0.18581247,0.00019971543
7438,34,0.19024961,0.00019971543
7439,34,0.17629747,0.00019971543
7440,34,0.16450799,0.00019971426
7441,34,0.17331640,0.00019971426
7442,34,0.19212162,0.00019971426
7443,34,0.16613644,0.0001997131
7444,34,0.22046307,0.0001997131
7445,34,0.14026582,0.0001997131
7446,34,0.14826259,0.00019971193
7447,34,0.18062827,0.00019971193
7448,34,0.16355644,0.00019971193
7449,34,0.16827202,0.00019971076
7450,34,0.13957739,0.00019971076
7451,34,0.18916988,0.00019971076
7452,34,0.18298566,0.00019970959
7453,34,0.14780097,0.00019970959
7454,34,0.15357798,0.00019970959
7455,34,0.17925636,0.00019970842
7456,34,0.15408354,0.00019970842
7457,34,0.15751794,0.00019970842
7458,34,0.13211066,0.00019970724
7459,34,0.18301454,0.00019970724
7460,34,0.17681055,0.00019970724
7461,34,0.15102020,0.00019970606
7462,34,0.19769751,0.00019970606
7463,34,0.18634455,0.00019970606
7464,34,0.14877237,0.00019970488
7465,34,0.16612589,0.00019970488
7466,34,0.17138951,0.00019970488
7467,34,0.17916231,0.0001997037
7468,34,0.17054769,0.0001997037
7469,34,0.15621090,0.0001997037
7470,34,0.15398267,0.00019970251
7471,34,0.16604778,0.00019970251
7472,34,0.16537218,0.00019970251
7473,34,0.14476208,0.00019970132
7474,34,0.17952858,0.00019970132
7475,34,0.14674562,0.00019970132
7476,34,0.16526461,0.00019970013
7477,34,0.16479534,0.00019970013
7478,34,0.17159602,0.00019970013
7479,34,0.19506477,0.00019969894
7480,34,0.14316437,0.00019969894
7481,34,0.16115732,0.00019969894
7482,34,0.13756111,0.00019969775
7483,34,0.14943165,0.00019969775
7484,34,0.13446954,0.00019969775
7485,34,0.15597078,0.00019969655
7486,34,0.19339560,0.00019969655
7487,34,0.13912910,0.00019969655
7488,34,0.15501872,0.00019969535
7489,34,0.18948108,0.00019969535
7490,34,0.18752778,0.00019969535
7491,34,0.19462696,0.00019969415
7492,34,0.18049662,0.00019969415
7493,34,0.17154369,0.00019969415
7494,34,0.16628037,0.00019969294
7495,34,0.15518332,0.00019969294
7496,34,0.17516813,0.00019969294
7497,34,0.15866482,0.00019969173
7498,34,0.14910483,0.00019969173
7499,34,0.16574961,0.00019969173
7500,34,0.12995669,0.00019969052
7501,34,0.16324544,0.00019969052
7502,34,0.17638049,0.00019969052
7503,34,0.17817478,0.00019968931
7504,34,0.15840697,0.00019968931
7505,34,0.17160812,0.00019968931
7506,34,0.14696646,0.0001996881
7507,34,0.15944518,0.0001996881
7508,34,0.14236300,0.0001996881
7509,34,0.20090401,0.00019968688
7510,34,0.16384147,0.00019968688
7511,34,0.17686039,0.00019968688
7512,34,0.12734058,0.00019968566
7513,34,0.14698464,0.00019968566
7514,34,0.15770064,0.00019968566
7515,34,0.18110506,0.00019968444
7516,34,0.15829125,0.00019968444
7517,34,0.17282528,0.00019968444
7518,34,0.15188971,0.00019968322
7519,34,0.19635722,0.00019968322
7520,34,0.16852693,0.00019968322
7521,34,0.17398942,0.00019968199
7522,34,0.16912113,0.00019968199
7523,34,0.17495546,0.00019968199
7524,34,0.15148154,0.00019968076
7525,34,0.15158607,0.00019968076
7526,34,0.18135941,0.00019968076
7527,34,0.14233428,0.00019967953
7528,34,0.16159514,0.00019967953
7529,34,0.17712198,0.00019967953
7530,34,0.18843216,0.0001996783
7531,34,0.18547660,0.0001996783
7532,34,0.15284035,0.0001996783
7533,34,0.15727925,0.00019967706
7534,34,0.15282072,0.00019967706
7535,34,0.18621400,0.00019967706
7536,34,0.18322730,0.00019967583
7537,34,0.15395761,0.00019967583
7538,34,0.18081640,0.00019967583
7539,34,0.18519372,0.00019967459
7540,34,0.16578221,0.00019967459
7541,34,0.16459408,0.00019967459
7542,34,0.18119872,0.00019967334
7543,34,0.13680214,0.00019967334
7544,34,0.20180850,0.00019967334
7545,34,0.13244693,0.0001996721
7546,34,0.17617467,0.0001996721
7547,34,0.12918118,0.0001996721
7548,34,0.15411642,0.00019967085
7549,34,0.16437125,0.00019967085
7550,34,0.17257005,0.00019967085
7551,34,0.20501348,0.0001996696
7552,34,0.17125833,0.0001996696
7553,34,0.16124582,0.0001996696
7554,34,0.16173935,0.00019966835
7555,34,0.13816874,0.00019966835
7556,34,0.17577653,0.00019966835
7557,34,0.14916436,0.0001996671
7558,34,0.15971477,0.0001996671
7559,34,0.15312544,0.0001996671
7560,34,0.21750353,0.00019966584
7561,34,0.18482503,0.00019966584
7562,34,0.15784127,0.00019966584
7563,34,0.16038913,0.00019966458
7564,34,0.16663133,0.00019966458
7565,34,0.18030831,0.00019966458
7566,34,0.17857675,0.00019966332
7567,34,0.15978616,0.00019966332
7568,34,0.16915765,0.00019966332
7569,34,0.17589149,0.00019966205
7570,34,0.15396610,0.00019966205
7571,34,0.16478832,0.00019966205
7572,34,0.16433161,0.00019966079
7573,34,0.13389735,0.00019966079
7574,34,0.16861443,0.00019966079
7575,34,0.18911859,0.00019965952
7576,34,0.15468316,0.00019965952
7577,34,0.15884987,0.00019965952
7578,34,0.14731239,0.00019965825
7579,34,0.21159238,0.00019965825
7580,34,0.19360062,0.00019965825
7581,34,0.19170690,0.00019965698
7582,34,0.12473224,0.00019965698
7583,34,0.13848493,0.00019965698
7584,34,0.15581653,0.0001996557
7585,34,0.17714247,0.0001996557
7586,34,0.14799660,0.0001996557
7587,34,0.15877452,0.00019965442
7588,34,0.17215142,0.00019965442
7589,34,0.19326591,0.00019965442
7590,34,0.16480680,0.00019965314
7591,34,0.13218069,0.00019965314
7592,34,0.15477741,0.00019965314
7593,34,0.16787748,0.00019965186
7594,34,0.18892542,0.00019965186
7595,34,0.19413462,0.00019965186
7596,34,0.15958364,0.00019965057
7597,34,0.15264499,0.00019965057
7598,34,0.19056575,0.00019965057
7599,34,0.15845746,0.00019964929
7600,34,0.17788398,0.00019964929
7601,34,0.17594397,0.00019964929
7602,34,0.19234130,0.000199648
7603,34,0.12992598,0.000199648
7604,34,0.17458920,0.000199648
7605,34,0.18320791,0.0001996467
7606,34,0.19163179,0.0001996467
7607,34,0.16895053,0.0001996467
7608,34,0.16960353,0.00019964541
7609,34,0.12615615,0.00019964541
7610,34,0.14745371,0.00019964541
7611,34,0.16561100,0.00019964411
7612,34,0.16113746,0.00019964411
7613,34,0.18081735,0.00019964411
7614,34,0.15709990,0.00019964281
7615,34,0.18035901,0.00019964281
7616,34,0.15815255,0.00019964151
7617,35,0.17063074,0.00019964151
7618,35,0.17161195,0.00019964151
7619,35,0.15702125,0.00019964021
7620,35,0.15095638,0.00019964021
7621,35,0.16456449,0.00019964021
7622,35,0.15501121,0.0001996389
7623,35,0.19390170,0.0001996389
7624,35,0.14180744,0.0001996389
7625,35,0.20421617,0.00019963759
7626,35,0.17500190,0.00019963759
7627,35,0.17149411,0.00019963759
7628,35,0.17141007,0.00019963628
7629,35,0.17281088,0.00019963628
7630,35,0.18902591,0.00019963628
7631,35,0.16537657,0.00019963497
7632,35,0.14523028,0.00019963497
7633,35,0.13621306,0.00019963497
7634,35,0.14337519,0.00019963365
7635,35,0.17655179,0.00019963365
7636,35,0.17204875,0.00019963365
7637,35,0.14533588,0.00019963233
7638,35,0.16669421,0.00019963233
7639,35,0.14341016,0.00019963233
7640,35,0.16791555,0.00019963101
7641,35,0.18518183,0.00019963101
7642,35,0.12256560,0.00019963101
7643,35,0.16599624,0.00019962969
7644,35,0.15970722,0.00019962969
7645,35,0.15307440,0.00019962969
7646,35,0.19882843,0.00019962837
7647,35,0.15508097,0.00019962837
7648,35,0.16611350,0.00019962837
7649,35,0.16334680,0.00019962704
7650,35,0.14969689,0.00019962704
7651,35,0.16928589,0.00019962704
7652,35,0.15515867,0.00019962571
7653,35,0.17907850,0.00019962571
7654,35,0.14997214,0.00019962571
7655,35,0.15123618,0.00019962438
7656,35,0.16266805,0.00019962438
7657,35,0.16440396,0.00019962438
7658,35,0.15639478,0.00019962304
7659,35,0.20964801,0.00019962304
7660,35,0.16817272,0.00019962304
7661,35,0.15606926,0.0001996217
7662,35,0.14271097,0.0001996217
7663,35,0.16824016,0.0001996217
7664,35,0.19162934,0.00019962036
7665,35,0.20083933,0.00019962036
7666,35,0.12796454,0.00019962036
7667,35,0.18348220,0.00019961902
7668,35,0.18275468,0.00019961902
7669,35,0.13231710,0.00019961902
7670,35,0.15811819,0.00019961768
7671,35,0.14424805,0.00019961768
7672,35,0.19194035,0.00019961768
7673,35,0.17532489,0.00019961633
7674,35,0.17670178,0.00019961633
7675,35,0.19042525,0.00019961633
7676,35,0.14374155,0.00019961498
7677,35,0.16086265,0.00019961498
7678,35,0.16703062,0.00019961498
7679,35,0.13775709,0.00019961363
7680,35,0.14662227,0.00019961363
7681,35,0.13253580,0.00019961363
7682,35,0.14409184,0.00019961228
7683,35,0.17870450,0.00019961228
7684,35,0.17009042,0.00019961228
7685,35,0.17003021,0.00019961092
7686,35,0.14176401,0.00019961092
7687,35,0.18051609,0.00019961092
7688,35,0.14259921,0.00019960956
7689,35,0.14391345,0.00019960956
7690,35,0.19321930,0.00019960956
7691,35,0.21426558,0.0001996082
7692,35,0.19028918,0.0001996082
7693,35,0.16276452,0.0001996082
7694,35,0.17972478,0.00019960684
7695,35,0.16221476,0.00019960684
7696,35,0.18512869,0.00019960684
7697,35,0.17824411,0.00019960547
7698,35,0.16568437,0.00019960547
7699,35,0.14361456,0.00019960547
7700,35,0.17072031,0.00019960411
7701,35,0.19560520,0.00019960411
7702,35,0.17993002,0.00019960411
7703,35,0.15020907,0.00019960274
7704,35,0.17563272,0.00019960274
7705,35,0.15910827,0.00019960274
7706,35,0.18587750,0.00019960136
7707,35,0.14201556,0.00019960136
7708,35,0.15146050,0.00019960136
7709,35,0.16455759,0.00019959999
7710,35,0.13756716,0.00019959999
7711,35,0.17908947,0.00019959999
7712,35,0.22162899,0.00019959861
7713,35,0.14137325,0.00019959861
7714,35,0.15685529,0.00019959861
7715,35,0.17518286,0.00019959723
7716,35,0.17223701,0.00019959723
7717,35,0.15205292,0.00019959723
7718,35,0.15212452,0.00019959585
7719,35,0.17822962,0.00019959585
7720,35,0.14778194,0.00019959585
7721,35,0.13193217,0.00019959447
7722,35,0.16906163,0.00019959447
7723,35,0.12864552,0.00019959447
7724,35,0.15294161,0.00019959308
7725,35,0.19164240,0.00019959308
7726,35,0.19071923,0.00019959308
7727,35,0.21316227,0.00019959169
7728,35,0.16608325,0.00019959169
7729,35,0.18935245,0.00019959169
7730,35,0.19050729,0.0001995903
7731,35,0.13596866,0.0001995903
7732,35,0.17558336,0.0001995903
7733,35,0.15750729,0.0001995889
7734,35,0.15573123,0.0001995889
7735,35,0.17921197,0.0001995889
7736,35,0.17523584,0.00019958751
7737,35,0.18494928,0.00019958751
7738,35,0.18652360,0.00019958751
7739,35,0.16690223,0.00019958611
7740,35,0.14566925,0.00019958611
7741,35,0.15792257,0.00019958611
7742,35,0.16134873,0.00019958471
7743,35,0.16042459,0.00019958471
7744,35,0.15524241,0.00019958471
7745,35,0.18928073,0.00019958331
7746,35,0.14384507,0.00019958331
7747,35,0.15612356,0.00019958331
7748,35,0.18338832,0.0001995819
7749,35,0.17347901,0.0001995819
7750,35,0.16811931,0.0001995819
7751,35,0.15575436,0.00019958049
7752,35,0.16677922,0.00019958049
7753,35,0.12714440,0.00019958049
7754,35,0.15384381,0.00019957908
7755,35,0.17498367,0.00019957908
7756,35,0.17113480,0.00019957908
7757,35,0.14469808,0.00019957767
7758,35,0.14421648,0.00019957767
7759,35,0.16912107,0.00019957767
7760,35,0.16309406,0.00019957625
7761,35,0.14812919,0.00019957625
7762,35,0.18330833,0.00019957625
7763,35,0.16527125,0.00019957484
7764,35,0.14285235,0.00019957484
7765,35,0.17053616,0.00019957484
7766,35,0.17062509,0.00019957342
7767,35,0.14397830,0.00019957342
7768,35,0.16568735,0.00019957342
7769,35,0.16282088,0.000199572
7770,35,0.14494213,0.000199572
7771,35,0.18178740,0.000199572
7772,35,0.14328790,0.00019957057
7773,35,0.17065814,0.00019957057
7774,35,0.15730923,0.00019957057
7775,35,0.15954933,0.00019956914
7776,35,0.17678821,0.00019956914
7777,35,0.17331758,0.00019956914
7778,35,0.15129344,0.00019956772
7779,35,0.19869244,0.00019956772
7780,35,0.15858498,0.00019956772
7781,35,0.16144498,0.00019956628
7782,35,0.19004028,0.00019956628
7783,35,0.13554737,0.00019956628
7784,35,0.19144611,0.00019956485
7785,35,0.17125390,0.00019956485
7786,35,0.19219908,0.00019956485
7787,35,0.17954826,0.00019956341
7788,35,0.19740629,0.00019956341
7789,35,0.18677363,0.00019956341
7790,35,0.17861675,0.00019956197
7791,35,0.19293666,0.00019956197
7792,35,0.16676581,0.00019956197
7793,35,0.18620186,0.00019956053
7794,35,0.16202296,0.00019956053
7795,35,0.16748363,0.00019956053
7796,35,0.17463386,0.00019955909
7797,35,0.17224865,0.00019955909
7798,35,0.16496636,0.00019955909
7799,35,0.17148736,0.00019955764
7800,35,0.15764047,0.00019955764
7801,35,0.13298753,0.00019955764
7802,35,0.17028815,0.0001995562
7803,35,0.17335962,0.0001995562
7804,35,0.16639499,0.0001995562
7805,35,0.15461504,0.00019955475
7806,35,0.15785919,0.00019955475
7807,35,0.17412350,0.00019955475
7808,35,0.13829178,0.00019955329
7809,35,0.17235371,0.00019955329
7810,35,0.12940115,0.00019955329
7811,35,0.12248814,0.00019955184
7812,35,0.18559645,0.00019955184
7813,35,0.15647729,0.00019955184
7814,35,0.21138632,0.00019955038
7815,35,0.13912669,0.00019955038
7816,35,0.15683395,0.00019955038
7817,35,0.16181611,0.00019954892
7818,35,0.17816278,0.00019954892
7819,35,0.16082531,0.00019954892
7820,35,0.15082207,0.00019954746
7821,35,0.17331052,0.00019954746
7822,35,0.12932590,0.00019954746
7823,35,0.16345839,0.00019954599
7824,35,0.16625093,0.00019954599
7825,35,0.18590853,0.00019954599
7826,35,0.18092871,0.00019954453
7827,35,0.18722269,0.00019954453
7828,35,0.15297088,0.00019954453
7829,35,0.17472748,0.00019954306
7830,35,0.16118187,0.00019954306
7831,35,0.19232440,0.00019954306
7832,35,0.17519316,0.00019954159
7833,35,0.17494993,0.00019954159
7834,35,0.16141324,0.00019954159
7835,35,0.15930170,0.00019954011
7836,35,0.14822528,0.00019954011
7837,35,0.16680293,0.00019954011
7838,35,0.17466423,0.00019953864
7839,35,0.18878028,0.00019953864
7840,35,0.14498523,0.00019953716
7841,36,0.16768569,0.00019953716
7842,36,0.17234263,0.00019953716
7843,36,0.15323870,0.00019953568
7844,36,0.17876577,0.00019953568
7845,36,0.20905893,0.00019953568
7846,36,0.18440327,0.00019953419
7847,36,0.18672495,0.00019953419
7848,36,0.15929171,0.00019953419
7849,36,0.15250245,0.00019953271
7850,36,0.16789703,0.00019953271
7851,36,0.15773819,0.00019953271
7852,36,0.12823622,0.00019953122
7853,36,0.13668101,0.00019953122
7854,36,0.16616604,0.00019953122
7855,36,0.15208851,0.00019952973
7856,36,0.15732138,0.00019952973
7857,36,0.20886163,0.00019952973
7858,36,0.20025158,0.00019952823
7859,36,0.17304280,0.00019952823
7860,36,0.16699442,0.00019952823
7861,36,0.16791677,0.00019952674
7862,36,0.19809064,0.00019952674
7863,36,0.14111064,0.00019952674
7864,36,0.15863737,0.00019952524
7865,36,0.14700703,0.00019952524
7866,36,0.18396768,0.00019952524
7867,36,0.18460391,0.00019952374
7868,36,0.18666071,0.00019952374
7869,36,0.14091963,0.00019952374
7870,36,0.18679504,0.00019952224
7871,36,0.14374958,0.00019952224
7872,36,0.17887536,0.00019952224
7873,36,0.16879807,0.00019952073
7874,36,0.16734791,0.00019952073
7875,36,0.16225846,0.00019952073
7876,36,0.18278739,0.00019951923
7877,36,0.16372035,0.00019951923
7878,36,0.15608850,0.00019951923
7879,36,0.17353463,0.00019951772
7880,36,0.19876854,0.00019951772
7881,36,0.13845155,0.00019951772
7882,36,0.13672329,0.00019951621
7883,36,0.15543714,0.00019951621
7884,36,0.14298014,0.00019951621
7885,36,0.15964079,0.00019951469
7886,36,0.17373919,0.00019951469
7887,36,0.17839256,0.00019951469
7888,36,0.15393837,0.00019951318
7889,36,0.14891778,0.00019951318
7890,36,0.18292493,0.00019951318
7891,36,0.16935566,0.00019951166
7892,36,0.18777053,0.00019951166
7893,36,0.16510074,0.00019951166
7894,36,0.18616432,0.00019951013
7895,36,0.19072935,0.00019951013
7896,36,0.19114594,0.00019951013
7897,36,0.19990370,0.00019950861
7898,36,0.15615888,0.00019950861
7899,36,0.20475584,0.00019950861
7900,36,0.14066160,0.00019950709
7901,36,0.15299456,0.00019950709
7902,36,0.18447566,0.00019950709
7903,36,0.16857538,0.00019950556
7904,36,0.17660034,0.00019950556
7905,36,0.18377785,0.00019950556
7906,36,0.15149155,0.00019950403
7907,36,0.18426737,0.00019950403
7908,36,0.16364191,0.00019950403
7909,36,0.15320584,0.00019950249
7910,36,0.16841429,0.00019950249
7911,36,0.15829775,0.00019950249
7912,36,0.16646957,0.00019950096
7913,36,0.17601436,0.00019950096
7914,36,0.15762568,0.00019950096
7915,36,0.15183178,0.00019949942
7916,36,0.17410967,0.00019949942
7917,36,0.16232108,0.00019949942
7918,36,0.16163036,0.00019949788
7919,36,0.15703391,0.00019949788
7920,36,0.18605947,0.00019949788
7921,36,0.15970275,0.00019949634
7922,36,0.15583518,0.00019949634
7923,36,0.14565319,0.00019949634
7924,36,0.16115372,0.00019949479
7925,36,0.21002498,0.00019949479
7926,36,0.19552407,0.00019949479
7927,36,0.14559940,0.00019949325
7928,36,0.15464664,0.00019949325
7929,36,0.17101197,0.00019949325
7930,36,0.14841309,0.0001994917
7931,36,0.17849067,0.0001994917
7932,36,0.18268529,0.0001994917
7933,36,0.14636034,0.00019949014
7934,36,0.17694125,0.00019949014
7935,36,0.15020540,0.00019949014
7936,36,0.20549217,0.00019948859
7937,36,0.18846959,0.00019948859
7938,36,0.17068885,0.00019948859
7939,36,0.14191116,0.00019948703
7940,36,0.16581145,0.00019948703
7941,36,0.16516474,0.00019948703
7942,36,0.15392105,0.00019948547
7943,36,0.13737422,0.00019948547
7944,36,0.14390182,0.00019948547
7945,36,0.16994452,0.00019948391
7946,36,0.17286977,0.00019948391
7947,36,0.17843387,0.00019948391
7948,36,0.17516601,0.00019948235
7949,36,0.17775655,0.00019948235
7950,36,0.16544951,0.00019948235
7951,36,0.18246196,0.00019948078
7952,36,0.16713552,0.00019948078
7953,36,0.15344059,0.00019948078
7954,36,0.17239538,0.00019947921
7955,36,0.13757370,0.00019947921
7956,36,0.14223586,0.00019947921
7957,36,0.15769875,0.00019947764
7958,36,0.18820302,0.00019947764
7959,36,0.18544023,0.00019947764
7960,36,0.19537172,0.00019947607
7961,36,0.15648559,0.00019947607
7962,36,0.17010157,0.00019947607
7963,36,0.15802829,0.00019947449
7964,36,0.21503250,0.00019947449
7965,36,0.14114295,0.00019947449
7966,36,0.19336157,0.00019947292
7967,36,0.18000118,0.00019947292
7968,36,0.19106811,0.00019947292
7969,36,0.14891252,0.00019947134
7970,36,0.18146496,0.00019947134
7971,36,0.18080348,0.00019947134
7972,36,0.13206530,0.00019946975
7973,36,0.15906519,0.00019946975
7974,36,0.17443687,0.00019946975
7975,36,0.15379074,0.00019946817
7976,36,0.13553607,0.00019946817
7977,36,0.16040668,0.00019946817
7978,36,0.16614144,0.00019946658
7979,36,0.17071347,0.00019946658
7980,36,0.17835009,0.00019946658
7981,36,0.15160334,0.00019946499
7982,36,0.18294632,0.00019946499
7983,36,0.16349548,0.00019946499
7984,36,0.16701424,0.0001994634
7985,36,0.16925618,0.0001994634
7986,36,0.16329484,0.0001994634
7987,36,0.15134692,0.00019946181
7988,36,0.17591827,0.00019946181
7989,36,0.16852960,0.00019946181
7990,36,0.19596562,0.00019946021
7991,36,0.14255434,0.00019946021
7992,36,0.15367047,0.00019946021
7993,36,0.19567138,0.00019945861
7994,36,0.16429307,0.00019945861
7995,36,0.16026649,0.00019945861
7996,36,0.16297454,0.00019945701
7997,36,0.18525308,0.00019945701
7998,36,0.17551607,0.00019945701
7999,36,0.14285919,0.0001994554
8000,36,0.14579970,0.0001994554
8001,36,0.14690569,0.0001994554
8002,36,0.13940710,0.0001994538
8003,36,0.17278612,0.0001994538
8004,36,0.17809050,0.0001994538
8005,36,0.16794346,0.00019945219
8006,36,0.19802389,0.00019945219
8007,36,0.16103908,0.00019945219
8008,36,0.15500429,0.00019945058
8009,36,0.15559797,0.00019945058
8010,36,0.19564907,0.00019945058
8011,36,0.15207611,0.00019944897
8012,36,0.18085286,0.00019944897
8013,36,0.14960840,0.00019944897
8014,36,0.16455626,0.00019944735
8015,36,0.15731263,0.00019944735
8016,36,0.15447712,0.00019944735
8017,36,0.17760055,0.00019944573
8018,36,0.20485577,0.00019944573
8019,36,0.16960150,0.00019944573
8020,36,0.16810732,0.00019944411
8021,36,0.15563418,0.00019944411
8022,36,0.13488828,0.00019944411
8023,36,0.14020306,0.00019944249
8024,36,0.13829325,0.00019944249
8025,36,0.20756590,0.00019944249
8026,36,0.15507361,0.00019944086
8027,36,0.14201079,0.00019944086
8028,36,0.15288816,0.00019944086
8029,36,0.20980740,0.00019943924
8030,36,0.20045024,0.00019943924
8031,36,0.15920326,0.00019943924
8032,36,0.15640441,0.00019943761
8033,36,0.21784174,0.00019943761
8034,36,0.18679088,0.00019943761
8035,36,0.16718546,0.00019943597
8036,36,0.19820051,0.00019943597
8037,36,0.19194558,0.00019943597
8038,36,0.14034437,0.00019943434
8039,36,0.16919717,0.00019943434
8040,36,0.16077572,0.00019943434
8041,36,0.17278352,0.0001994327
8042,36,0.21859567,0.0001994327
8043,36,0.17680073,0.0001994327
8044,36,0.15211049,0.00019943106
8045,36,0.20946974,0.00019943106
8046,36,0.18228857,0.00019943106
8047,36,0.19370732,0.00019942942
8048,36,0.14591771,0.00019942942
8049,36,0.13881533,0.00019942942
8050,36,0.18774426,0.00019942778
8051,36,0.15078717,0.00019942778
8052,36,0.17366897,0.00019942778
8053,36,0.18311054,0.00019942613
8054,36,0.18559317,0.00019942613
8055,36,0.18723926,0.00019942613
8056,36,0.15020761,0.00019942448
8057,36,0.23692599,0.00019942448
8058,36,0.18706259,0.00019942448
8059,36,0.15019804,0.00019942283
8060,36,0.16509256,0.00019942283
8061,36,0.18168759,0.00019942283
8062,36,0.15706000,0.00019942118
8063,36,0.17707714,0.00019942118
8064,36,0.16105801,0.00019941952
8065,37,0.20067929,0.00019941952
8066,37,0.19544935,0.00019941952
8067,37,0.14654453,0.00019941787
8068,37,0.17044888,0.00019941787
8069,37,0.21148369,0.00019941787
8070,37,0.18858771,0.0001994162
8071,37,0.17028177,0.0001994162
8072,37,0.20484769,0.0001994162
8073,37,0.13873802,0.00019941454
8074,37,0.18266165,0.00019941454
8075,37,0.21710217,0.00019941454
8076,37,0.16747680,0.00019941288
8077,37,0.19852027,0.00019941288
8078,37,0.14741169,0.00019941288
8079,37,0.13728997,0.00019941121
8080,37,0.17397289,0.00019941121
8081,37,0.16699073,0.00019941121
8082,37,0.17286746,0.00019940954
8083,37,0.19119525,0.00019940954
8084,37,0.18379681,0.00019940954
8085,37,0.16455591,0.00019940787
8086,37,0.15566227,0.00019940787
8087,37,0.15533246,0.00019940787
8088,37,0.20629048,0.00019940619
8089,37,0.15025160,0.00019940619
8090,37,0.17952776,0.00019940619
8091,37,0.16821852,0.00019940452
8092,37,0.19375138,0.00019940452
8093,37,0.16023743,0.00019940452
8094,37,0.16177508,0.00019940284
8095,37,0.16236049,0.00019940284
8096,37,0.17887628,0.00019940284
8097,37,0.14122954,0.00019940115
8098,37,0.22476819,0.00019940115
8099,37,0.16968632,0.00019940115
8100,37,0.14823708,0.00019939947
8101,37,0.15454286,0.00019939947
8102,37,0.18491691,0.00019939947
8103,37,0.19192359,0.00019939778
8104,37,0.15713644,0.00019939778
8105,37,0.14352714,0.00019939778
8106,37,0.16515748,0.0001993961
8107,37,0.17488825,0.0001993961
8108,37,0.16988723,0.0001993961
8109,37,0.15688980,0.0001993944
8110,37,0.16185707,0.0001993944
8111,37,0.13638678,0.0001993944
8112,37,0.15811260,0.00019939271
8113,37,0.20133421,0.00019939271
8114,37,0.18050614,0.00019939271
8115,37,0.16489869,0.00019939102
8116,37,0.15734403,0.00019939102
8117,37,0.15554291,0.00019939102
8118,37,0.18472759,0.00019938932
8119,37,0.15587027,0.00019938932
8120,37,0.17409241,0.00019938932
8121,37,0.15579204,0.00019938762
8122,37,0.15537965,0.00019938762
8123,37,0.17311773,0.00019938762
8124,37,0.16504516,0.00019938591
8125,37,0.18436262,0.00019938591
8126,37,0.19397864,0.00019938591
8127,37,0.16444227,0.00019938421
8128,37,0.14542228,0.00019938421
8129,37,0.15549789,0.00019938421
8130,37,0.16146246,0.0001993825
8131,37,0.14175302,0.0001993825
8132,37,0.16293931,0.0001993825
8133,37,0.17324317,0.00019938079
8134,37,0.15535800,0.00019938079
8135,37,0.17889279,0.00019938079
8136,37,0.18123275,0.00019937908
8137,37,0.14200322,0.00019937908
8138,37,0.17495577,0.00019937908
8139,37,0.17893329,0.00019937736
8140,37,0.12968582,0.00019937736
8141,37,0.18328631,0.00019937736
8142,37,0.14190172,0.00019937565
8143,37,0.16301987,0.00019937565
8144,37,0.18059711,0.00019937565
8145,37,0.18187821,0.00019937393
8146,37,0.17294273,0.00019937393
8147,37,0.18606395,0.00019937393
8148,37,0.18035924,0.00019937221
8149,37,0.15619576,0.00019937221
8150,37,0.20192245,0.00019937221
8151,37,0.14709458,0.00019937048
8152,37,0.16310345,0.00019937048
8153,37,0.16185002,0.00019937048
8154,37,0.16378920,0.00019936876
8155,37,0.15174031,0.00019936876
8156,37,0.16878240,0.00019936876
8157,37,0.17839703,0.00019936703
8158,37,0.14324799,0.00019936703
8159,37,0.16396463,0.00019936703
8160,37,0.14177842,0.0001993653
8161,37,0.17506883,0.0001993653
8162,37,0.15092002,0.0001993653
8163,37,0.20198010,0.00019936356
8164,37,0.17826597,0.00019936356
8165,37,0.16340022,0.00019936356
8166,37,0.16038007,0.00019936183
8167,37,0.16827413,0.00019936183
8168,37,0.15137947,0.00019936183
8169,37,0.14277381,0.00019936009
8170,37,0.17214720,0.00019936009
8171,37,0.15517989,0.00019936009
8172,37,0.15902701,0.00019935835
8173,37,0.14341341,0.00019935835
8174,37,0.17688420,0.00019935835
8175,37,0.17473611,0.0001993566
8176,37,0.14214218,0.0001993566
8177,37,0.14721252,0.0001993566
8178,37,0.14679441,0.00019935486
8179,37,0.15287085,0.00019935486
8180,37,0.15132156,0.00019935486
8181,37,0.14731303,0.00019935311
8182,37,0.16286814,0.00019935311
8183,37,0.14004840,0.00019935311
8184,37,0.16279671,0.00019935136
8185,37,0.14461246,0.00019935136
8186,37,0.19143507,0.00019935136
8187,37,0.19324450,0.00019934961
8188,37,0.15913248,0.00019934961
8189,37,0.14666554,0.00019934961
8190,37,0.19296497,0.00019934785
8191,37,0.17953961,0.00019934785
8192,37,0.17159210,0.00019934785
8193,37,0.17065337,0.0001993461
8194,37,0.15656459,0.0001993461
8195,37,0.17507541,0.0001993461
8196,37,0.15040688,0.00019934434
8197,37,0.17076334,0.00019934434
8198,37,0.14454418,0.00019934434
8199,37,0.15348242,0.00019934258
8200,37,0.18594956,0.00019934258
8201,37,0.16451126,0.00019934258
8202,37,0.13724169,0.00019934081
8203,37,0.14648643,0.00019934081
8204,37,0.14419541,0.00019934081
8205,37,0.17743938,0.00019933905
8206,37,0.18133661,0.00019933905
8207,37,0.17525625,0.00019933905
8208,37,0.14446619,0.00019933728
8209,37,0.19146171,0.00019933728
8210,37,0.15238766,0.00019933728
8211,37,0.13283589,0.00019933551
8212,37,0.14297897,0.00019933551
8213,37,0.14950216,0.00019933551
8214,37,0.16761236,0.00019933373
8215,37,0.17168900,0.00019933373
8216,37,0.18506971,0.00019933373
8217,37,0.17511687,0.00019933196
8218,37,0.12806047,0.00019933196
8219,37,0.18408935,0.00019933196
8220,37,0.18243003,0.00019933018
8221,37,0.19799130,0.00019933018
8222,37,0.15971446,0.00019933018
8223,37,0.15246016,0.0001993284
8224,37,0.15609537,0.0001993284
8225,37,0.16825621,0.0001993284
8226,37,0.15010175,0.00019932661
8227,37,0.15485182,0.00019932661
8228,37,0.20322292,0.00019932661
8229,37,0.14282721,0.00019932483
8230,37,0.14337829,0.00019932483
8231,37,0.15713216,0.00019932483
8232,37,0.17352188,0.00019932304
8233,37,0.16542163,0.00019932304
8234,37,0.17386411,0.00019932304
8235,37,0.18946938,0.00019932125
8236,37,0.17867556,0.00019932125
8237,37,0.18295357,0.00019932125
8238,37,0.17192265,0.00019931946
8239,37,0.14949623,0.00019931946
8240,37,0.13390943,0.00019931946
8241,37,0.14004289,0.00019931766
8242,37,0.15215415,0.00019931766
8243,37,0.16708259,0.00019931766
8244,37,0.13964504,0.00019931587
8245,37,0.15464462,0.00019931587
8246,37,0.20073204,0.00019931587
8247,37,0.14154598,0.00019931407
8248,37,0.14982519,0.00019931407
8249,37,0.22536030,0.00019931407
8250,37,0.14308977,0.00019931227
8251,37,0.16612367,0.00019931227
8252,37,0.15842685,0.00019931227
8253,37,0.17392032,0.00019931046
8254,37,0.16827041,0.00019931046
8255,37,0.17121010,0.00019931046
8256,37,0.16017577,0.00019930865
8257,37,0.14826274,0.00019930865
8258,37,0.16438454,0.00019930865
8259,37,0.17246732,0.00019930685
8260,37,0.14950931,0.00019930685
8261,37,0.16772059,0.00019930685
8262,37,0.17496336,0.00019930503
8263,37,0.17641842,0.00019930503
8264,37,0.17981699,0.00019930503
8265,37,0.14355801,0.00019930322
8266,37,0.14506783,0.00019930322
8267,37,0.13225320,0.00019930322
8268,37,0.15163472,0.0001993014
8269,37,0.14582174,0.0001993014
8270,37,0.16506585,0.0001993014
8271,37,0.15179530,0.00019929959
8272,37,0.15812477,0.00019929959
8273,37,0.15316385,0.00019929959
8274,37,0.14617792,0.00019929777
8275,37,0.18306479,0.00019929777
8276,37,0.14755011,0.00019929777
8277,37,0.19016086,0.00019929594
8278,37,0.16319200,0.00019929594
8279,37,0.18757722,0.00019929594
8280,37,0.22827163,0.00019929412
8281,37,0.19254999,0.00019929412
8282,37,0.15565211,0.00019929412
8283,37,0.12973911,0.00019929229
8284,37,0.15911755,0.00019929229
8285,37,0.12629268,0.00019929229
8286,37,0.15517160,0.00019929046
8287,37,0.19194195,0.00019929046
8288,37,0.18041578,0.00019928863
8289,38,0.16439900,0.00019928863
8290,38,0.16930401,0.00019928863
8291,38,0.15471123,0.00019928679
8292,38,0.15710264,0.00019928679
8293,38,0.20238781,0.00019928679
8294,38,0.16065195,0.00019928496
8295,38,0.16296127,0.00019928496
8296,38,0.14178312,0.00019928496
8297,38,0.15021840,0.00019928312
8298,38,0.14247343,0.00019928312
8299,38,0.14820381,0.00019928312
8300,38,0.19116008,0.00019928127
8301,38,0.16057712,0.00019928127
8302,38,0.16349386,0.00019928127
8303,38,0.19948688,0.00019927943
8304,38,0.14394335,0.00019927943
8305,38,0.17597681,0.00019927943
8306,38,0.18281566,0.00019927758
8307,38,0.16215642,0.00019927758
8308,38,0.13705273,0.00019927758
8309,38,0.16639340,0.00019927573
8310,38,0.17860937,0.00019927573
8311,38,0.16552992,0.00019927573
8312,38,0.16199636,0.00019927388
8313,38,0.15367067,0.00019927388
8314,38,0.15078360,0.00019927388
8315,38,0.18378472,0.00019927203
8316,38,0.18315339,0.00019927203
8317,38,0.16539469,0.00019927203
8318,38,0.18925278,0.00019927017
8319,38,0.16373348,0.00019927017
8320,38,0.15746987,0.00019927017
8321,38,0.16942030,0.00019926831
8322,38,0.17548665,0.00019926831
8323,38,0.17994361,0.00019926831
8324,38,0.16998570,0.00019926645
8325,38,0.17422335,0.00019926645
8326,38,0.17853475,0.00019926645
8327,38,0.14518306,0.00019926459
8328,38,0.16015415,0.00019926459
8329,38,0.17924407,0.00019926459
8330,38,0.15538831,0.00019926273
8331,38,0.17373972,0.00019926273
8332,38,0.18378207,0.00019926273
8333,38,0.17667782,0.00019926086
8334,38,0.17325398,0.00019926086
8335,38,0.19213578,0.00019926086
8336,38,0.16820757,0.00019925899
8337,38,0.14442615,0.00019925899
8338,38,0.14937671,0.00019925899
8339,38,0.15730208,0.00019925712
8340,38,0.16510783,0.00019925712
8341,38,0.17511897,0.00019925712
8342,38,0.17071413,0.00019925524
8343,38,0.16629879,0.00019925524
8344,38,0.16008519,0.00019925524
8345,38,0.16505228,0.00019925336
8346,38,0.17302983,0.00019925336
8347,38,0.14758441,0.00019925336
8348,38,0.14207646,0.00019925148
8349,38,0.15490565,0.00019925148
8350,38,0.13589022,0.00019925148
8351,38,0.17886434,0.0001992496
8352,38,0.19100180,0.0001992496
8353,38,0.14180058,0.0001992496
8354,38,0.16517520,0.00019924772
8355,38,0.15481839,0.00019924772
8356,38,0.15737560,0.00019924772
8357,38,0.15106890,0.00019924583
8358,38,0.19538055,0.00019924583
8359,38,0.18722364,0.00019924583
8360,38,0.17246656,0.00019924394
8361,38,0.14791828,0.00019924394
8362,38,0.18031561,0.00019924394
8363,38,0.17781675,0.00019924205
8364,38,0.21313882,0.00019924205
8365,38,0.18357456,0.00019924205
8366,38,0.13958193,0.00019924016
8367,38,0.15483557,0.00019924016
8368,38,0.15906872,0.00019924016
8369,38,0.14845115,0.00019923826
8370,38,0.20953459,0.00019923826
8371,38,0.20011672,0.00019923826
8372,38,0.16069244,0.00019923636
8373,38,0.13658458,0.00019923636
8374,38,0.18044600,0.00019923636
8375,38,0.16108924,0.00019923446
8376,38,0.15791380,0.00019923446
8377,38,0.13057201,0.00019923446
8378,38,0.19459973,0.00019923256
8379,38,0.20140627,0.00019923256
8380,38,0.14526451,0.00019923256
8381,38,0.14312544,0.00019923065
8382,38,0.16324261,0.00019923065
8383,38,0.17501536,0.00019923065
8384,38,0.14374319,0.00019922875
8385,38,0.15871087,0.00019922875
8386,38,0.16899405,0.00019922875
8387,38,0.17693065,0.00019922684
8388,38,0.14297886,0.00019922684
8389,38,0.16453180,0.00019922684
8390,38,0.14999822,0.00019922492
8391,38,0.16835110,0.00019922492
8392,38,0.19046013,0.00019922492
8393,38,0.19498329,0.00019922301
8394,38,0.17337573,0.00019922301
8395,38,0.16083413,0.00019922301
8396,38,0.16954818,0.00019922109
8397,38,0.14553925,0.00019922109
8398,38,0.18038796,0.00019922109
8399,38,0.14992335,0.00019921917
8400,38,0.17267057,0.00019921917
8401,38,0.14866008,0.00019921917
8402,38,0.18006723,0.00019921725
8403,38,0.14866292,0.00019921725
8404,38,0.15633026,0.00019921725
8405,38,0.13091400,0.00019921533
8406,38,0.17598557,0.00019921533
8407,38,0.17943007,0.00019921533
8408,38,0.16597755,0.0001992134
8409,38,0.16801606,0.0001992134
8410,38,0.15507084,0.0001992134
8411,38,0.17902516,0.00019921147
8412,38,0.17059927,0.00019921147
8413,38,0.18535237,0.00019921147
8414,38,0.17075764,0.00019920954
8415,38,0.14291939,0.00019920954
8416,38,0.14029837,0.00019920954
8417,38,0.12695612,0.00019920761
8418,38,0.16107029,0.00019920761
8419,38,0.17262189,0.00019920761
8420,38,0.14863223,0.00019920567
8421,38,0.14785698,0.00019920567
8422,38,0.15342698,0.00019920567
8423,38,0.17333388,0.00019920373
8424,38,0.16251698,0.00019920373
8425,38,0.18112981,0.00019920373
8426,38,0.14159003,0.00019920179
8427,38,0.15053640,0.00019920179
8428,38,0.17085765,0.00019920179
8429,38,0.20379524,0.00019919985
8430,38,0.15300459,0.00019919985
8431,38,0.16620266,0.00019919985
8432,38,0.17425725,0.0001991979
8433,38,0.20351872,0.0001991979
8434,38,0.15878932,0.0001991979
8435,38,0.18409920,0.00019919595
8436,38,0.18877411,0.00019919595
8437,38,0.16950572,0.00019919595
8438,38,0.19587587,0.000199194
8439,38,0.17120111,0.000199194
8440,38,0.13317543,0.000199194
8441,38,0.18790512,0.00019919205
8442,38,0.15971661,0.00019919205
8443,38,0.17783682,0.00019919205
8444,38,0.13818310,0.0001991901
8445,38,0.16037410,0.0001991901
8446,38,0.16865139,0.0001991901
8447,38,0.17997205,0.00019918814
8448,38,0.16566192,0.00019918814
8449,38,0.17562652,0.00019918814
8450,38,0.15375218,0.00019918618
8451,38,0.17277142,0.00019918618
8452,38,0.19667265,0.00019918618
8453,38,0.13138919,0.00019918422
8454,38,0.15662450,0.00019918422
8455,38,0.15130673,0.00019918422
8456,38,0.20178357,0.00019918225
8457,38,0.22333978,0.00019918225
8458,38,0.18316731,0.00019918225
8459,38,0.16572258,0.00019918029
8460,38,0.18771514,0.00019918029
8461,38,0.13419710,0.00019918029
8462,38,0.16700666,0.00019917832
8463,38,0.15406954,0.00019917832
8464,38,0.17787057,0.00019917832
8465,38,0.17887609,0.00019917635
8466,38,0.16365212,0.00019917635
8467,38,0.14288157,0.00019917635
8468,38,0.14480799,0.00019917437
8469,38,0.15464383,0.00019917437
8470,38,0.19292574,0.00019917437
8471,38,0.16411176,0.0001991724
8472,38,0.16187912,0.0001991724
8473,38,0.16193929,0.0001991724
8474,38,0.15156776,0.00019917042
8475,38,0.20047270,0.00019917042
8476,38,0.18438259,0.00019917042
8477,38,0.17973313,0.00019916844
8478,38,0.14770409,0.00019916844
8479,38,0.17869960,0.00019916844
8480,38,0.21306548,0.00019916645
8481,38,0.16201636,0.00019916645
8482,38,0.14084850,0.00019916645
8483,38,0.16089192,0.00019916447
8484,38,0.16258727,0.00019916447
8485,38,0.15824208,0.00019916447
8486,38,0.14046691,0.00019916248
8487,38,0.16058189,0.00019916248
8488,38,0.17446314,0.00019916248
8489,38,0.15780199,0.00019916049
8490,38,0.16173331,0.00019916049
8491,38,0.14392787,0.00019916049
8492,38,0.17798023,0.0001991585
8493,38,0.18390247,0.0001991585
8494,38,0.18983059,0.0001991585
8495,38,0.15798309,0.0001991565
8496,38,0.18520461,0.0001991565
8497,38,0.13205753,0.0001991565
8498,38,0.18398224,0.00019915451
8499,38,0.15153956,0.00019915451
8500,38,0.16110548,0.00019915451
8501,38,0.15565738,0.00019915251
8502,38,0.13959470,0.00019915251
8503,38,0.16687700,0.00019915251
8504,38,0.17787930,0.00019915051
8505,38,0.20456594,0.00019915051
8506,38,0.19053471,0.00019915051
8507,38,0.17149758,0.0001991485
8508,38,0.16423881,0.0001991485
8509,38,0.20731829,0.0001991485
8510,38,0.16914564,0.0001991465
8511,38,0.15171170,0.0001991465
8512,38,0.16320524,0.00019914449
8513,39,0.15275006,0.00019914449
8514,39,0.15975860,0.00019914449
8515,39,0.13701637,0.00019914247
8516,39,0.18899274,0.00019914247
8517,39,0.17836682,0.00019914247
8518,39,0.21137342,0.00019914046
8519,39,0.16040581,0.00019914046
8520,39,0.15845260,0.00019914046
8521,39,0.14575943,0.00019913845
8522,39,0.17158568,0.00019913845
8523,39,0.14859505,0.00019913845
8524,39,0.14125423,0.00019913643
8525,39,0.18122432,0.00019913643
8526,39,0.19072209,0.00019913643
8527,39,0.13856007,0.00019913441
8528,39,0.16212888,0.00019913441
8529,39,0.15538715,0.00019913441
8530,39,0.14072886,0.00019913238
8531,39,0.15185213,0.00019913238
8532,39,0.18187380,0.00019913238
8533,39,0.14489082,0.00019913036
8534,39,0.13892834,0.00019913036
8535,39,0.15939818,0.00019913036
8536,39,0.15858144,0.00019912833
8537,39,0.19889912,0.00019912833
8538,39,0.14965315,0.00019912833
8539,39,0.17649290,0.0001991263
8540,39,0.13663720,0.0001991263
8541,39,0.17515217,0.0001991263
8542,39,0.17095946,0.00019912427
8543,39,0.16023211,0.00019912427
8544,39,0.16934054,0.00019912427
8545,39,0.17957705,0.00019912223
8546,39,0.14262432,0.00019912223
8547,39,0.17332093,0.00019912223
8548,39,0.19556646,0.0001991202
8549,39,0.17810205,0.0001991202
8550,39,0.19101632,0.0001991202
8551,39,0.14625016,0.00019911816
8552,39,0.16323559,0.00019911816
8553,39,0.15367278,0.00019911816
8554,39,0.16794996,0.00019911611
8555,39,0.17860630,0.00019911611
8556,39,0.18676367,0.00019911611
8557,39,0.14102769,0.00019911407
8558,39,0.19369470,0.00019911407
8559,39,0.15628165,0.00019911407
8560,39,0.15742038,0.00019911202
8561,39,0.14935842,0.00019911202
8562,39,0.15701896,0.00019911202
8563,39,0.16995206,0.00019910997
8564,39,0.18523347,0.00019910997
8565,39,0.18849182,0.00019910997
8566,39,0.18209609,0.00019910792
8567,39,0.15736037,0.00019910792
8568,39,0.14315984,0.00019910792
8569,39,0.16516916,0.00019910587
8570,39,0.15276307,0.00019910587
8571,39,0.14629130,0.00019910587
8572,39,0.18034922,0.00019910381
8573,39,0.15768746,0.00019910381
8574,39,0.17727575,0.00019910381
8575,39,0.13248192,0.00019910176
8576,39,0.15796393,0.00019910176
8577,39,0.17025718,0.00019910176
8578,39,0.15661058,0.0001990997
8579,39,0.15508124,0.0001990997
8580,39,0.16076075,0.0001990997
8581,39,0.12781709,0.00019909763
8582,39,0.18385646,0.00019909763
8583,39,0.12764478,0.00019909763
8584,39,0.17108926,0.00019909557
8585,39,0.13294050,0.00019909557
8586,39,0.14978372,0.00019909557
8587,39,0.17597893,0.0001990935
8588,39,0.15403147,0.0001990935
8589,39,0.15642849,0.0001990935
8590,39,0.15702926,0.00019909143
8591,39,0.16236269,0.00019909143
8592,39,0.13189664,0.00019909143
8593,39,0.16676399,0.00019908936
8594,39,0.17896307,0.00019908936
8595,39,0.16802251,0.00019908936
8596,39,0.15782684,0.00019908728
8597,39,0.15240642,0.00019908728
8598,39,0.14258623,0.00019908728
8599,39,0.14723127,0.0001990852
8600,39,0.12038969,0.0001990852
8601,39,0.15393221,0.0001990852
8602,39,0.16535299,0.00019908313
8603,39,0.15047449,0.00019908313
8604,39,0.14229001,0.00019908313
8605,39,0.17352514,0.00019908104
8606,39,0.15976363,0.00019908104
8607,39,0.13920984,0.00019908104
8608,39,0.15654559,0.00019907896
8609,39,0.16026743,0.00019907896
8610,39,0.16940102,0.00019907896
8611,39,0.15414205,0.00019907687
8612,39,0.18156885,0.00019907687
8613,39,0.14512829,0.00019907687
8614,39,0.14097530,0.00019907478
8615,39,0.15855947,0.00019907478
8616,39,0.14289533,0.00019907478
8617,39,0.15880805,0.00019907269
8618,39,0.17446801,0.00019907269
8619,39,0.13790295,0.00019907269
8620,39,0.18629801,0.0001990706
8621,39,0.13785809,0.0001990706
8622,39,0.22248363,0.0001990706
8623,39,0.16965555,0.0001990685
8624,39,0.15636660,0.0001990685
8625,39,0.13843277,0.0001990685
8626,39,0.17467491,0.00019906641
8627,39,0.17523073,0.00019906641
8628,39,0.15772673,0.00019906641
8629,39,0.18133794,0.0001990643
8630,39,0.13745181,0.0001990643
8631,39,0.13377279,0.0001990643
8632,39,0.15973400,0.0001990622
8633,39,0.14142022,0.0001990622
8634,39,0.16574305,0.0001990622
8635,39,0.15541960,0.0001990601
8636,39,0.15768243,0.0001990601
8637,39,0.15478894,0.0001990601
8638,39,0.15350564,0.00019905799
8639,39,0.17976618,0.00019905799
8640,39,0.15434918,0.00019905799
8641,39,0.16509810,0.00019905588
8642,39,0.14721432,0.00019905588
8643,39,0.16086051,0.00019905588
8644,39,0.15720931,0.00019905377
8645,39,0.14375055,0.00019905377
8646,39,0.13292466,0.00019905377
8647,39,0.18932807,0.00019905165
8648,39,0.15950921,0.00019905165
8649,39,0.17647550,0.00019905165
8650,39,0.16754577,0.00019904953
8651,39,0.17043148,0.00019904953
8652,39,0.13746311,0.00019904953
8653,39,0.15801251,0.00019904742
8654,39,0.13274962,0.00019904742
8655,39,0.14847088,0.00019904742
8656,39,0.14277053,0.00019904529
8657,39,0.13876943,0.00019904529
8658,39,0.20608746,0.00019904529
8659,39,0.15907237,0.00019904317
8660,39,0.17586909,0.00019904317
8661,39,0.15038756,0.00019904317
8662,39,0.17869990,0.00019904104
8663,39,0.15308982,0.00019904104
8664,39,0.14993398,0.00019904104
8665,39,0.19323167,0.00019903891
8666,39,0.13822445,0.00019903891
8667,39,0.13626760,0.00019903891
8668,39,0.15850477,0.00019903678
8669,39,0.14840840,0.00019903678
8670,39,0.14139006,0.00019903678
8671,39,0.12779632,0.00019903465
8672,39,0.15308651,0.00019903465
8673,39,0.14565033,0.00019903465
8674,39,0.15520175,0.00019903251
8675,39,0.15737903,0.00019903251
8676,39,0.21492663,0.00019903251
8677,39,0.17551136,0.00019903038
8678,39,0.19020908,0.00019903038
8679,39,0.17100272,0.00019903038
8680,39,0.20075530,0.00019902824
8681,39,0.18374586,0.00019902824
8682,39,0.16427448,0.00019902824
8683,39,0.14303893,0.00019902609
8684,39,0.15473503,0.00019902609
8685,39,0.17276564,0.00019902609
8686,39,0.15128052,0.00019902395
8687,39,0.18497488,0.00019902395
8688,39,0.16628747,0.00019902395
8689,39,0.18385956,0.0001990218
8690,39,0.17783380,0.0001990218
8691,39,0.21414475,0.0001990218
8692,39,0.16264808,0.00019901965
8693,39,0.16143885,0.00019901965
8694,39,0.13115674,0.00019901965
8695,39,0.19312882,0.0001990175
8696,39,0.19925615,0.0001990175
8697,39,0.15176630,0.0001990175
8698,39,0.17039375,0.00019901534
8699,39,0.17483389,0.00019901534
8700,39,0.17709088,0.00019901534
8701,39,0.15693012,0.00019901319
8702,39,0.14188553,0.00019901319
8703,39,0.13781358,0.00019901319
8704,39,0.16275945,0.00019901103
8705,39,0.13980803,0.00019901103
8706,39,0.15532416,0.00019901103
8707,39,0.14753503,0.00019900886
8708,39,0.18734464,0.00019900886
8709,39,0.17368424,0.00019900886
8710,39,0.17113750,0.0001990067
8711,39,0.15428609,0.0001990067
8712,39,0.20100948,0.0001990067
8713,39,0.21858749,0.00019900453
8714,39,0.14974123,0.00019900453
8715,39,0.15649155,0.00019900453
8716,39,0.15340245,0.00019900237
8717,39,0.15640727,0.00019900237
8718,39,0.20320569,0.00019900237
8719,39,0.15594900,0.00019900019
8720,39,0.15023965,0.00019900019
8721,39,0.15049502,0.00019900019
8722,39,0.15579802,0.00019899802
8723,39,0.19023883,0.00019899802
8724,39,0.17368780,0.00019899802
8725,39,0.18311891,0.00019899585
8726,39,0.14991638,0.00019899585
8727,39,0.17658341,0.00019899585
8728,39,0.17120254,0.00019899367
8729,39,0.15184231,0.00019899367
8730,39,0.16174088,0.00019899367
8731,39,0.19508475,0.00019899149
8732,39,0.16179000,0.00019899149
8733,39,0.15382466,0.00019899149
8734,39,0.15458733,0.0001989893
8735,39,0.13896433,0.0001989893
8736,39,0.17083856,0.00019898712
8737,40,0.14900829,0.00019898712
8738,40,0.15271863,0.00019898712
8739,40,0.13686168,0.00019898493
8740,40,0.14710861,0.00019898493
8741,40,0.13565938,0.00019898493
8742,40,0.14138298,0.00019898274
8743,40,0.16071220,0.00019898274
8744,40,0.17474179,0.00019898274
8745,40,0.14848575,0.00019898055
8746,40,0.18988681,0.00019898055
8747,40,0.14097854,0.00019898055
8748,40,0.16131403,0.00019897836
8749,40,0.17632267,0.00019897836
8750,40,0.15373144,0.00019897836
8751,40,0.17621052,0.00019897616
8752,40,0.13195902,0.00019897616
8753,40,0.14903063,0.00019897616
8754,40,0.17127642,0.00019897396
8755,40,0.19008139,0.00019897396
8756,40,0.14530420,0.00019897396
8757,40,0.16480291,0.00019897176
8758,40,0.14682373,0.00019897176
8759,40,0.20176283,0.00019897176
8760,40,0.15928182,0.00019896955
8761,40,0.12246026,0.00019896955
8762,40,0.18374038,0.00019896955
8763,40,0.16708903,0.00019896735
8764,40,0.19828252,0.00019896735
8765,40,0.14083618,0.00019896735
8766,40,0.20013866,0.00019896514
8767,40,0.13501096,0.00019896514
8768,40,0.13305673,0.00019896514
8769,40,0.14682421,0.00019896293
8770,40,0.15307990,0.00019896293
8771,40,0.15905765,0.00019896293
8772,40,0.16189334,0.00019896071
8773,40,0.14403476,0.00019896071
8774,40,0.15934590,0.00019896071
8775,40,0.12417476,0.0001989585
8776,40,0.15127429,0.0001989585
8777,40,0.18118642,0.0001989585
8778,40,0.14106756,0.00019895628
8779,40,0.14165291,0.00019895628
8780,40,0.21867704,0.00019895628
8781,40,0.13115236,0.00019895406
8782,40,0.15679240,0.00019895406
8783,40,0.16044223,0.00019895406
8784,40,0.16213746,0.00019895184
8785,40,0.17983222,0.00019895184
8786,40,0.14520678,0.00019895184
8787,40,0.18469435,0.00019894961
8788,40,0.18023002,0.00019894961
8789,40,0.14203368,0.00019894961
8790,40,0.15492670,0.00019894739
8791,40,0.14702493,0.00019894739
8792,40,0.16804044,0.00019894739
8793,40,0.18214780,0.00019894516
8794,40,0.14439157,0.00019894516
8795,40,0.16952094,0.00019894516
8796,40,0.15752906,0.00019894292
8797,40,0.18191004,0.00019894292
8798,40,0.19163117,0.00019894292
8799,40,0.18151206,0.00019894069
8800,40,0.16177009,0.00019894069
8801,40,0.15651169,0.00019894069
8802,40,0.15744820,0.00019893845
8803,40,0.14110059,0.00019893845
8804,40,0.17041910,0.00019893845
8805,40,0.16605400,0.00019893621
8806,40,0.17960367,0.00019893621
8807,40,0.17378366,0.00019893621
8808,40,0.14581832,0.00019893397
8809,40,0.24867336,0.00019893397
8810,40,0.18318570,0.00019893397
8811,40,0.15181100,0.00019893173
8812,40,0.14654891,0.00019893173
8813,40,0.17793640,0.00019893173
8814,40,0.14551479,0.00019892948
8815,40,0.14474130,0.00019892948
8816,40,0.15633379,0.00019892948
8817,40,0.14152989,0.00019892723
8818,40,0.16417164,0.00019892723
8819,40,0.14781833,0.00019892723
8820,40,0.16680828,0.00019892498
8821,40,0.20559907,0.00019892498
8822,40,0.16521981,0.00019892498
8823,40,0.18108201,0.00019892273
8824,40,0.17462830,0.00019892273
8825,40,0.17786196,0.00019892273
8826,40,0.18604204,0.00019892047
8827,40,0.14211819,0.00019892047
8828,40,0.15725806,0.00019892047
8829,40,0.18784830,0.00019891822
8830,40,0.16616827,0.00019891822
8831,40,0.14780511,0.00019891822
8832,40,0.17312782,0.00019891596
8833,40,0.13772179,0.00019891596
8834,40,0.17914325,0.00019891596
8835,40,0.16155292,0.00019891369
8836,40,0.13994978,0.00019891369
8837,40,0.16523728,0.00019891369
8838,40,0.13286814,0.00019891143
8839,40,0.15084530,0.00019891143
8840,40,0.14087728,0.00019891143
8841,40,0.13278314,0.00019890916
8842,40,0.20295343,0.00019890916
8843,40,0.16250226,0.00019890916
8844,40,0.14583007,0.00019890689
8845,40,0.17306495,0.00019890689
8846,40,0.15816955,0.00019890689
8847,40,0.17365691,0.00019890462
8848,40,0.16787708,0.00019890462
8849,40,0.20578161,0.00019890462
8850,40,0.14443476,0.00019890234
8851,40,0.16945891,0.00019890234
8852,40,0.20267729,0.00019890234
8853,40,0.19310856,0.00019890007
8854,40,0.17850351,0.00019890007
8855,40,0.15280332,0.00019890007
8856,40,0.16148096,0.00019889779
8857,40,0.16427530,0.00019889779
8858,40,0.22093678,0.00019889779
8859,40,0.14128545,0.00019889551
8860,40,0.16149746,0.00019889551
8861,40,0.15866460,0.00019889551
8862,40,0.15047428,0.00019889322
8863,40,0.14988860,0.00019889322
8864,40,0.17489688,0.00019889322
8865,40,0.18100265,0.00019889094
8866,40,0.17479688,0.00019889094
8867,40,0.15674278,0.00019889094
8868,40,0.14828643,0.00019888865
8869,40,0.15770440,0.00019888865
8870,40,0.16616347,0.00019888865
8871,40,0.17655639,0.00019888636
8872,40,0.13267407,0.00019888636
8873,40,0.16746235,0.00019888636
8874,40,0.14176011,0.00019888407
8875,40,0.13814871,0.00019888407
8876,40,0.14840621,0.00019888407
8877,40,0.16938393,0.00019888177
8878,40,0.18732040,0.00019888177
8879,40,0.15496001,0.00019888177
8880,40,0.16002211,0.00019887947
8881,40,0.15036818,0.00019887947
8882,40,0.17307997,0.00019887947
8883,40,0.17431502,0.00019887717
8884,40,0.17750132,0.00019887717
8885,40,0.20759627,0.00019887717
8886,40,0.13053219,0.00019887487
8887,40,0.15123805,0.00019887487
8888,40,0.18349926,0.00019887487
8889,40,0.14690399,0.00019887257
8890,40,0.17154054,0.00019887257
8891,40,0.15128009,0.00019887257
8892,40,0.17294292,0.00019887026
8893,40,0.18675916,0.00019887026
8894,40,0.17645854,0.00019887026
8895,40,0.15483660,0.00019886795
8896,40,0.18601732,0.00019886795
8897,40,0.15776995,0.00019886795
8898,40,0.16832891,0.00019886564
8899,40,0.15358646,0.00019886564
8900,40,0.18067336,0.00019886564
8901,40,0.15855545,0.00019886332
8902,40,0.15985498,0.00019886332
8903,40,0.20116441,0.00019886332
8904,40,0.16621554,0.00019886101
8905,40,0.14404917,0.00019886101
8906,40,0.17321599,0.00019886101
8907,40,0.16890895,0.00019885869
8908,40,0.13276489,0.00019885869
8909,40,0.16482653,0.00019885869
8910,40,0.15410945,0.00019885637
8911,40,0.17132095,0.00019885637
8912,40,0.16755335,0.00019885637
8913,40,0.17064986,0.00019885404
8914,40,0.16619949,0.00019885404
8915,40,0.17978996,0.00019885404
8916,40,0.18431573,0.00019885172
8917,40,0.20224653,0.00019885172
8918,40,0.14878301,0.00019885172
8919,40,0.16331808,0.00019884939
8920,40,0.18153319,0.00019884939
8921,40,0.15203190,0.00019884939
8922,40,0.14858933,0.00019884706
8923,40,0.16061933,0.00019884706
8924,40,0.15600854,0.00019884706
8925,40,0.15318732,0.00019884473
8926,40,0.16462320,0.00019884473
8927,40,0.16710775,0.00019884473
8928,40,0.16112807,0.00019884239
8929,40,0.17550573,0.00019884239
8930,40,0.17720178,0.00019884239
8931,40,0.16827600,0.00019884005
8932,40,0.16262257,0.00019884005
8933,40,0.19399947,0.00019884005
8934,40,0.12738441,0.00019883771
8935,40,0.17461769,0.00019883771
8936,40,0.14859742,0.00019883771
8937,40,0.18196154,0.00019883537
8938,40,0.17199391,0.00019883537
8939,40,0.19170479,0.00019883537
8940,40,0.16818206,0.00019883303
8941,40,0.18281466,0.00019883303
8942,40,0.16724798,0.00019883303
8943,40,0.12368251,0.00019883068
8944,40,0.18104570,0.00019883068
8945,40,0.15289316,0.00019883068
8946,40,0.19288334,0.00019882833
8947,40,0.14355135,0.00019882833
8948,40,0.19538802,0.00019882833
8949,40,0.13625909,0.00019882598
8950,40,0.18957452,0.00019882598
8951,40,0.15795289,0.00019882598
8952,40,0.18338613,0.00019882362
8953,40,0.13676205,0.00019882362
8954,40,0.15933615,0.00019882362
8955,40,0.22574678,0.00019882127
8956,40,0.18936674,0.00019882127
8957,40,0.17844296,0.00019882127
8958,40,0.14098005,0.00019881891
8959,40,0.16310069,0.00019881891
8960,40,0.16309974,0.00019881655
8961,41,0.17501292,0.00019881655
8962,41,0.16710769,0.00019881655
8963,41,0.21408433,0.00019881418
8964,41,0.17266004,0.00019881418
8965,41,0.13780259,0.00019881418
8966,41,0.17394456,0.00019881182
8967,41,0.14390880,0.00019881182
8968,41,0.16740295,0.00019881182
8969,41,0.18273109,0.00019880945
8970,41,0.18531016,0.00019880945
8971,41,0.18288830,0.00019880945
8972,41,0.14559987,0.00019880708
8973,41,0.15489760,0.00019880708
8974,41,0.15436850,0.00019880708
8975,41,0.14546241,0.00019880471
8976,41,0.17654681,0.00019880471
8977,41,0.15134466,0.00019880471
8978,41,0.15294039,0.00019880233
8979,41,0.18217634,0.00019880233
8980,41,0.16973916,0.00019880233
8981,41,0.16911834,0.00019879995
8982,41,0.17932174,0.00019879995
8983,41,0.15295364,0.00019879995
8984,41,0.17356855,0.00019879757
8985,41,0.13190979,0.00019879757
8986,41,0.16359077,0.00019879757
8987,41,0.14212112,0.00019879519
8988,41,0.20143235,0.00019879519
8989,41,0.15145478,0.00019879519
8990,41,0.16743180,0.00019879281
8991,41,0.12877205,0.00019879281
8992,41,0.13756031,0.00019879281
8993,41,0.20363721,0.00019879042
8994,41,0.13541350,0.00019879042
8995,41,0.15412056,0.00019879042
8996,41,0.18126330,0.00019878803
8997,41,0.15102988,0.00019878803
8998,41,0.15690038,0.00019878803
8999,41,0.16800624,0.00019878564
9000,41,0.17883480,0.00019878564
9001,41,0.17254125,0.00019878564
9002,41,0.14690059,0.00019878325
9003,41,0.15470663,0.00019878325
9004,41,0.14886536,0.00019878325
9005,41,0.18854734,0.00019878085
9006,41,0.19239390,0.00019878085
9007,41,0.16800222,0.00019878085
9008,41,0.17540744,0.00019877845
9009,41,0.19560143,0.00019877845
9010,41,0.16340284,0.00019877845
9011,41,0.14536646,0.00019877605
9012,41,0.19517957,0.00019877605
9013,41,0.17257369,0.00019877605
9014,41,0.15725970,0.00019877365
9015,41,0.13156217,0.00019877365
9016,41,0.17816012,0.00019877365
9017,41,0.14484908,0.00019877124
9018,41,0.20857188,0.00019877124
9019,41,0.15089291,0.00019877124
9020,41,0.14261079,0.00019876883
9021,41,0.16177019,0.00019876883
9022,41,0.14195232,0.00019876883
9023,41,0.15063903,0.00019876642
9024,41,0.18672261,0.00019876642
9025,41,0.20509085,0.00019876642
9026,41,0.19412647,0.00019876401
9027,41,0.15925813,0.00019876401
9028,41,0.15277761,0.00019876401
9029,41,0.13812587,0.0001987616
9030,41,0.18081276,0.0001987616
9031,41,0.18163115,0.0001987616
9032,41,0.15261877,0.00019875918
9033,41,0.12714928,0.00019875918
9034,41,0.16734695,0.00019875918
9035,41,0.15938467,0.00019875676
9036,41,0.15553951,0.00019875676
9037,41,0.20002949,0.00019875676
9038,41,0.13930957,0.00019875434
9039,41,0.15858434,0.00019875434
9040,41,0.21420774,0.00019875434
9041,41,0.14958915,0.00019875191
9042,41,0.16206494,0.00019875191
9043,41,0.14739856,0.00019875191
9044,41,0.17311159,0.00019874949
9045,41,0.14727636,0.00019874949
9046,41,0.22644421,0.00019874949
9047,41,0.16274500,0.00019874706
9048,41,0.17311297,0.00019874706
9049,41,0.23763053,0.00019874706
9050,41,0.15448177,0.00019874463
9051,41,0.13358687,0.00019874463
9052,41,0.17877893,0.00019874463
9053,41,0.16923904,0.00019874219
9054,41,0.16049606,0.00019874219
9055,41,0.14274284,0.00019874219
9056,41,0.15620178,0.00019873976
9057,41,0.13974211,0.00019873976
9058,41,0.13877563,0.00019873976
9059,41,0.13882165,0.00019873732
9060,41,0.16596548,0.00019873732
9061,41,0.18401107,0.00019873732
9062,41,0.14561239,0.00019873488
9063,41,0.14630537,0.00019873488
9064,41,0.17695133,0.00019873488
9065,41,0.13904855,0.00019873243
9066,41,0.16945058,0.00019873243
9067,41,0.17654315,0.00019873243
9068,41,0.15581004,0.00019872999
9069,41,0.14434820,0.00019872999
9070,41,0.14675230,0.00019872999
9071,41,0.13446102,0.00019872754
9072,41,0.15435946,0.00019872754
9073,41,0.17094359,0.00019872754
9074,41,0.16791390,0.00019872509
9075,41,0.18054359,0.00019872509
9076,41,0.18825400,0.00019872509
9077,41,0.19498205,0.00019872264
9078,41,0.16430217,0.00019872264
9079,41,0.17090404,0.00019872264
9080,41,0.15876402,0.00019872018
9081,41,0.16925973,0.00019872018
9082,41,0.13991491,0.00019872018
9083,41,0.15571943,0.00019871773
9084,41,0.14587831,0.00019871773
9085,41,0.14191930,0.00019871773
9086,41,0.17430483,0.00019871527
9087,41,0.14354688,0.00019871527
9088,41,0.14242133,0.00019871527
9089,41,0.13325988,0.00019871281
9090,41,0.17974469,0.00019871281
9091,41,0.18110321,0.00019871281
9092,41,0.14570493,0.00019871034
9093,41,0.15386447,0.00019871034
9094,41,0.13756180,0.00019871034
9095,41,0.17392656,0.00019870788
9096,41,0.17159633,0.00019870788
9097,41,0.15241739,0.00019870788
9098,41,0.13742761,0.00019870541
9099,41,0.18599288,0.00019870541
9100,41,0.15313807,0.00019870541
9101,41,0.15584269,0.00019870294
9102,41,0.15557508,0.00019870294
9103,41,0.17997622,0.00019870294
9104,41,0.15249293,0.00019870046
9105,41,0.12745290,0.00019870046
9106,41,0.14831138,0.00019870046
9107,41,0.16557015,0.00019869799
9108,41,0.15412572,0.00019869799
9109,41,0.17138803,0.00019869799
9110,41,0.15831530,0.00019869551
9111,41,0.16527145,0.00019869551
9112,41,0.15747429,0.00019869551
9113,41,0.14223741,0.00019869303
9114,41,0.15937720,0.00019869303
9115,41,0.14081150,0.00019869303
9116,41,0.17909148,0.00019869054
9117,41,0.13161042,0.00019869054
9118,41,0.15780234,0.00019869054
9119,41,0.14265966,0.00019868806
9120,41,0.12500970,0.00019868806
9121,41,0.18069778,0.00019868806
9122,41,0.15172142,0.00019868557
9123,41,0.18767530,0.00019868557
9124,41,0.17322886,0.00019868557
9125,41,0.15887916,0.00019868308
9126,41,0.17156112,0.00019868308
9127,41,0.13614109,0.00019868308
9128,41,0.13211998,0.00019868059
9129,41,0.15760638,0.00019868059
9130,41,0.20397370,0.00019868059
9131,41,0.16191053,0.0001986781
9132,41,0.14977154,0.0001986781
9133,41,0.15542540,0.0001986781
9134,41,0.13291746,0.0001986756
9135,41,0.16791221,0.0001986756
9136,41,0.21626060,0.0001986756
9137,41,0.12412623,0.0001986731
9138,41,0.15581316,0.0001986731
9139,41,0.16393197,0.0001986731
9140,41,0.15659215,0.0001986706
9141,41,0.15027383,0.0001986706
9142,41,0.15230799,0.0001986706
9143,41,0.15393907,0.00019866809
9144,41,0.19715673,0.00019866809
9145,41,0.15188619,0.00019866809
9146,41,0.14744176,0.00019866559
9147,41,0.15011466,0.00019866559
9148,41,0.16095395,0.00019866559
9149,41,0.16563524,0.00019866308
9150,41,0.13133979,0.00019866308
9151,41,0.16257155,0.00019866308
9152,41,0.14235051,0.00019866057
9153,41,0.19613719,0.00019866057
9154,41,0.17668007,0.00019866057
9155,41,0.16177511,0.00019865805
9156,41,0.16750483,0.00019865805
9157,41,0.17089626,0.00019865805
9158,41,0.15684742,0.00019865554
9159,41,0.17292802,0.00019865554
9160,41,0.19128403,0.00019865554
9161,41,0.16642240,0.00019865302
9162,41,0.14169079,0.00019865302
9163,41,0.14153180,0.00019865302
9164,41,0.13843502,0.0001986505
9165,41,0.16581511,0.0001986505
9166,41,0.15139596,0.0001986505
9167,41,0.15646899,0.00019864798
9168,41,0.17031917,0.00019864798
9169,41,0.16688287,0.00019864798
9170,41,0.17592290,0.00019864545
9171,41,0.13596684,0.00019864545
9172,41,0.17376535,0.00019864545
9173,41,0.17767066,0.00019864293
9174,41,0.16131154,0.00019864293
9175,41,0.15272906,0.00019864293
9176,41,0.15116601,0.0001986404
9177,41,0.15020850,0.0001986404
9178,41,0.15291771,0.0001986404
9179,41,0.16966376,0.00019863786
9180,41,0.18283448,0.00019863786
9181,41,0.19570784,0.00019863786
9182,41,0.15609977,0.00019863533
9183,41,0.17722617,0.00019863533
9184,41,0.14452130,0.00019863279
9185,42,0.16893229,0.00019863279
9186,42,0.18973100,0.00019863279
9187,42,0.11960300,0.00019863025
9188,42,0.14490984,0.00019863025
9189,42,0.16025688,0.00019863025
9190,42,0.15307826,0.00019862771
9191,42,0.14937302,0.00019862771
9192,42,0.16159829,0.00019862771
9193,42,0.16649480,0.00019862517
9194,42,0.16885889,0.00019862517
9195,42,0.17450665,0.00019862517
9196,42,0.21652137,0.00019862262
9197,42,0.18060306,0.00019862262
9198,42,0.17387609,0.00019862262
9199,42,0.17009787,0.00019862007
9200,42,0.18789791,0.00019862007
9201,42,0.17096370,0.00019862007
9202,42,0.16635546,0.00019861752
9203,42,0.13741076,0.00019861752
9204,42,0.18597095,0.00019861752
9205,42,0.17626756,0.00019861497
9206,42,0.18798111,0.00019861497
9207,42,0.16378173,0.00019861497
9208,42,0.20057820,0.00019861242
9209,42,0.14441213,0.00019861242
9210,42,0.17349689,0.00019861242
9211,42,0.18913952,0.00019860986
9212,42,0.15865004,0.00019860986
9213,42,0.18341558,0.00019860986
9214,42,0.16633497,0.0001986073
9215,42,0.18813598,0.0001986073
9216,42,0.17793617,0.0001986073
9217,42,0.13163625,0.00019860474
9218,42,0.13840669,0.00019860474
9219,42,0.16894184,0.00019860474
9220,42,0.18048608,0.00019860217
9221,42,0.13320488,0.00019860217
9222,42,0.16745453,0.00019860217
9223,42,0.17039685,0.0001985996
9224,42,0.16054630,0.0001985996
9225,42,0.15263522,0.0001985996
9226,42,0.13890439,0.00019859703
9227,42,0.16458574,0.00019859703
9228,42,0.16930947,0.00019859703
9229,42,0.14005867,0.00019859446
9230,42,0.17311561,0.00019859446
9231,42,0.13526762,0.00019859446
9232,42,0.11350805,0.00019859189
9233,42,0.19042370,0.00019859189
9234,42,0.17360441,0.00019859189
9235,42,0.17229258,0.00019858931
9236,42,0.16925043,0.00019858931
9237,42,0.17360318,0.00019858931
9238,42,0.13727674,0.00019858673
9239,42,0.13452174,0.00019858673
9240,42,0.14188886,0.00019858673
9241,42,0.16699421,0.00019858415
9242,42,0.14788972,0.00019858415
9243,42,0.18072411,0.00019858415
9244,42,0.15225963,0.00019858157
9245,42,0.15822235,0.00019858157
9246,42,0.17743610,0.00019858157
9247,42,0.15521552,0.00019857898
9248,42,0.14967851,0.00019857898
9249,42,0.18385617,0.00019857898
9250,42,0.17092191,0.00019857639
9251,42,0.14237826,0.00019857639
9252,42,0.14962125,0.00019857639
9253,42,0.16136049,0.0001985738
9254,42,0.14811593,0.0001985738
9255,42,0.14394119,0.0001985738
9256,42,0.15006718,0.00019857121
9257,42,0.15120777,0.00019857121
9258,42,0.14658530,0.00019857121
9259,42,0.16579035,0.00019856862
9260,42,0.13982344,0.00019856862
9261,42,0.17432801,0.00019856862
9262,42,0.12841883,0.00019856602
9263,42,0.16024695,0.00019856602
9264,42,0.19510770,0.00019856602
9265,42,0.15765759,0.00019856342
9266,42,0.14245084,0.00019856342
9267,42,0.21082684,0.00019856342
9268,42,0.15335603,0.00019856082
9269,42,0.15441428,0.00019856082
9270,42,0.15137666,0.00019856082
9271,42,0.14625256,0.00019855821
9272,42,0.16578166,0.00019855821
9273,42,0.16651718,0.00019855821
9274,42,0.16622373,0.00019855561
9275,42,0.13502403,0.00019855561
9276,42,0.14583832,0.00019855561
9277,42,0.16652232,0.000198553
9278,42,0.15530777,0.000198553
9279,42,0.19997156,0.000198553
9280,42,0.15633538,0.00019855039
9281,42,0.15421706,0.00019855039
9282,42,0.15669098,0.00019855039
9283,42,0.14328545,0.00019854777
9284,42,0.17747921,0.00019854777
9285,42,0.16138250,0.00019854777
9286,42,0.17906734,0.00019854516
9287,42,0.15681382,0.00019854516
9288,42,0.15174222,0.00019854516
9289,42,0.15905368,0.00019854254
9290,42,0.21799390,0.00019854254
9291,42,0.16563484,0.00019854254
9292,42,0.14576963,0.00019853992
9293,42,0.17297629,0.00019853992
9294,42,0.18861026,0.00019853992
9295,42,0.16217616,0.00019853729
9296,42,0.14918773,0.00019853729
9297,42,0.16845350,0.00019853729
9298,42,0.18192177,0.00019853467
9299,42,0.16586190,0.00019853467
9300,42,0.16514009,0.00019853467
9301,42,0.16049257,0.00019853204
9302,42,0.15369934,0.00019853204
9303,42,0.13959908,0.00019853204
9304,42,0.20451188,0.00019852941
9305,42,0.12849911,0.00019852941
9306,42,0.18192950,0.00019852941
9307,42,0.15366539,0.00019852678
9308,42,0.14704186,0.00019852678
9309,42,0.15226442,0.00019852678
9310,42,0.19468006,0.00019852414
9311,42,0.16094786,0.00019852414
9312,42,0.13027957,0.00019852414
9313,42,0.16096625,0.0001985215
9314,42,0.13073581,0.0001985215
9315,42,0.20911938,0.0001985215
9316,42,0.18014376,0.00019851887
9317,42,0.15362126,0.00019851887
9318,42,0.15898716,0.00019851887
9319,42,0.14823835,0.00019851622
9320,42,0.14501554,0.00019851622
9321,42,0.14873213,0.00019851622
9322,42,0.16258016,0.00019851358
9323,42,0.22553101,0.00019851358
9324,42,0.14955869,0.00019851358
9325,42,0.13908438,0.00019851093
9326,42,0.16340059,0.00019851093
9327,42,0.16841052,0.00019851093
9328,42,0.15670024,0.00019850828
9329,42,0.15132803,0.00019850828
9330,42,0.15598461,0.00019850828
9331,42,0.14906013,0.00019850563
9332,42,0.14084974,0.00019850563
9333,42,0.18379168,0.00019850563
9334,42,0.14365785,0.00019850298
9335,42,0.18655166,0.00019850298
9336,42,0.15079847,0.00019850298
9337,42,0.18601558,0.00019850032
9338,42,0.16380207,0.00019850032
9339,42,0.15334651,0.00019850032
9340,42,0.15677255,0.00019849766
9341,42,0.14746276,0.00019849766
9342,42,0.15257642,0.00019849766
9343,42,0.18642542,0.000198495
9344,42,0.15095323,0.000198495
9345,42,0.14916752,0.000198495
9346,42,0.17295901,0.00019849234
9347,42,0.20396078,0.00019849234
9348,42,0.13106960,0.00019849234
9349,42,0.13890538,0.00019848968
9350,42,0.15811136,0.00019848968
9351,42,0.17187367,0.00019848968
9352,42,0.18780157,0.00019848701
9353,42,0.17983353,0.00019848701
9354,42,0.14982836,0.00019848701
9355,42,0.14023417,0.00019848434
9356,42,0.17839639,0.00019848434
9357,42,0.17642328,0.00019848434
9358,42,0.14232197,0.00019848167
9359,42,0.18065467,0.00019848167
9360,42,0.16632225,0.00019848167
9361,42,0.15073945,0.00019847899
9362,42,0.16615672,0.00019847899
9363,42,0.15319753,0.00019847899
9364,42,0.15459155,0.00019847632
9365,42,0.18933854,0.00019847632
9366,42,0.16387956,0.00019847632
9367,42,0.17432156,0.00019847364
9368,42,0.16140738,0.00019847364
9369,42,0.18314688,0.00019847364
9370,42,0.14593786,0.00019847095
9371,42,0.17496845,0.00019847095
9372,42,0.15958618,0.00019847095
9373,42,0.15435605,0.00019846827
9374,42,0.14803538,0.00019846827
9375,42,0.13053170,0.00019846827
9376,42,0.15248691,0.00019846558
9377,42,0.14967342,0.00019846558
9378,42,0.15462981,0.00019846558
9379,42,0.16129720,0.0001984629
9380,42,0.12814632,0.0001984629
9381,42,0.14341100,0.0001984629
9382,42,0.15917014,0.0001984602
9383,42,0.16661273,0.0001984602
9384,42,0.15212683,0.0001984602
9385,42,0.15496695,0.00019845751
9386,42,0.15603039,0.00019845751
9387,42,0.17911580,0.00019845751
9388,42,0.17435542,0.00019845482
9389,42,0.19872355,0.00019845482
9390,42,0.12507246,0.00019845482
9391,42,0.16910826,0.00019845212
9392,42,0.20098667,0.00019845212
9393,42,0.15892254,0.00019845212
9394,42,0.14852376,0.00019844942
9395,42,0.16475902,0.00019844942
9396,42,0.19395033,0.00019844942
9397,42,0.18457530,0.00019844672
9398,42,0.16356587,0.00019844672
9399,42,0.18435618,0.00019844672
9400,42,0.14251588,0.00019844401
9401,42,0.14524530,0.00019844401
9402,42,0.16994224,0.00019844401
9403,42,0.12493336,0.0001984413
9404,42,0.14270298,0.0001984413
9405,42,0.13563322,0.0001984413
9406,42,0.17213848,0.00019843859
9407,42,0.14959194,0.00019843859
9408,42,0.17739224,0.00019843588
9409,43,0.16044641,0.00019843588
9410,43,0.14848994,0.00019843588
9411,43,0.18189347,0.00019843317
9412,43,0.19324312,0.00019843317
9413,43,0.15377210,0.00019843317
9414,43,0.16116795,0.00019843045
9415,43,0.14451526,0.00019843045
9416,43,0.14212468,0.00019843045
9417,43,0.14793734,0.00019842773
9418,43,0.16351047,0.00019842773
9419,43,0.16183780,0.00019842773
9420,43,0.20059299,0.00019842501
9421,43,0.15814659,0.00019842501
9422,43,0.21817398,0.00019842501
9423,43,0.15096331,0.00019842229
9424,43,0.16583171,0.00019842229
9425,43,0.18160979,0.00019842229
9426,43,0.16768181,0.00019841956
9427,43,0.14810559,0.00019841956
9428,43,0.17549336,0.00019841956
9429,43,0.19115639,0.00019841683
9430,43,0.18080118,0.00019841683
9431,43,0.13600713,0.00019841683
9432,43,0.15137759,0.0001984141
9433,43,0.14871404,0.0001984141
9434,43,0.18329118,0.0001984141
9435,43,0.13334438,0.00019841137
9436,43,0.16223258,0.00019841137
9437,43,0.16485485,0.00019841137
9438,43,0.22763550,0.00019840863
9439,43,0.16324712,0.00019840863
9440,43,0.16437060,0.00019840863
9441,43,0.16634955,0.0001984059
9442,43,0.16396438,0.0001984059
9443,43,0.14213315,0.0001984059
9444,43,0.13635646,0.00019840316
9445,43,0.17860121,0.00019840316
9446,43,0.12864093,0.00019840316
9447,43,0.17895994,0.00019840041
9448,43,0.15479110,0.00019840041
9449,43,0.18679750,0.00019840041
9450,43,0.15549916,0.00019839767
9451,43,0.15472123,0.00019839767
9452,43,0.20991632,0.00019839767
9453,43,0.17627248,0.00019839492
9454,43,0.17304531,0.00019839492
9455,43,0.15888602,0.00019839492
9456,43,0.16566649,0.00019839217
9457,43,0.20213351,0.00019839217
9458,43,0.15499780,0.00019839217
9459,43,0.15676907,0.00019838942
9460,43,0.15979502,0.00019838942
9461,43,0.15084700,0.00019838942
9462,43,0.17540656,0.00019838667
9463,43,0.14261632,0.00019838667
9464,43,0.15201226,0.00019838667
9465,43,0.14821374,0.00019838391
9466,43,0.18207785,0.00019838391
9467,43,0.15483814,0.00019838391
9468,43,0.15963358,0.00019838115
9469,43,0.17919438,0.00019838115
9470,43,0.14810246,0.00019838115
9471,43,0.15531570,0.00019837839
9472,43,0.14873648,0.00019837839
9473,43,0.18652371,0.00019837839
9474,43,0.15545996,0.00019837563
9475,43,0.14575316,0.00019837563
9476,43,0.13064623,0.00019837563
9477,43,0.19009411,0.00019837286
9478,43,0.13691527,0.00019837286
9479,43,0.14607036,0.00019837286
9480,43,0.13938046,0.00019837009
9481,43,0.14181571,0.00019837009
9482,43,0.18922798,0.00019837009
9483,43,0.18155253,0.00019836732
9484,43,0.17355153,0.00019836732
9485,43,0.15001246,0.00019836732
9486,43,0.18592422,0.00019836455
9487,43,0.14784902,0.00019836455
9488,43,0.17480223,0.00019836455
9489,43,0.17853610,0.00019836178
9490,43,0.14157522,0.00019836178
9491,43,0.17491183,0.00019836178
9492,43,0.17077629,0.000198359
9493,43,0.17518154,0.000198359
9494,43,0.16851261,0.000198359
9495,43,0.17865965,0.00019835622
9496,43,0.15987979,0.00019835622
9497,43,0.13236721,0.00019835622
9498,43,0.16287185,0.00019835344
9499,43,0.16762230,0.00019835344
9500,43,0.15476172,0.00019835344
9501,43,0.17315924,0.00019835065
9502,43,0.12717378,0.00019835065
9503,43,0.16577649,0.00019835065
9504,43,0.17760591,0.00019834787
9505,43,0.15975842,0.00019834787
9506,43,0.20024249,0.00019834787
9507,43,0.17145376,0.00019834508
9508,43,0.19487897,0.00019834508
9509,43,0.16068810,0.00019834508
9510,43,0.14370221,0.00019834229
9511,43,0.15255076,0.00019834229
9512,43,0.16614339,0.00019834229
9513,43,0.15791899,0.00019833949
9514,43,0.14904585,0.00019833949
9515,43,0.16851121,0.00019833949
9516,43,0.13077325,0.0001983367
9517,43,0.19568101,0.0001983367
9518,43,0.14455041,0.0001983367
9519,43,0.11426917,0.0001983339
9520,43,0.14281642,0.0001983339
9521,43,0.15093291,0.0001983339
9522,43,0.16181360,0.0001983311
9523,43,0.15223186,0.0001983311
9524,43,0.14504586,0.0001983311
9525,43,0.15569103,0.0001983283
9526,43,0.23477183,0.0001983283
9527,43,0.17943990,0.0001983283
9528,43,0.12808505,0.00019832549
9529,43,0.16354471,0.00019832549
9530,43,0.14400488,0.00019832549
9531,43,0.14402542,0.00019832268
9532,43,0.15363586,0.00019832268
9533,43,0.14306000,0.00019832268
9534,43,0.13848969,0.00019831987
9535,43,0.20602575,0.00019831987
9536,43,0.15029114,0.00019831987
9537,43,0.18503475,0.00019831706
9538,43,0.14283498,0.00019831706
9539,43,0.23293513,0.00019831706
9540,43,0.18115249,0.00019831425
9541,43,0.20055199,0.00019831425
9542,43,0.17700820,0.00019831425
9543,43,0.17466573,0.00019831143
9544,43,0.18810192,0.00019831143
9545,43,0.18273346,0.00019831143
9546,43,0.17906749,0.00019830861
9547,43,0.14459175,0.00019830861
9548,43,0.17306608,0.00019830861
9549,43,0.16440676,0.00019830579
9550,43,0.14746678,0.00019830579
9551,43,0.14135373,0.00019830579
9552,43,0.16024886,0.00019830296
9553,43,0.17631643,0.00019830296
9554,43,0.16503564,0.00019830296
9555,43,0.14206797,0.00019830014
9556,43,0.14228062,0.00019830014
9557,43,0.15330595,0.00019830014
9558,43,0.17193028,0.00019829731
9559,43,0.14696550,0.00019829731
9560,43,0.15776472,0.00019829731
9561,43,0.18257415,0.00019829448
9562,43,0.16378200,0.00019829448
9563,43,0.15286450,0.00019829448
9564,43,0.18051344,0.00019829165
9565,43,0.14299384,0.00019829165
9566,43,0.17915237,0.00019829165
9567,43,0.16347301,0.00019828881
9568,43,0.14053237,0.00019828881
9569,43,0.16158676,0.00019828881
9570,43,0.16166466,0.00019828597
9571,43,0.14033073,0.00019828597
9572,43,0.16724180,0.00019828597
9573,43,0.13700496,0.00019828313
9574,43,0.17361900,0.00019828313
9575,43,0.18958384,0.00019828313
9576,43,0.18029392,0.00019828029
9577,43,0.15263566,0.00019828029
9578,43,0.14204133,0.00019828029
9579,43,0.16939175,0.00019827744
9580,43,0.16446735,0.00019827744
9581,43,0.16075578,0.00019827744
9582,43,0.16840723,0.0001982746
9583,43,0.16394994,0.0001982746
9584,43,0.17592463,0.0001982746
9585,43,0.16449983,0.00019827175
9586,43,0.14258489,0.00019827175
9587,43,0.15937303,0.00019827175
9588,43,0.13256723,0.0001982689
9589,43,0.15941864,0.0001982689
9590,43,0.16723804,0.0001982689
9591,43,0.16418429,0.00019826604
9592,43,0.20401132,0.00019826604
9593,43,0.16774076,0.00019826604
9594,43,0.19712105,0.00019826319
9595,43,0.16140559,0.00019826319
9596,43,0.13794440,0.00019826319
9597,43,0.15681066,0.00019826033
9598,43,0.14260435,0.00019826033
9599,43,0.15844804,0.00019826033
9600,43,0.16697818,0.00019825747
9601,43,0.14308202,0.00019825747
9602,43,0.15864486,0.00019825747
9603,43,0.14783987,0.0001982546
9604,43,0.14931437,0.0001982546
9605,43,0.19479203,0.0001982546
9606,43,0.15096974,0.00019825174
9607,43,0.13907707,0.00019825174
9608,43,0.16270831,0.00019825174
9609,43,0.17045951,0.00019824887
9610,43,0.16827497,0.00019824887
9611,43,0.13955191,0.00019824887
9612,43,0.18774873,0.000198246
9613,43,0.17951143,0.000198246
9614,43,0.17049818,0.000198246
9615,43,0.14202625,0.00019824312
9616,43,0.15956178,0.00019824312
9617,43,0.15947519,0.00019824312
9618,43,0.20288275,0.00019824025
9619,43,0.13680440,0.00019824025
9620,43,0.16636583,0.00019824025
9621,43,0.13970529,0.00019823737
9622,43,0.15262185,0.00019823737
9623,43,0.19074550,0.00019823737
9624,43,0.16888653,0.00019823449
9625,43,0.18663383,0.00019823449
9626,43,0.20595288,0.00019823449
9627,43,0.19262026,0.00019823161
9628,43,0.17577535,0.00019823161
9629,43,0.18800037,0.00019823161
9630,43,0.15008555,0.00019822873
9631,43,0.16189224,0.00019822873
9632,43,0.15251976,0.00019822584
9633,44,0.20429942,0.00019822584
9634,44,0.15588267,0.00019822584
9635,44,0.15550463,0.00019822295
9636,44,0.15371242,0.00019822295
9637,44,0.13999659,0.00019822295
9638,44,0.17417261,0.00019822006
9639,44,0.16349277,0.00019822006
9640,44,0.17487943,0.00019822006
9641,44,0.15795362,0.00019821716
9642,44,0.16106755,0.00019821716
9643,44,0.14642453,0.00019821716
9644,44,0.17005751,0.00019821427
9645,44,0.15660496,0.00019821427
9646,44,0.15014294,0.00019821427
9647,44,0.18139395,0.00019821137
9648,44,0.17255419,0.00019821137
9649,44,0.18745551,0.00019821137
9650,44,0.17072468,0.00019820847
9651,44,0.19993238,0.00019820847
9652,44,0.17493872,0.00019820847
9653,44,0.16745627,0.00019820557
9654,44,0.15160182,0.00019820557
9655,44,0.15061861,0.00019820557
9656,44,0.14155343,0.00019820266
9657,44,0.18096939,0.00019820266
9658,44,0.18338172,0.00019820266
9659,44,0.19345781,0.00019819975
9660,44,0.15028922,0.00019819975
9661,44,0.14993341,0.00019819975
9662,44,0.14866951,0.00019819684
9663,44,0.13201271,0.00019819684
9664,44,0.13884537,0.00019819684
9665,44,0.13671522,0.00019819393
9666,44,0.17058283,0.00019819393
9667,44,0.16209775,0.00019819393
9668,44,0.17156893,0.00019819101
9669,44,0.17552292,0.00019819101
9670,44,0.18767157,0.00019819101
9671,44,0.14982048,0.0001981881
9672,44,0.13563582,0.0001981881
9673,44,0.16471055,0.0001981881
9674,44,0.18946451,0.00019818518
9675,44,0.14581820,0.00019818518
9676,44,0.16966045,0.00019818518
9677,44,0.16678250,0.00019818226
9678,44,0.18637252,0.00019818226
9679,44,0.15048146,0.00019818226
9680,44,0.16272637,0.00019817933
9681,44,0.17443608,0.00019817933
9682,44,0.16487531,0.00019817933
9683,44,0.15860240,0.00019817641
9684,44,0.17048381,0.00019817641
9685,44,0.17573002,0.00019817641
9686,44,0.16448244,0.00019817348
9687,44,0.16299798,0.00019817348
9688,44,0.18967119,0.00019817348
9689,44,0.15871549,0.00019817055
9690,44,0.18607561,0.00019817055
9691,44,0.17680578,0.00019817055
9692,44,0.17971461,0.00019816761
9693,44,0.16417618,0.00019816761
9694,44,0.19488296,0.00019816761
9695,44,0.18113866,0.00019816468
9696,44,0.16162001,0.00019816468
9697,44,0.15658914,0.00019816468
9698,44,0.15963779,0.00019816174
9699,44,0.17273676,0.00019816174
9700,44,0.13838503,0.00019816174
9701,44,0.16095570,0.0001981588
9702,44,0.17083859,0.0001981588
9703,44,0.16512220,0.0001981588
9704,44,0.14946222,0.00019815586
9705,44,0.17068359,0.00019815586
9706,44,0.15856087,0.00019815586
9707,44,0.16632387,0.00019815291
9708,44,0.14863700,0.00019815291
9709,44,0.17017826,0.00019815291
9710,44,0.15954791,0.00019814996
9711,44,0.14671025,0.00019814996
9712,44,0.14433205,0.00019814996
9713,44,0.13677940,0.00019814701
9714,44,0.11810404,0.00019814701
9715,44,0.16569620,0.00019814701
9716,44,0.13389871,0.00019814406
9717,44,0.18631551,0.00019814406
9718,44,0.18546283,0.00019814406
9719,44,0.16642547,0.00019814111
9720,44,0.14744818,0.00019814111
9721,44,0.16060454,0.00019814111
9722,44,0.19186497,0.00019813815
9723,44,0.15589045,0.00019813815
9724,44,0.16672294,0.00019813815
9725,44,0.17448992,0.00019813519
9726,44,0.16909175,0.00019813519
9727,44,0.12649202,0.00019813519
9728,44,0.12936287,0.00019813223
9729,44,0.15179965,0.00019813223
9730,44,0.19273737,0.00019813223
9731,44,0.17229602,0.00019812927
9732,44,0.19780952,0.00019812927
9733,44,0.13094786,0.00019812927
9734,44,0.14275429,0.0001981263
9735,44,0.13725929,0.0001981263
9736,44,0.19477007,0.0001981263
9737,44,0.15755232,0.00019812333
9738,44,0.14390676,0.00019812333
9739,44,0.19853370,0.00019812333
9740,44,0.13729405,0.00019812036
9741,44,0.14554562,0.00019812036
9742,44,0.16725859,0.00019812036
9743,44,0.14730254,0.00019811739
9744,44,0.17117816,0.00019811739
9745,44,0.17310415,0.00019811739
9746,44,0.15837558,0.00019811441
9747,44,0.13530557,0.00019811441
9748,44,0.13707703,0.00019811441
9749,44,0.15846166,0.00019811144
9750,44,0.17222813,0.00019811144
9751,44,0.17600566,0.00019811144
9752,44,0.15273261,0.00019810846
9753,44,0.19563437,0.00019810846
9754,44,0.15174183,0.00019810846
9755,44,0.16900532,0.00019810547
9756,44,0.14420664,0.00019810547
9757,44,0.15826827,0.00019810547
9758,44,0.13180557,0.00019810249
9759,44,0.19073169,0.00019810249
9760,44,0.16243660,0.00019810249
9761,44,0.15601394,0.0001980995
9762,44,0.15689543,0.0001980995
9763,44,0.15241203,0.0001980995
9764,44,0.19412313,0.00019809651
9765,44,0.15814289,0.00019809651
9766,44,0.16558078,0.00019809651
9767,44,0.15841213,0.00019809352
9768,44,0.16444799,0.00019809352
9769,44,0.13896981,0.00019809352
9770,44,0.19968328,0.00019809053
9771,44,0.12879723,0.00019809053
9772,44,0.18955313,0.00019809053
9773,44,0.13028103,0.00019808753
9774,44,0.15355060,0.00019808753
9775,44,0.16329607,0.00019808753
9776,44,0.19549833,0.00019808453
9777,44,0.12256982,0.00019808453
9778,44,0.16374911,0.00019808453
9779,44,0.14009689,0.00019808153
9780,44,0.15008256,0.00019808153
9781,44,0.14845154,0.00019808153
9782,44,0.14126088,0.00019807853
9783,44,0.15723291,0.00019807853
9784,44,0.13927387,0.00019807853
9785,44,0.14408886,0.00019807552
9786,44,0.16276418,0.00019807552
9787,44,0.18289268,0.00019807552
9788,44,0.18427396,0.00019807251
9789,44,0.13935259,0.00019807251
9790,44,0.16047709,0.00019807251
9791,44,0.13114238,0.0001980695
9792,44,0.16453481,0.0001980695
9793,44,0.14395708,0.0001980695
9794,44,0.17539756,0.00019806649
9795,44,0.13824384,0.00019806649
9796,44,0.14756939,0.00019806649
9797,44,0.18588416,0.00019806348
9798,44,0.17503040,0.00019806348
9799,44,0.13669583,0.00019806348
9800,44,0.14607510,0.00019806046
9801,44,0.14685050,0.00019806046
9802,44,0.21417271,0.00019806046
9803,44,0.14934534,0.00019805744
9804,44,0.16622236,0.00019805744
9805,44,0.12897706,0.00019805744
9806,44,0.17427570,0.00019805442
9807,44,0.18177661,0.00019805442
9808,44,0.15494826,0.00019805442
9809,44,0.13160896,0.00019805139
9810,44,0.16991119,0.00019805139
9811,44,0.15982226,0.00019805139
9812,44,0.14183989,0.00019804837
9813,44,0.14927544,0.00019804837
9814,44,0.16251034,0.00019804837
9815,44,0.13867122,0.00019804534
9816,44,0.16068368,0.00019804534
9817,44,0.16207495,0.00019804534
9818,44,0.17188589,0.00019804231
9819,44,0.13868180,0.00019804231
9820,44,0.12522171,0.00019804231
9821,44,0.15476631,0.00019803927
9822,44,0.20231548,0.00019803927
9823,44,0.15606129,0.00019803927
9824,44,0.17352784,0.00019803624
9825,44,0.16793478,0.00019803624
9826,44,0.14972433,0.00019803624
9827,44,0.14964400,0.0001980332
9828,44,0.17144510,0.0001980332
9829,44,0.16303250,0.0001980332
9830,44,0.16714278,0.00019803016
9831,44,0.16949844,0.00019803016
9832,44,0.15333945,0.00019803016
9833,44,0.18097906,0.00019802712
9834,44,0.14551036,0.00019802712
9835,44,0.17253111,0.00019802712
9836,44,0.13017766,0.00019802407
9837,44,0.12486609,0.00019802407
9838,44,0.15383443,0.00019802407
9839,44,0.17766854,0.00019802102
9840,44,0.13507035,0.00019802102
9841,44,0.14744823,0.00019802102
9842,44,0.12479173,0.00019801798
9843,44,0.16374475,0.00019801798
9844,44,0.12641010,0.00019801798
9845,44,0.15237568,0.00019801492
9846,44,0.15810390,0.00019801492
9847,44,0.16492675,0.00019801492
9848,44,0.17057650,0.00019801187
9849,44,0.16412547,0.00019801187
9850,44,0.13267796,0.00019801187
9851,44,0.15739696,0.00019800881
9852,44,0.18096259,0.00019800881
9853,44,0.15112256,0.00019800881
9854,44,0.15806305,0.00019800575
9855,44,0.13008565,0.00019800575
9856,44,0.17402427,0.00019800269
9857,45,0.13822322,0.00019800269
9858,45,0.14500785,0.00019800269
9859,45,0.14694558,0.00019799963
9860,45,0.17956078,0.00019799963
9861,45,0.15178642,0.00019799963
9862,45,0.17807695,0.00019799656
9863,45,0.18397757,0.00019799656
9864,45,0.13511118,0.00019799656
9865,45,0.17193216,0.00019799349
9866,45,0.15360200,0.00019799349
9867,45,0.15847409,0.00019799349
9868,45,0.16919681,0.00019799042
9869,45,0.13662510,0.00019799042
9870,45,0.18362443,0.00019799042
9871,45,0.13596709,0.00019798735
9872,45,0.14987610,0.00019798735
9873,45,0.16949338,0.00019798735
9874,45,0.16192453,0.00019798427
9875,45,0.15876220,0.00019798427
9876,45,0.15700190,0.00019798427
9877,45,0.16711560,0.0001979812
9878,45,0.17142513,0.0001979812
9879,45,0.14932488,0.0001979812
9880,45,0.15570328,0.00019797812
9881,45,0.13454129,0.00019797812
9882,45,0.14810877,0.00019797812
9883,45,0.16294411,0.00019797504
9884,45,0.16025957,0.00019797504
9885,45,0.18540096,0.00019797504
9886,45,0.15925297,0.00019797195
9887,45,0.12894981,0.00019797195
9888,45,0.16851299,0.00019797195
9889,45,0.15738828,0.00019796886
9890,45,0.15403655,0.00019796886
9891,45,0.15236910,0.00019796886
9892,45,0.15292351,0.00019796577
9893,45,0.14468703,0.00019796577
9894,45,0.14364597,0.00019796577
9895,45,0.16025552,0.00019796268
9896,45,0.18054955,0.00019796268
9897,45,0.15492736,0.00019796268
9898,45,0.14775479,0.00019795959
9899,45,0.19281974,0.00019795959
9900,45,0.15971635,0.00019795959
9901,45,0.17856608,0.00019795649
9902,45,0.15603390,0.00019795649
9903,45,0.13844001,0.00019795649
9904,45,0.17757556,0.00019795339
9905,45,0.13262339,0.00019795339
9906,45,0.13060066,0.00019795339
9907,45,0.17694378,0.00019795029
9908,45,0.18390255,0.00019795029
9909,45,0.15127733,0.00019795029
9910,45,0.13374619,0.00019794719
9911,45,0.13374174,0.00019794719
9912,45,0.12583357,0.00019794719
9913,45,0.15059310,0.00019794408
9914,45,0.15308747,0.00019794408
9915,45,0.15139763,0.00019794408
9916,45,0.14090063,0.00019794098
9917,45,0.19748645,0.00019794098
9918,45,0.16595115,0.00019794098
9919,45,0.18693456,0.00019793787
9920,45,0.14705145,0.00019793787
9921,45,0.15007326,0.00019793787
9922,45,0.15487239,0.00019793475
9923,45,0.17277014,0.00019793475
9924,45,0.15559459,0.00019793475
9925,45,0.16465114,0.00019793164
9926,45,0.16550428,0.00019793164
9927,45,0.14311814,0.00019793164
9928,45,0.14972216,0.00019792852
9929,45,0.16683623,0.00019792852
9930,45,0.21298707,0.00019792852
9931,45,0.23471078,0.0001979254
9932,45,0.15886144,0.0001979254
9933,45,0.14523816,0.0001979254
9934,45,0.14541838,0.00019792228
9935,45,0.17161277,0.00019792228
9936,45,0.12889653,0.00019792228
9937,45,0.15224473,0.00019791916
9938,45,0.18332154,0.00019791916
9939,45,0.16813789,0.00019791916
9940,45,0.15938596,0.00019791603
9941,45,0.13184941,0.00019791603
9942,45,0.13911207,0.00019791603
9943,45,0.15545726,0.0001979129
9944,45,0.15911818,0.0001979129
9945,45,0.15116847,0.0001979129
9946,45,0.17476015,0.00019790977
9947,45,0.13699059,0.00019790977
9948,45,0.16473880,0.00019790977
9949,45,0.16028635,0.00019790664
9950,45,0.14434829,0.00019790664
9951,45,0.15118021,0.00019790664
9952,45,0.13515165,0.0001979035
9953,45,0.16854577,0.0001979035
9954,45,0.18079174,0.0001979035
9955,45,0.19700521,0.00019790036
9956,45,0.15453476,0.00019790036
9957,45,0.14884657,0.00019790036
9958,45,0.15801755,0.00019789722
9959,45,0.19151871,0.00019789722
9960,45,0.15373529,0.00019789722
9961,45,0.14073366,0.00019789408
9962,45,0.14761391,0.00019789408
9963,45,0.15271524,0.00019789408
9964,45,0.17193136,0.00019789094
9965,45,0.19418320,0.00019789094
9966,45,0.18679652,0.00019789094
9967,45,0.20715711,0.00019788779
9968,45,0.19371931,0.00019788779
9969,45,0.13895798,0.00019788779
9970,45,0.16355924,0.00019788464
9971,45,0.16660254,0.00019788464
9972,45,0.16151243,0.00019788464
9973,45,0.15051097,0.00019788149
9974,45,0.16676345,0.00019788149
9975,45,0.17481121,0.00019788149
9976,45,0.17262171,0.00019787833
9977,45,0.14648055,0.00019787833
9978,45,0.11553844,0.00019787833
9979,45,0.17882740,0.00019787518
9980,45,0.16375537,0.00019787518
9981,45,0.13781182,0.00019787518
9982,45,0.15950617,0.00019787202
9983,45,0.17134838,0.00019787202
9984,45,0.15414430,0.00019787202
9985,45,0.14545089,0.00019786886
9986,45,0.15525851,0.00019786886
9987,45,0.15752970,0.00019786886
9988,45,0.13409826,0.00019786569
9989,45,0.15114488,0.00019786569
9990,45,0.16361165,0.00019786569
9991,45,0.17927115,0.00019786253
9992,45,0.15079945,0.00019786253
9993,45,0.17376742,0.00019786253
9994,45,0.16229278,0.00019785936
9995,45,0.15688598,0.00019785936
9996,45,0.16088611,0.00019785936
9997,45,0.16096811,0.00019785619
9998,45,0.16454881,0.00019785619
9999,45,0.14546548,0.00019785619
10000,45,0.15175545,0.00019785302
10001,45,0.12853210,0.00019785302
10002,45,0.12753314,0.00019785302
10003,45,0.20062904,0.00019784984
10004,45,0.21207355,0.00019784984
10005,45,0.14446050,0.00019784984
10006,45,0.16110934,0.00019784666
10007,45,0.16384485,0.00019784666
10008,45,0.15013565,0.00019784666
10009,45,0.16236699,0.00019784348
10010,45,0.17227750,0.00019784348
10011,45,0.14260797,0.00019784348
10012,45,0.14848123,0.0001978403
10013,45,0.14191356,0.0001978403
10014,45,0.16497231,0.0001978403
10015,45,0.16314958,0.00019783712
10016,45,0.17231029,0.00019783712
10017,45,0.13920037,0.00019783712
10018,45,0.19934122,0.00019783393
10019,45,0.15108296,0.00019783393
10020,45,0.14261314,0.00019783393
10021,45,0.14254771,0.00019783074
10022,45,0.14405732,0.00019783074
10023,45,0.19562821,0.00019783074
10024,45,0.20745087,0.00019782755
10025,45,0.17574236,0.00019782755
10026,45,0.13750197,0.00019782755
10027,45,0.15878539,0.00019782436
10028,45,0.18006806,0.00019782436
10029,45,0.21161902,0.00019782436
10030,45,0.22220260,0.00019782116
10031,45,0.17797840,0.00019782116
10032,45,0.13669151,0.00019782116
10033,45,0.19531572,0.00019781796
10034,45,0.15892331,0.00019781796
10035,45,0.16295460,0.00019781796
10036,45,0.14810798,0.00019781476
10037,45,0.19415674,0.00019781476
10038,45,0.16101144,0.00019781476
10039,45,0.16778485,0.00019781156
10040,45,0.15171924,0.00019781156
10041,45,0.17806807,0.00019781156
10042,45,0.14560863,0.00019780835
10043,45,0.16190955,0.00019780835
10044,45,0.14845669,0.00019780835
10045,45,0.14708963,0.00019780514
10046,45,0.18696341,0.00019780514
10047,45,0.19062316,0.00019780514
10048,45,0.17893229,0.00019780193
10049,45,0.19826362,0.00019780193
10050,45,0.18661195,0.00019780193
10051,45,0.15340674,0.00019779872
10052,45,0.17710283,0.00019779872
10053,45,0.15160692,0.00019779872
10054,45,0.18807721,0.00019779551
10055,45,0.16253790,0.00019779551
10056,45,0.15142229,0.00019779551
10057,45,0.18711285,0.00019779229
10058,45,0.19333866,0.00019779229
10059,45,0.13720247,0.00019779229
10060,45,0.15318345,0.00019778907
10061,45,0.17756483,0.00019778907
10062,45,0.16428444,0.00019778907
10063,45,0.16679260,0.00019778585
10064,45,0.18064168,0.00019778585
10065,45,0.21019769,0.00019778585
10066,45,0.15633646,0.00019778263
10067,45,0.15185827,0.00019778263
10068,45,0.15115802,0.00019778263
10069,45,0.15766375,0.0001977794
10070,45,0.16264199,0.0001977794
10071,45,0.16902964,0.0001977794
10072,45,0.13125640,0.00019777617
10073,45,0.14713669,0.00019777617
10074,45,0.18027180,0.00019777617
10075,45,0.14817742,0.00019777294
10076,45,0.20126347,0.00019777294
10077,45,0.15661700,0.00019777294
10078,45,0.16194147,0.00019776971
10079,45,0.15018456,0.00019776971
10080,45,0.19068103,0.00019776647
10081,46,0.17824122,0.00019776647
10082,46,0.16539836,0.00019776647
10083,46,0.15836017,0.00019776323
10084,46,0.14609163,0.00019776323
10085,46,0.17234036,0.00019776323
10086,46,0.16085723,0.00019775999
10087,46,0.13946396,0.00019775999
10088,46,0.15225731,0.00019775999
10089,46,0.17375068,0.00019775675
10090,46,0.14596072,0.00019775675
10091,46,0.15943986,0.00019775675
10092,46,0.14424334,0.00019775351
10093,46,0.16917509,0.00019775351
10094,46,0.14757523,0.00019775351
10095,46,0.13795480,0.00019775026
10096,46,0.18380940,0.00019775026
10097,46,0.17060637,0.00019775026
10098,46,0.14670271,0.00019774701
10099,46,0.13945352,0.00019774701
10100,46,0.18855721,0.00019774701
10101,46,0.17236792,0.00019774376
10102,46,0.16465971,0.00019774376
10103,46,0.16542961,0.00019774376
10104,46,0.18252276,0.0001977405
10105,46,0.17249314,0.0001977405
10106,46,0.14681023,0.0001977405
10107,46,0.15672657,0.00019773725
10108,46,0.15162441,0.00019773725
10109,46,0.15325594,0.00019773725
10110,46,0.21703874,0.00019773399
10111,46,0.18760179,0.00019773399
10112,46,0.18458711,0.00019773399
10113,46,0.19716081,0.00019773073
10114,46,0.15319425,0.00019773073
10115,46,0.23598830,0.00019773073
10116,46,0.18727867,0.00019772747
10117,46,0.13020156,0.00019772747
10118,46,0.19045095,0.00019772747
10119,46,0.18859498,0.0001977242
10120,46,0.13929117,0.0001977242
10121,46,0.18711400,0.0001977242
10122,46,0.13098013,0.00019772093
10123,46,0.19505249,0.00019772093
10124,46,0.16902727,0.00019772093
10125,46,0.16491151,0.00019771766
10126,46,0.19559607,0.00019771766
10127,46,0.14848062,0.00019771766
10128,46,0.14917518,0.00019771439
10129,46,0.15683112,0.00019771439
10130,46,0.16345266,0.00019771439
10131,46,0.17869532,0.00019771111
10132,46,0.17198317,0.00019771111
10133,46,0.16609305,0.00019771111
10134,46,0.13730191,0.00019770784
10135,46,0.13890243,0.00019770784
10136,46,0.14948671,0.00019770784
10137,46,0.16149877,0.00019770456
10138,46,0.18451743,0.00019770456
10139,46,0.16548987,0.00019770456
10140,46,0.14851148,0.00019770128
10141,46,0.16107002,0.00019770128
10142,46,0.18548267,0.00019770128
10143,46,0.15587592,0.00019769799
10144,46,0.16119055,0.00019769799
10145,46,0.12298747,0.00019769799
10146,46,0.16552427,0.00019769471
10147,46,0.14925741,0.00019769471
10148,46,0.16586676,0.00019769471
10149,46,0.14031489,0.00019769142
10150,46,0.14877282,0.00019769142
10151,46,0.16190372,0.00019769142
10152,46,0.15831223,0.00019768813
10153,46,0.17159705,0.00019768813
10154,46,0.19100890,0.00019768813
10155,46,0.14411673,0.00019768483
10156,46,0.14595154,0.00019768483
10157,46,0.16897532,0.00019768483
10158,46,0.18379068,0.00019768154
10159,46,0.17262332,0.00019768154
10160,46,0.15696119,0.00019768154
10161,46,0.14664508,0.00019767824
10162,46,0.13186687,0.00019767824
10163,46,0.15387659,0.00019767824
10164,46,0.16186437,0.00019767494
10165,46,0.18519214,0.00019767494
10166,46,0.17840342,0.00019767494
10167,46,0.13199928,0.00019767163
10168,46,0.14075327,0.00019767163
10169,46,0.17839305,0.00019767163
10170,46,0.17988609,0.00019766833
10171,46,0.15709744,0.00019766833
10172,46,0.19153158,0.00019766833
10173,46,0.16665769,0.00019766502
10174,46,0.14858347,0.00019766502
10175,46,0.17641440,0.00019766502
10176,46,0.16576721,0.00019766171
10177,46,0.15531509,0.00019766171
10178,46,0.11834520,0.00019766171
10179,46,0.16768204,0.0001976584
10180,46,0.20264027,0.0001976584
10181,46,0.13735668,0.0001976584
10182,46,0.15526548,0.00019765509
10183,46,0.14676085,0.00019765509
10184,46,0.15267080,0.00019765509
10185,46,0.19665031,0.00019765177
10186,46,0.14729002,0.00019765177
10187,46,0.17369807,0.00019765177
10188,46,0.17145744,0.00019764845
10189,46,0.13604796,0.00019764845
10190,46,0.15109628,0.00019764845
10191,46,0.15652388,0.00019764513
10192,46,0.14280929,0.00019764513
10193,46,0.16551794,0.00019764513
10194,46,0.16504078,0.00019764181
10195,46,0.15848924,0.00019764181
10196,46,0.17590289,0.00019764181
10197,46,0.15679871,0.00019763848
10198,46,0.14652188,0.00019763848
10199,46,0.14854215,0.00019763848
10200,46,0.13392338,0.00019763515
10201,46,0.15134357,0.00019763515
10202,46,0.15453371,0.00019763515
10203,46,0.12691489,0.00019763182
10204,46,0.15588021,0.00019763182
10205,46,0.15444203,0.00019763182
10206,46,0.16238779,0.00019762849
10207,46,0.17162822,0.00019762849
10208,46,0.18687885,0.00019762849
10209,46,0.13418308,0.00019762515
10210,46,0.16338876,0.00019762515
10211,46,0.15259197,0.00019762515
10212,46,0.13958502,0.00019762182
10213,46,0.14050236,0.00019762182
10214,46,0.17799854,0.00019762182
10215,46,0.15464380,0.00019761848
10216,46,0.14630702,0.00019761848
10217,46,0.16807866,0.00019761848
10218,46,0.15694836,0.00019761514
10219,46,0.14230518,0.00019761514
10220,46,0.16780202,0.00019761514
10221,46,0.17112589,0.00019761179
10222,46,0.18383966,0.00019761179
10223,46,0.17459974,0.00019761179
10224,46,0.16415693,0.00019760844
10225,46,0.16742599,0.00019760844
10226,46,0.16566700,0.00019760844
10227,46,0.16433816,0.0001976051
10228,46,0.18037626,0.0001976051
10229,46,0.15620111,0.0001976051
10230,46,0.15275930,0.00019760174
10231,46,0.18581979,0.00019760174
10232,46,0.16879827,0.00019760174
10233,46,0.17127822,0.00019759839
10234,46,0.16629946,0.00019759839
10235,46,0.15680847,0.00019759839
10236,46,0.14205787,0.00019759503
10237,46,0.18525192,0.00019759503
10238,46,0.15442292,0.00019759503
10239,46,0.15803480,0.00019759168
10240,46,0.14916003,0.00019759168
10241,46,0.14631617,0.00019759168
10242,46,0.16014871,0.00019758832
10243,46,0.14155930,0.00019758832
10244,46,0.15224561,0.00019758832
10245,46,0.17257623,0.00019758495
10246,46,0.16884971,0.00019758495
10247,46,0.12452793,0.00019758495
10248,46,0.17256874,0.00019758159
10249,46,0.14479420,0.00019758159
10250,46,0.12606308,0.00019758159
10251,46,0.18719867,0.00019757822
10252,46,0.15101802,0.00019757822
10253,46,0.15403953,0.00019757822
10254,46,0.16466932,0.00019757485
10255,46,0.14113538,0.00019757485
10256,46,0.13208064,0.00019757485
10257,46,0.17051350,0.00019757148
10258,46,0.19300345,0.00019757148
10259,46,0.17071512,0.00019757148
10260,46,0.15205535,0.0001975681
10261,46,0.14280769,0.0001975681
10262,46,0.18761253,0.0001975681
10263,46,0.15651616,0.00019756473
10264,46,0.14382635,0.00019756473
10265,46,0.13962929,0.00019756473
10266,46,0.16685283,0.00019756135
10267,46,0.14982456,0.00019756135
10268,46,0.15541096,0.00019756135
10269,46,0.15808946,0.00019755797
10270,46,0.14736108,0.00019755797
10271,46,0.18451804,0.00019755797
10272,46,0.17787650,0.00019755458
10273,46,0.15148759,0.00019755458
10274,46,0.17393248,0.00019755458
10275,46,0.16060892,0.0001975512
10276,46,0.13923849,0.0001975512
10277,46,0.18454525,0.0001975512
10278,46,0.13525754,0.00019754781
10279,46,0.16959035,0.00019754781
10280,46,0.13771453,0.00019754781
10281,46,0.16455303,0.00019754442
10282,46,0.16158316,0.00019754442
10283,46,0.15329823,0.00019754442
10284,46,0.17858052,0.00019754102
10285,46,0.15029582,0.00019754102
10286,46,0.18550584,0.00019754102
10287,46,0.16213149,0.00019753763
10288,46,0.17176229,0.00019753763
10289,46,0.15503713,0.00019753763
10290,46,0.15862647,0.00019753423
10291,46,0.15279482,0.00019753423
10292,46,0.17941730,0.00019753423
10293,46,0.16845334,0.00019753083
10294,46,0.15242347,0.00019753083
10295,46,0.14849237,0.00019753083
10296,46,0.16998264,0.00019752743
10297,46,0.13282546,0.00019752743
10298,46,0.15419327,0.00019752743
10299,46,0.15237467,0.00019752403
10300,46,0.16736889,0.00019752403
10301,46,0.16347399,0.00019752403
10302,46,0.16059199,0.00019752062
10303,46,0.12404038,0.00019752062
10304,46,0.12361632,0.00019751721
10305,47,0.12543438,0.00019751721
10306,47,0.12954366,0.00019751721
10307,47,0.17458940,0.0001975138
10308,47,0.14979589,0.0001975138
10309,47,0.14661306,0.0001975138
10310,47,0.17551117,0.00019751038
10311,47,0.19462109,0.00019751038
10312,47,0.16603896,0.00019751038
10313,47,0.16446465,0.00019750697
10314,47,0.15583742,0.00019750697
10315,47,0.15073550,0.00019750697
10316,47,0.13881204,0.00019750355
10317,47,0.14316308,0.00019750355
10318,47,0.14353457,0.00019750355
10319,47,0.15501042,0.00019750013
10320,47,0.13500468,0.00019750013
10321,47,0.14358851,0.00019750013
10322,47,0.18554905,0.00019749671
10323,47,0.15598801,0.00019749671
10324,47,0.19306406,0.00019749671
10325,47,0.16713369,0.00019749328
10326,47,0.16665918,0.00019749328
10327,47,0.16681796,0.00019749328
10328,47,0.14666305,0.00019748985
10329,47,0.18143265,0.00019748985
10330,47,0.14949374,0.00019748985
10331,47,0.15168828,0.00019748642
10332,47,0.19470105,0.00019748642
10333,47,0.18599191,0.00019748642
10334,47,0.15002513,0.00019748299
10335,47,0.15372860,0.00019748299
10336,47,0.15082164,0.00019748299
10337,47,0.15941595,0.00019747956
10338,47,0.15096809,0.00019747956
10339,47,0.13066129,0.00019747956
10340,47,0.17339301,0.00019747612
10341,47,0.15016253,0.00019747612
10342,47,0.15726838,0.00019747612
10343,47,0.16452071,0.00019747268
10344,47,0.15464507,0.00019747268
10345,47,0.16322920,0.00019747268
10346,47,0.14694354,0.00019746924
10347,47,0.14919475,0.00019746924
10348,47,0.21576586,0.00019746924
10349,47,0.15985413,0.00019746579
10350,47,0.18124464,0.00019746579
10351,47,0.15446950,0.00019746579
10352,47,0.16601105,0.00019746235
10353,47,0.17370901,0.00019746235
10354,47,0.16534920,0.00019746235
10355,47,0.14461496,0.0001974589
10356,47,0.18877235,0.0001974589
10357,47,0.18808964,0.0001974589
10358,47,0.15089677,0.00019745545
10359,47,0.15044069,0.00019745545
10360,47,0.16733488,0.00019745545
10361,47,0.16043378,0.000197452
10362,47,0.15827557,0.000197452
10363,47,0.16869649,0.000197452
10364,47,0.16459323,0.00019744854
10365,47,0.13805935,0.00019744854
10366,47,0.14477357,0.00019744854
10367,47,0.17013983,0.00019744508
10368,47,0.18451235,0.00019744508
10369,47,0.17999183,0.00019744508
10370,47,0.16254586,0.00019744162
10371,47,0.16017830,0.00019744162
10372,47,0.14827733,0.00019744162
10373,47,0.18146043,0.00019743816
10374,47,0.13787083,0.00019743816
10375,47,0.14300475,0.00019743816
10376,47,0.18517184,0.0001974347
10377,47,0.16361669,0.0001974347
10378,47,0.14318424,0.0001974347
10379,47,0.13917315,0.00019743123
10380,47,0.16476211,0.00019743123
10381,47,0.15715335,0.00019743123
10382,47,0.15862398,0.00019742776
10383,47,0.15518832,0.00019742776
10384,47,0.16094649,0.00019742776
10385,47,0.15509924,0.00019742429
10386,47,0.18399148,0.00019742429
10387,47,0.14014971,0.00019742429
10388,47,0.15216188,0.00019742081
10389,47,0.20069245,0.00019742081
10390,47,0.17335871,0.00019742081
10391,47,0.21268749,0.00019741734
10392,47,0.15932301,0.00019741734
10393,47,0.15528220,0.00019741734
10394,47,0.16883555,0.00019741386
10395,47,0.15742661,0.00019741386
10396,47,0.16257450,0.00019741386
10397,47,0.12835674,0.00019741038
10398,47,0.15506291,0.00019741038
10399,47,0.16519593,0.00019741038
10400,47,0.19544654,0.0001974069
10401,47,0.15679955,0.0001974069
10402,47,0.19666779,0.0001974069
10403,47,0.17400873,0.00019740341
10404,47,0.12730381,0.00019740341
10405,47,0.18150294,0.00019740341
10406,47,0.16467512,0.00019739992
10407,47,0.13071996,0.00019739992
10408,47,0.13651489,0.00019739992
10409,47,0.15488058,0.00019739643
10410,47,0.18886654,0.00019739643
10411,47,0.14883672,0.00019739643
10412,47,0.12101233,0.00019739294
10413,47,0.16183868,0.00019739294
10414,47,0.15912467,0.00019739294
10415,47,0.18211937,0.00019738945
10416,47,0.18594691,0.00019738945
10417,47,0.15863717,0.00019738945
10418,47,0.15734926,0.00019738595
10419,47,0.14858963,0.00019738595
10420,47,0.15969867,0.00019738595
10421,47,0.16827464,0.00019738245
10422,47,0.18682127,0.00019738245
10423,47,0.15361820,0.00019738245
10424,47,0.15971445,0.00019737895
10425,47,0.17556739,0.00019737895
10426,47,0.18636221,0.00019737895
10427,47,0.14418745,0.00019737544
10428,47,0.14420186,0.00019737544
10429,47,0.13472487,0.00019737544
10430,47,0.16058949,0.00019737194
10431,47,0.18051076,0.00019737194
10432,47,0.15864524,0.00019737194
10433,47,0.19549391,0.00019736843
10434,47,0.16406694,0.00019736843
10435,47,0.16509943,0.00019736843
10436,47,0.16418506,0.00019736492
10437,47,0.16139297,0.00019736492
10438,47,0.14967519,0.00019736492
10439,47,0.14585260,0.00019736141
10440,47,0.15397438,0.00019736141
10441,47,0.16478446,0.00019736141
10442,47,0.13520716,0.00019735789
10443,47,0.14336112,0.00019735789
10444,47,0.13985471,0.00019735789
10445,47,0.15822637,0.00019735437
10446,47,0.15035516,0.00019735437
10447,47,0.15191269,0.00019735437
10448,47,0.14328173,0.00019735085
10449,47,0.16629946,0.00019735085
10450,47,0.13540760,0.00019735085
10451,47,0.20062876,0.00019734733
10452,47,0.12995854,0.00019734733
10453,47,0.14327103,0.00019734733
10454,47,0.17493141,0.00019734381
10455,47,0.18861279,0.00019734381
10456,47,0.14446333,0.00019734381
10457,47,0.12842423,0.00019734028
10458,47,0.13094167,0.00019734028
10459,47,0.14807326,0.00019734028
10460,47,0.15428410,0.00019733675
10461,47,0.17549074,0.00019733675
10462,47,0.17835590,0.00019733675
10463,47,0.15357906,0.00019733322
10464,47,0.15382932,0.00019733322
10465,47,0.16109882,0.00019733322
10466,47,0.13903531,0.00019732968
10467,47,0.15535538,0.00019732968
10468,47,0.15763746,0.00019732968
10469,47,0.14562990,0.00019732615
10470,47,0.14477631,0.00019732615
10471,47,0.14372276,0.00019732615
10472,47,0.14705843,0.00019732261
10473,47,0.15068595,0.00019732261
10474,47,0.16917412,0.00019732261
10475,47,0.18364559,0.00019731907
10476,47,0.12940007,0.00019731907
10477,47,0.18692601,0.00019731907
10478,47,0.15777484,0.00019731552
10479,47,0.13634953,0.00019731552
10480,47,0.16415888,0.00019731552
10481,47,0.16187583,0.00019731198
10482,47,0.16014025,0.00019731198
10483,47,0.17473865,0.00019731198
10484,47,0.19245516,0.00019730843
10485,47,0.15168637,0.00019730843
10486,47,0.16766219,0.00019730843
10487,47,0.16754751,0.00019730488
10488,47,0.16405225,0.00019730488
10489,47,0.13867214,0.00019730488
10490,47,0.14876544,0.00019730133
10491,47,0.14884298,0.00019730133
10492,47,0.18908179,0.00019730133
10493,47,0.17974409,0.00019729777
10494,47,0.14300449,0.00019729777
10495,47,0.15790974,0.00019729777
10496,47,0.13821810,0.00019729422
10497,47,0.15423185,0.00019729422
10498,47,0.17535791,0.00019729422
10499,47,0.14621364,0.00019729066
10500,47,0.21005800,0.00019729066
10501,47,0.13179016,0.00019729066
10502,47,0.17090993,0.0001972871
10503,47,0.15899760,0.0001972871
10504,47,0.13979751,0.0001972871
10505,47,0.14212358,0.00019728353
10506,47,0.17196128,0.00019728353
10507,47,0.18254517,0.00019728353
10508,47,0.21046273,0.00019727997
10509,47,0.14276567,0.00019727997
10510,47,0.17477879,0.00019727997
10511,47,0.17985353,0.0001972764
10512,47,0.15009409,0.0001972764
10513,47,0.16019930,0.0001972764
10514,47,0.17984831,0.00019727283
10515,47,0.15768719,0.00019727283
10516,47,0.14844066,0.00019727283
10517,47,0.17998175,0.00019726925
10518,47,0.17463593,0.00019726925
10519,47,0.13155392,0.00019726925
10520,47,0.14078557,0.00019726568
10521,47,0.15280077,0.00019726568
10522,47,0.19612591,0.00019726568
10523,47,0.16751282,0.0001972621
10524,47,0.16622403,0.0001972621
10525,47,0.15796088,0.0001972621
10526,47,0.18087173,0.00019725852
10527,47,0.14308713,0.00019725852
10528,47,0.17043087,0.00019725494
10529,48,0.16834252,0.00019725494
10530,48,0.17166567,0.00019725494
10531,48,0.15944758,0.00019725135
10532,48,0.12877631,0.00019725135
10533,48,0.16954777,0.00019725135
10534,48,0.15276417,0.00019724777
10535,48,0.14733224,0.00019724777
10536,48,0.16566938,0.00019724777
10537,48,0.16332076,0.00019724418
10538,48,0.17341201,0.00019724418
10539,48,0.16699409,0.00019724418
10540,48,0.15130141,0.00019724059
10541,48,0.12916924,0.00019724059
10542,48,0.13978678,0.00019724059
10543,48,0.17266813,0.00019723699
10544,48,0.17037472,0.00019723699
10545,48,0.18469340,0.00019723699
10546,48,0.18001294,0.0001972334
10547,48,0.20117426,0.0001972334
10548,48,0.15632340,0.0001972334
10549,48,0.15278940,0.0001972298
10550,48,0.12638330,0.0001972298
10551,48,0.16405281,0.0001972298
10552,48,0.16156402,0.0001972262
10553,48,0.14035873,0.0001972262
10554,48,0.16292191,0.0001972262
10555,48,0.16049750,0.00019722259
10556,48,0.14560845,0.00019722259
10557,48,0.17957167,0.00019722259
10558,48,0.15075454,0.00019721899
10559,48,0.13502473,0.00019721899
10560,48,0.17061059,0.00019721899
10561,48,0.14338058,0.00019721538
10562,48,0.15165982,0.00019721538
10563,48,0.15396902,0.00019721538
10564,48,0.15650307,0.00019721177
10565,48,0.16658378,0.00019721177
10566,48,0.17312042,0.00019721177
10567,48,0.13613895,0.00019720816
10568,48,0.12976673,0.00019720816
10569,48,0.16216078,0.00019720816
10570,48,0.14645573,0.00019720454
10571,48,0.13891277,0.00019720454
10572,48,0.15194061,0.00019720454
10573,48,0.15867379,0.00019720093
10574,48,0.15174913,0.00019720093
10575,48,0.19119702,0.00019720093
10576,48,0.15388095,0.00019719731
10577,48,0.15535623,0.00019719731
10578,48,0.14767498,0.00019719731
10579,48,0.15662462,0.00019719369
10580,48,0.14889364,0.00019719369
10581,48,0.17738628,0.00019719369
10582,48,0.12242147,0.00019719006
10583,48,0.16211507,0.00019719006
10584,48,0.15927789,0.00019719006
10585,48,0.14139132,0.00019718644
10586,48,0.14330737,0.00019718644
10587,48,0.16737863,0.00019718644
10588,48,0.16689031,0.00019718281
10589,48,0.12837476,0.00019718281
10590,48,0.18974254,0.00019718281
10591,48,0.18020537,0.00019717918
10592,48,0.17522216,0.00019717918
10593,48,0.17498229,0.00019717918
10594,48,0.18742190,0.00019717554
10595,48,0.16426547,0.00019717554
10596,48,0.14546758,0.00019717554
10597,48,0.13906917,0.00019717191
10598,48,0.15195265,0.00019717191
10599,48,0.11748087,0.00019717191
10600,48,0.14425413,0.00019716827
10601,48,0.15254533,0.00019716827
10602,48,0.18332434,0.00019716827
10603,48,0.14996405,0.00019716463
10604,48,0.19828653,0.00019716463
10605,48,0.16740921,0.00019716463
10606,48,0.15422431,0.00019716099
10607,48,0.18817046,0.00019716099
10608,48,0.15764537,0.00019716099
10609,48,0.17536616,0.00019715734
10610,48,0.16442266,0.00019715734
10611,48,0.15198311,0.00019715734
10612,48,0.15217134,0.0001971537
10613,48,0.14079937,0.0001971537
10614,48,0.17773631,0.0001971537
10615,48,0.21072090,0.00019715005
10616,48,0.16913435,0.00019715005
10617,48,0.13760868,0.00019715005
10618,48,0.15588842,0.0001971464
10619,48,0.14137170,0.0001971464
10620,48,0.12555525,0.0001971464
10621,48,0.15949111,0.00019714274
10622,48,0.21328184,0.00019714274
10623,48,0.12911204,0.00019714274
10624,48,0.15347679,0.00019713909
10625,48,0.20502055,0.00019713909
10626,48,0.14039178,0.00019713909
10627,48,0.16006935,0.00019713543
10628,48,0.14770129,0.00019713543
10629,48,0.15861373,0.00019713543
10630,48,0.16248320,0.00019713177
10631,48,0.15086302,0.00019713177
10632,48,0.16167964,0.00019713177
10633,48,0.15364650,0.0001971281
10634,48,0.17804992,0.0001971281
10635,48,0.12930313,0.0001971281
10636,48,0.16446948,0.00019712444
10637,48,0.16341689,0.00019712444
10638,48,0.18316172,0.00019712444
10639,48,0.15932068,0.00019712077
10640,48,0.12412272,0.00019712077
10641,48,0.15823872,0.00019712077
10642,48,0.18661097,0.0001971171
10643,48,0.21376765,0.0001971171
10644,48,0.13454077,0.0001971171
10645,48,0.14909397,0.00019711343
10646,48,0.15750420,0.00019711343
10647,48,0.16602996,0.00019711343
10648,48,0.12844245,0.00019710975
10649,48,0.16576374,0.00019710975
10650,48,0.13799177,0.00019710975
10651,48,0.12458804,0.00019710608
10652,48,0.16180563,0.00019710608
10653,48,0.15404797,0.00019710608
10654,48,0.14991167,0.0001971024
10655,48,0.14510228,0.0001971024
10656,48,0.16892618,0.0001971024
10657,48,0.17178458,0.00019709872
10658,48,0.15551643,0.00019709872
10659,48,0.13389863,0.00019709872
10660,48,0.17581442,0.00019709503
10661,48,0.16109124,0.00019709503
10662,48,0.15416726,0.00019709503
10663,48,0.15958425,0.00019709135
10664,48,0.18862715,0.00019709135
10665,48,0.13317519,0.00019709135
10666,48,0.17893100,0.00019708766
10667,48,0.14447983,0.00019708766
10668,48,0.13022366,0.00019708766
10669,48,0.14579430,0.00019708397
10670,48,0.14083415,0.00019708397
10671,48,0.17129886,0.00019708397
10672,48,0.15561110,0.00019708027
10673,48,0.19090895,0.00019708027
10674,48,0.14050429,0.00019708027
10675,48,0.14811245,0.00019707658
10676,48,0.15556252,0.00019707658
10677,48,0.14112991,0.00019707658
10678,48,0.16353109,0.00019707288
10679,48,0.14884713,0.00019707288
10680,48,0.15008520,0.00019707288
10681,48,0.12999511,0.00019706918
10682,48,0.16407536,0.00019706918
10683,48,0.14202999,0.00019706918
10684,48,0.16242585,0.00019706548
10685,48,0.15735534,0.00019706548
10686,48,0.14506648,0.00019706548
10687,48,0.15559559,0.00019706177
10688,48,0.13662216,0.00019706177
10689,48,0.13167009,0.00019706177
10690,48,0.18726143,0.00019705807
10691,48,0.19004902,0.00019705807
10692,48,0.15388998,0.00019705807
10693,48,0.17254226,0.00019705436
10694,48,0.21560805,0.00019705436
10695,48,0.15607989,0.00019705436
10696,48,0.15684235,0.00019705065
10697,48,0.12050232,0.00019705065
10698,48,0.17031769,0.00019705065
10699,48,0.15543947,0.00019704693
10700,48,0.17398021,0.00019704693
10701,48,0.15424874,0.00019704693
10702,48,0.15420578,0.00019704322
10703,48,0.14230706,0.00019704322
10704,48,0.19104564,0.00019704322
10705,48,0.18662839,0.0001970395
10706,48,0.19184320,0.0001970395
10707,48,0.15202031,0.0001970395
10708,48,0.16915087,0.00019703578
10709,48,0.15133214,0.00019703578
10710,48,0.14602330,0.00019703578
10711,48,0.14454523,0.00019703206
10712,48,0.15973678,0.00019703206
10713,48,0.15763164,0.00019703206
10714,48,0.16388652,0.00019702833
10715,48,0.14525031,0.00019702833
10716,48,0.17244959,0.00019702833
10717,48,0.19019938,0.0001970246
10718,48,0.16882615,0.0001970246
10719,48,0.13878138,0.0001970246
10720,48,0.17398147,0.00019702087
10721,48,0.17266642,0.00019702087
10722,48,0.14809927,0.00019702087
10723,48,0.15651211,0.00019701714
10724,48,0.14298902,0.00019701714
10725,48,0.14757977,0.00019701714
10726,48,0.18377928,0.00019701341
10727,48,0.17779377,0.00019701341
10728,48,0.15625030,0.00019701341
10729,48,0.13420889,0.00019700967
10730,48,0.16316375,0.00019700967
10731,48,0.16851634,0.00019700967
10732,48,0.18066661,0.00019700593
10733,48,0.18508512,0.00019700593
10734,48,0.19188814,0.00019700593
10735,48,0.17603759,0.00019700219
10736,48,0.14910622,0.00019700219
10737,48,0.16192077,0.00019700219
10738,48,0.12565248,0.00019699845
10739,48,0.16169463,0.00019699845
10740,48,0.14264889,0.00019699845
10741,48,0.19235623,0.0001969947
10742,48,0.14544550,0.0001969947
10743,48,0.16278176,0.0001969947
10744,48,0.17198268,0.00019699095
10745,48,0.15517884,0.00019699095
10746,48,0.19305769,0.00019699095
10747,48,0.15296963,0.0001969872
10748,48,0.14995474,0.0001969872
10749,48,0.18368129,0.0001969872
10750,48,0.11530010,0.00019698345
10751,48,0.17454766,0.00019698345
10752,48,0.14242856,0.00019697969
10753,49,0.16292796,0.00019697969
10754,49,0.16589129,0.00019697969
10755,49,0.16826531,0.00019697594
10756,49,0.14511599,0.00019697594
10757,49,0.16070694,0.00019697594
10758,49,0.15238672,0.00019697218
10759,49,0.13002798,0.00019697218
10760,49,0.19674556,0.00019697218
10761,49,0.13455789,0.00019696841
10762,49,0.15210697,0.00019696841
10763,49,0.14892071,0.00019696841
10764,49,0.17709778,0.00019696465
10765,49,0.14966634,0.00019696465
10766,49,0.16751812,0.00019696465
10767,49,0.17525493,0.00019696088
10768,49,0.13502160,0.00019696088
10769,49,0.17769033,0.00019696088
10770,49,0.14882481,0.00019695711
10771,49,0.16908346,0.00019695711
10772,49,0.16017607,0.00019695711
10773,49,0.14403306,0.00019695334
10774,49,0.15859835,0.00019695334
10775,49,0.15318355,0.00019695334
10776,49,0.15508661,0.00019694957
10777,49,0.14616886,0.00019694957
10778,49,0.12823106,0.00019694957
10779,49,0.17466818,0.00019694579
10780,49,0.17438285,0.00019694579
10781,49,0.18006830,0.00019694579
10782,49,0.15320066,0.00019694202
10783,49,0.14639370,0.00019694202
10784,49,0.14424287,0.00019694202
10785,49,0.15348774,0.00019693824
10786,49,0.14287497,0.00019693824
10787,49,0.13377550,0.00019693824
10788,49,0.14097255,0.00019693445
10789,49,0.16231434,0.00019693445
10790,49,0.14371477,0.00019693445
10791,49,0.17707205,0.00019693067
10792,49,0.17198949,0.00019693067
10793,49,0.15632519,0.00019693067
10794,49,0.16851830,0.00019692688
10795,49,0.13813993,0.00019692688
10796,49,0.16642742,0.00019692688
10797,49,0.15920131,0.00019692309
10798,49,0.12221549,0.00019692309
10799,49,0.14460978,0.00019692309
10800,49,0.13856970,0.0001969193
10801,49,0.17098264,0.0001969193
10802,49,0.18665719,0.0001969193
10803,49,0.19862437,0.0001969155
10804,49,0.18709135,0.0001969155
10805,49,0.21321540,0.0001969155
10806,49,0.17197159,0.00019691171
10807,49,0.17814058,0.00019691171
10808,49,0.18242157,0.00019691171
10809,49,0.15995151,0.00019690791
10810,49,0.14056765,0.00019690791
10811,49,0.14956377,0.00019690791
10812,49,0.19240122,0.00019690411
10813,49,0.16276228,0.00019690411
10814,49,0.14625907,0.00019690411
10815,49,0.17623365,0.00019690031
10816,49,0.15826845,0.00019690031
10817,49,0.16666311,0.00019690031
10818,49,0.17386596,0.0001968965
10819,49,0.14060664,0.0001968965
10820,49,0.18293814,0.0001968965
10821,49,0.16052720,0.00019689269
10822,49,0.14841317,0.00019689269
10823,49,0.13959059,0.00019689269
10824,49,0.15790564,0.00019688888
10825,49,0.16237047,0.00019688888
10826,49,0.15230408,0.00019688888
10827,49,0.17955509,0.00019688507
10828,49,0.19286028,0.00019688507
10829,49,0.13735470,0.00019688507
10830,49,0.18364716,0.00019688125
10831,49,0.14612304,0.00019688125
10832,49,0.18161623,0.00019688125
10833,49,0.15559429,0.00019687744
10834,49,0.16328391,0.00019687744
10835,49,0.15506738,0.00019687744
10836,49,0.17760596,0.00019687362
10837,49,0.15345335,0.00019687362
10838,49,0.18299454,0.00019687362
10839,49,0.14933932,0.0001968698
10840,49,0.15358722,0.0001968698
10841,49,0.15368423,0.0001968698
10842,49,0.15884797,0.00019686597
10843,49,0.16140103,0.00019686597
10844,49,0.19271231,0.00019686597
10845,49,0.13684700,0.00019686214
10846,49,0.15781900,0.00019686214
10847,49,0.14629896,0.00019686214
10848,49,0.16212741,0.00019685832
10849,49,0.14152709,0.00019685832
10850,49,0.15614186,0.00019685832
10851,49,0.17172679,0.00019685449
10852,49,0.16225122,0.00019685449
10853,49,0.14714947,0.00019685449
10854,49,0.15025613,0.00019685065
10855,49,0.20659499,0.00019685065
10856,49,0.14763618,0.00019685065
10857,49,0.15265912,0.00019684682
10858,49,0.16856298,0.00019684682
10859,49,0.12989278,0.00019684682
10860,49,0.18614390,0.00019684298
10861,49,0.14857146,0.00019684298
10862,49,0.17384695,0.00019684298
10863,49,0.17448679,0.00019683914
10864,49,0.15130186,0.00019683914
10865,49,0.14154479,0.00019683914
10866,49,0.16827588,0.0001968353
10867,49,0.15743539,0.0001968353
10868,49,0.18134534,0.0001968353
10869,49,0.18022518,0.00019683145
10870,49,0.16035676,0.00019683145
10871,49,0.14298451,0.00019683145
10872,49,0.18129811,0.0001968276
10873,49,0.13276394,0.0001968276
10874,49,0.19825631,0.0001968276
10875,49,0.14085375,0.00019682375
10876,49,0.18240654,0.00019682375
10877,49,0.17632577,0.00019682375
10878,49,0.17004417,0.0001968199
10879,49,0.13974269,0.0001968199
10880,49,0.13910618,0.0001968199
10881,49,0.17099366,0.00019681605
10882,49,0.14739561,0.00019681605
10883,49,0.18506031,0.00019681605
10884,49,0.15764724,0.00019681219
10885,49,0.17914133,0.00019681219
10886,49,0.13307633,0.00019681219
10887,49,0.14352322,0.00019680833
10888,49,0.15871172,0.00019680833
10889,49,0.16270629,0.00019680833
10890,49,0.16760024,0.00019680447
10891,49,0.14463440,0.00019680447
10892,49,0.14093502,0.00019680447
10893,49,0.17134807,0.00019680061
10894,49,0.13306300,0.00019680061
10895,49,0.15778954,0.00019680061
10896,49,0.15911958,0.00019679675
10897,49,0.16921400,0.00019679675
10898,49,0.15027539,0.00019679675
10899,49,0.16747390,0.00019679288
10900,49,0.15332013,0.00019679288
10901,49,0.18426560,0.00019679288
10902,49,0.15509093,0.00019678901
10903,49,0.16007203,0.00019678901
10904,49,0.18282907,0.00019678901
10905,49,0.16636239,0.00019678514
10906,49,0.19883153,0.00019678514
10907,49,0.16654792,0.00019678514
10908,49,0.13986634,0.00019678126
10909,49,0.16997242,0.00019678126
10910,49,0.13489115,0.00019678126
10911,49,0.13062561,0.00019677738
10912,49,0.12844655,0.00019677738
10913,49,0.16897398,0.00019677738
10914,49,0.14955321,0.0001967735
10915,49,0.14033088,0.0001967735
10916,49,0.16946477,0.0001967735
10917,49,0.16689466,0.00019676962
10918,49,0.15093666,0.00019676962
10919,49,0.16711852,0.00019676962
10920,49,0.17002222,0.00019676574
10921,49,0.12194192,0.00019676574
10922,49,0.18029207,0.00019676574
10923,49,0.14665574,0.00019676185
10924,49,0.15278961,0.00019676185
10925,49,0.15299456,0.00019676185
10926,49,0.13763051,0.00019675796
10927,49,0.14429094,0.00019675796
10928,49,0.15978572,0.00019675796
10929,49,0.20178103,0.00019675407
10930,49,0.16031985,0.00019675407
10931,49,0.17747097,0.00019675407
10932,49,0.15366870,0.00019675018
10933,49,0.13699654,0.00019675018
10934,49,0.18153796,0.00019675018
10935,49,0.16290493,0.00019674629
10936,49,0.14011285,0.00019674629
10937,49,0.13139173,0.00019674629
10938,49,0.16993043,0.00019674239
10939,49,0.15395489,0.00019674239
10940,49,0.14282134,0.00019674239
10941,49,0.18693058,0.00019673849
10942,49,0.14232074,0.00019673849
10943,49,0.19185683,0.00019673849
10944,49,0.14843264,0.00019673459
10945,49,0.15113631,0.00019673459
10946,49,0.17848349,0.00019673459
10947,49,0.16122130,0.00019673068
10948,49,0.13242500,0.00019673068
10949,49,0.15957159,0.00019673068
10950,49,0.16778466,0.00019672678
10951,49,0.19055653,0.00019672678
10952,49,0.13896337,0.00019672678
10953,49,0.14628153,0.00019672287
10954,49,0.12591955,0.00019672287
10955,49,0.16308932,0.00019672287
10956,49,0.17088811,0.00019671895
10957,49,0.13941932,0.00019671895
10958,49,0.11885409,0.00019671895
10959,49,0.18307637,0.00019671504
10960,49,0.17468302,0.00019671504
10961,49,0.16683733,0.00019671504
10962,49,0.15118173,0.00019671113
10963,49,0.16231720,0.00019671113
10964,49,0.12920004,0.00019671113
10965,49,0.16455688,0.00019670721
10966,49,0.15152735,0.00019670721
10967,49,0.13117033,0.00019670721
10968,49,0.17802343,0.00019670329
10969,49,0.14323846,0.00019670329
10970,49,0.15232083,0.00019670329
10971,49,0.14781842,0.00019669936
10972,49,0.18365787,0.00019669936
10973,49,0.15323663,0.00019669936
10974,49,0.16566491,0.00019669544
10975,49,0.13541341,0.00019669544
10976,49,0.15847814,0.00019669151
10977,50,0.14588261,0.00019669151
10978,50,0.15153514,0.00019669151
10979,50,0.15234533,0.00019668758
10980,50,0.14336786,0.00019668758
10981,50,0.15483794,0.00019668758
10982,50,0.15261686,0.00019668365
10983,50,0.13077152,0.00019668365
10984,50,0.14725822,0.00019668365
10985,50,0.19402282,0.00019667972
10986,50,0.14288239,0.00019667972
10987,50,0.19666973,0.00019667972
10988,50,0.17434995,0.00019667578
10989,50,0.15133992,0.00019667578
10990,50,0.11998212,0.00019667578
10991,50,0.14658989,0.00019667184
10992,50,0.19230857,0.00019667184
10993,50,0.19117975,0.00019667184
10994,50,0.16887450,0.0001966679
10995,50,0.17188528,0.0001966679
10996,50,0.15204421,0.0001966679
10997,50,0.18643042,0.00019666396
10998,50,0.16549659,0.00019666396
10999,50,0.15004879,0.00019666396
11000,50,0.13407275,0.00019666001
11001,50,0.18166566,0.00019666001
11002,50,0.12709725,0.00019666001
11003,50,0.16361472,0.00019665606
11004,50,0.15448290,0.00019665606
11005,50,0.17559740,0.00019665606
11006,50,0.14352505,0.00019665211
11007,50,0.13972971,0.00019665211
11008,50,0.17844561,0.00019665211
11009,50,0.14102398,0.00019664816
11010,50,0.14781117,0.00019664816
11011,50,0.16818099,0.00019664816
11012,50,0.12170019,0.0001966442
11013,50,0.15393472,0.0001966442
11014,50,0.13166720,0.0001966442
11015,50,0.14706656,0.00019664025
11016,50,0.18169622,0.00019664025
11017,50,0.14398426,0.00019664025
11018,50,0.19246845,0.00019663629
11019,50,0.15200357,0.00019663629
11020,50,0.16082492,0.00019663629
11021,50,0.14545847,0.00019663233
11022,50,0.15497054,0.00019663233
11023,50,0.13717732,0.00019663233
11024,50,0.14323142,0.00019662836
11025,50,0.14969066,0.00019662836
11026,50,0.14738762,0.00019662836
11027,50,0.12735431,0.0001966244
11028,50,0.12298848,0.0001966244
11029,50,0.19226438,0.0001966244
11030,50,0.14316610,0.00019662043
11031,50,0.16297242,0.00019662043
11032,50,0.16272576,0.00019662043
11033,50,0.16624823,0.00019661646
11034,50,0.17908573,0.00019661646
11035,50,0.16811310,0.00019661646
11036,50,0.17562360,0.00019661248
11037,50,0.14154455,0.00019661248
11038,50,0.16322227,0.00019661248
11039,50,0.15512106,0.00019660851
11040,50,0.16039947,0.00019660851
11041,50,0.18092248,0.00019660851
11042,50,0.14778018,0.00019660453
11043,50,0.13924538,0.00019660453
11044,50,0.12721275,0.00019660453
11045,50,0.15575945,0.00019660055
11046,50,0.19382927,0.00019660055
11047,50,0.12001587,0.00019660055
11048,50,0.16985588,0.00019659657
11049,50,0.14866792,0.00019659657
11050,50,0.18625063,0.00019659657
11051,50,0.17250282,0.00019659258
11052,50,0.18597881,0.00019659258
11053,50,0.14611256,0.00019659258
11054,50,0.15322611,0.0001965886
11055,50,0.13686472,0.0001965886
11056,50,0.15529341,0.0001965886
11057,50,0.12064992,0.00019658461
11058,50,0.15445480,0.00019658461
11059,50,0.16100439,0.00019658461
11060,50,0.18044734,0.00019658061
11061,50,0.16350974,0.00019658061
11062,50,0.17403781,0.00019658061
11063,50,0.17993593,0.00019657662
11064,50,0.14381312,0.00019657662
11065,50,0.14292084,0.00019657662
11066,50,0.12659721,0.00019657262
11067,50,0.15343738,0.00019657262
11068,50,0.14071143,0.00019657262
11069,50,0.14785147,0.00019656863
11070,50,0.13345981,0.00019656863
11071,50,0.15176499,0.00019656863
11072,50,0.14704236,0.00019656463
11073,50,0.15988559,0.00019656463
11074,50,0.15574877,0.00019656463
11075,50,0.15866204,0.00019656062
11076,50,0.15386122,0.00019656062
11077,50,0.14970390,0.00019656062
11078,50,0.19672160,0.00019655662
11079,50,0.16922879,0.00019655662
11080,50,0.17531328,0.00019655662
11081,50,0.17391501,0.00019655261
11082,50,0.15475312,0.00019655261
11083,50,0.19196901,0.00019655261
11084,50,0.17939043,0.0001965486
11085,50,0.16605623,0.0001965486
11086,50,0.18256363,0.0001965486
11087,50,0.18581340,0.00019654459
11088,50,0.16809949,0.00019654459
11089,50,0.14424026,0.00019654459
11090,50,0.21189752,0.00019654057
11091,50,0.16228196,0.00019654057
11092,50,0.15942878,0.00019654057
11093,50,0.15607777,0.00019653656
11094,50,0.13136795,0.00019653656
11095,50,0.13545170,0.00019653656
11096,50,0.18403475,0.00019653254
11097,50,0.13234568,0.00019653254
11098,50,0.15322202,0.00019653254
11099,50,0.14713073,0.00019652852
11100,50,0.15808764,0.00019652852
11101,50,0.17749000,0.00019652852
11102,50,0.14942816,0.00019652449
11103,50,0.13634668,0.00019652449
11104,50,0.13340399,0.00019652449
11105,50,0.18146026,0.00019652047
11106,50,0.17881815,0.00019652047
11107,50,0.13138506,0.00019652047
11108,50,0.12918153,0.00019651644
11109,50,0.15103893,0.00019651644
11110,50,0.17099521,0.00019651644
11111,50,0.16818845,0.00019651241
11112,50,0.15789181,0.00019651241
11113,50,0.14335337,0.00019651241
11114,50,0.14244679,0.00019650838
11115,50,0.14798209,0.00019650838
11116,50,0.12825862,0.00019650838
11117,50,0.14693710,0.00019650434
11118,50,0.17727411,0.00019650434
11119,50,0.15193889,0.00019650434
11120,50,0.17043081,0.0001965003
11121,50,0.14976764,0.0001965003
11122,50,0.14610197,0.0001965003
11123,50,0.14486051,0.00019649626
11124,50,0.15834580,0.00019649626
11125,50,0.15487909,0.00019649626
11126,50,0.13016039,0.00019649222
11127,50,0.15339303,0.00019649222
11128,50,0.15875755,0.00019649222
11129,50,0.14261021,0.00019648818
11130,50,0.16423982,0.00019648818
11131,50,0.18156062,0.00019648818
11132,50,0.19007710,0.00019648413
11133,50,0.16238171,0.00019648413
11134,50,0.14981245,0.00019648413
11135,50,0.13235414,0.00019648008
11136,50,0.14785473,0.00019648008
11137,50,0.15205699,0.00019648008
11138,50,0.15632772,0.00019647603
11139,50,0.15488437,0.00019647603
11140,50,0.18396220,0.00019647603
11141,50,0.15587807,0.00019647198
11142,50,0.14082494,0.00019647198
11143,50,0.18130955,0.00019647198
11144,50,0.15406279,0.00019646792
11145,50,0.14768524,0.00019646792
11146,50,0.15259658,0.00019646792
11147,50,0.14507923,0.00019646386
11148,50,0.15254845,0.00019646386
11149,50,0.13003263,0.00019646386
11150,50,0.14997643,0.0001964598
11151,50,0.19368932,0.0001964598
11152,50,0.13868049,0.0001964598
11153,50,0.17714922,0.00019645574
11154,50,0.16735289,0.00019645574
11155,50,0.13195550,0.00019645574
11156,50,0.17863719,0.00019645168
11157,50,0.18632004,0.00019645168
11158,50,0.13641322,0.00019645168
11159,50,0.18049300,0.00019644761
11160,50,0.19301437,0.00019644761
11161,50,0.14522384,0.00019644761
11162,50,0.16415207,0.00019644354
11163,50,0.13884036,0.00019644354
11164,50,0.15190032,0.00019644354
11165,50,0.14060646,0.00019643947
11166,50,0.16569827,0.00019643947
11167,50,0.19768217,0.00019643947
11168,50,0.14576435,0.0001964354
11169,50,0.13742022,0.0001964354
11170,50,0.16839758,0.0001964354
11171,50,0.15006128,0.00019643132
11172,50,0.16964833,0.00019643132
11173,50,0.17240332,0.00019643132
11174,50,0.14578658,0.00019642724
11175,50,0.19983700,0.00019642724
11176,50,0.15667775,0.00019642724
11177,50,0.14773723,0.00019642316
11178,50,0.16607365,0.00019642316
11179,50,0.18661889,0.00019642316
11180,50,0.14802051,0.00019641908
11181,50,0.15350157,0.00019641908
11182,50,0.17445080,0.00019641908
11183,50,0.17651877,0.00019641499
11184,50,0.17694788,0.00019641499
11185,50,0.14715335,0.00019641499
11186,50,0.16930953,0.0001964109
11187,50,0.17666972,0.0001964109
11188,50,0.16085409,0.0001964109
11189,50,0.17860752,0.00019640681
11190,50,0.14828667,0.00019640681
11191,50,0.16974258,0.00019640681
11192,50,0.14629696,0.00019640272
11193,50,0.12756816,0.00019640272
11194,50,0.14933342,0.00019640272
11195,50,0.14386517,0.00019639863
11196,50,0.17786758,0.00019639863
11197,50,0.14554194,0.00019639863
11198,50,0.13946995,0.00019639453
11199,50,0.15151343,0.00019639453
11200,50,0.13241635,0.00019639043
11201,51,0.20421802,0.00019639043
11202,51,0.17696959,0.00019639043
11203,51,0.14209783,0.00019638633
11204,51,0.18602972,0.00019638633
11205,51,0.14501810,0.00019638633
11206,51,0.16103759,0.00019638223
11207,51,0.15994966,0.00019638223
11208,51,0.13962747,0.00019638223
11209,51,0.15539026,0.00019637812
11210,51,0.18196625,0.00019637812
11211,51,0.16028428,0.00019637812
11212,51,0.13350776,0.00019637401
11213,51,0.12550047,0.00019637401
11214,51,0.16972664,0.00019637401
11215,51,0.19004074,0.0001963699
11216,51,0.18767577,0.0001963699
11217,51,0.14111501,0.0001963699
11218,51,0.15788046,0.00019636579
11219,51,0.18605654,0.00019636579
11220,51,0.14684632,0.00019636579
11221,51,0.15736666,0.00019636167
11222,51,0.12334129,0.00019636167
11223,51,0.16116264,0.00019636167
11224,51,0.14235944,0.00019635756
11225,51,0.13547760,0.00019635756
11226,51,0.12929364,0.00019635756
11227,51,0.13491338,0.00019635344
11228,51,0.15534669,0.00019635344
11229,51,0.15610294,0.00019635344
11230,51,0.16664439,0.00019634931
11231,51,0.18355367,0.00019634931
11232,51,0.14693135,0.00019634931
11233,51,0.14101799,0.00019634519
11234,51,0.15452550,0.00019634519
11235,51,0.15329799,0.00019634519
11236,51,0.18790375,0.00019634106
11237,51,0.18547842,0.00019634106
11238,51,0.16054957,0.00019634106
11239,51,0.12830299,0.00019633693
11240,51,0.15833086,0.00019633693
11241,51,0.14713037,0.00019633693
11242,51,0.17487517,0.0001963328
11243,51,0.16051263,0.0001963328
11244,51,0.19983578,0.0001963328
11245,51,0.17450790,0.00019632867
11246,51,0.13459060,0.00019632867
11247,51,0.15550236,0.00019632867
11248,51,0.20611231,0.00019632453
11249,51,0.14429562,0.00019632453
11250,51,0.16959207,0.00019632453
11251,51,0.18462937,0.0001963204
11252,51,0.14713182,0.0001963204
11253,51,0.14517900,0.0001963204
11254,51,0.17265451,0.00019631626
11255,51,0.12621789,0.00019631626
11256,51,0.14662689,0.00019631626
11257,51,0.13737860,0.00019631211
11258,51,0.17183201,0.00019631211
11259,51,0.15129320,0.00019631211
11260,51,0.15255624,0.00019630797
11261,51,0.17192224,0.00019630797
11262,51,0.14367174,0.00019630797
11263,51,0.13711971,0.00019630382
11264,51,0.15102544,0.00019630382
11265,51,0.20016257,0.00019630382
11266,51,0.15439102,0.00019629967
11267,51,0.18477225,0.00019629967
11268,51,0.15458135,0.00019629967
11269,51,0.14647806,0.00019629552
11270,51,0.13776135,0.00019629552
11271,51,0.17969196,0.00019629552
11272,51,0.16535453,0.00019629137
11273,51,0.16066360,0.00019629137
11274,51,0.14202194,0.00019629137
11275,51,0.15916800,0.00019628721
11276,51,0.17714678,0.00019628721
11277,51,0.11932383,0.00019628721
11278,51,0.19660471,0.00019628305
11279,51,0.13712159,0.00019628305
11280,51,0.13728465,0.00019628305
11281,51,0.15174381,0.00019627889
11282,51,0.16692142,0.00019627889
11283,51,0.13991043,0.00019627889
11284,51,0.15241355,0.00019627473
11285,51,0.15511701,0.00019627473
11286,51,0.16256487,0.00019627473
11287,51,0.13067606,0.00019627056
11288,51,0.13082352,0.00019627056
11289,51,0.17819969,0.00019627056
11290,51,0.13773720,0.0001962664
11291,51,0.13680388,0.0001962664
11292,51,0.15431795,0.0001962664
11293,51,0.16255772,0.00019626223
11294,51,0.16242565,0.00019626223
11295,51,0.17276955,0.00019626223
11296,51,0.16453794,0.00019625805
11297,51,0.16343497,0.00019625805
11298,51,0.16169983,0.00019625805
11299,51,0.13584100,0.00019625388
11300,51,0.17390744,0.00019625388
11301,51,0.20203447,0.00019625388
11302,51,0.16629095,0.0001962497
11303,51,0.17028961,0.0001962497
11304,51,0.16426542,0.0001962497
11305,51,0.18421254,0.00019624552
11306,51,0.14124696,0.00019624552
11307,51,0.15611821,0.00019624552
11308,51,0.15924864,0.00019624134
11309,51,0.16995439,0.00019624134
11310,51,0.19690120,0.00019624134
11311,51,0.14492640,0.00019623716
11312,51,0.12612912,0.00019623716
11313,51,0.17959476,0.00019623716
11314,51,0.13946459,0.00019623297
11315,51,0.12783560,0.00019623297
11316,51,0.16077009,0.00019623297
11317,51,0.12805837,0.00019622878
11318,51,0.14951900,0.00019622878
11319,51,0.13925859,0.00019622878
11320,51,0.14021052,0.00019622459
11321,51,0.13810530,0.00019622459
11322,51,0.14970753,0.00019622459
11323,51,0.16041057,0.0001962204
11324,51,0.17091945,0.0001962204
11325,51,0.16190359,0.0001962204
11326,51,0.14507490,0.00019621621
11327,51,0.14842613,0.00019621621
11328,51,0.13473074,0.00019621621
11329,51,0.18552737,0.00019621201
11330,51,0.12608179,0.00019621201
11331,51,0.13990426,0.00019621201
11332,51,0.13201407,0.00019620781
11333,51,0.17225406,0.00019620781
11334,51,0.15015784,0.00019620781
11335,51,0.15953551,0.00019620361
11336,51,0.18326399,0.00019620361
11337,51,0.18809490,0.00019620361
11338,51,0.15095863,0.0001961994
11339,51,0.12144767,0.0001961994
11340,51,0.20225678,0.0001961994
11341,51,0.16113794,0.0001961952
11342,51,0.18477629,0.0001961952
11343,51,0.15553753,0.0001961952
11344,51,0.13983241,0.00019619099
11345,51,0.15131226,0.00019619099
11346,51,0.14044826,0.00019619099
11347,51,0.15215218,0.00019618678
11348,51,0.17430125,0.00019618678
11349,51,0.15449241,0.00019618678
11350,51,0.14537641,0.00019618256
11351,51,0.13773528,0.00019618256
11352,51,0.11952482,0.00019618256
11353,51,0.15847817,0.00019617835
11354,51,0.14732282,0.00019617835
11355,51,0.14603853,0.00019617835
11356,51,0.15213047,0.00019617413
11357,51,0.18755108,0.00019617413
11358,51,0.15195042,0.00019617413
11359,51,0.14601004,0.00019616991
11360,51,0.16285709,0.00019616991
11361,51,0.15514518,0.00019616991
11362,51,0.17730801,0.00019616569
11363,51,0.14679025,0.00019616569
11364,51,0.14615439,0.00019616569
11365,51,0.16338542,0.00019616146
11366,51,0.14396712,0.00019616146
11367,51,0.14949314,0.00019616146
11368,51,0.14254442,0.00019615724
11369,51,0.15768498,0.00019615724
11370,51,0.14619717,0.00019615724
11371,51,0.14558357,0.00019615301
11372,51,0.15914662,0.00019615301
11373,51,0.15476160,0.00019615301
11374,51,0.21257655,0.00019614878
11375,51,0.19142143,0.00019614878
11376,51,0.14142527,0.00019614878
11377,51,0.15506467,0.00019614454
11378,51,0.16482727,0.00019614454
11379,51,0.14099227,0.00019614454
11380,51,0.13669929,0.00019614031
11381,51,0.16618443,0.00019614031
11382,51,0.12994568,0.00019614031
11383,51,0.17121005,0.00019613607
11384,51,0.18577974,0.00019613607
11385,51,0.17676899,0.00019613607
11386,51,0.13665451,0.00019613183
11387,51,0.14458263,0.00019613183
11388,51,0.15796635,0.00019613183
11389,51,0.14730021,0.00019612758
11390,51,0.16399509,0.00019612758
11391,51,0.17601590,0.00019612758
11392,51,0.14701340,0.00019612334
11393,51,0.17671804,0.00019612334
11394,51,0.14917670,0.00019612334
11395,51,0.14885080,0.00019611909
11396,51,0.13561326,0.00019611909
11397,51,0.14738411,0.00019611909
11398,51,0.14509198,0.00019611484
11399,51,0.15207550,0.00019611484
11400,51,0.13878995,0.00019611484
11401,51,0.15422396,0.00019611059
11402,51,0.15536839,0.00019611059
11403,51,0.14549059,0.00019611059
11404,51,0.15161182,0.00019610634
11405,51,0.14904881,0.00019610634
11406,51,0.13405725,0.00019610634
11407,51,0.12876523,0.00019610208
11408,51,0.13534583,0.00019610208
11409,51,0.15683171,0.00019610208
11410,51,0.15028952,0.00019609782
11411,51,0.13671780,0.00019609782
11412,51,0.16884592,0.00019609782
11413,51,0.16215993,0.00019609356
11414,51,0.17025976,0.00019609356
11415,51,0.14638519,0.00019609356
11416,51,0.17458305,0.0001960893
11417,51,0.16858128,0.0001960893
11418,51,0.15017310,0.0001960893
11419,51,0.15309148,0.00019608503
11420,51,0.15605658,0.00019608503
11421,51,0.14558361,0.00019608503
11422,51,0.14907515,0.00019608076
11423,51,0.12653062,0.00019608076
11424,51,0.14722794,0.00019607649
11425,52,0.15594941,0.00019607649
11426,52,0.15526271,0.00019607649
11427,52,0.16122173,0.00019607222
11428,52,0.15746319,0.00019607222
11429,52,0.16992065,0.00019607222
11430,52,0.13959607,0.00019606794
11431,52,0.19721922,0.00019606794
11432,52,0.13549641,0.00019606794
11433,52,0.17164040,0.00019606367
11434,52,0.18192440,0.00019606367
11435,52,0.17737284,0.00019606367
11436,52,0.18160185,0.00019605939
11437,52,0.13637386,0.00019605939
11438,52,0.15904784,0.00019605939
11439,52,0.12756173,0.00019605511
11440,52,0.16149609,0.00019605511
11441,52,0.12674242,0.00019605511
11442,52,0.13776639,0.00019605082
11443,52,0.14943847,0.00019605082
11444,52,0.13959569,0.00019605082
11445,52,0.13976750,0.00019604654
11446,52,0.14620441,0.00019604654
11447,52,0.15322590,0.00019604654
11448,52,0.19070809,0.00019604225
11449,52,0.17152260,0.00019604225
11450,52,0.13787833,0.00019604225
11451,52,0.12846075,0.00019603796
11452,52,0.14689748,0.00019603796
11453,52,0.13943395,0.00019603796
11454,52,0.15266460,0.00019603366
11455,52,0.13849859,0.00019603366
11456,52,0.15288733,0.00019603366
11457,52,0.16481222,0.00019602937
11458,52,0.15389818,0.00019602937
11459,52,0.16421455,0.00019602937
11460,52,0.14726526,0.00019602507
11461,52,0.14493173,0.00019602507
11462,52,0.14142554,0.00019602507
11463,52,0.17557698,0.00019602077
11464,52,0.15544564,0.00019602077
11465,52,0.15383701,0.00019602077
11466,52,0.13081074,0.00019601647
11467,52,0.11296358,0.00019601647
11468,52,0.19179145,0.00019601647
11469,52,0.15807937,0.00019601216
11470,52,0.18003981,0.00019601216
11471,52,0.16979603,0.00019601216
11472,52,0.16280362,0.00019600786
11473,52,0.12592220,0.00019600786
11474,52,0.14925006,0.00019600786
11475,52,0.14419669,0.00019600355
11476,52,0.15553248,0.00019600355
11477,52,0.16332242,0.00019600355
11478,52,0.16036996,0.00019599924
11479,52,0.17968392,0.00019599924
11480,52,0.15711561,0.00019599924
11481,52,0.13379082,0.00019599492
11482,52,0.17637494,0.00019599492
11483,52,0.13885413,0.00019599492
11484,52,0.13940845,0.00019599061
11485,52,0.13483422,0.00019599061
11486,52,0.12742795,0.00019599061
11487,52,0.14660507,0.00019598629
11488,52,0.15254816,0.00019598629
11489,52,0.15564829,0.00019598629
11490,52,0.18235151,0.00019598197
11491,52,0.16832700,0.00019598197
11492,52,0.13983539,0.00019598197
11493,52,0.14800169,0.00019597765
11494,52,0.17444758,0.00019597765
11495,52,0.13800141,0.00019597765
11496,52,0.17257302,0.00019597332
11497,52,0.17736112,0.00019597332
11498,52,0.16046210,0.00019597332
11499,52,0.15213518,0.000195969
11500,52,0.15856946,0.000195969
11501,52,0.15533231,0.000195969
11502,52,0.15466331,0.00019596467
11503,52,0.15243489,0.00019596467
11504,52,0.13353674,0.00019596467
11505,52,0.14358488,0.00019596033
11506,52,0.18898009,0.00019596033
11507,52,0.16554509,0.00019596033
11508,52,0.16139942,0.000195956
11509,52,0.15208742,0.000195956
11510,52,0.17294876,0.000195956
11511,52,0.17560713,0.00019595166
11512,52,0.17034262,0.00019595166
11513,52,0.12501311,0.00019595166
11514,52,0.16334532,0.00019594733
11515,52,0.15894026,0.00019594733
11516,52,0.21540909,0.00019594733
11517,52,0.15012754,0.00019594298
11518,52,0.16043727,0.00019594298
11519,52,0.15672636,0.00019594298
11520,52,0.22480820,0.00019593864
11521,52,0.20561348,0.00019593864
11522,52,0.15685847,0.00019593864
11523,52,0.15273157,0.0001959343
11524,52,0.16472687,0.0001959343
11525,52,0.16399956,0.0001959343
11526,52,0.17759794,0.00019592995
11527,52,0.16604087,0.00019592995
11528,52,0.14633191,0.00019592995
11529,52,0.15162174,0.0001959256
11530,52,0.16310741,0.0001959256
11531,52,0.13807860,0.0001959256
11532,52,0.14617215,0.00019592125
11533,52,0.19159684,0.00019592125
11534,52,0.19574937,0.00019592125
11535,52,0.14802942,0.00019591689
11536,52,0.14534245,0.00019591689
11537,52,0.16843645,0.00019591689
11538,52,0.16650711,0.00019591253
11539,52,0.15584829,0.00019591253
11540,52,0.15251850,0.00019591253
11541,52,0.12914747,0.00019590818
11542,52,0.19835845,0.00019590818
11543,52,0.14971566,0.00019590818
11544,52,0.17218515,0.00019590381
11545,52,0.13974063,0.00019590381
11546,52,0.13775596,0.00019590381
11547,52,0.13811827,0.00019589945
11548,52,0.15159807,0.00019589945
11549,52,0.15146287,0.00019589945
11550,52,0.13690542,0.00019589508
11551,52,0.20513412,0.00019589508
11552,52,0.14212789,0.00019589508
11553,52,0.18241915,0.00019589072
11554,52,0.16256385,0.00019589072
11555,52,0.15187427,0.00019589072
11556,52,0.14203878,0.00019588635
11557,52,0.13551980,0.00019588635
11558,52,0.14902920,0.00019588635
11559,52,0.16763508,0.00019588197
11560,52,0.14849128,0.00019588197
11561,52,0.18291226,0.00019588197
11562,52,0.13974613,0.0001958776
11563,52,0.15886849,0.0001958776
11564,52,0.14963654,0.0001958776
11565,52,0.16986565,0.00019587322
11566,52,0.15982696,0.00019587322
11567,52,0.16533701,0.00019587322
11568,52,0.14979339,0.00019586884
11569,52,0.15474187,0.00019586884
11570,52,0.12129759,0.00019586884
11571,52,0.17893088,0.00019586446
11572,52,0.19287166,0.00019586446
11573,52,0.16776870,0.00019586446
11574,52,0.14475489,0.00019586008
11575,52,0.17153494,0.00019586008
11576,52,0.14259747,0.00019586008
11577,52,0.17652735,0.00019585569
11578,52,0.15044223,0.00019585569
11579,52,0.18083325,0.00019585569
11580,52,0.13481703,0.0001958513
11581,52,0.16006821,0.0001958513
11582,52,0.16106246,0.0001958513
11583,52,0.14497378,0.00019584691
11584,52,0.14597154,0.00019584691
11585,52,0.14088434,0.00019584691
11586,52,0.15724884,0.00019584252
11587,52,0.17255685,0.00019584252
11588,52,0.17235380,0.00019584252
11589,52,0.13624707,0.00019583812
11590,52,0.12336820,0.00019583812
11591,52,0.15336871,0.00019583812
11592,52,0.15585314,0.00019583372
11593,52,0.15012491,0.00019583372
11594,52,0.15894777,0.00019583372
11595,52,0.18969189,0.00019582932
11596,52,0.14407460,0.00019582932
11597,52,0.16491114,0.00019582932
11598,52,0.16750523,0.00019582492
11599,52,0.15872785,0.00019582492
11600,52,0.16373101,0.00019582492
11601,52,0.15665911,0.00019582052
11602,52,0.15198520,0.00019582052
11603,52,0.14729680,0.00019582052
11604,52,0.12839705,0.00019581611
11605,52,0.17505598,0.00019581611
11606,52,0.13213003,0.00019581611
11607,52,0.16221935,0.0001958117
11608,52,0.18375956,0.0001958117
11609,52,0.20452730,0.0001958117
11610,52,0.15894324,0.00019580729
11611,52,0.15979344,0.00019580729
11612,52,0.15067594,0.00019580729
11613,52,0.13869023,0.00019580288
11614,52,0.17090407,0.00019580288
11615,52,0.14802822,0.00019580288
11616,52,0.16501290,0.00019579846
11617,52,0.14681709,0.00019579846
11618,52,0.17851076,0.00019579846
11619,52,0.14394239,0.00019579404
11620,52,0.16828141,0.00019579404
11621,52,0.17703770,0.00019579404
11622,52,0.16037610,0.00019578962
11623,52,0.13470194,0.00019578962
11624,52,0.13172689,0.00019578962
11625,52,0.14418530,0.0001957852
11626,52,0.12658474,0.0001957852
11627,52,0.12971734,0.0001957852
11628,52,0.15918796,0.00019578077
11629,52,0.13932060,0.00019578077
11630,52,0.16469096,0.00019578077
11631,52,0.17755601,0.00019577635
11632,52,0.16177610,0.00019577635
11633,52,0.18620914,0.00019577635
11634,52,0.18885243,0.00019577192
11635,52,0.15301508,0.00019577192
11636,52,0.13808432,0.00019577192
11637,52,0.12510088,0.00019576749
11638,52,0.14849627,0.00019576749
11639,52,0.17573363,0.00019576749
11640,52,0.11428624,0.00019576305
11641,52,0.14315991,0.00019576305
11642,52,0.13688125,0.00019576305
11643,52,0.18087654,0.00019575862
11644,52,0.17556053,0.00019575862
11645,52,0.14149347,0.00019575862
11646,52,0.17891411,0.00019575418
11647,52,0.17487273,0.00019575418
11648,52,0.15420610,0.00019574974
11649,53,0.12315246,0.00019574974
11650,53,0.15857849,0.00019574974
11651,53,0.14432597,0.00019574529
11652,53,0.15890148,0.00019574529
11653,53,0.11968084,0.00019574529
11654,53,0.13553263,0.00019574085
11655,53,0.15652129,0.00019574085
11656,53,0.19017407,0.00019574085
11657,53,0.15604457,0.0001957364
11658,53,0.15515625,0.0001957364
11659,53,0.17870413,0.0001957364
11660,53,0.15577410,0.00019573195
11661,53,0.17357807,0.00019573195
11662,53,0.16321632,0.00019573195
11663,53,0.15253109,0.0001957275
11664,53,0.20683026,0.0001957275
11665,53,0.13023619,0.0001957275
11666,53,0.15352905,0.00019572304
11667,53,0.17233627,0.00019572304
11668,53,0.17704356,0.00019572304
11669,53,0.14376311,0.00019571859
11670,53,0.13254718,0.00019571859
11671,53,0.14146851,0.00019571859
11672,53,0.12593684,0.00019571413
11673,53,0.13626027,0.00019571413
11674,53,0.14450184,0.00019571413
11675,53,0.14991209,0.00019570967
11676,53,0.14398634,0.00019570967
11677,53,0.16299358,0.00019570967
11678,53,0.14797732,0.0001957052
11679,53,0.17120890,0.0001957052
11680,53,0.16714793,0.0001957052
11681,53,0.15725237,0.00019570074
11682,53,0.19184731,0.00019570074
11683,53,0.16598429,0.00019570074
11684,53,0.15217718,0.00019569627
11685,53,0.14227378,0.00019569627
11686,53,0.17322212,0.00019569627
11687,53,0.17015874,0.0001956918
11688,53,0.18128824,0.0001956918
11689,53,0.17893413,0.0001956918
11690,53,0.15891200,0.00019568733
11691,53,0.14903682,0.00019568733
11692,53,0.15370485,0.00019568733
11693,53,0.14614585,0.00019568285
11694,53,0.18964180,0.00019568285
11695,53,0.12895730,0.00019568285
11696,53,0.14826851,0.00019567837
11697,53,0.14270960,0.00019567837
11698,53,0.16616772,0.00019567837
11699,53,0.16026562,0.00019567389
11700,53,0.12324353,0.00019567389
11701,53,0.16355945,0.00019567389
11702,53,0.16476575,0.00019566941
11703,53,0.17951941,0.00019566941
11704,53,0.11970359,0.00019566941
11705,53,0.15470777,0.00019566493
11706,53,0.14088213,0.00019566493
11707,53,0.15052676,0.00019566493
11708,53,0.17977564,0.00019566044
11709,53,0.16604342,0.00019566044
11710,53,0.14583813,0.00019566044
11711,53,0.13740508,0.00019565595
11712,53,0.16801946,0.00019565595
11713,53,0.17552112,0.00019565595
11714,53,0.14564198,0.00019565146
11715,53,0.13077433,0.00019565146
11716,53,0.17096667,0.00019565146
11717,53,0.14542292,0.00019564697
11718,53,0.13694456,0.00019564697
11719,53,0.12117910,0.00019564697
11720,53,0.13343142,0.00019564247
11721,53,0.15139046,0.00019564247
11722,53,0.13284907,0.00019564247
11723,53,0.17859492,0.00019563798
11724,53,0.18086839,0.00019563798
11725,53,0.13931188,0.00019563798
11726,53,0.15919334,0.00019563348
11727,53,0.19515187,0.00019563348
11728,53,0.14801191,0.00019563348
11729,53,0.19227502,0.00019562897
11730,53,0.14388075,0.00019562897
11731,53,0.18323915,0.00019562897
11732,53,0.12991178,0.00019562447
11733,53,0.15284763,0.00019562447
11734,53,0.12154161,0.00019562447
11735,53,0.16403252,0.00019561996
11736,53,0.16542616,0.00019561996
11737,53,0.13195974,0.00019561996
11738,53,0.15738285,0.00019561545
11739,53,0.14161138,0.00019561545
11740,53,0.15286943,0.00019561545
11741,53,0.20320790,0.00019561094
11742,53,0.14774649,0.00019561094
11743,53,0.21054208,0.00019561094
11744,53,0.19390607,0.00019560643
11745,53,0.16055599,0.00019560643
11746,53,0.16287073,0.00019560643
11747,53,0.16019352,0.00019560191
11748,53,0.20357333,0.00019560191
11749,53,0.19861409,0.00019560191
11750,53,0.15493326,0.0001955974
11751,53,0.18317819,0.0001955974
11752,53,0.17756067,0.0001955974
11753,53,0.18873148,0.00019559288
11754,53,0.19532099,0.00019559288
11755,53,0.18359421,0.00019559288
11756,53,0.17449759,0.00019558835
11757,53,0.17155814,0.00019558835
11758,53,0.13881540,0.00019558835
11759,53,0.16647771,0.00019558383
11760,53,0.16664967,0.00019558383
11761,53,0.18171144,0.00019558383
11762,53,0.15142572,0.0001955793
11763,53,0.20632432,0.0001955793
11764,53,0.15989055,0.0001955793
11765,53,0.18925944,0.00019557477
11766,53,0.15143949,0.00019557477
11767,53,0.18142280,0.00019557477
11768,53,0.14650425,0.00019557024
11769,53,0.17182139,0.00019557024
11770,53,0.15462747,0.00019557024
11771,53,0.15082408,0.00019556571
11772,53,0.17453170,0.00019556571
11773,53,0.14986527,0.00019556571
11774,53,0.16260266,0.00019556117
11775,53,0.15319243,0.00019556117
11776,53,0.16102460,0.00019556117
11777,53,0.13444194,0.00019555663
11778,53,0.16158645,0.00019555663
11779,53,0.14150131,0.00019555663
11780,53,0.16791224,0.00019555209
11781,53,0.13199839,0.00019555209
11782,53,0.15999129,0.00019555209
11783,53,0.13254498,0.00019554755
11784,53,0.16196255,0.00019554755
11785,53,0.14014553,0.00019554755
11786,53,0.16011025,0.000195543
11787,53,0.14940116,0.000195543
11788,53,0.14480698,0.000195543
11789,53,0.16017087,0.00019553846
11790,53,0.14278883,0.00019553846
11791,53,0.17249720,0.00019553846
11792,53,0.12664953,0.00019553391
11793,53,0.15646292,0.00019553391
11794,53,0.13371342,0.00019553391
11795,53,0.15375444,0.00019552935
11796,53,0.15199973,0.00019552935
11797,53,0.15018508,0.00019552935
11798,53,0.13414137,0.0001955248
11799,53,0.14460790,0.0001955248
11800,53,0.17727396,0.0001955248
11801,53,0.14610688,0.00019552024
11802,53,0.13933784,0.00019552024
11803,53,0.14804035,0.00019552024
11804,53,0.14774100,0.00019551568
11805,53,0.15931246,0.00019551568
11806,53,0.15798166,0.00019551568
11807,53,0.18504882,0.00019551112
11808,53,0.15868762,0.00019551112
11809,53,0.13385640,0.00019551112
11810,53,0.14699671,0.00019550656
11811,53,0.20222488,0.00019550656
11812,53,0.13559876,0.00019550656
11813,53,0.15234087,0.00019550199
11814,53,0.14772117,0.00019550199
11815,53,0.16103390,0.00019550199
11816,53,0.18826151,0.00019549743
11817,53,0.12352164,0.00019549743
11818,53,0.13348264,0.00019549743
11819,53,0.14388244,0.00019549286
11820,53,0.12464003,0.00019549286
11821,53,0.19042115,0.00019549286
11822,53,0.13012466,0.00019548828
11823,53,0.16617516,0.00019548828
11824,53,0.17141263,0.00019548828
11825,53,0.17059468,0.00019548371
11826,53,0.14762184,0.00019548371
11827,53,0.11140414,0.00019548371
11828,53,0.15763250,0.00019547913
11829,53,0.13275869,0.00019547913
11830,53,0.17169826,0.00019547913
11831,53,0.13472460,0.00019547455
11832,53,0.13004765,0.00019547455
11833,53,0.17140554,0.00019547455
11834,53,0.16222703,0.00019546997
11835,53,0.15342663,0.00019546997
11836,53,0.17739604,0.00019546997
11837,53,0.14375681,0.00019546539
11838,53,0.13987759,0.00019546539
11839,53,0.13595544,0.00019546539
11840,53,0.14211690,0.0001954608
11841,53,0.17402765,0.0001954608
11842,53,0.14577624,0.0001954608
11843,53,0.13377710,0.00019545621
11844,53,0.14144520,0.00019545621
11845,53,0.15774287,0.00019545621
11846,53,0.13976079,0.00019545162
11847,53,0.18222277,0.00019545162
11848,53,0.17259614,0.00019545162
11849,53,0.14375544,0.00019544703
11850,53,0.14990440,0.00019544703
11851,53,0.16226998,0.00019544703
11852,53,0.14531653,0.00019544244
11853,53,0.15440243,0.00019544244
11854,53,0.14163703,0.00019544244
11855,53,0.13396671,0.00019543784
11856,53,0.14415728,0.00019543784
11857,53,0.15491211,0.00019543784
11858,53,0.14579259,0.00019543324
11859,53,0.15081434,0.00019543324
11860,53,0.14993124,0.00019543324
11861,53,0.15239191,0.00019542864
11862,53,0.17118613,0.00019542864
11863,53,0.15891275,0.00019542864
11864,53,0.16740116,0.00019542403
11865,53,0.16150387,0.00019542403
11866,53,0.14889470,0.00019542403
11867,53,0.13491666,0.00019541943
11868,53,0.13582738,0.00019541943
11869,53,0.14629933,0.00019541943
11870,53,0.14383277,0.00019541482
11871,53,0.13393199,0.00019541482
11872,53,0.19155774,0.00019541021
11873,54,0.12096161,0.00019541021
11874,54,0.14802764,0.00019541021
11875,54,0.15317935,0.00019540559
11876,54,0.16065000,0.00019540559
11877,54,0.14840005,0.00019540559
11878,54,0.16663140,0.00019540098
11879,54,0.16283813,0.00019540098
11880,54,0.17030483,0.00019540098
11881,54,0.14284047,0.00019539636
11882,54,0.17751412,0.00019539636
11883,54,0.12705249,0.00019539636
11884,54,0.13983069,0.00019539174
11885,54,0.15912172,0.00019539174
11886,54,0.13699408,0.00019539174
11887,54,0.15182492,0.00019538712
11888,54,0.17144486,0.00019538712
11889,54,0.17141251,0.00019538712
11890,54,0.20368235,0.00019538249
11891,54,0.16633324,0.00019538249
11892,54,0.15422909,0.00019538249
11893,54,0.13213709,0.00019537787
11894,54,0.20321408,0.00019537787
11895,54,0.16747467,0.00019537787
11896,54,0.13060814,0.00019537324
11897,54,0.15373561,0.00019537324
11898,54,0.12367495,0.00019537324
11899,54,0.14339888,0.00019536861
11900,54,0.14873753,0.00019536861
11901,54,0.14125501,0.00019536861
11902,54,0.16781613,0.00019536397
11903,54,0.19593255,0.00019536397
11904,54,0.13489825,0.00019536397
11905,54,0.17524546,0.00019535934
11906,54,0.16883746,0.00019535934
11907,54,0.14858311,0.00019535934
11908,54,0.18993899,0.0001953547
11909,54,0.13362625,0.0001953547
11910,54,0.21246806,0.0001953547
11911,54,0.14047095,0.00019535006
11912,54,0.17997155,0.00019535006
11913,54,0.15073514,0.00019535006
11914,54,0.13533682,0.00019534542
11915,54,0.18734996,0.00019534542
11916,54,0.15697700,0.00019534542
11917,54,0.17373657,0.00019534077
11918,54,0.17588107,0.00019534077
11919,54,0.15360117,0.00019534077
11920,54,0.17736050,0.00019533613
11921,54,0.15655674,0.00019533613
11922,54,0.18896350,0.00019533613
11923,54,0.16742334,0.00019533148
11924,54,0.13928887,0.00019533148
11925,54,0.16855215,0.00019533148
11926,54,0.14796354,0.00019532682
11927,54,0.15005296,0.00019532682
11928,54,0.16252504,0.00019532682
11929,54,0.13895620,0.00019532217
11930,54,0.15016437,0.00019532217
11931,54,0.13944322,0.00019532217
11932,54,0.12566039,0.00019531751
11933,54,0.14929853,0.00019531751
11934,54,0.13820583,0.00019531751
11935,54,0.14413683,0.00019531286
11936,54,0.12686965,0.00019531286
11937,54,0.14851658,0.00019531286
11938,54,0.20383482,0.0001953082
11939,54,0.15745559,0.0001953082
11940,54,0.18663192,0.0001953082
11941,54,0.14497030,0.00019530353
11942,54,0.12752539,0.00019530353
11943,54,0.17675933,0.00019530353
11944,54,0.15045142,0.00019529887
11945,54,0.16079307,0.00019529887
11946,54,0.16204852,0.00019529887
11947,54,0.12047957,0.0001952942
11948,54,0.17672567,0.0001952942
11949,54,0.15814039,0.0001952942
11950,54,0.16204883,0.00019528953
11951,54,0.12773478,0.00019528953
11952,54,0.15536009,0.00019528953
11953,54,0.18535885,0.00019528486
11954,54,0.15689996,0.00019528486
11955,54,0.17077371,0.00019528486
11956,54,0.17359051,0.00019528018
11957,54,0.14498970,0.00019528018
11958,54,0.14104557,0.00019528018
11959,54,0.16699395,0.00019527551
11960,54,0.17185670,0.00019527551
11961,54,0.14012596,0.00019527551
11962,54,0.17172436,0.00019527083
11963,54,0.15078394,0.00019527083
11964,54,0.13146764,0.00019527083
11965,54,0.17053676,0.00019526615
11966,54,0.16948681,0.00019526615
11967,54,0.14083828,0.00019526615
11968,54,0.12693682,0.00019526146
11969,54,0.14812478,0.00019526146
11970,54,0.12088537,0.00019526146
11971,54,0.13421820,0.00019525678
11972,54,0.14540508,0.00019525678
11973,54,0.17316996,0.00019525678
11974,54,0.18499336,0.00019525209
11975,54,0.18148533,0.00019525209
11976,54,0.18292978,0.00019525209
11977,54,0.12829094,0.0001952474
11978,54,0.18580155,0.0001952474
11979,54,0.18329057,0.0001952474
11980,54,0.17367081,0.00019524271
11981,54,0.15915446,0.00019524271
11982,54,0.15191482,0.00019524271
11983,54,0.14041388,0.00019523801
11984,54,0.13121174,0.00019523801
11985,54,0.16256164,0.00019523801
11986,54,0.13971850,0.00019523332
11987,54,0.12629203,0.00019523332
11988,54,0.16664490,0.00019523332
11989,54,0.12981811,0.00019522862
11990,54,0.14095385,0.00019522862
11991,54,0.16823402,0.00019522862
11992,54,0.14697215,0.00019522392
11993,54,0.18236509,0.00019522392
11994,54,0.13647527,0.00019522392
11995,54,0.18260185,0.00019521921
11996,54,0.16575032,0.00019521921
11997,54,0.16977334,0.00019521921
11998,54,0.17258552,0.00019521451
11999,54,0.17127803,0.00019521451
12000,54,0.13769612,0.00019521451
12001,54,0.13343638,0.0001952098
12002,54,0.13208222,0.0001952098
12003,54,0.12933517,0.0001952098
12004,54,0.14262241,0.00019520509
12005,54,0.14855938,0.00019520509
12006,54,0.18270312,0.00019520509
12007,54,0.15080971,0.00019520038
12008,54,0.15257111,0.00019520038
12009,54,0.16647130,0.00019520038
12010,54,0.16841982,0.00019519566
12011,54,0.17878076,0.00019519566
12012,54,0.18708450,0.00019519566
12013,54,0.14388835,0.00019519095
12014,54,0.22948276,0.00019519095
12015,54,0.15900770,0.00019519095
12016,54,0.12884009,0.00019518623
12017,54,0.16881983,0.00019518623
12018,54,0.13707414,0.00019518623
12019,54,0.14760900,0.0001951815
12020,54,0.15624599,0.0001951815
12021,54,0.17068104,0.0001951815
12022,54,0.13875918,0.00019517678
12023,54,0.15194601,0.00019517678
12024,54,0.11734609,0.00019517678
12025,54,0.15723461,0.00019517205
12026,54,0.17746948,0.00019517205
12027,54,0.12836725,0.00019517205
12028,54,0.13276082,0.00019516733
12029,54,0.14067756,0.00019516733
12030,54,0.12965266,0.00019516733
12031,54,0.13236004,0.0001951626
12032,54,0.21993761,0.0001951626
12033,54,0.15255117,0.0001951626
12034,54,0.16707878,0.00019515786
12035,54,0.16101353,0.00019515786
12036,54,0.14143139,0.00019515786
12037,54,0.16517054,0.00019515313
12038,54,0.18318358,0.00019515313
12039,54,0.16198814,0.00019515313
12040,54,0.18766913,0.00019514839
12041,54,0.16211478,0.00019514839
12042,54,0.15827647,0.00019514839
12043,54,0.17866330,0.00019514365
12044,54,0.17197844,0.00019514365
12045,54,0.14670160,0.00019514365
12046,54,0.15850720,0.00019513891
12047,54,0.16448748,0.00019513891
12048,54,0.13876991,0.00019513891
12049,54,0.17311892,0.00019513416
12050,54,0.17343955,0.00019513416
12051,54,0.17096817,0.00019513416
12052,54,0.12671933,0.00019512942
12053,54,0.13931848,0.00019512942
12054,54,0.13611642,0.00019512942
12055,54,0.12695260,0.00019512467
12056,54,0.17869794,0.00019512467
12057,54,0.15098557,0.00019512467
12058,54,0.18542659,0.00019511992
12059,54,0.15487418,0.00019511992
12060,54,0.12907530,0.00019511992
12061,54,0.12622683,0.00019511516
12062,54,0.14887264,0.00019511516
12063,54,0.12960567,0.00019511516
12064,54,0.17153218,0.00019511041
12065,54,0.16269147,0.00019511041
12066,54,0.14205921,0.00019511041
12067,54,0.16527376,0.00019510565
12068,54,0.14722423,0.00019510565
12069,54,0.15326434,0.00019510565
12070,54,0.18734382,0.00019510089
12071,54,0.12910813,0.00019510089
12072,54,0.17171490,0.00019510089
12073,54,0.18147862,0.00019509613
12074,54,0.14377341,0.00019509613
12075,54,0.16467386,0.00019509613
12076,54,0.12554018,0.00019509136
12077,54,0.16804986,0.00019509136
12078,54,0.15336093,0.00019509136
12079,54,0.19515011,0.0001950866
12080,54,0.14986908,0.0001950866
12081,54,0.20116252,0.0001950866
12082,54,0.14576009,0.00019508183
12083,54,0.15962163,0.00019508183
12084,54,0.14205419,0.00019508183
12085,54,0.14908779,0.00019507706
12086,54,0.14420292,0.00019507706
12087,54,0.15782489,0.00019507706
12088,54,0.14956896,0.00019507228
12089,54,0.17680550,0.00019507228
12090,54,0.16387403,0.00019507228
12091,54,0.15107304,0.00019506751
12092,54,0.13654402,0.00019506751
12093,54,0.16355839,0.00019506751
12094,54,0.17842869,0.00019506273
12095,54,0.16991374,0.00019506273
12096,54,0.15379301,0.00019505795
12097,55,0.13761103,0.00019505795
12098,55,0.14389127,0.00019505795
12099,55,0.14373158,0.00019505317
12100,55,0.16760318,0.00019505317
12101,55,0.14730641,0.00019505317
12102,55,0.16621312,0.00019504838
12103,55,0.16833675,0.00019504838
12104,55,0.16702549,0.00019504838
12105,55,0.13581817,0.0001950436
12106,55,0.13668628,0.0001950436
12107,55,0.16154879,0.0001950436
12108,55,0.14848046,0.00019503881
12109,55,0.13979362,0.00019503881
12110,55,0.15534544,0.00019503881
12111,55,0.15783361,0.00019503402
12112,55,0.15448485,0.00019503402
12113,55,0.17458168,0.00019503402
12114,55,0.14729846,0.00019502922
12115,55,0.11924994,0.00019502922
12116,55,0.14804769,0.00019502922
12117,55,0.14917740,0.00019502443
12118,55,0.15659802,0.00019502443
12119,55,0.14039750,0.00019502443
12120,55,0.14985400,0.00019501963
12121,55,0.16262494,0.00019501963
12122,55,0.14941490,0.00019501963
12123,55,0.16703522,0.00019501483
12124,55,0.18675554,0.00019501483
12125,55,0.15342474,0.00019501483
12126,55,0.15276766,0.00019501002
12127,55,0.15866841,0.00019501002
12128,55,0.14923213,0.00019501002
12129,55,0.14894496,0.00019500522
12130,55,0.15544447,0.00019500522
12131,55,0.18536739,0.00019500522
12132,55,0.14920120,0.00019500041
12133,55,0.14702560,0.00019500041
12134,55,0.16713670,0.00019500041
12135,55,0.14940473,0.0001949956
12136,55,0.15433602,0.0001949956
12137,55,0.15837523,0.0001949956
12138,55,0.14833139,0.00019499079
12139,55,0.14936931,0.00019499079
12140,55,0.15933995,0.00019499079
12141,55,0.14441133,0.00019498598
12142,55,0.14875156,0.00019498598
12143,55,0.18777673,0.00019498598
12144,55,0.16432276,0.00019498116
12145,55,0.15962458,0.00019498116
12146,55,0.16305807,0.00019498116
12147,55,0.14688727,0.00019497634
12148,55,0.16781811,0.00019497634
12149,55,0.18462096,0.00019497634
12150,55,0.17496173,0.00019497152
12151,55,0.13335660,0.00019497152
12152,55,0.13434909,0.00019497152
12153,55,0.15504804,0.0001949667
12154,55,0.20048718,0.0001949667
12155,55,0.13420580,0.0001949667
12156,55,0.13709599,0.00019496187
12157,55,0.18600690,0.00019496187
12158,55,0.13939799,0.00019496187
12159,55,0.17480604,0.00019495704
12160,55,0.19630305,0.00019495704
12161,55,0.18212888,0.00019495704
12162,55,0.17744762,0.00019495221
12163,55,0.17449638,0.00019495221
12164,55,0.16089892,0.00019495221
12165,55,0.16695897,0.00019494738
12166,55,0.16831180,0.00019494738
12167,55,0.16952960,0.00019494738
12168,55,0.17176732,0.00019494255
12169,55,0.15469538,0.00019494255
12170,55,0.15572134,0.00019494255
12171,55,0.17685680,0.00019493771
12172,55,0.14711007,0.00019493771
12173,55,0.14966080,0.00019493771
12174,55,0.14297390,0.00019493287
12175,55,0.15165669,0.00019493287
12176,55,0.19726986,0.00019493287
12177,55,0.13977966,0.00019492803
12178,55,0.19289437,0.00019492803
12179,55,0.19360857,0.00019492803
12180,55,0.16399732,0.00019492319
12181,55,0.15861350,0.00019492319
12182,55,0.17947936,0.00019492319
12183,55,0.16210142,0.00019491834
12184,55,0.12999469,0.00019491834
12185,55,0.16422841,0.00019491834
12186,55,0.14875773,0.00019491349
12187,55,0.16267002,0.00019491349
12188,55,0.18251424,0.00019491349
12189,55,0.13616207,0.00019490864
12190,55,0.14470874,0.00019490864
12191,55,0.13808584,0.00019490864
12192,55,0.17597143,0.00019490379
12193,55,0.16012000,0.00019490379
12194,55,0.15717657,0.00019490379
12195,55,0.17764917,0.00019489894
12196,55,0.14779769,0.00019489894
12197,55,0.15055548,0.00019489894
12198,55,0.16121906,0.00019489408
12199,55,0.14098841,0.00019489408
12200,55,0.14697796,0.00019489408
12201,55,0.13456902,0.00019488922
12202,55,0.16808210,0.00019488922
12203,55,0.16039169,0.00019488922
12204,55,0.16828477,0.00019488436
12205,55,0.16599642,0.00019488436
12206,55,0.17063087,0.00019488436
12207,55,0.19955757,0.0001948795
12208,55,0.15555230,0.0001948795
12209,55,0.13024253,0.0001948795
12210,55,0.13846380,0.00019487463
12211,55,0.14095914,0.00019487463
12212,55,0.19038427,0.00019487463
12213,55,0.18891858,0.00019486976
12214,55,0.12989114,0.00019486976
12215,55,0.14164376,0.00019486976
12216,55,0.15916426,0.00019486489
12217,55,0.15628509,0.00019486489
12218,55,0.11955804,0.00019486489
12219,55,0.18411611,0.00019486002
12220,55,0.15976694,0.00019486002
12221,55,0.16767237,0.00019486002
12222,55,0.15467298,0.00019485514
12223,55,0.15434098,0.00019485514
12224,55,0.15586588,0.00019485514
12225,55,0.12832701,0.00019485027
12226,55,0.13641542,0.00019485027
12227,55,0.13414058,0.00019485027
12228,55,0.18455242,0.00019484539
12229,55,0.13356963,0.00019484539
12230,55,0.15986893,0.00019484539
12231,55,0.14756933,0.00019484051
12232,55,0.15145063,0.00019484051
12233,55,0.12402348,0.00019484051
12234,55,0.15724868,0.00019483562
12235,55,0.12768075,0.00019483562
12236,55,0.16648470,0.00019483562
12237,55,0.17306583,0.00019483074
12238,55,0.13314265,0.00019483074
12239,55,0.13186358,0.00019483074
12240,55,0.14479242,0.00019482585
12241,55,0.13775796,0.00019482585
12242,55,0.14641087,0.00019482585
12243,55,0.13961469,0.00019482096
12244,55,0.13605002,0.00019482096
12245,55,0.14858916,0.00019482096
12246,55,0.14845613,0.00019481606
12247,55,0.14458996,0.00019481606
12248,55,0.16441402,0.00019481606
12249,55,0.17327830,0.00019481117
12250,55,0.12548691,0.00019481117
12251,55,0.14805354,0.00019481117
12252,55,0.15666464,0.00019480627
12253,55,0.15095519,0.00019480627
12254,55,0.16517538,0.00019480627
12255,55,0.13913344,0.00019480137
12256,55,0.17983393,0.00019480137
12257,55,0.16758722,0.00019480137
12258,55,0.20092523,0.00019479647
12259,55,0.15832476,0.00019479647
12260,55,0.17273581,0.00019479647
12261,55,0.18787923,0.00019479157
12262,55,0.15529537,0.00019479157
12263,55,0.15040058,0.00019479157
12264,55,0.14145237,0.00019478666
12265,55,0.16941731,0.00019478666
12266,55,0.14628203,0.00019478666
12267,55,0.18813336,0.00019478175
12268,55,0.13374618,0.00019478175
12269,55,0.16313601,0.00019478175
12270,55,0.17023632,0.00019477684
12271,55,0.16604717,0.00019477684
12272,55,0.14216992,0.00019477684
12273,55,0.15205395,0.00019477193
12274,55,0.18383543,0.00019477193
12275,55,0.20026176,0.00019477193
12276,55,0.14969820,0.00019476701
12277,55,0.15581194,0.00019476701
12278,55,0.16659656,0.00019476701
12279,55,0.14818424,0.0001947621
12280,55,0.12009148,0.0001947621
12281,55,0.16601549,0.0001947621
12282,55,0.15304554,0.00019475718
12283,55,0.19068764,0.00019475718
12284,55,0.16360065,0.00019475718
12285,55,0.14121798,0.00019475225
12286,55,0.13444120,0.00019475225
12287,55,0.17030548,0.00019475225
12288,55,0.14343812,0.00019474733
12289,55,0.13965118,0.00019474733
12290,55,0.13700011,0.00019474733
12291,55,0.15091160,0.0001947424
12292,55,0.13994330,0.0001947424
12293,55,0.13818447,0.0001947424
12294,55,0.16528705,0.00019473747
12295,55,0.13387154,0.00019473747
12296,55,0.14464769,0.00019473747
12297,55,0.15221360,0.00019473254
12298,55,0.16521704,0.00019473254
12299,55,0.14396064,0.00019473254
12300,55,0.16709857,0.00019472761
12301,55,0.13238750,0.00019472761
12302,55,0.17925704,0.00019472761
12303,55,0.14761075,0.00019472267
12304,55,0.16812369,0.00019472267
12305,55,0.16594976,0.00019472267
12306,55,0.15647978,0.00019471774
12307,55,0.15411828,0.00019471774
12308,55,0.14430235,0.00019471774
12309,55,0.15675369,0.0001947128
12310,55,0.16792932,0.0001947128
12311,55,0.17390965,0.0001947128
12312,55,0.14214139,0.00019470785
12313,55,0.17151543,0.00019470785
12314,55,0.17473952,0.00019470785
12315,55,0.13483192,0.00019470291
12316,55,0.15970790,0.00019470291
12317,55,0.16081493,0.00019470291
12318,55,0.17354445,0.00019469796
12319,55,0.15432474,0.00019469796
12320,55,0.18994972,0.00019469301
12321,56,0.16892907,0.00019469301
12322,56,0.15555269,0.00019469301
12323,56,0.14638935,0.00019468806
12324,56,0.17476307,0.00019468806
12325,56,0.17111981,0.00019468806
12326,56,0.16589978,0.00019468311
12327,56,0.12808152,0.00019468311
12328,56,0.12001168,0.00019468311
12329,56,0.16640525,0.00019467815
12330,56,0.14341825,0.00019467815
12331,56,0.13543308,0.00019467815
12332,56,0.13616772,0.00019467319
12333,56,0.16633260,0.00019467319
12334,56,0.12023579,0.00019467319
12335,56,0.13751259,0.00019466823
12336,56,0.15674081,0.00019466823
12337,56,0.16276766,0.00019466823
12338,56,0.17461082,0.00019466327
12339,56,0.14774509,0.00019466327
12340,56,0.12600310,0.00019466327
12341,56,0.15249918,0.00019465831
12342,56,0.14119308,0.00019465831
12343,56,0.16640238,0.00019465831
12344,56,0.15622199,0.00019465334
12345,56,0.14719990,0.00019465334
12346,56,0.11119835,0.00019465334
12347,56,0.16122244,0.00019464837
12348,56,0.14730549,0.00019464837
12349,56,0.14945492,0.00019464837
12350,56,0.12680450,0.0001946434
12351,56,0.15212166,0.0001946434
12352,56,0.17143679,0.0001946434
12353,56,0.18385065,0.00019463843
12354,56,0.13665748,0.00019463843
12355,56,0.16414526,0.00019463843
12356,56,0.13945936,0.00019463345
12357,56,0.14256082,0.00019463345
12358,56,0.15532652,0.00019463345
12359,56,0.16738111,0.00019462847
12360,56,0.13712490,0.00019462847
12361,56,0.17846438,0.00019462847
12362,56,0.18019783,0.00019462349
12363,56,0.13377665,0.00019462349
12364,56,0.14431065,0.00019462349
12365,56,0.14848052,0.00019461851
12366,56,0.12265556,0.00019461851
12367,56,0.15632963,0.00019461851
12368,56,0.17605941,0.00019461352
12369,56,0.14225662,0.00019461352
12370,56,0.14044859,0.00019461352
12371,56,0.17812154,0.00019460854
12372,56,0.17912474,0.00019460854
12373,56,0.16948009,0.00019460854
12374,56,0.16336715,0.00019460355
12375,56,0.15160298,0.00019460355
12376,56,0.17190342,0.00019460355
12377,56,0.12852387,0.00019459855
12378,56,0.15476689,0.00019459855
12379,56,0.14864311,0.00019459855
12380,56,0.13526210,0.00019459356
12381,56,0.18127260,0.00019459356
12382,56,0.15041466,0.00019459356
12383,56,0.15626030,0.00019458856
12384,56,0.16623574,0.00019458856
12385,56,0.15002102,0.00019458856
12386,56,0.14071925,0.00019458357
12387,56,0.16880612,0.00019458357
12388,56,0.16454287,0.00019458357
12389,56,0.14871323,0.00019457857
12390,56,0.14395767,0.00019457857
12391,56,0.17200536,0.00019457857
12392,56,0.14016198,0.00019457356
12393,56,0.16796891,0.00019457356
12394,56,0.15533596,0.00019457356
12395,56,0.12573525,0.00019456856
12396,56,0.14488617,0.00019456856
12397,56,0.16497569,0.00019456856
12398,56,0.18752405,0.00019456355
12399,56,0.14067297,0.00019456355
12400,56,0.14006224,0.00019456355
12401,56,0.16942108,0.00019455854
12402,56,0.14383322,0.00019455854
12403,56,0.17456113,0.00019455854
12404,56,0.14189443,0.00019455353
12405,56,0.14590797,0.00019455353
12406,56,0.13800511,0.00019455353
12407,56,0.13877043,0.00019454851
12408,56,0.16670702,0.00019454851
12409,56,0.15606922,0.00019454851
12410,56,0.17914961,0.0001945435
12411,56,0.18770087,0.0001945435
12412,56,0.14546131,0.0001945435
12413,56,0.14157569,0.00019453848
12414,56,0.12908024,0.00019453848
12415,56,0.15477775,0.00019453848
12416,56,0.17187655,0.00019453346
12417,56,0.15753213,0.00019453346
12418,56,0.13766348,0.00019453346
12419,56,0.13953097,0.00019452844
12420,56,0.14743355,0.00019452844
12421,56,0.14966594,0.00019452844
12422,56,0.14472193,0.00019452341
12423,56,0.15066187,0.00019452341
12424,56,0.14211521,0.00019452341
12425,56,0.14447230,0.00019451838
12426,56,0.16709349,0.00019451838
12427,56,0.16624661,0.00019451838
12428,56,0.14166856,0.00019451335
12429,56,0.13346231,0.00019451335
12430,56,0.16907918,0.00019451335
12431,56,0.16613612,0.00019450832
12432,56,0.21182752,0.00019450832
12433,56,0.10402828,0.00019450832
12434,56,0.14068353,0.00019450329
12435,56,0.14710981,0.00019450329
12436,56,0.16846195,0.00019450329
12437,56,0.16111210,0.00019449825
12438,56,0.14364803,0.00019449825
12439,56,0.16112623,0.00019449825
12440,56,0.14027472,0.00019449321
12441,56,0.14819151,0.00019449321
12442,56,0.15539101,0.00019449321
12443,56,0.13302878,0.00019448817
12444,56,0.15596038,0.00019448817
12445,56,0.16815543,0.00019448817
12446,56,0.17559838,0.00019448313
12447,56,0.15501639,0.00019448313
12448,56,0.15868670,0.00019448313
12449,56,0.13682947,0.00019447808
12450,56,0.14060348,0.00019447808
12451,56,0.15986171,0.00019447808
12452,56,0.15135126,0.00019447303
12453,56,0.14126948,0.00019447303
12454,56,0.15319997,0.00019447303
12455,56,0.15284564,0.00019446798
12456,56,0.17657095,0.00019446798
12457,56,0.15187281,0.00019446798
12458,56,0.16891411,0.00019446293
12459,56,0.11365904,0.00019446293
12460,56,0.12894383,0.00019446293
12461,56,0.15980747,0.00019445788
12462,56,0.16267030,0.00019445788
12463,56,0.14375740,0.00019445788
12464,56,0.15244202,0.00019445282
12465,56,0.15968034,0.00019445282
12466,56,0.14048742,0.00019445282
12467,56,0.17371218,0.00019444776
12468,56,0.17145894,0.00019444776
12469,56,0.13340679,0.00019444776
12470,56,0.13559264,0.0001944427
12471,56,0.16768217,0.0001944427
12472,56,0.14631033,0.0001944427
12473,56,0.16587618,0.00019443764
12474,56,0.14428930,0.00019443764
12475,56,0.17461839,0.00019443764
12476,56,0.18459439,0.00019443257
12477,56,0.15543167,0.00019443257
12478,56,0.18779302,0.00019443257
12479,56,0.15755014,0.0001944275
12480,56,0.16261795,0.0001944275
12481,56,0.14107355,0.0001944275
12482,56,0.17053616,0.00019442243
12483,56,0.13506749,0.00019442243
12484,56,0.13623445,0.00019442243
12485,56,0.14008401,0.00019441736
12486,56,0.16771221,0.00019441736
12487,56,0.15153436,0.00019441736
12488,56,0.14760193,0.00019441229
12489,56,0.19600645,0.00019441229
12490,56,0.16853198,0.00019441229
12491,56,0.17239559,0.00019440721
12492,56,0.14504623,0.00019440721
12493,56,0.14515361,0.00019440721
12494,56,0.15338691,0.00019440213
12495,56,0.13190725,0.00019440213
12496,56,0.14188021,0.00019440213
12497,56,0.14365153,0.00019439705
12498,56,0.14979070,0.00019439705
12499,56,0.15556400,0.00019439705
12500,56,0.16532294,0.00019439197
12501,56,0.14670655,0.00019439197
12502,56,0.20128709,0.00019439197
12503,56,0.16258648,0.00019438688
12504,56,0.15994734,0.00019438688
12505,56,0.15679497,0.00019438688
12506,56,0.16936180,0.00019438179
12507,56,0.15380742,0.00019438179
12508,56,0.15212402,0.00019438179
12509,56,0.15937741,0.0001943767
12510,56,0.16617495,0.0001943767
12511,56,0.14236814,0.0001943767
12512,56,0.13897769,0.00019437161
12513,56,0.16246305,0.00019437161
12514,56,0.12989186,0.00019437161
12515,56,0.12691271,0.00019436651
12516,56,0.14576735,0.00019436651
12517,56,0.16032711,0.00019436651
12518,56,0.13751975,0.00019436142
12519,56,0.16091540,0.00019436142
12520,56,0.14534356,0.00019436142
12521,56,0.16907343,0.00019435632
12522,56,0.15108040,0.00019435632
12523,56,0.17469023,0.00019435632
12524,56,0.15811455,0.00019435122
12525,56,0.15142384,0.00019435122
12526,56,0.14255884,0.00019435122
12527,56,0.15539791,0.00019434611
12528,56,0.16025195,0.00019434611
12529,56,0.14275056,0.00019434611
12530,56,0.16597633,0.00019434101
12531,56,0.16636203,0.00019434101
12532,56,0.15790594,0.00019434101
12533,56,0.14893423,0.0001943359
12534,56,0.15969196,0.0001943359
12535,56,0.15876979,0.0001943359
12536,56,0.14629242,0.00019433079
12537,56,0.17020011,0.00019433079
12538,56,0.13613939,0.00019433079
12539,56,0.16088384,0.00019432568
12540,56,0.14794376,0.00019432568
12541,56,0.15669447,0.00019432568
12542,56,0.23661999,0.00019432056
12543,56,0.12977675,0.00019432056
12544,56,0.15346438,0.00019431544
12545,57,0.15909633,0.00019431544
12546,57,0.14039379,0.00019431544
12547,57,0.19344227,0.00019431032
12548,57,0.15085261,0.00019431032
12549,57,0.13275611,0.00019431032
12550,57,0.15449743,0.0001943052
12551,57,0.13148493,0.0001943052
12552,57,0.15264630,0.0001943052
12553,57,0.15804607,0.00019430008
12554,57,0.14620835,0.00019430008
12555,57,0.18617028,0.00019430008
12556,57,0.16909878,0.00019429495
12557,57,0.14506567,0.00019429495
12558,57,0.13483454,0.00019429495
12559,57,0.12704265,0.00019428982
12560,57,0.14811856,0.00019428982
12561,57,0.14264940,0.00019428982
12562,57,0.17463741,0.00019428469
12563,57,0.16569792,0.00019428469
12564,57,0.16448221,0.00019428469
12565,57,0.19210917,0.00019427956
12566,57,0.15363435,0.00019427956
12567,57,0.14099872,0.00019427956
12568,57,0.19670229,0.00019427443
12569,57,0.19606614,0.00019427443
12570,57,0.14753568,0.00019427443
12571,57,0.14939527,0.00019426929
12572,57,0.15066028,0.00019426929
12573,57,0.15057229,0.00019426929
12574,57,0.15032969,0.00019426415
12575,57,0.17338751,0.00019426415
12576,57,0.16440457,0.00019426415
12577,57,0.13020903,0.00019425901
12578,57,0.19345111,0.00019425901
12579,57,0.15165523,0.00019425901
12580,57,0.14644903,0.00019425386
12581,57,0.16396758,0.00019425386
12582,57,0.13136509,0.00019425386
12583,57,0.14508788,0.00019424872
12584,57,0.18583928,0.00019424872
12585,57,0.13296853,0.00019424872
12586,57,0.12620550,0.00019424357
12587,57,0.19947928,0.00019424357
12588,57,0.17854628,0.00019424357
12589,57,0.15982978,0.00019423842
12590,57,0.18434815,0.00019423842
12591,57,0.15670045,0.00019423842
12592,57,0.15345746,0.00019423327
12593,57,0.16915528,0.00019423327
12594,57,0.12924138,0.00019423327
12595,57,0.16556565,0.00019422811
12596,57,0.11955813,0.00019422811
12597,57,0.16873148,0.00019422811
12598,57,0.14860070,0.00019422295
12599,57,0.16056389,0.00019422295
12600,57,0.15188801,0.00019422295
12601,57,0.17037725,0.00019421779
12602,57,0.17742506,0.00019421779
12603,57,0.15804759,0.00019421779
12604,57,0.15210500,0.00019421263
12605,57,0.14716733,0.00019421263
12606,57,0.15057562,0.00019421263
12607,57,0.18158501,0.00019420747
12608,57,0.15154135,0.00019420747
12609,57,0.12191527,0.00019420747
12610,57,0.16724893,0.0001942023
12611,57,0.20061946,0.0001942023
12612,57,0.17473082,0.0001942023
12613,57,0.13910744,0.00019419713
12614,57,0.18553016,0.00019419713
12615,57,0.15518966,0.00019419713
12616,57,0.17029151,0.00019419196
12617,57,0.19061974,0.00019419196
12618,57,0.15600815,0.00019419196
12619,57,0.15074748,0.00019418679
12620,57,0.16350091,0.00019418679
12621,57,0.15196471,0.00019418679
12622,57,0.14517829,0.00019418161
12623,57,0.14234573,0.00019418161
12624,57,0.16060704,0.00019418161
12625,57,0.12557180,0.00019417644
12626,57,0.17616406,0.00019417644
12627,57,0.13986313,0.00019417644
12628,57,0.13555130,0.00019417126
12629,57,0.13245527,0.00019417126
12630,57,0.15392596,0.00019417126
12631,57,0.15849690,0.00019416607
12632,57,0.13294190,0.00019416607
12633,57,0.12969176,0.00019416607
12634,57,0.19377391,0.00019416089
12635,57,0.15792412,0.00019416089
12636,57,0.17419559,0.00019416089
12637,57,0.12336279,0.0001941557
12638,57,0.18040925,0.0001941557
12639,57,0.20009372,0.0001941557
12640,57,0.16034590,0.00019415051
12641,57,0.15649933,0.00019415051
12642,57,0.16631581,0.00019415051
12643,57,0.17493483,0.00019414532
12644,57,0.14900926,0.00019414532
12645,57,0.15580711,0.00019414532
12646,57,0.16291766,0.00019414013
12647,57,0.18901062,0.00019414013
12648,57,0.18082619,0.00019414013
12649,57,0.16323505,0.00019413494
12650,57,0.14715102,0.00019413494
12651,57,0.17367947,0.00019413494
12652,57,0.16959953,0.00019412974
12653,57,0.16299757,0.00019412974
12654,57,0.15256496,0.00019412974
12655,57,0.17427179,0.00019412454
12656,57,0.18190339,0.00019412454
12657,57,0.16419938,0.00019412454
12658,57,0.15604609,0.00019411934
12659,57,0.17073220,0.00019411934
12660,57,0.15896384,0.00019411934
12661,57,0.18461642,0.00019411413
12662,57,0.15060142,0.00019411413
12663,57,0.11576968,0.00019411413
12664,57,0.15203457,0.00019410893
12665,57,0.14724383,0.00019410893
12666,57,0.14466158,0.00019410893
12667,57,0.15003984,0.00019410372
12668,57,0.14521179,0.00019410372
12669,57,0.13856751,0.00019410372
12670,57,0.13359316,0.00019409851
12671,57,0.14973670,0.00019409851
12672,57,0.13544598,0.00019409851
12673,57,0.17689900,0.00019409329
12674,57,0.18862009,0.00019409329
12675,57,0.14538705,0.00019409329
12676,57,0.17228638,0.00019408808
12677,57,0.17567965,0.00019408808
12678,57,0.16665150,0.00019408808
12679,57,0.20267408,0.00019408286
12680,57,0.14880431,0.00019408286
12681,57,0.15181360,0.00019408286
12682,57,0.14247721,0.00019407764
12683,57,0.17237982,0.00019407764
12684,57,0.13388959,0.00019407764
12685,57,0.13763748,0.00019407242
12686,57,0.18639180,0.00019407242
12687,57,0.13868126,0.00019407242
12688,57,0.15288919,0.00019406719
12689,57,0.15820633,0.00019406719
12690,57,0.13369757,0.00019406719
12691,57,0.17444609,0.00019406197
12692,57,0.18048827,0.00019406197
12693,57,0.16573554,0.00019406197
12694,57,0.16225760,0.00019405674
12695,57,0.17138855,0.00019405674
12696,57,0.15082063,0.00019405674
12697,57,0.14335848,0.00019405151
12698,57,0.16392303,0.00019405151
12699,57,0.14378542,0.00019405151
12700,57,0.15559907,0.00019404627
12701,57,0.14259893,0.00019404627
12702,57,0.15786606,0.00019404627
12703,57,0.14174220,0.00019404104
12704,57,0.13796352,0.00019404104
12705,57,0.17384565,0.00019404104
12706,57,0.15348560,0.0001940358
12707,57,0.16273999,0.0001940358
12708,57,0.15005589,0.0001940358
12709,57,0.16043440,0.00019403056
12710,57,0.17663619,0.00019403056
12711,57,0.13750409,0.00019403056
12712,57,0.15929237,0.00019402532
12713,57,0.13733131,0.00019402532
12714,57,0.15625784,0.00019402532
12715,57,0.15467395,0.00019402007
12716,57,0.16528352,0.00019402007
12717,57,0.11683178,0.00019402007
12718,57,0.12916625,0.00019401483
12719,57,0.12180968,0.00019401483
12720,57,0.15001999,0.00019401483
12721,57,0.17662767,0.00019400958
12722,57,0.15882255,0.00019400958
12723,57,0.14405477,0.00019400958
12724,57,0.14068490,0.00019400433
12725,57,0.15556592,0.00019400433
12726,57,0.14365059,0.00019400433
12727,57,0.12367287,0.00019399907
12728,57,0.14655554,0.00019399907
12729,57,0.14468086,0.00019399907
12730,57,0.18432049,0.00019399382
12731,57,0.14013055,0.00019399382
12732,57,0.16895835,0.00019399382
12733,57,0.14060187,0.00019398856
12734,57,0.11867249,0.00019398856
12735,57,0.15008944,0.00019398856
12736,57,0.13742033,0.0001939833
12737,57,0.16003576,0.0001939833
12738,57,0.14211598,0.0001939833
12739,57,0.13695931,0.00019397804
12740,57,0.14779055,0.00019397804
12741,57,0.15095055,0.00019397804
12742,57,0.16356385,0.00019397277
12743,57,0.15537834,0.00019397277
12744,57,0.17436147,0.00019397277
12745,57,0.13747177,0.00019396751
12746,57,0.13664895,0.00019396751
12747,57,0.12437314,0.00019396751
12748,57,0.16550712,0.00019396224
12749,57,0.14382258,0.00019396224
12750,57,0.16993675,0.00019396224
12751,57,0.13559934,0.00019395697
12752,57,0.14650959,0.00019395697
12753,57,0.17065060,0.00019395697
12754,57,0.13831943,0.00019395169
12755,57,0.15165240,0.00019395169
12756,57,0.15613154,0.00019395169
12757,57,0.19013548,0.00019394642
12758,57,0.15613490,0.00019394642
12759,57,0.18619886,0.00019394642
12760,57,0.13622196,0.00019394114
12761,57,0.14381550,0.00019394114
12762,57,0.18854062,0.00019394114
12763,57,0.16939810,0.00019393586
12764,57,0.14368340,0.00019393586
12765,57,0.15510032,0.00019393586
12766,57,0.13301961,0.00019393058
12767,57,0.14719723,0.00019393058
12768,57,0.16047488,0.00019392529
12769,58,0.13094224,0.00019392529
12770,58,0.13806087,0.00019392529
12771,58,0.13603795,0.00019392001
12772,58,0.15588728,0.00019392001
12773,58,0.15519886,0.00019392001
12774,58,0.15809473,0.00019391472
12775,58,0.16445839,0.00019391472
12776,58,0.14066511,0.00019391472
12777,58,0.17862666,0.00019390943
12778,58,0.12641785,0.00019390943
12779,58,0.15611945,0.00019390943
12780,58,0.18638687,0.00019390413
12781,58,0.15554032,0.00019390413
12782,58,0.15747365,0.00019390413
12783,58,0.15445837,0.00019389884
12784,58,0.13999736,0.00019389884
12785,58,0.16700242,0.00019389884
12786,58,0.12360810,0.00019389354
12787,58,0.15380141,0.00019389354
12788,58,0.15105459,0.00019389354
12789,58,0.13491324,0.00019388824
12790,58,0.13864940,0.00019388824
12791,58,0.14673311,0.00019388824
12792,58,0.14280665,0.00019388294
12793,58,0.14825794,0.00019388294
12794,58,0.17631546,0.00019388294
12795,58,0.13209176,0.00019387763
12796,58,0.18182194,0.00019387763
12797,58,0.13956703,0.00019387763
12798,58,0.18691707,0.00019387232
12799,58,0.14075075,0.00019387232
12800,58,0.16005322,0.00019387232
12801,58,0.16781704,0.00019386702
12802,58,0.15346818,0.00019386702
12803,58,0.14420711,0.00019386702
12804,58,0.16248925,0.0001938617
12805,58,0.17251885,0.0001938617
12806,58,0.15320233,0.0001938617
12807,58,0.17820644,0.00019385639
12808,58,0.13872349,0.00019385639
12809,58,0.13150077,0.00019385639
12810,58,0.14907894,0.00019385107
12811,58,0.15068197,0.00019385107
12812,58,0.15249962,0.00019385107
12813,58,0.17190051,0.00019384576
12814,58,0.15767524,0.00019384576
12815,58,0.13686930,0.00019384576
12816,58,0.12674962,0.00019384044
12817,58,0.18399888,0.00019384044
12818,58,0.14296095,0.00019384044
12819,58,0.16898033,0.00019383511
12820,58,0.15737644,0.00019383511
12821,58,0.14967555,0.00019383511
12822,58,0.16243094,0.00019382979
12823,58,0.14407054,0.00019382979
12824,58,0.14983146,0.00019382979
12825,58,0.16083932,0.00019382446
12826,58,0.15998700,0.00019382446
12827,58,0.17899796,0.00019382446
12828,58,0.14150803,0.00019381913
12829,58,0.18220821,0.00019381913
12830,58,0.16878669,0.00019381913
12831,58,0.13544269,0.0001938138
12832,58,0.16117950,0.0001938138
12833,58,0.14458019,0.0001938138
12834,58,0.16529521,0.00019380847
12835,58,0.18841851,0.00019380847
12836,58,0.17575642,0.00019380847
12837,58,0.17038959,0.00019380313
12838,58,0.16631588,0.00019380313
12839,58,0.14252460,0.00019380313
12840,58,0.16028124,0.0001937978
12841,58,0.16062436,0.0001937978
12842,58,0.14123365,0.0001937978
12843,58,0.15860721,0.00019379245
12844,58,0.16448978,0.00019379245
12845,58,0.18639597,0.00019379245
12846,58,0.17004979,0.00019378711
12847,58,0.14238350,0.00019378711
12848,58,0.13829508,0.00019378711
12849,58,0.17275408,0.00019378177
12850,58,0.16453460,0.00019378177
12851,58,0.16117015,0.00019378177
12852,58,0.16113359,0.00019377642
12853,58,0.14018874,0.00019377642
12854,58,0.16424105,0.00019377642
12855,58,0.15704452,0.00019377107
12856,58,0.18633434,0.00019377107
12857,58,0.14673306,0.00019377107
12858,58,0.15168217,0.00019376572
12859,58,0.16706184,0.00019376572
12860,58,0.17348754,0.00019376572
12861,58,0.12877917,0.00019376037
12862,58,0.13035010,0.00019376037
12863,58,0.16122703,0.00019376037
12864,58,0.14277509,0.00019375501
12865,58,0.15359889,0.00019375501
12866,58,0.17110579,0.00019375501
12867,58,0.14945957,0.00019374965
12868,58,0.14554091,0.00019374965
12869,58,0.12461935,0.00019374965
12870,58,0.15839651,0.00019374429
12871,58,0.15255670,0.00019374429
12872,58,0.15611306,0.00019374429
12873,58,0.15830052,0.00019373893
12874,58,0.14940803,0.00019373893
12875,58,0.14597096,0.00019373893
12876,58,0.15658230,0.00019373357
12877,58,0.14261898,0.00019373357
12878,58,0.18640654,0.00019373357
12879,58,0.13428669,0.0001937282
12880,58,0.15965225,0.0001937282
12881,58,0.17260174,0.0001937282
12882,58,0.15192679,0.00019372283
12883,58,0.15454042,0.00019372283
12884,58,0.14848161,0.00019372283
12885,58,0.16774246,0.00019371746
12886,58,0.18850654,0.00019371746
12887,58,0.15727994,0.00019371746
12888,58,0.14587949,0.00019371208
12889,58,0.12831742,0.00019371208
12890,58,0.14705187,0.00019371208
12891,58,0.15188611,0.00019370671
12892,58,0.18724208,0.00019370671
12893,58,0.17037424,0.00019370671
12894,58,0.17243007,0.00019370133
12895,58,0.16104661,0.00019370133
12896,58,0.14368826,0.00019370133
12897,58,0.16399288,0.00019369595
12898,58,0.15777533,0.00019369595
12899,58,0.19074723,0.00019369595
12900,58,0.18996935,0.00019369057
12901,58,0.14961790,0.00019369057
12902,58,0.15869565,0.00019369057
12903,58,0.14334667,0.00019368518
12904,58,0.16653985,0.00019368518
12905,58,0.15157068,0.00019368518
12906,58,0.18072313,0.0001936798
12907,58,0.17717320,0.0001936798
12908,58,0.15056185,0.0001936798
12909,58,0.15862177,0.00019367441
12910,58,0.12981850,0.00019367441
12911,58,0.22430062,0.00019367441
12912,58,0.17036721,0.00019366902
12913,58,0.16511253,0.00019366902
12914,58,0.13556331,0.00019366902
12915,58,0.17285457,0.00019366362
12916,58,0.15274467,0.00019366362
12917,58,0.17215066,0.00019366362
12918,58,0.15533169,0.00019365823
12919,58,0.12680686,0.00019365823
12920,58,0.17235884,0.00019365823
12921,58,0.16914430,0.00019365283
12922,58,0.16638696,0.00019365283
12923,58,0.17183714,0.00019365283
12924,58,0.15156227,0.00019364743
12925,58,0.16116649,0.00019364743
12926,58,0.13925719,0.00019364743
12927,58,0.18239188,0.00019364203
12928,58,0.15631086,0.00019364203
12929,58,0.14880891,0.00019364203
12930,58,0.13622189,0.00019363662
12931,58,0.15710598,0.00019363662
12932,58,0.15523782,0.00019363662
12933,58,0.15444386,0.00019363122
12934,58,0.15504287,0.00019363122
12935,58,0.16217652,0.00019363122
12936,58,0.21378826,0.00019362581
12937,58,0.15456316,0.00019362581
12938,58,0.16444701,0.00019362581
12939,58,0.16302814,0.00019362039
12940,58,0.17704129,0.00019362039
12941,58,0.17028499,0.00019362039
12942,58,0.20569697,0.00019361498
12943,58,0.15193087,0.00019361498
12944,58,0.18549216,0.00019361498
12945,58,0.18608460,0.00019360957
12946,58,0.15451586,0.00019360957
12947,58,0.16517502,0.00019360957
12948,58,0.14908153,0.00019360415
12949,58,0.12480905,0.00019360415
12950,58,0.15285480,0.00019360415
12951,58,0.15624043,0.00019359873
12952,58,0.15332370,0.00019359873
12953,58,0.16505536,0.00019359873
12954,58,0.16923468,0.0001935933
12955,58,0.11633620,0.0001935933
12956,58,0.16569820,0.0001935933
12957,58,0.19909029,0.00019358788
12958,58,0.17094401,0.00019358788
12959,58,0.15130287,0.00019358788
12960,58,0.16193360,0.00019358245
12961,58,0.20121317,0.00019358245
12962,58,0.15414189,0.00019358245
12963,58,0.18484655,0.00019357702
12964,58,0.13804761,0.00019357702
12965,58,0.17435500,0.00019357702
12966,58,0.18705505,0.00019357159
12967,58,0.13203272,0.00019357159
12968,58,0.17146799,0.00019357159
12969,58,0.14160267,0.00019356616
12970,58,0.16562593,0.00019356616
12971,58,0.16211525,0.00019356616
12972,58,0.15856507,0.00019356072
12973,58,0.14262033,0.00019356072
12974,58,0.16922256,0.00019356072
12975,58,0.15026973,0.00019355529
12976,58,0.16067573,0.00019355529
12977,58,0.15975541,0.00019355529
12978,58,0.16549364,0.00019354985
12979,58,0.14307931,0.00019354985
12980,58,0.13685867,0.00019354985
12981,58,0.15554917,0.0001935444
12982,58,0.16648549,0.0001935444
12983,58,0.16416720,0.0001935444
12984,58,0.15729234,0.00019353896
12985,58,0.17459947,0.00019353896
12986,58,0.13638352,0.00019353896
12987,58,0.17550516,0.00019353351
12988,58,0.15690121,0.00019353351
12989,58,0.14489684,0.00019353351
12990,58,0.16434805,0.00019352806
12991,58,0.18715987,0.00019352806
12992,58,0.15564132,0.00019352261
12993,59,0.12858187,0.00019352261
12994,59,0.13478187,0.00019352261
12995,59,0.14070204,0.00019351716
12996,59,0.13605121,0.00019351716
12997,59,0.14430992,0.00019351716
12998,59,0.14754274,0.0001935117
12999,59,0.16844270,0.0001935117
13000,59,0.15358011,0.0001935117
13001,59,0.15563548,0.00019350624
13002,59,0.15121961,0.00019350624
13003,59,0.15757048,0.00019350624
13004,59,0.18359497,0.00019350078
13005,59,0.17812869,0.00019350078
13006,59,0.13621870,0.00019350078
13007,59,0.15764192,0.00019349532
13008,59,0.14342307,0.00019349532
13009,59,0.16799234,0.00019349532
13010,59,0.13862123,0.00019348986
13011,59,0.15441585,0.00019348986
13012,59,0.17397749,0.00019348986
13013,59,0.15322161,0.00019348439
13014,59,0.14183325,0.00019348439
13015,59,0.14928365,0.00019348439
13016,59,0.14248751,0.00019347892
13017,59,0.13313934,0.00019347892
13018,59,0.14532638,0.00019347892
13019,59,0.15159659,0.00019347345
13020,59,0.17869404,0.00019347345
13021,59,0.14648102,0.00019347345
13022,59,0.14161623,0.00019346798
13023,59,0.17549661,0.00019346798
13024,59,0.15770541,0.00019346798
13025,59,0.16073373,0.0001934625
13026,59,0.14159541,0.0001934625
13027,59,0.12442636,0.0001934625
13028,59,0.12901515,0.00019345702
13029,59,0.13204286,0.00019345702
13030,59,0.13130164,0.00019345702
13031,59,0.19256508,0.00019345154
13032,59,0.16843832,0.00019345154
13033,59,0.13473144,0.00019345154
13034,59,0.16115433,0.00019344606
13035,59,0.17234930,0.00019344606
13036,59,0.18555316,0.00019344606
13037,59,0.15061796,0.00019344058
13038,59,0.14732563,0.00019344058
13039,59,0.15574153,0.00019344058
13040,59,0.14630224,0.00019343509
13041,59,0.18326955,0.00019343509
13042,59,0.12116861,0.00019343509
13043,59,0.13856687,0.0001934296
13044,59,0.14221834,0.0001934296
13045,59,0.14759181,0.0001934296
13046,59,0.12706713,0.00019342411
13047,59,0.16443306,0.00019342411
13048,59,0.16105780,0.00019342411
13049,59,0.14786367,0.00019341862
13050,59,0.14768037,0.00019341862
13051,59,0.13404395,0.00019341862
13052,59,0.12138365,0.00019341312
13053,59,0.19943468,0.00019341312
13054,59,0.13347432,0.00019341312
13055,59,0.16701055,0.00019340762
13056,59,0.13945970,0.00019340762
13057,59,0.16552252,0.00019340762
13058,59,0.13699374,0.00019340212
13059,59,0.16646281,0.00019340212
13060,59,0.13380036,0.00019340212
13061,59,0.18061242,0.00019339662
13062,59,0.17247495,0.00019339662
13063,59,0.15044115,0.00019339662
13064,59,0.17688638,0.00019339112
13065,59,0.14598057,0.00019339112
13066,59,0.13412772,0.00019339112
13067,59,0.20102607,0.00019338561
13068,59,0.14958364,0.00019338561
13069,59,0.12660626,0.00019338561
13070,59,0.15095051,0.0001933801
13071,59,0.15365712,0.0001933801
13072,59,0.14755526,0.0001933801
13073,59,0.16729772,0.00019337459
13074,59,0.15564986,0.00019337459
13075,59,0.15072140,0.00019337459
13076,59,0.16855881,0.00019336908
13077,59,0.14410985,0.00019336908
13078,59,0.17424846,0.00019336908
13079,59,0.17646909,0.00019336356
13080,59,0.13280103,0.00019336356
13081,59,0.17857978,0.00019336356
13082,59,0.12897904,0.00019335804
13083,59,0.15048967,0.00019335804
13084,59,0.14583971,0.00019335804
13085,59,0.13663170,0.00019335252
13086,59,0.12894541,0.00019335252
13087,59,0.12452423,0.00019335252
13088,59,0.14873628,0.000193347
13089,59,0.17084818,0.000193347
13090,59,0.17559686,0.000193347
13091,59,0.14132959,0.00019334148
13092,59,0.15010473,0.00019334148
13093,59,0.13714105,0.00019334148
13094,59,0.17178786,0.00019333595
13095,59,0.12968181,0.00019333595
13096,59,0.13992985,0.00019333595
13097,59,0.12912302,0.00019333042
13098,59,0.14434199,0.00019333042
13099,59,0.16669475,0.00019333042
13100,59,0.14053172,0.00019332489
13101,59,0.13508545,0.00019332489
13102,59,0.16507395,0.00019332489
13103,59,0.13292322,0.00019331936
13104,59,0.14068478,0.00019331936
13105,59,0.10238257,0.00019331936
13106,59,0.18524075,0.00019331382
13107,59,0.18828854,0.00019331382
13108,59,0.13604051,0.00019331382
13109,59,0.12669967,0.00019330828
13110,59,0.16318509,0.00019330828
13111,59,0.14697140,0.00019330828
13112,59,0.13815954,0.00019330274
13113,59,0.15036184,0.00019330274
13114,59,0.19047204,0.00019330274
13115,59,0.17881702,0.0001932972
13116,59,0.14968501,0.0001932972
13117,59,0.15725988,0.0001932972
13118,59,0.15956081,0.00019329166
13119,59,0.13253981,0.00019329166
13120,59,0.15951100,0.00019329166
13121,59,0.16529284,0.00019328611
13122,59,0.13897616,0.00019328611
13123,59,0.20885679,0.00019328611
13124,59,0.13291870,0.00019328056
13125,59,0.16558360,0.00019328056
13126,59,0.14883146,0.00019328056
13127,59,0.15400615,0.00019327501
13128,59,0.15435150,0.00019327501
13129,59,0.15859161,0.00019327501
13130,59,0.17034619,0.00019326946
13131,59,0.13643102,0.00019326946
13132,59,0.15805081,0.00019326946
13133,59,0.13541502,0.0001932639
13134,59,0.15339726,0.0001932639
13135,59,0.13317536,0.0001932639
13136,59,0.15787049,0.00019325834
13137,59,0.15681249,0.00019325834
13138,59,0.16245925,0.00019325834
13139,59,0.14208677,0.00019325278
13140,59,0.17733395,0.00019325278
13141,59,0.13686478,0.00019325278
13142,59,0.14032684,0.00019324722
13143,59,0.13213974,0.00019324722
13144,59,0.13684249,0.00019324722
13145,59,0.15482017,0.00019324166
13146,59,0.12664856,0.00019324166
13147,59,0.16945611,0.00019324166
13148,59,0.12114665,0.00019323609
13149,59,0.14133003,0.00019323609
13150,59,0.17297670,0.00019323609
13151,59,0.16483007,0.00019323052
13152,59,0.15101424,0.00019323052
13153,59,0.15061843,0.00019323052
13154,59,0.11099450,0.00019322495
13155,59,0.14750175,0.00019322495
13156,59,0.18598956,0.00019322495
13157,59,0.16409051,0.00019321938
13158,59,0.14837307,0.00019321938
13159,59,0.17349979,0.00019321938
13160,59,0.16031942,0.0001932138
13161,59,0.15715712,0.0001932138
13162,59,0.16665460,0.0001932138
13163,59,0.14539135,0.00019320823
13164,59,0.14145085,0.00019320823
13165,59,0.13477066,0.00019320823
13166,59,0.16486904,0.00019320265
13167,59,0.18169260,0.00019320265
13168,59,0.13968484,0.00019320265
13169,59,0.15907840,0.00019319707
13170,59,0.15060511,0.00019319707
13171,59,0.14050287,0.00019319707
13172,59,0.14198783,0.00019319148
13173,59,0.14880753,0.00019319148
13174,59,0.13579433,0.00019319148
13175,59,0.16953699,0.00019318589
13176,59,0.16958055,0.00019318589
13177,59,0.14938724,0.00019318589
13178,59,0.12795275,0.00019318031
13179,59,0.16989163,0.00019318031
13180,59,0.16903959,0.00019318031
13181,59,0.16711596,0.00019317472
13182,59,0.12480111,0.00019317472
13183,59,0.14035206,0.00019317472
13184,59,0.18899933,0.00019316912
13185,59,0.17518568,0.00019316912
13186,59,0.14702007,0.00019316912
13187,59,0.19690746,0.00019316353
13188,59,0.20242308,0.00019316353
13189,59,0.17939208,0.00019316353
13190,59,0.12408628,0.00019315793
13191,59,0.12960833,0.00019315793
13192,59,0.14741212,0.00019315793
13193,59,0.17604803,0.00019315233
13194,59,0.14633775,0.00019315233
13195,59,0.15395430,0.00019315233
13196,59,0.15777728,0.00019314673
13197,59,0.14740801,0.00019314673
13198,59,0.14588167,0.00019314673
13199,59,0.16204032,0.00019314112
13200,59,0.17870402,0.00019314112
13201,59,0.12547123,0.00019314112
13202,59,0.17590110,0.00019313552
13203,59,0.15806726,0.00019313552
13204,59,0.19189708,0.00019313552
13205,59,0.19248790,0.00019312991
13206,59,0.20028150,0.00019312991
13207,59,0.16915977,0.00019312991
13208,59,0.16257812,0.0001931243
13209,59,0.15282789,0.0001931243
13210,59,0.15922409,0.0001931243
13211,59,0.17921369,0.00019311869
13212,59,0.13115861,0.00019311869
13213,59,0.14061016,0.00019311869
13214,59,0.12969145,0.00019311307
13215,59,0.12206508,0.00019311307
13216,59,0.16597013,0.00019310745
13217,60,0.16686654,0.00019310745
13218,60,0.16164118,0.00019310745
13219,60,0.18979335,0.00019310184
13220,60,0.13965014,0.00019310184
13221,60,0.13943169,0.00019310184
13222,60,0.16584319,0.00019309621
13223,60,0.14068276,0.00019309621
13224,60,0.14316258,0.00019309621
13225,60,0.14172171,0.00019309059
13226,60,0.16422197,0.00019309059
13227,60,0.13814937,0.00019309059
13228,60,0.14872143,0.00019308496
13229,60,0.17802535,0.00019308496
13230,60,0.16572759,0.00019308496
13231,60,0.19126678,0.00019307934
13232,60,0.16129547,0.00019307934
13233,60,0.14959675,0.00019307934
13234,60,0.17051622,0.0001930737
13235,60,0.13330013,0.0001930737
13236,60,0.14235708,0.0001930737
13237,60,0.14988059,0.00019306807
13238,60,0.13474789,0.00019306807
13239,60,0.15279038,0.00019306807
13240,60,0.12322585,0.00019306244
13241,60,0.11332389,0.00019306244
13242,60,0.17166094,0.00019306244
13243,60,0.12762290,0.0001930568
13244,60,0.12003776,0.0001930568
13245,60,0.13682888,0.0001930568
13246,60,0.13295478,0.00019305116
13247,60,0.15321517,0.00019305116
13248,60,0.14239609,0.00019305116
13249,60,0.14587790,0.00019304552
13250,60,0.16040717,0.00019304552
13251,60,0.14454135,0.00019304552
13252,60,0.15699404,0.00019303988
13253,60,0.13700543,0.00019303988
13254,60,0.20244348,0.00019303988
13255,60,0.18838409,0.00019303423
13256,60,0.16190073,0.00019303423
13257,60,0.14625642,0.00019303423
13258,60,0.13801895,0.00019302858
13259,60,0.15828539,0.00019302858
13260,60,0.18924317,0.00019302858
13261,60,0.14467016,0.00019302293
13262,60,0.16101864,0.00019302293
13263,60,0.16366445,0.00019302293
13264,60,0.15402402,0.00019301728
13265,60,0.15666142,0.00019301728
13266,60,0.14638995,0.00019301728
13267,60,0.15549034,0.00019301162
13268,60,0.17891294,0.00019301162
13269,60,0.16970448,0.00019301162
13270,60,0.18082991,0.00019300597
13271,60,0.16452417,0.00019300597
13272,60,0.15646243,0.00019300597
13273,60,0.15121748,0.00019300031
13274,60,0.14231712,0.00019300031
13275,60,0.13274916,0.00019300031
13276,60,0.16185060,0.00019299465
13277,60,0.14464712,0.00019299465
13278,60,0.15096091,0.00019299465
13279,60,0.18224421,0.00019298898
13280,60,0.17969686,0.00019298898
13281,60,0.15589136,0.00019298898
13282,60,0.13942045,0.00019298332
13283,60,0.14987811,0.00019298332
13284,60,0.13822699,0.00019298332
13285,60,0.13836032,0.00019297765
13286,60,0.18766080,0.00019297765
13287,60,0.16395214,0.00019297765
13288,60,0.16737324,0.00019297198
13289,60,0.15268433,0.00019297198
13290,60,0.13232443,0.00019297198
13291,60,0.12639052,0.00019296631
13292,60,0.10304239,0.00019296631
13293,60,0.14659241,0.00019296631
13294,60,0.17874873,0.00019296063
13295,60,0.11847000,0.00019296063
13296,60,0.15125448,0.00019296063
13297,60,0.15010941,0.00019295495
13298,60,0.16042349,0.00019295495
13299,60,0.13355911,0.00019295495
13300,60,0.15443152,0.00019294928
13301,60,0.17015529,0.00019294928
13302,60,0.17088072,0.00019294928
13303,60,0.15767455,0.00019294359
13304,60,0.18963742,0.00019294359
13305,60,0.15552667,0.00019294359
13306,60,0.15499854,0.00019293791
13307,60,0.17379741,0.00019293791
13308,60,0.18587208,0.00019293791
13309,60,0.13674432,0.00019293223
13310,60,0.13955794,0.00019293223
13311,60,0.15449977,0.00019293223
13312,60,0.19042718,0.00019292654
13313,60,0.14761001,0.00019292654
13314,60,0.15043484,0.00019292654
13315,60,0.10769679,0.00019292085
13316,60,0.12993899,0.00019292085
13317,60,0.12722072,0.00019292085
13318,60,0.15648614,0.00019291516
13319,60,0.14940622,0.00019291516
13320,60,0.18172860,0.00019291516
13321,60,0.19873124,0.00019290946
13322,60,0.15945911,0.00019290946
13323,60,0.15926510,0.00019290946
13324,60,0.14069146,0.00019290376
13325,60,0.14296280,0.00019290376
13326,60,0.14963609,0.00019290376
13327,60,0.13596755,0.00019289807
13328,60,0.14200376,0.00019289807
13329,60,0.23589903,0.00019289807
13330,60,0.18153545,0.00019289236
13331,60,0.15408573,0.00019289236
13332,60,0.18467800,0.00019289236
13333,60,0.14657818,0.00019288666
13334,60,0.18430719,0.00019288666
13335,60,0.13316064,0.00019288666
13336,60,0.13626708,0.00019288096
13337,60,0.18382017,0.00019288096
13338,60,0.16012600,0.00019288096
13339,60,0.15050963,0.00019287525
13340,60,0.16954505,0.00019287525
13341,60,0.16461760,0.00019287525
13342,60,0.14316839,0.00019286954
13343,60,0.17517076,0.00019286954
13344,60,0.14900112,0.00019286954
13345,60,0.17582583,0.00019286383
13346,60,0.16941772,0.00019286383
13347,60,0.16892591,0.00019286383
13348,60,0.14976382,0.00019285811
13349,60,0.18564978,0.00019285811
13350,60,0.16772264,0.00019285811
13351,60,0.12387794,0.00019285239
13352,60,0.12031689,0.00019285239
13353,60,0.16470353,0.00019285239
13354,60,0.14568569,0.00019284668
13355,60,0.14891833,0.00019284668
13356,60,0.15160245,0.00019284668
13357,60,0.15380155,0.00019284096
13358,60,0.12960111,0.00019284096
13359,60,0.15990946,0.00019284096
13360,60,0.14541684,0.00019283523
13361,60,0.15733975,0.00019283523
13362,60,0.19162415,0.00019283523
13363,60,0.13685840,0.00019282951
13364,60,0.15108870,0.00019282951
13365,60,0.14012203,0.00019282951
13366,60,0.15153240,0.00019282378
13367,60,0.14672305,0.00019282378
13368,60,0.16184214,0.00019282378
13369,60,0.12648714,0.00019281805
13370,60,0.17716721,0.00019281805
13371,60,0.21036074,0.00019281805
13372,60,0.14153567,0.00019281232
13373,60,0.15195470,0.00019281232
13374,60,0.14917569,0.00019281232
13375,60,0.15801853,0.00019280658
13376,60,0.20245318,0.00019280658
13377,60,0.16128841,0.00019280658
13378,60,0.15524398,0.00019280085
13379,60,0.19257534,0.00019280085
13380,60,0.18438713,0.00019280085
13381,60,0.13157870,0.00019279511
13382,60,0.17152075,0.00019279511
13383,60,0.15943280,0.00019279511
13384,60,0.13221125,0.00019278937
13385,60,0.16457859,0.00019278937
13386,60,0.16380684,0.00019278937
13387,60,0.16815667,0.00019278363
13388,60,0.16417582,0.00019278363
13389,60,0.15249607,0.00019278363
13390,60,0.17183796,0.00019277788
13391,60,0.15868309,0.00019277788
13392,60,0.17017680,0.00019277788
13393,60,0.16660801,0.00019277213
13394,60,0.16012475,0.00019277213
13395,60,0.17905936,0.00019277213
13396,60,0.13731189,0.00019276638
13397,60,0.13531008,0.00019276638
13398,60,0.16447031,0.00019276638
13399,60,0.16068426,0.00019276063
13400,60,0.16325411,0.00019276063
13401,60,0.13349074,0.00019276063
13402,60,0.15639703,0.00019275488
13403,60,0.15517443,0.00019275488
13404,60,0.13832220,0.00019275488
13405,60,0.12914655,0.00019274912
13406,60,0.12812054,0.00019274912
13407,60,0.16766255,0.00019274912
13408,60,0.14992753,0.00019274336
13409,60,0.14133713,0.00019274336
13410,60,0.18161359,0.00019274336
13411,60,0.17618470,0.0001927376
13412,60,0.19005540,0.0001927376
13413,60,0.17352802,0.0001927376
13414,60,0.15289527,0.00019273184
13415,60,0.18000561,0.00019273184
13416,60,0.14126483,0.00019273184
13417,60,0.14060684,0.00019272608
13418,60,0.15085590,0.00019272608
13419,60,0.15296398,0.00019272608
13420,60,0.17796926,0.00019272031
13421,60,0.17620163,0.00019272031
13422,60,0.16025621,0.00019272031
13423,60,0.14165965,0.00019271454
13424,60,0.15852770,0.00019271454
13425,60,0.19317833,0.00019271454
13426,60,0.18656150,0.00019270877
13427,60,0.14218554,0.00019270877
13428,60,0.16603564,0.00019270877
13429,60,0.14316267,0.00019270299
13430,60,0.16126730,0.00019270299
13431,60,0.13704352,0.00019270299
13432,60,0.15073881,0.00019269722
13433,60,0.13524202,0.00019269722
13434,60,0.14301108,0.00019269722
13435,60,0.16840827,0.00019269144
13436,60,0.14189267,0.00019269144
13437,60,0.16352570,0.00019269144
13438,60,0.16773224,0.00019268566
13439,60,0.19230704,0.00019268566
13440,60,0.15292037,0.00019267988
13441,61,0.14093247,0.00019267988
13442,61,0.16329533,0.00019267988
13443,61,0.15125670,0.00019267409
13444,61,0.14589563,0.00019267409
13445,61,0.13456765,0.00019267409
13446,61,0.15230963,0.00019266831
13447,61,0.17099035,0.00019266831
13448,61,0.16613251,0.00019266831
13449,61,0.16085133,0.00019266252
13450,61,0.14556488,0.00019266252
13451,61,0.15293410,0.00019266252
13452,61,0.16676912,0.00019265673
13453,61,0.15479261,0.00019265673
13454,61,0.13693531,0.00019265673
13455,61,0.19618729,0.00019265093
13456,61,0.12839726,0.00019265093
13457,61,0.13539878,0.00019265093
13458,61,0.16114834,0.00019264514
13459,61,0.14052197,0.00019264514
13460,61,0.11705214,0.00019264514
13461,61,0.15373591,0.00019263934
13462,61,0.20920232,0.00019263934
13463,61,0.13045448,0.00019263934
13464,61,0.10883635,0.00019263354
13465,61,0.14448035,0.00019263354
13466,61,0.15229177,0.00019263354
13467,61,0.14197579,0.00019262774
13468,61,0.14056264,0.00019262774
13469,61,0.13787439,0.00019262774
13470,61,0.14450121,0.00019262193
13471,61,0.15507960,0.00019262193
13472,61,0.13739124,0.00019262193
13473,61,0.15982044,0.00019261612
13474,61,0.16660500,0.00019261612
13475,61,0.14932048,0.00019261612
13476,61,0.12646016,0.00019261032
13477,61,0.14585140,0.00019261032
13478,61,0.13113302,0.00019261032
13479,61,0.18079667,0.0001926045
13480,61,0.13923132,0.0001926045
13481,61,0.11839676,0.0001926045
13482,61,0.13930732,0.00019259869
13483,61,0.21969108,0.00019259869
13484,61,0.13262418,0.00019259869
13485,61,0.13485307,0.00019259288
13486,61,0.14808671,0.00019259288
13487,61,0.19581878,0.00019259288
13488,61,0.19765797,0.00019258706
13489,61,0.15855913,0.00019258706
13490,61,0.17081189,0.00019258706
13491,61,0.12355822,0.00019258124
13492,61,0.14984486,0.00019258124
13493,61,0.17074811,0.00019258124
13494,61,0.15499792,0.00019257542
13495,61,0.14941448,0.00019257542
13496,61,0.17461608,0.00019257542
13497,61,0.17307833,0.00019256959
13498,61,0.14766864,0.00019256959
13499,61,0.13898289,0.00019256959
13500,61,0.16164011,0.00019256377
13501,61,0.13891166,0.00019256377
13502,61,0.14421903,0.00019256377
13503,61,0.16066648,0.00019255794
13504,61,0.13850288,0.00019255794
13505,61,0.18676554,0.00019255794
13506,61,0.17454162,0.00019255211
13507,61,0.13984179,0.00019255211
13508,61,0.15833595,0.00019255211
13509,61,0.15636846,0.00019254627
13510,61,0.13701132,0.00019254627
13511,61,0.13484900,0.00019254627
13512,61,0.15882309,0.00019254044
13513,61,0.18893056,0.00019254044
13514,61,0.15480462,0.00019254044
13515,61,0.14265169,0.0001925346
13516,61,0.19071749,0.0001925346
13517,61,0.17461328,0.0001925346
13518,61,0.15578133,0.00019252876
13519,61,0.16549186,0.00019252876
13520,61,0.18879549,0.00019252876
13521,61,0.12409832,0.00019252292
13522,61,0.18607330,0.00019252292
13523,61,0.14239834,0.00019252292
13524,61,0.13775748,0.00019251708
13525,61,0.13751970,0.00019251708
13526,61,0.14173251,0.00019251708
13527,61,0.17051876,0.00019251123
13528,61,0.14685665,0.00019251123
13529,61,0.16501668,0.00019251123
13530,61,0.13123512,0.00019250538
13531,61,0.18177430,0.00019250538
13532,61,0.14388989,0.00019250538
13533,61,0.15034692,0.00019249953
13534,61,0.17152217,0.00019249953
13535,61,0.17486386,0.00019249953
13536,61,0.14339113,0.00019249368
13537,61,0.12022582,0.00019249368
13538,61,0.17414317,0.00019249368
13539,61,0.16351238,0.00019248782
13540,61,0.16449949,0.00019248782
13541,61,0.13394421,0.00019248782
13542,61,0.14874130,0.00019248197
13543,61,0.13358073,0.00019248197
13544,61,0.12584107,0.00019248197
13545,61,0.19060099,0.00019247611
13546,61,0.19256130,0.00019247611
13547,61,0.13692731,0.00019247611
13548,61,0.13321948,0.00019247024
13549,61,0.15890488,0.00019247024
13550,61,0.14157085,0.00019247024
13551,61,0.17117202,0.00019246438
13552,61,0.15964919,0.00019246438
13553,61,0.16179837,0.00019246438
13554,61,0.18604624,0.00019245852
13555,61,0.15560578,0.00019245852
13556,61,0.16382426,0.00019245852
13557,61,0.17183614,0.00019245265
13558,61,0.15520464,0.00019245265
13559,61,0.16768706,0.00019245265
13560,61,0.14889479,0.00019244678
13561,61,0.16247717,0.00019244678
13562,61,0.17367356,0.00019244678
13563,61,0.13943703,0.0001924409
13564,61,0.13133311,0.0001924409
13565,61,0.13814041,0.0001924409
13566,61,0.14375888,0.00019243503
13567,61,0.14573660,0.00019243503
13568,61,0.16810076,0.00019243503
13569,61,0.14136925,0.00019242915
13570,61,0.15087707,0.00019242915
13571,61,0.14127117,0.00019242915
13572,61,0.14128244,0.00019242327
13573,61,0.13554695,0.00019242327
13574,61,0.15365961,0.00019242327
13575,61,0.19582328,0.00019241739
13576,61,0.14854333,0.00019241739
13577,61,0.18380639,0.00019241739
13578,61,0.17239699,0.00019241151
13579,61,0.15515791,0.00019241151
13580,61,0.13789456,0.00019241151
13581,61,0.19335167,0.00019240562
13582,61,0.14735037,0.00019240562
13583,61,0.12603118,0.00019240562
13584,61,0.14881285,0.00019239974
13585,61,0.17071199,0.00019239974
13586,61,0.14177579,0.00019239974
13587,61,0.16304767,0.00019239385
13588,61,0.12489107,0.00019239385
13589,61,0.17164473,0.00019239385
13590,61,0.16178849,0.00019238795
13591,61,0.17910139,0.00019238795
13592,61,0.16590998,0.00019238795
13593,61,0.14893652,0.00019238206
13594,61,0.16436645,0.00019238206
13595,61,0.15383844,0.00019238206
13596,61,0.11799180,0.00019237616
13597,61,0.15938503,0.00019237616
13598,61,0.13006362,0.00019237616
13599,61,0.16949354,0.00019237026
13600,61,0.14957067,0.00019237026
13601,61,0.16710541,0.00019237026
13602,61,0.15436040,0.00019236436
13603,61,0.20072928,0.00019236436
13604,61,0.14555436,0.00019236436
13605,61,0.14450340,0.00019235846
13606,61,0.17361121,0.00019235846
13607,61,0.16411844,0.00019235846
13608,61,0.14491472,0.00019235255
13609,61,0.14915243,0.00019235255
13610,61,0.17006998,0.00019235255
13611,61,0.15667997,0.00019234665
13612,61,0.18899231,0.00019234665
13613,61,0.16062306,0.00019234665
13614,61,0.14982513,0.00019234074
13615,61,0.17503583,0.00019234074
13616,61,0.13610092,0.00019234074
13617,61,0.19559084,0.00019233482
13618,61,0.17286730,0.00019233482
13619,61,0.17551407,0.00019233482
13620,61,0.15499690,0.00019232891
13621,61,0.13054600,0.00019232891
13622,61,0.15878306,0.00019232891
13623,61,0.15213653,0.00019232299
13624,61,0.15480533,0.00019232299
13625,61,0.17111787,0.00019232299
13626,61,0.18947420,0.00019231708
13627,61,0.14051031,0.00019231708
13628,61,0.15151654,0.00019231708
13629,61,0.13778567,0.00019231116
13630,61,0.13652325,0.00019231116
13631,61,0.18795201,0.00019231116
13632,61,0.12517363,0.00019230523
13633,61,0.18180594,0.00019230523
13634,61,0.14906324,0.00019230523
13635,61,0.16376331,0.00019229931
13636,61,0.12585583,0.00019229931
13637,61,0.13817328,0.00019229931
13638,61,0.16561119,0.00019229338
13639,61,0.15014872,0.00019229338
13640,61,0.15906191,0.00019229338
13641,61,0.16012400,0.00019228745
13642,61,0.12700295,0.00019228745
13643,61,0.14334375,0.00019228745
13644,61,0.13739926,0.00019228152
13645,61,0.14579749,0.00019228152
13646,61,0.14687037,0.00019228152
13647,61,0.15138988,0.00019227559
13648,61,0.12971227,0.00019227559
13649,61,0.14252228,0.00019227559
13650,61,0.13063926,0.00019226965
13651,61,0.23023435,0.00019226965
13652,61,0.14440542,0.00019226965
13653,61,0.18294565,0.00019226371
13654,61,0.16451424,0.00019226371
13655,61,0.12795311,0.00019226371
13656,61,0.16578062,0.00019225777
13657,61,0.13354890,0.00019225777
13658,61,0.13168006,0.00019225777
13659,61,0.14454862,0.00019225183
13660,61,0.15453391,0.00019225183
13661,61,0.15906546,0.00019225183
13662,61,0.13484889,0.00019224588
13663,61,0.13650769,0.00019224588
13664,61,0.14662662,0.00019223994
13665,62,0.17420572,0.00019223994
13666,62,0.15566762,0.00019223994
13667,62,0.14232549,0.00019223399
13668,62,0.15035227,0.00019223399
13669,62,0.13951193,0.00019223399
13670,62,0.17186424,0.00019222804
13671,62,0.14873286,0.00019222804
13672,62,0.18772432,0.00019222804
13673,62,0.12879205,0.00019222208
13674,62,0.16334909,0.00019222208
13675,62,0.13770555,0.00019222208
13676,62,0.17354451,0.00019221613
13677,62,0.16603827,0.00019221613
13678,62,0.15117937,0.00019221613
13679,62,0.17535418,0.00019221017
13680,62,0.18636416,0.00019221017
13681,62,0.16366987,0.00019221017
13682,62,0.14252850,0.00019220421
13683,62,0.15410878,0.00019220421
13684,62,0.15899450,0.00019220421
13685,62,0.16482763,0.00019219825
13686,62,0.20214300,0.00019219825
13687,62,0.15107343,0.00019219825
13688,62,0.14877771,0.00019219228
13689,62,0.16760008,0.00019219228
13690,62,0.15326583,0.00019219228
13691,62,0.16395885,0.00019218632
13692,62,0.16860262,0.00019218632
13693,62,0.14763916,0.00019218632
13694,62,0.19048087,0.00019218035
13695,62,0.20622258,0.00019218035
13696,62,0.14935184,0.00019218035
13697,62,0.18197541,0.00019217438
13698,62,0.15155452,0.00019217438
13699,62,0.15685348,0.00019217438
13700,62,0.18496887,0.0001921684
13701,62,0.16606614,0.0001921684
13702,62,0.15442622,0.0001921684
13703,62,0.17103927,0.00019216243
13704,62,0.14523631,0.00019216243
13705,62,0.14458346,0.00019216243
13706,62,0.13504472,0.00019215645
13707,62,0.12718715,0.00019215645
13708,62,0.16030398,0.00019215645
13709,62,0.14230743,0.00019215047
13710,62,0.13006273,0.00019215047
13711,62,0.15153787,0.00019215047
13712,62,0.14157000,0.00019214449
13713,62,0.11944990,0.00019214449
13714,62,0.15133260,0.00019214449
13715,62,0.15094320,0.0001921385
13716,62,0.18865566,0.0001921385
13717,62,0.14532569,0.0001921385
13718,62,0.17119500,0.00019213252
13719,62,0.14827970,0.00019213252
13720,62,0.14530039,0.00019213252
13721,62,0.13068956,0.00019212653
13722,62,0.15890557,0.00019212653
13723,62,0.13366345,0.00019212653
13724,62,0.15699826,0.00019212054
13725,62,0.13183047,0.00019212054
13726,62,0.17948231,0.00019212054
13727,62,0.18396245,0.00019211455
13728,62,0.20144126,0.00019211455
13729,62,0.14805984,0.00019211455
13730,62,0.17109114,0.00019210855
13731,62,0.16026746,0.00019210855
13732,62,0.14018257,0.00019210855
13733,62,0.17119661,0.00019210255
13734,62,0.13740410,0.00019210255
13735,62,0.16825211,0.00019210255
13736,62,0.14128146,0.00019209655
13737,62,0.14440143,0.00019209655
13738,62,0.19471169,0.00019209655
13739,62,0.15504792,0.00019209055
13740,62,0.12057924,0.00019209055
13741,62,0.14088792,0.00019209055
13742,62,0.15264365,0.00019208455
13743,62,0.12640922,0.00019208455
13744,62,0.16128814,0.00019208455
13745,62,0.14182389,0.00019207854
13746,62,0.15208969,0.00019207854
13747,62,0.15125921,0.00019207854
13748,62,0.14231488,0.00019207253
13749,62,0.15772679,0.00019207253
13750,62,0.13681626,0.00019207253
13751,62,0.12981071,0.00019206652
13752,62,0.13403642,0.00019206652
13753,62,0.14439249,0.00019206652
13754,62,0.13940680,0.00019206051
13755,62,0.13722497,0.00019206051
13756,62,0.14016573,0.00019206051
13757,62,0.17101638,0.0001920545
13758,62,0.14156550,0.0001920545
13759,62,0.18280260,0.0001920545
13760,62,0.14868715,0.00019204848
13761,62,0.13476212,0.00019204848
13762,62,0.14570500,0.00019204848
13763,62,0.14657342,0.00019204246
13764,62,0.16830477,0.00019204246
13765,62,0.12224068,0.00019204246
13766,62,0.14229219,0.00019203644
13767,62,0.18901025,0.00019203644
13768,62,0.13350292,0.00019203644
13769,62,0.15931290,0.00019203042
13770,62,0.12178793,0.00019203042
13771,62,0.13656558,0.00019203042
13772,62,0.16781044,0.00019202439
13773,62,0.13222468,0.00019202439
13774,62,0.13931942,0.00019202439
13775,62,0.16998580,0.00019201836
13776,62,0.16788021,0.00019201836
13777,62,0.11638185,0.00019201836
13778,62,0.16894107,0.00019201233
13779,62,0.14083540,0.00019201233
13780,62,0.13863900,0.00019201233
13781,62,0.17643628,0.0001920063
13782,62,0.12522811,0.0001920063
13783,62,0.14458804,0.0001920063
13784,62,0.15390979,0.00019200027
13785,62,0.16663511,0.00019200027
13786,62,0.14507554,0.00019200027
13787,62,0.13507268,0.00019199423
13788,62,0.18678924,0.00019199423
13789,62,0.12605631,0.00019199423
13790,62,0.17765749,0.00019198819
13791,62,0.13893470,0.00019198819
13792,62,0.14149046,0.00019198819
13793,62,0.14512652,0.00019198215
13794,62,0.16112250,0.00019198215
13795,62,0.18009374,0.00019198215
13796,62,0.14703318,0.00019197611
13797,62,0.13293609,0.00019197611
13798,62,0.12157702,0.00019197611
13799,62,0.15845034,0.00019197006
13800,62,0.12931298,0.00019197006
13801,62,0.13272309,0.00019197006
13802,62,0.14885396,0.00019196401
13803,62,0.13849305,0.00019196401
13804,62,0.14076354,0.00019196401
13805,62,0.13479602,0.00019195796
13806,62,0.16153902,0.00019195796
13807,62,0.18530130,0.00019195796
13808,62,0.16866343,0.00019195191
13809,62,0.16388550,0.00019195191
13810,62,0.16067706,0.00019195191
13811,62,0.13820025,0.00019194586
13812,62,0.15270302,0.00019194586
13813,62,0.16972420,0.00019194586
13814,62,0.15734103,0.0001919398
13815,62,0.15204100,0.0001919398
13816,62,0.16531414,0.0001919398
13817,62,0.15513837,0.00019193374
13818,62,0.17566007,0.00019193374
13819,62,0.14539689,0.00019193374
13820,62,0.13789141,0.00019192768
13821,62,0.13015710,0.00019192768
13822,62,0.15734899,0.00019192768
13823,62,0.13751231,0.00019192162
13824,62,0.13436705,0.00019192162
13825,62,0.21592519,0.00019192162
13826,62,0.23088372,0.00019191556
13827,62,0.15121119,0.00019191556
13828,62,0.15522385,0.00019191556
13829,62,0.15359163,0.00019190949
13830,62,0.16570589,0.00019190949
13831,62,0.13492182,0.00019190949
13832,62,0.15206961,0.00019190342
13833,62,0.13905907,0.00019190342
13834,62,0.14847206,0.00019190342
13835,62,0.15441482,0.00019189735
13836,62,0.12746409,0.00019189735
13837,62,0.12761220,0.00019189735
13838,62,0.17025217,0.00019189127
13839,62,0.16008210,0.00019189127
13840,62,0.15800437,0.00019189127
13841,62,0.14904328,0.0001918852
13842,62,0.17111962,0.0001918852
13843,62,0.17058055,0.0001918852
13844,62,0.13334769,0.00019187912
13845,62,0.18646544,0.00019187912
13846,62,0.15681286,0.00019187912
13847,62,0.16225781,0.00019187304
13848,62,0.14893249,0.00019187304
13849,62,0.14651260,0.00019187304
13850,62,0.17535858,0.00019186696
13851,62,0.14400175,0.00019186696
13852,62,0.15592502,0.00019186696
13853,62,0.16791403,0.00019186087
13854,62,0.12467182,0.00019186087
13855,62,0.15193287,0.00019186087
13856,62,0.18892609,0.00019185479
13857,62,0.15052307,0.00019185479
13858,62,0.13724896,0.00019185479
13859,62,0.12189674,0.0001918487
13860,62,0.12748340,0.0001918487
13861,62,0.18020664,0.0001918487
13862,62,0.18572597,0.00019184261
13863,62,0.17965339,0.00019184261
13864,62,0.14558044,0.00019184261
13865,62,0.17194721,0.00019183651
13866,62,0.23205039,0.00019183651
13867,62,0.15088733,0.00019183651
13868,62,0.14576952,0.00019183042
13869,62,0.18681745,0.00019183042
13870,62,0.11924496,0.00019183042
13871,62,0.15296608,0.00019182432
13872,62,0.15944768,0.00019182432
13873,62,0.19587979,0.00019182432
13874,62,0.15004998,0.00019181822
13875,62,0.16105454,0.00019181822
13876,62,0.20198649,0.00019181822
13877,62,0.13509977,0.00019181212
13878,62,0.15777905,0.00019181212
13879,62,0.16044304,0.00019181212
13880,62,0.17159244,0.00019180602
13881,62,0.17767501,0.00019180602
13882,62,0.16327618,0.00019180602
13883,62,0.12527710,0.00019179991
13884,62,0.14074218,0.00019179991
13885,62,0.14477950,0.00019179991
13886,62,0.13959281,0.0001917938
13887,62,0.17625999,0.0001917938
13888,62,0.15117779,0.00019178769
13889,63,0.13439184,0.00019178769
13890,63,0.15240130,0.00019178769
13891,63,0.16082335,0.00019178158
13892,63,0.14615837,0.00019178158
13893,63,0.16042295,0.00019178158
13894,63,0.12399665,0.00019177546
13895,63,0.15228325,0.00019177546
13896,63,0.16315791,0.00019177546
13897,63,0.14892773,0.00019176935
13898,63,0.15209341,0.00019176935
13899,63,0.13303781,0.00019176935
13900,63,0.13506176,0.00019176323
13901,63,0.16455162,0.00019176323
13902,63,0.16041927,0.00019176323
13903,63,0.17490086,0.0001917571
13904,63,0.18089393,0.0001917571
13905,63,0.16571304,0.0001917571
13906,63,0.13789038,0.00019175098
13907,63,0.17178127,0.00019175098
13908,63,0.14827578,0.00019175098
13909,63,0.15750280,0.00019174486
13910,63,0.11862944,0.00019174486
13911,63,0.13181074,0.00019174486
13912,63,0.16858308,0.00019173873
13913,63,0.17435011,0.00019173873
13914,63,0.14815165,0.00019173873
13915,63,0.15223433,0.0001917326
13916,63,0.17364621,0.0001917326
13917,63,0.18033122,0.0001917326
13918,63,0.16549243,0.00019172646
13919,63,0.13901368,0.00019172646
13920,63,0.15648660,0.00019172646
13921,63,0.14683481,0.00019172033
13922,63,0.13863860,0.00019172033
13923,63,0.14782493,0.00019172033
13924,63,0.15489131,0.00019171419
13925,63,0.16913395,0.00019171419
13926,63,0.14898643,0.00019171419
13927,63,0.13732767,0.00019170805
13928,63,0.11979334,0.00019170805
13929,63,0.14113462,0.00019170805
13930,63,0.15360585,0.00019170191
13931,63,0.13123028,0.00019170191
13932,63,0.14752689,0.00019170191
13933,63,0.13822237,0.00019169577
13934,63,0.15060645,0.00019169577
13935,63,0.14223959,0.00019169577
13936,63,0.14312942,0.00019168962
13937,63,0.15716445,0.00019168962
13938,63,0.14198785,0.00019168962
13939,63,0.14349145,0.00019168348
13940,63,0.16627952,0.00019168348
13941,63,0.12676877,0.00019168348
13942,63,0.15549460,0.00019167733
13943,63,0.15755768,0.00019167733
13944,63,0.21540366,0.00019167733
13945,63,0.17246386,0.00019167118
13946,63,0.15401927,0.00019167118
13947,63,0.15054344,0.00019167118
13948,63,0.14615999,0.00019166502
13949,63,0.13497436,0.00019166502
13950,63,0.16685991,0.00019166502
13951,63,0.18396901,0.00019165886
13952,63,0.16992369,0.00019165886
13953,63,0.14427680,0.00019165886
13954,63,0.13874885,0.00019165271
13955,63,0.18239927,0.00019165271
13956,63,0.12789647,0.00019165271
13957,63,0.21073580,0.00019164655
13958,63,0.15564287,0.00019164655
13959,63,0.18324602,0.00019164655
13960,63,0.14416264,0.00019164038
13961,63,0.16075015,0.00019164038
13962,63,0.14573532,0.00019164038
13963,63,0.14608285,0.00019163422
13964,63,0.16509119,0.00019163422
13965,63,0.13785869,0.00019163422
13966,63,0.15279382,0.00019162805
13967,63,0.14033946,0.00019162805
13968,63,0.14616635,0.00019162805
13969,63,0.13995498,0.00019162188
13970,63,0.14336041,0.00019162188
13971,63,0.14520751,0.00019162188
13972,63,0.14725718,0.00019161571
13973,63,0.15254292,0.00019161571
13974,63,0.18257496,0.00019161571
13975,63,0.13806075,0.00019160954
13976,63,0.18698947,0.00019160954
13977,63,0.19974469,0.00019160954
13978,63,0.13678302,0.00019160336
13979,63,0.16366874,0.00019160336
13980,63,0.13776465,0.00019160336
13981,63,0.10749223,0.00019159718
13982,63,0.18972728,0.00019159718
13983,63,0.15813491,0.00019159718
13984,63,0.16943964,0.000191591
13985,63,0.18137315,0.000191591
13986,63,0.18444926,0.000191591
13987,63,0.19981596,0.00019158482
13988,63,0.14654954,0.00019158482
13989,63,0.17481838,0.00019158482
13990,63,0.17876634,0.00019157863
13991,63,0.17998533,0.00019157863
13992,63,0.14367114,0.00019157863
13993,63,0.18104717,0.00019157245
13994,63,0.16549994,0.00019157245
13995,63,0.14734629,0.00019157245
13996,63,0.14533502,0.00019156626
13997,63,0.16533102,0.00019156626
13998,63,0.11333583,0.00019156626
13999,63,0.16193455,0.00019156007
14000,63,0.14756089,0.00019156007
14001,63,0.16303013,0.00019156007
14002,63,0.14411716,0.00019155388
14003,63,0.14567173,0.00019155388
14004,63,0.15344095,0.00019155388
14005,63,0.18746835,0.00019154768
14006,63,0.16035563,0.00019154768
14007,63,0.15476607,0.00019154768
14008,63,0.15588835,0.00019154148
14009,63,0.14496151,0.00019154148
14010,63,0.15387458,0.00019154148
14011,63,0.16353041,0.00019153528
14012,63,0.14970881,0.00019153528
14013,63,0.14796868,0.00019153528
14014,63,0.15416175,0.00019152908
14015,63,0.15186185,0.00019152908
14016,63,0.15290788,0.00019152908
14017,63,0.13068935,0.00019152288
14018,63,0.15550081,0.00019152288
14019,63,0.13677904,0.00019152288
14020,63,0.16376439,0.00019151667
14021,63,0.14675975,0.00019151667
14022,63,0.17863569,0.00019151667
14023,63,0.14143854,0.00019151046
14024,63,0.16360769,0.00019151046
14025,63,0.16148454,0.00019151046
14026,63,0.13400525,0.00019150425
14027,63,0.11127977,0.00019150425
14028,63,0.15863463,0.00019150425
14029,63,0.14370762,0.00019149804
14030,63,0.17862079,0.00019149804
14031,63,0.15539011,0.00019149804
14032,63,0.14597544,0.00019149182
14033,63,0.18606710,0.00019149182
14034,63,0.13034102,0.00019149182
14035,63,0.17421041,0.00019148561
14036,63,0.13941595,0.00019148561
14037,63,0.11277848,0.00019148561
14038,63,0.15553842,0.00019147939
14039,63,0.15409450,0.00019147939
14040,63,0.13693219,0.00019147939
14041,63,0.16231111,0.00019147317
14042,63,0.15959375,0.00019147317
14043,63,0.16384134,0.00019147317
14044,63,0.15750830,0.00019146694
14045,63,0.16448277,0.00019146694
14046,63,0.15432611,0.00019146694
14047,63,0.14533159,0.00019146072
14048,63,0.15576681,0.00019146072
14049,63,0.14617398,0.00019146072
14050,63,0.15122560,0.00019145449
14051,63,0.15436491,0.00019145449
14052,63,0.16598451,0.00019145449
14053,63,0.15692510,0.00019144826
14054,63,0.14239752,0.00019144826
14055,63,0.16251153,0.00019144826
14056,63,0.15001345,0.00019144203
14057,63,0.13702112,0.00019144203
14058,63,0.13288814,0.00019144203
14059,63,0.14281806,0.00019143579
14060,63,0.14751378,0.00019143579
14061,63,0.13203846,0.00019143579
14062,63,0.12549800,0.00019142955
14063,63,0.17885439,0.00019142955
14064,63,0.15857618,0.00019142955
14065,63,0.16387711,0.00019142332
14066,63,0.16902220,0.00019142332
14067,63,0.12990735,0.00019142332
14068,63,0.17414694,0.00019141707
14069,63,0.14260969,0.00019141707
14070,63,0.17833702,0.00019141707
14071,63,0.13144824,0.00019141083
14072,63,0.16354406,0.00019141083
14073,63,0.12853752,0.00019141083
14074,63,0.16114715,0.00019140459
14075,63,0.12796435,0.00019140459
14076,63,0.13367307,0.00019140459
14077,63,0.13799807,0.00019139834
14078,63,0.11509620,0.00019139834
14079,63,0.14771743,0.00019139834
14080,63,0.14270784,0.00019139209
14081,63,0.12588693,0.00019139209
14082,63,0.12937999,0.00019139209
14083,63,0.15289359,0.00019138584
14084,63,0.16377667,0.00019138584
14085,63,0.19655073,0.00019138584
14086,63,0.14404522,0.00019137958
14087,63,0.15049741,0.00019137958
14088,63,0.15446734,0.00019137958
14089,63,0.13757256,0.00019137333
14090,63,0.15786198,0.00019137333
14091,63,0.11522376,0.00019137333
14092,63,0.16929647,0.00019136707
14093,63,0.13341783,0.00019136707
14094,63,0.15495923,0.00019136707
14095,63,0.17179148,0.00019136081
14096,63,0.15745693,0.00019136081
14097,63,0.14859131,0.00019136081
14098,63,0.14368340,0.00019135455
14099,63,0.14744186,0.00019135455
14100,63,0.15792967,0.00019135455
14101,63,0.17182979,0.00019134828
14102,63,0.20404121,0.00019134828
14103,63,0.14479189,0.00019134828
14104,63,0.16621757,0.00019134201
14105,63,0.16408464,0.00019134201
14106,63,0.14156757,0.00019134201
14107,63,0.23111385,0.00019133574
14108,63,0.13362384,0.00019133574
14109,63,0.14930440,0.00019133574
14110,63,0.13818516,0.00019132947
14111,63,0.16193402,0.00019132947
14112,63,0.16753064,0.0001913232
14113,64,0.13879141,0.0001913232
14114,64,0.14560483,0.0001913232
14115,64,0.14490049,0.00019131692
14116,64,0.13553421,0.00019131692
14117,64,0.14301887,0.00019131692
14118,64,0.13034579,0.00019131065
14119,64,0.19127336,0.00019131065
14120,64,0.13950518,0.00019131065
14121,64,0.12633263,0.00019130437
14122,64,0.17601833,0.00019130437
14123,64,0.20477316,0.00019130437
14124,64,0.13483611,0.00019129808
14125,64,0.18067126,0.00019129808
14126,64,0.17017838,0.00019129808
14127,64,0.18851563,0.0001912918
14128,64,0.12688170,0.0001912918
14129,64,0.16533630,0.0001912918
14130,64,0.16309190,0.00019128551
14131,64,0.11831474,0.00019128551
14132,64,0.14334849,0.00019128551
14133,64,0.19541657,0.00019127923
14134,64,0.14232856,0.00019127923
14135,64,0.16382594,0.00019127923
14136,64,0.15507874,0.00019127293
14137,64,0.13138501,0.00019127293
14138,64,0.16513175,0.00019127293
14139,64,0.15080661,0.00019126664
14140,64,0.14866880,0.00019126664
14141,64,0.14099774,0.00019126664
14142,64,0.12486606,0.00019126035
14143,64,0.14205259,0.00019126035
14144,64,0.15877853,0.00019126035
14145,64,0.13079794,0.00019125405
14146,64,0.16652839,0.00019125405
14147,64,0.17289452,0.00019125405
14148,64,0.10388355,0.00019124775
14149,64,0.16572176,0.00019124775
14150,64,0.15177475,0.00019124775
14151,64,0.17291075,0.00019124145
14152,64,0.19492494,0.00019124145
14153,64,0.15715158,0.00019124145
14154,64,0.13610464,0.00019123514
14155,64,0.14074168,0.00019123514
14156,64,0.15086676,0.00019123514
14157,64,0.13644125,0.00019122884
14158,64,0.14940576,0.00019122884
14159,64,0.13899016,0.00019122884
14160,64,0.13283673,0.00019122253
14161,64,0.16461688,0.00019122253
14162,64,0.17383957,0.00019122253
14163,64,0.14076591,0.00019121622
14164,64,0.15495951,0.00019121622
14165,64,0.17815900,0.00019121622
14166,64,0.21231672,0.00019120991
14167,64,0.13707051,0.00019120991
14168,64,0.17375720,0.00019120991
14169,64,0.11335700,0.00019120359
14170,64,0.14390367,0.00019120359
14171,64,0.15375569,0.00019120359
14172,64,0.15372895,0.00019119728
14173,64,0.15922831,0.00019119728
14174,64,0.16011363,0.00019119728
14175,64,0.16161984,0.00019119096
14176,64,0.16492184,0.00019119096
14177,64,0.14698082,0.00019119096
14178,64,0.16400409,0.00019118464
14179,64,0.18825662,0.00019118464
14180,64,0.12978242,0.00019118464
14181,64,0.12447695,0.00019117831
14182,64,0.15005380,0.00019117831
14183,64,0.19171159,0.00019117831
14184,64,0.14990485,0.00019117199
14185,64,0.17054939,0.00019117199
14186,64,0.12131923,0.00019117199
14187,64,0.11819489,0.00019116566
14188,64,0.17754436,0.00019116566
14189,64,0.16930072,0.00019116566
14190,64,0.15117495,0.00019115933
14191,64,0.16978663,0.00019115933
14192,64,0.14421064,0.00019115933
14193,64,0.18237977,0.000191153
14194,64,0.13650264,0.000191153
14195,64,0.15074915,0.000191153
14196,64,0.14687924,0.00019114666
14197,64,0.13344400,0.00019114666
14198,64,0.14661416,0.00019114666
14199,64,0.16279483,0.00019114033
14200,64,0.18158130,0.00019114033
14201,64,0.17138374,0.00019114033
14202,64,0.14018241,0.00019113399
14203,64,0.21229523,0.00019113399
14204,64,0.15944144,0.00019113399
14205,64,0.14861897,0.00019112765
14206,64,0.17489228,0.00019112765
14207,64,0.13885894,0.00019112765
14208,64,0.15604153,0.00019112131
14209,64,0.15153949,0.00019112131
14210,64,0.13326123,0.00019112131
14211,64,0.16676047,0.00019111496
14212,64,0.13842350,0.00019111496
14213,64,0.15668786,0.00019111496
14214,64,0.15833655,0.00019110861
14215,64,0.12694000,0.00019110861
14216,64,0.16722888,0.00019110861
14217,64,0.16364174,0.00019110226
14218,64,0.14756428,0.00019110226
14219,64,0.12853709,0.00019110226
14220,64,0.14370808,0.00019109591
14221,64,0.15129665,0.00019109591
14222,64,0.13495019,0.00019109591
14223,64,0.15158293,0.00019108956
14224,64,0.13293126,0.00019108956
14225,64,0.16777097,0.00019108956
14226,64,0.17440081,0.0001910832
14227,64,0.15095448,0.0001910832
14228,64,0.12878916,0.0001910832
14229,64,0.15541290,0.00019107685
14230,64,0.17297326,0.00019107685
14231,64,0.15079395,0.00019107685
14232,64,0.16423640,0.00019107049
14233,64,0.15022311,0.00019107049
14234,64,0.15950495,0.00019107049
14235,64,0.20159903,0.00019106412
14236,64,0.13420789,0.00019106412
14237,64,0.14771408,0.00019106412
14238,64,0.14615884,0.00019105776
14239,64,0.16400045,0.00019105776
14240,64,0.18457395,0.00019105776
14241,64,0.13138157,0.00019105139
14242,64,0.17025356,0.00019105139
14243,64,0.19434240,0.00019105139
14244,64,0.16010541,0.00019104502
14245,64,0.17411384,0.00019104502
14246,64,0.16184090,0.00019104502
14247,64,0.14649579,0.00019103865
14248,64,0.14189622,0.00019103865
14249,64,0.14500445,0.00019103865
14250,64,0.12812731,0.00019103228
14251,64,0.15460792,0.00019103228
14252,64,0.11141201,0.00019103228
14253,64,0.12755318,0.00019102591
14254,64,0.15524326,0.00019102591
14255,64,0.16448984,0.00019102591
14256,64,0.14208907,0.00019101953
14257,64,0.14091516,0.00019101953
14258,64,0.15852641,0.00019101953
14259,64,0.16046831,0.00019101315
14260,64,0.13986227,0.00019101315
14261,64,0.15217122,0.00019101315
14262,64,0.12882066,0.00019100677
14263,64,0.14726388,0.00019100677
14264,64,0.17092252,0.00019100677
14265,64,0.12093320,0.00019100038
14266,64,0.17668712,0.00019100038
14267,64,0.19974625,0.00019100038
14268,64,0.12076180,0.000190994
14269,64,0.14249289,0.000190994
14270,64,0.17358804,0.000190994
14271,64,0.17812055,0.00019098761
14272,64,0.15210047,0.00019098761
14273,64,0.12512715,0.00019098761
14274,64,0.14146897,0.00019098122
14275,64,0.14596300,0.00019098122
14276,64,0.16543426,0.00019098122
14277,64,0.15332514,0.00019097483
14278,64,0.13995355,0.00019097483
14279,64,0.14944729,0.00019097483
14280,64,0.14367419,0.00019096843
14281,64,0.16695970,0.00019096843
14282,64,0.12667613,0.00019096843
14283,64,0.12835151,0.00019096204
14284,64,0.15695029,0.00019096204
14285,64,0.15816610,0.00019096204
14286,64,0.13452384,0.00019095564
14287,64,0.14201668,0.00019095564
14288,64,0.16032599,0.00019095564
14289,64,0.15883720,0.00019094924
14290,64,0.13946584,0.00019094924
14291,64,0.14563306,0.00019094924
14292,64,0.15669076,0.00019094283
14293,64,0.14919478,0.00019094283
14294,64,0.13606417,0.00019094283
14295,64,0.15510103,0.00019093643
14296,64,0.17463832,0.00019093643
14297,64,0.18352219,0.00019093643
14298,64,0.15271418,0.00019093002
14299,64,0.16640224,0.00019093002
14300,64,0.15118551,0.00019093002
14301,64,0.18032591,0.00019092361
14302,64,0.15511230,0.00019092361
14303,64,0.16239524,0.00019092361
14304,64,0.16257577,0.0001909172
14305,64,0.16277851,0.0001909172
14306,64,0.15130413,0.0001909172
14307,64,0.13474318,0.00019091079
14308,64,0.17223126,0.00019091079
14309,64,0.11454879,0.00019091079
14310,64,0.16951780,0.00019090437
14311,64,0.15899512,0.00019090437
14312,64,0.16656893,0.00019090437
14313,64,0.14497432,0.00019089795
14314,64,0.13375680,0.00019089795
14315,64,0.14080295,0.00019089795
14316,64,0.17170215,0.00019089153
14317,64,0.13047720,0.00019089153
14318,64,0.13696109,0.00019089153
14319,64,0.15976822,0.00019088511
14320,64,0.15231016,0.00019088511
14321,64,0.14393389,0.00019088511
14322,64,0.16537288,0.00019087868
14323,64,0.12785746,0.00019087868
14324,64,0.14882265,0.00019087868
14325,64,0.14201081,0.00019087226
14326,64,0.13120930,0.00019087226
14327,64,0.17135295,0.00019087226
14328,64,0.15661003,0.00019086583
14329,64,0.16205870,0.00019086583
14330,64,0.14866838,0.00019086583
14331,64,0.16475126,0.0001908594
14332,64,0.13921943,0.0001908594
14333,64,0.14898765,0.0001908594
14334,64,0.12162095,0.00019085296
14335,64,0.15862051,0.00019085296
14336,64,0.12122537,0.00019084653
14337,65,0.14834607,0.00019084653
14338,65,0.14617927,0.00019084653
14339,65,0.16725998,0.00019084009
14340,65,0.12591845,0.00019084009
14341,65,0.15912101,0.00019084009
14342,65,0.16679977,0.00019083365
14343,65,0.14037633,0.00019083365
14344,65,0.14428756,0.00019083365
14345,65,0.13097939,0.00019082721
14346,65,0.15657938,0.00019082721
14347,65,0.14137682,0.00019082721
14348,65,0.12928438,0.00019082076
14349,65,0.19409555,0.00019082076
14350,65,0.14028662,0.00019082076
14351,65,0.19286284,0.00019081432
14352,65,0.12162365,0.00019081432
14353,65,0.14642973,0.00019081432
14354,65,0.15718275,0.00019080787
14355,65,0.15183158,0.00019080787
14356,65,0.13076745,0.00019080787
14357,65,0.11724070,0.00019080142
14358,65,0.18337691,0.00019080142
14359,65,0.14692882,0.00019080142
14360,65,0.16397797,0.00019079497
14361,65,0.18442957,0.00019079497
14362,65,0.17077339,0.00019079497
14363,65,0.14943407,0.00019078851
14364,65,0.14621854,0.00019078851
14365,65,0.15772711,0.00019078851
14366,65,0.14917491,0.00019078205
14367,65,0.15245429,0.00019078205
14368,65,0.15265235,0.00019078205
14369,65,0.17856495,0.00019077559
14370,65,0.13248862,0.00019077559
14371,65,0.17935157,0.00019077559
14372,65,0.17672512,0.00019076913
14373,65,0.18211585,0.00019076913
14374,65,0.13980445,0.00019076913
14375,65,0.15149280,0.00019076267
14376,65,0.15445884,0.00019076267
14377,65,0.12993905,0.00019076267
14378,65,0.15395996,0.0001907562
14379,65,0.15168819,0.0001907562
14380,65,0.13361186,0.0001907562
14381,65,0.14906564,0.00019074974
14382,65,0.15377182,0.00019074974
14383,65,0.13775079,0.00019074974
14384,65,0.15493205,0.00019074327
14385,65,0.13823617,0.00019074327
14386,65,0.14942229,0.00019074327
14387,65,0.14510721,0.00019073679
14388,65,0.14699934,0.00019073679
14389,65,0.14322512,0.00019073679
14390,65,0.16807127,0.00019073032
14391,65,0.16167691,0.00019073032
14392,65,0.13732474,0.00019073032
14393,65,0.16476634,0.00019072384
14394,65,0.12258890,0.00019072384
14395,65,0.15938359,0.00019072384
14396,65,0.11931044,0.00019071736
14397,65,0.16176531,0.00019071736
14398,65,0.13276568,0.00019071736
14399,65,0.15677702,0.00019071088
14400,65,0.19121534,0.00019071088
14401,65,0.14287488,0.00019071088
14402,65,0.12744471,0.0001907044
14403,65,0.14345571,0.0001907044
14404,65,0.19230036,0.0001907044
14405,65,0.10751083,0.00019069792
14406,65,0.15400884,0.00019069792
14407,65,0.16372791,0.00019069792
14408,65,0.16851275,0.00019069143
14409,65,0.16097434,0.00019069143
14410,65,0.16892305,0.00019069143
14411,65,0.13892901,0.00019068494
14412,65,0.13289279,0.00019068494
14413,65,0.11843394,0.00019068494
14414,65,0.15284348,0.00019067845
14415,65,0.13908720,0.00019067845
14416,65,0.19948852,0.00019067845
14417,65,0.13459602,0.00019067195
14418,65,0.12668197,0.00019067195
14419,65,0.15080330,0.00019067195
14420,65,0.14203219,0.00019066546
14421,65,0.15150234,0.00019066546
14422,65,0.13633108,0.00019066546
14423,65,0.15097019,0.00019065896
14424,65,0.14079118,0.00019065896
14425,65,0.17126988,0.00019065896
14426,65,0.17273855,0.00019065246
14427,65,0.13965982,0.00019065246
14428,65,0.14192253,0.00019065246
14429,65,0.13029705,0.00019064596
14430,65,0.15931341,0.00019064596
14431,65,0.16313206,0.00019064596
14432,65,0.15481231,0.00019063945
14433,65,0.15300946,0.00019063945
14434,65,0.14597379,0.00019063945
14435,65,0.17085180,0.00019063295
14436,65,0.12493738,0.00019063295
14437,65,0.15542623,0.00019063295
14438,65,0.13216063,0.00019062644
14439,65,0.12452410,0.00019062644
14440,65,0.14794360,0.00019062644
14441,65,0.14863239,0.00019061993
14442,65,0.17131755,0.00019061993
14443,65,0.14312716,0.00019061993
14444,65,0.17999952,0.00019061342
14445,65,0.12272578,0.00019061342
14446,65,0.14061987,0.00019061342
14447,65,0.13204186,0.0001906069
14448,65,0.14751682,0.0001906069
14449,65,0.14710236,0.0001906069
14450,65,0.16258626,0.00019060038
14451,65,0.13682225,0.00019060038
14452,65,0.15537721,0.00019060038
14453,65,0.15467215,0.00019059386
14454,65,0.17990983,0.00019059386
14455,65,0.17116818,0.00019059386
14456,65,0.13917154,0.00019058734
14457,65,0.13843548,0.00019058734
14458,65,0.18314251,0.00019058734
14459,65,0.16116661,0.00019058082
14460,65,0.16471466,0.00019058082
14461,65,0.14422670,0.00019058082
14462,65,0.15956676,0.00019057429
14463,65,0.14877048,0.00019057429
14464,65,0.20508409,0.00019057429
14465,65,0.15031940,0.00019056776
14466,65,0.21756056,0.00019056776
14467,65,0.15203474,0.00019056776
14468,65,0.14249574,0.00019056123
14469,65,0.13194653,0.00019056123
14470,65,0.15019284,0.00019056123
14471,65,0.12741981,0.0001905547
14472,65,0.16165608,0.0001905547
14473,65,0.11198696,0.0001905547
14474,65,0.12556700,0.00019054817
14475,65,0.20313016,0.00019054817
14476,65,0.14593402,0.00019054817
14477,65,0.15293914,0.00019054163
14478,65,0.13289611,0.00019054163
14479,65,0.14182425,0.00019054163
14480,65,0.16170979,0.00019053509
14481,65,0.17877448,0.00019053509
14482,65,0.11841382,0.00019053509
14483,65,0.15534167,0.00019052855
14484,65,0.18961136,0.00019052855
14485,65,0.17215002,0.00019052855
14486,65,0.16698340,0.00019052201
14487,65,0.14326671,0.00019052201
14488,65,0.14586619,0.00019052201
14489,65,0.14714304,0.00019051546
14490,65,0.15181822,0.00019051546
14491,65,0.13906321,0.00019051546
14492,65,0.15260714,0.00019050892
14493,65,0.12013551,0.00019050892
14494,65,0.14419045,0.00019050892
14495,65,0.16882369,0.00019050237
14496,65,0.13454890,0.00019050237
14497,65,0.15397166,0.00019050237
14498,65,0.14224771,0.00019049581
14499,65,0.13657743,0.00019049581
14500,65,0.11523247,0.00019049581
14501,65,0.16064832,0.00019048926
14502,65,0.15165785,0.00019048926
14503,65,0.19414121,0.00019048926
14504,65,0.18359785,0.00019048271
14505,65,0.13171774,0.00019048271
14506,65,0.13099742,0.00019048271
14507,65,0.14102696,0.00019047615
14508,65,0.16890574,0.00019047615
14509,65,0.16582814,0.00019047615
14510,65,0.14630610,0.00019046959
14511,65,0.17331707,0.00019046959
14512,65,0.17219940,0.00019046959
14513,65,0.15423140,0.00019046302
14514,65,0.16134779,0.00019046302
14515,65,0.16433391,0.00019046302
14516,65,0.17118034,0.00019045646
14517,65,0.21469378,0.00019045646
14518,65,0.16818225,0.00019045646
14519,65,0.17842256,0.00019044989
14520,65,0.15115844,0.00019044989
14521,65,0.14217101,0.00019044989
14522,65,0.12625469,0.00019044332
14523,65,0.14973190,0.00019044332
14524,65,0.16028181,0.00019044332
14525,65,0.13808811,0.00019043675
14526,65,0.14498466,0.00019043675
14527,65,0.14890908,0.00019043675
14528,65,0.14411092,0.00019043018
14529,65,0.13813096,0.00019043018
14530,65,0.16907343,0.00019043018
14531,65,0.14015749,0.00019042361
14532,65,0.16170254,0.00019042361
14533,65,0.15664384,0.00019042361
14534,65,0.16116999,0.00019041703
14535,65,0.16290808,0.00019041703
14536,65,0.18230450,0.00019041703
14537,65,0.16689119,0.00019041045
14538,65,0.14169452,0.00019041045
14539,65,0.15951179,0.00019041045
14540,65,0.15771812,0.00019040387
14541,65,0.14162719,0.00019040387
14542,65,0.16831067,0.00019040387
14543,65,0.17499781,0.00019039728
14544,65,0.18644039,0.00019039728
14545,65,0.13129428,0.00019039728
14546,65,0.12396657,0.0001903907
14547,65,0.14922696,0.0001903907
14548,65,0.13168238,0.0001903907
14549,65,0.12273753,0.00019038411
14550,65,0.15994504,0.00019038411
14551,65,0.14576368,0.00019038411
14552,65,0.16408721,0.00019037752
14553,65,0.14019775,0.00019037752
14554,65,0.12808874,0.00019037752
14555,65,0.19065981,0.00019037093
14556,65,0.16895835,0.00019037093
14557,65,0.17365584,0.00019037093
14558,65,0.13921992,0.00019036433
14559,65,0.13063894,0.00019036433
14560,65,0.16633174,0.00019035774
14561,66,0.14559589,0.00019035774
14562,66,0.13671912,0.00019035774
14563,66,0.19193231,0.00019035114
14564,66,0.13248871,0.00019035114
14565,66,0.15472518,0.00019035114
14566,66,0.15076280,0.00019034454
14567,66,0.17335419,0.00019034454
14568,66,0.14243180,0.00019034454
14569,66,0.15809247,0.00019033793
14570,66,0.17041902,0.00019033793
14571,66,0.15599781,0.00019033793
14572,66,0.15671131,0.00019033133
14573,66,0.17358558,0.00019033133
14574,66,0.14824450,0.00019033133
14575,66,0.15732789,0.00019032472
14576,66,0.13718931,0.00019032472
14577,66,0.15148154,0.00019032472
14578,66,0.14885901,0.00019031811
14579,66,0.14616483,0.00019031811
14580,66,0.19002873,0.00019031811
14581,66,0.16353279,0.0001903115
14582,66,0.10669674,0.0001903115
14583,66,0.16179954,0.0001903115
14584,66,0.13815343,0.00019030488
14585,66,0.14796507,0.00019030488
14586,66,0.17951767,0.00019030488
14587,66,0.15911944,0.00019029827
14588,66,0.17153573,0.00019029827
14589,66,0.14790562,0.00019029827
14590,66,0.14268284,0.00019029165
14591,66,0.15152004,0.00019029165
14592,66,0.15321884,0.00019029165
14593,66,0.12239504,0.00019028503
14594,66,0.15758136,0.00019028503
14595,66,0.14836246,0.00019028503
14596,66,0.16768169,0.00019027841
14597,66,0.18736708,0.00019027841
14598,66,0.19379744,0.00019027841
14599,66,0.17798936,0.00019027178
14600,66,0.12292310,0.00019027178
14601,66,0.14304009,0.00019027178
14602,66,0.15900867,0.00019026516
14603,66,0.18739566,0.00019026516
14604,66,0.12115791,0.00019026516
14605,66,0.14878798,0.00019025853
14606,66,0.12824614,0.00019025853
14607,66,0.14395241,0.00019025853
14608,66,0.13659632,0.0001902519
14609,66,0.11789177,0.0001902519
14610,66,0.13417768,0.0001902519
14611,66,0.14752501,0.00019024526
14612,66,0.13292424,0.00019024526
14613,66,0.15275472,0.00019024526
14614,66,0.15862221,0.00019023863
14615,66,0.15514827,0.00019023863
14616,66,0.15558629,0.00019023863
14617,66,0.15240026,0.00019023199
14618,66,0.14373283,0.00019023199
14619,66,0.12207439,0.00019023199
14620,66,0.13853253,0.00019022535
14621,66,0.17633621,0.00019022535
14622,66,0.12333733,0.00019022535
14623,66,0.18564418,0.00019021871
14624,66,0.17042790,0.00019021871
14625,66,0.16493316,0.00019021871
14626,66,0.14832789,0.00019021207
14627,66,0.14764449,0.00019021207
14628,66,0.14451902,0.00019021207
14629,66,0.14017504,0.00019020542
14630,66,0.13797697,0.00019020542
14631,66,0.13521771,0.00019020542
14632,66,0.12886411,0.00019019877
14633,66,0.15105304,0.00019019877
14634,66,0.12077099,0.00019019877
14635,66,0.12174012,0.00019019212
14636,66,0.12862945,0.00019019212
14637,66,0.15270245,0.00019019212
14638,66,0.17734984,0.00019018547
14639,66,0.10931060,0.00019018547
14640,66,0.13516901,0.00019018547
14641,66,0.14443092,0.00019017882
14642,66,0.17126851,0.00019017882
14643,66,0.13922553,0.00019017882
14644,66,0.16153960,0.00019017216
14645,66,0.15008919,0.00019017216
14646,66,0.15838453,0.00019017216
14647,66,0.12811458,0.0001901655
14648,66,0.14633094,0.0001901655
14649,66,0.16269657,0.0001901655
14650,66,0.15013763,0.00019015884
14651,66,0.13642055,0.00019015884
14652,66,0.14885689,0.00019015884
14653,66,0.15632614,0.00019015218
14654,66,0.13738465,0.00019015218
14655,66,0.15537468,0.00019015218
14656,66,0.12383898,0.00019014551
14657,66,0.14009808,0.00019014551
14658,66,0.17669082,0.00019014551
14659,66,0.14770773,0.00019013884
14660,66,0.14412110,0.00019013884
14661,66,0.15487340,0.00019013884
14662,66,0.15200619,0.00019013217
14663,66,0.15526561,0.00019013217
14664,66,0.15561047,0.00019013217
14665,66,0.15838806,0.0001901255
14666,66,0.13101402,0.0001901255
14667,66,0.10926367,0.0001901255
14668,66,0.15087895,0.00019011883
14669,66,0.18739258,0.00019011883
14670,66,0.16301356,0.00019011883
14671,66,0.16802070,0.00019011215
14672,66,0.16133684,0.00019011215
14673,66,0.13268402,0.00019011215
14674,66,0.12090232,0.00019010548
14675,66,0.13623688,0.00019010548
14676,66,0.15496650,0.00019010548
14677,66,0.14744222,0.0001900988
14678,66,0.14042178,0.0001900988
14679,66,0.13110223,0.0001900988
14680,66,0.17326364,0.00019009211
14681,66,0.15572083,0.00019009211
14682,66,0.14501229,0.00019009211
14683,66,0.17037222,0.00019008543
14684,66,0.16183546,0.00019008543
14685,66,0.14493476,0.00019008543
14686,66,0.14872459,0.00019007874
14687,66,0.14992252,0.00019007874
14688,66,0.13767105,0.00019007874
14689,66,0.14021912,0.00019007205
14690,66,0.12049475,0.00019007205
14691,66,0.13210376,0.00019007205
14692,66,0.13431838,0.00019006536
14693,66,0.14773694,0.00019006536
14694,66,0.15074846,0.00019006536
14695,66,0.12815654,0.00019005867
14696,66,0.19484971,0.00019005867
14697,66,0.13210665,0.00019005867
14698,66,0.15119886,0.00019005198
14699,66,0.14386712,0.00019005198
14700,66,0.14117931,0.00019005198
14701,66,0.13612700,0.00019004528
14702,66,0.14583081,0.00019004528
14703,66,0.15562466,0.00019004528
14704,66,0.17771654,0.00019003858
14705,66,0.16456270,0.00019003858
14706,66,0.14739633,0.00019003858
14707,66,0.14254192,0.00019003188
14708,66,0.15725245,0.00019003188
14709,66,0.16855679,0.00019003188
14710,66,0.12203455,0.00019002517
14711,66,0.16177772,0.00019002517
14712,66,0.15001813,0.00019002517
14713,66,0.13062648,0.00019001847
14714,66,0.15031871,0.00019001847
14715,66,0.16440949,0.00019001847
14716,66,0.13687102,0.00019001176
14717,66,0.14106795,0.00019001176
14718,66,0.14549039,0.00019001176
14719,66,0.17453620,0.00019000505
14720,66,0.13881610,0.00019000505
14721,66,0.16194221,0.00019000505
14722,66,0.15153849,0.00018999834
14723,66,0.13493077,0.00018999834
14724,66,0.14834785,0.00018999834
14725,66,0.15657453,0.00018999162
14726,66,0.15192801,0.00018999162
14727,66,0.16213608,0.00018999162
14728,66,0.15697935,0.00018998491
14729,66,0.13622344,0.00018998491
14730,66,0.13044176,0.00018998491
14731,66,0.15179437,0.00018997819
14732,66,0.15305305,0.00018997819
14733,66,0.12202680,0.00018997819
14734,66,0.17833686,0.00018997147
14735,66,0.13068670,0.00018997147
14736,66,0.16867778,0.00018997147
14737,66,0.14815660,0.00018996474
14738,66,0.16141337,0.00018996474
14739,66,0.18736075,0.00018996474
14740,66,0.11673939,0.00018995802
14741,66,0.13797224,0.00018995802
14742,66,0.15091768,0.00018995802
14743,66,0.15582876,0.00018995129
14744,66,0.14719215,0.00018995129
14745,66,0.13540433,0.00018995129
14746,66,0.17132871,0.00018994456
14747,66,0.15790674,0.00018994456
14748,66,0.16150419,0.00018994456
14749,66,0.16625112,0.00018993783
14750,66,0.14396901,0.00018993783
14751,66,0.15398929,0.00018993783
14752,66,0.13317309,0.0001899311
14753,66,0.14871590,0.0001899311
14754,66,0.15447971,0.0001899311
14755,66,0.15729760,0.00018992436
14756,66,0.16151422,0.00018992436
14757,66,0.13630848,0.00018992436
14758,66,0.13676314,0.00018991763
14759,66,0.18468177,0.00018991763
14760,66,0.19860302,0.00018991763
14761,66,0.15730166,0.00018991089
14762,66,0.15433697,0.00018991089
14763,66,0.13028057,0.00018991089
14764,66,0.14919916,0.00018990414
14765,66,0.18488109,0.00018990414
14766,66,0.15574473,0.00018990414
14767,66,0.13398755,0.0001898974
14768,66,0.13732889,0.0001898974
14769,66,0.20410745,0.0001898974
14770,66,0.14237031,0.00018989065
14771,66,0.16891739,0.00018989065
14772,66,0.14150612,0.00018989065
14773,66,0.14770591,0.0001898839
14774,66,0.18596244,0.0001898839
14775,66,0.14156750,0.0001898839
14776,66,0.18430078,0.00018987715
14777,66,0.16196381,0.00018987715
14778,66,0.17069685,0.00018987715
14779,66,0.17616040,0.0001898704
14780,66,0.13908325,0.0001898704
14781,66,0.14672381,0.0001898704
14782,66,0.14006345,0.00018986365
14783,66,0.15930526,0.00018986365
14784,66,0.15110840,0.00018985689
14785,67,0.15477991,0.00018985689
14786,67,0.19817822,0.00018985689
14787,67,0.16705470,0.00018985013
14788,67,0.16567385,0.00018985013
14789,67,0.14339684,0.00018985013
14790,67,0.15391079,0.00018984337
14791,67,0.17429070,0.00018984337
14792,67,0.17379987,0.00018984337
14793,67,0.19457607,0.00018983661
14794,67,0.15803288,0.00018983661
14795,67,0.12010356,0.00018983661
14796,67,0.15772925,0.00018982984
14797,67,0.13433906,0.00018982984
14798,67,0.15373254,0.00018982984
14799,67,0.16393915,0.00018982307
14800,67,0.16692661,0.00018982307
14801,67,0.14372122,0.00018982307
14802,67,0.14004767,0.0001898163
14803,67,0.14126499,0.0001898163
14804,67,0.14866185,0.0001898163
14805,67,0.14485407,0.00018980953
14806,67,0.13816959,0.00018980953
14807,67,0.13708594,0.00018980953
14808,67,0.14634973,0.00018980276
14809,67,0.16460180,0.00018980276
14810,67,0.15344863,0.00018980276
14811,67,0.14819519,0.00018979598
14812,67,0.13162771,0.00018979598
14813,67,0.12765336,0.00018979598
14814,67,0.14646648,0.0001897892
14815,67,0.14636736,0.0001897892
14816,67,0.14919518,0.0001897892
14817,67,0.13330042,0.00018978242
14818,67,0.17747894,0.00018978242
14819,67,0.16972503,0.00018978242
14820,67,0.12898615,0.00018977564
14821,67,0.15948783,0.00018977564
14822,67,0.13747773,0.00018977564
14823,67,0.17282383,0.00018976886
14824,67,0.14637291,0.00018976886
14825,67,0.15996805,0.00018976886
14826,67,0.15560335,0.00018976207
14827,67,0.15456238,0.00018976207
14828,67,0.19776353,0.00018976207
14829,67,0.14170054,0.00018975528
14830,67,0.12929055,0.00018975528
14831,67,0.13309860,0.00018975528
14832,67,0.12113446,0.00018974849
14833,67,0.16116410,0.00018974849
14834,67,0.13682035,0.00018974849
14835,67,0.15613954,0.0001897417
14836,67,0.14768279,0.0001897417
14837,67,0.11284026,0.0001897417
14838,67,0.12829983,0.0001897349
14839,67,0.13135897,0.0001897349
14840,67,0.14202067,0.0001897349
14841,67,0.14279372,0.0001897281
14842,67,0.14385515,0.0001897281
14843,67,0.18146864,0.0001897281
14844,67,0.15352359,0.0001897213
14845,67,0.16676173,0.0001897213
14846,67,0.16415933,0.0001897213
14847,67,0.15827465,0.0001897145
14848,67,0.16054437,0.0001897145
14849,67,0.15844935,0.0001897145
14850,67,0.16037330,0.0001897077
14851,67,0.14422087,0.0001897077
14852,67,0.14930391,0.0001897077
14853,67,0.12402326,0.00018970089
14854,67,0.15890352,0.00018970089
14855,67,0.14251810,0.00018970089
14856,67,0.18841682,0.00018969408
14857,67,0.14825824,0.00018969408
14858,67,0.16889080,0.00018969408
14859,67,0.15754543,0.00018968727
14860,67,0.18366155,0.00018968727
14861,67,0.17720352,0.00018968727
14862,67,0.12746246,0.00018968046
14863,67,0.17603526,0.00018968046
14864,67,0.14004211,0.00018968046
14865,67,0.13169423,0.00018967365
14866,67,0.14874749,0.00018967365
14867,67,0.17066018,0.00018967365
14868,67,0.15178896,0.00018966683
14869,67,0.14227401,0.00018966683
14870,67,0.14764464,0.00018966683
14871,67,0.15838262,0.00018966001
14872,67,0.19757895,0.00018966001
14873,67,0.14804989,0.00018966001
14874,67,0.11852221,0.00018965319
14875,67,0.18957356,0.00018965319
14876,67,0.13354138,0.00018965319
14877,67,0.14515512,0.00018964637
14878,67,0.16425955,0.00018964637
14879,67,0.14739080,0.00018964637
14880,67,0.14324504,0.00018963954
14881,67,0.12934433,0.00018963954
14882,67,0.16925910,0.00018963954
14883,67,0.14839777,0.00018963272
14884,67,0.15786381,0.00018963272
14885,67,0.15451697,0.00018963272
14886,67,0.16087788,0.00018962589
14887,67,0.17737500,0.00018962589
14888,67,0.15157402,0.00018962589
14889,67,0.14860436,0.00018961906
14890,67,0.14745800,0.00018961906
14891,67,0.18693531,0.00018961906
14892,67,0.16605078,0.00018961222
14893,67,0.11397546,0.00018961222
14894,67,0.16674399,0.00018961222
14895,67,0.15118913,0.00018960539
14896,67,0.15122047,0.00018960539
14897,67,0.15256014,0.00018960539
14898,67,0.11863357,0.00018959855
14899,67,0.13492590,0.00018959855
14900,67,0.16025561,0.00018959855
14901,67,0.13001516,0.00018959171
14902,67,0.21312615,0.00018959171
14903,67,0.17496870,0.00018959171
14904,67,0.15459189,0.00018958487
14905,67,0.15838107,0.00018958487
14906,67,0.17442930,0.00018958487
14907,67,0.17843494,0.00018957802
14908,67,0.12845647,0.00018957802
14909,67,0.14352685,0.00018957802
14910,67,0.15944538,0.00018957118
14911,67,0.18117420,0.00018957118
14912,67,0.16432720,0.00018957118
14913,67,0.16707747,0.00018956433
14914,67,0.15748438,0.00018956433
14915,67,0.17460446,0.00018956433
14916,67,0.17243451,0.00018955748
14917,67,0.14180079,0.00018955748
14918,67,0.15977854,0.00018955748
14919,67,0.16103591,0.00018955062
14920,67,0.16683480,0.00018955062
14921,67,0.14421970,0.00018955062
14922,67,0.15186560,0.00018954377
14923,67,0.14383787,0.00018954377
14924,67,0.14940888,0.00018954377
14925,67,0.15513444,0.00018953691
14926,67,0.13401529,0.00018953691
14927,67,0.13877341,0.00018953691
14928,67,0.10901638,0.00018953005
14929,67,0.16561082,0.00018953005
14930,67,0.15603024,0.00018953005
14931,67,0.15999883,0.00018952319
14932,67,0.16167559,0.00018952319
14933,67,0.17913988,0.00018952319
14934,67,0.18361489,0.00018951633
14935,67,0.15747213,0.00018951633
14936,67,0.15774241,0.00018951633
14937,67,0.19303195,0.00018950946
14938,67,0.15359244,0.00018950946
14939,67,0.13176310,0.00018950946
14940,67,0.15876913,0.0001895026
14941,67,0.17567396,0.0001895026
14942,67,0.16478087,0.0001895026
14943,67,0.14506136,0.00018949573
14944,67,0.19864032,0.00018949573
14945,67,0.13537835,0.00018949573
14946,67,0.17127328,0.00018948885
14947,67,0.13830784,0.00018948885
14948,67,0.17553823,0.00018948885
14949,67,0.18113896,0.00018948198
14950,67,0.17188554,0.00018948198
14951,67,0.14174226,0.00018948198
14952,67,0.15317582,0.0001894751
14953,67,0.16377488,0.0001894751
14954,67,0.14042905,0.0001894751
14955,67,0.15775886,0.00018946823
14956,67,0.14221853,0.00018946823
14957,67,0.17353222,0.00018946823
14958,67,0.19181161,0.00018946135
14959,67,0.15401855,0.00018946135
14960,67,0.15204158,0.00018946135
14961,67,0.14632267,0.00018945446
14962,67,0.12148267,0.00018945446
14963,67,0.19311830,0.00018945446
14964,67,0.11862993,0.00018944758
14965,67,0.15744910,0.00018944758
14966,67,0.16565406,0.00018944758
14967,67,0.17971544,0.00018944069
14968,67,0.15224567,0.00018944069
14969,67,0.15089029,0.00018944069
14970,67,0.12977067,0.0001894338
14971,67,0.17370695,0.0001894338
14972,67,0.14486694,0.0001894338
14973,67,0.13934252,0.00018942691
14974,67,0.13790976,0.00018942691
14975,67,0.15539151,0.00018942691
14976,67,0.17951989,0.00018942002
14977,67,0.11870315,0.00018942002
14978,67,0.14328194,0.00018942002
14979,67,0.15273994,0.00018941313
14980,67,0.13219681,0.00018941313
14981,67,0.11840217,0.00018941313
14982,67,0.13958897,0.00018940623
14983,67,0.17392087,0.00018940623
14984,67,0.12928089,0.00018940623
14985,67,0.12141379,0.00018939933
14986,67,0.15767494,0.00018939933
14987,67,0.14741395,0.00018939933
14988,67,0.17691866,0.00018939243
14989,67,0.20382699,0.00018939243
14990,67,0.16202371,0.00018939243
14991,67,0.12626182,0.00018938552
14992,67,0.16886985,0.00018938552
14993,67,0.14579308,0.00018938552
14994,67,0.15085080,0.00018937862
14995,67,0.19121405,0.00018937862
14996,67,0.15122667,0.00018937862
14997,67,0.14675269,0.00018937171
14998,67,0.17849593,0.00018937171
14999,67,0.15866053,0.00018937171
15000,67,0.14106423,0.0001893648
15001,67,0.16442540,0.0001893648
15002,67,0.13753761,0.0001893648
15003,67,0.15820681,0.00018935789
15004,67,0.19013360,0.00018935789
15005,67,0.15960938,0.00018935789
15006,67,0.14436254,0.00018935097
15007,67,0.13494179,0.00018935097
15008,67,0.17483263,0.00018934406
15009,68,0.16875923,0.00018934406
15010,68,0.15351537,0.00018934406
15011,68,0.15105034,0.00018933714
15012,68,0.13646086,0.00018933714
15013,68,0.16862071,0.00018933714
15014,68,0.15840715,0.00018933022
15015,68,0.16329560,0.00018933022
15016,68,0.14379971,0.00018933022
15017,68,0.17254269,0.0001893233
15018,68,0.14024118,0.0001893233
15019,68,0.15453325,0.0001893233
15020,68,0.15280947,0.00018931637
15021,68,0.15658897,0.00018931637
15022,68,0.13983677,0.00018931637
15023,68,0.14990485,0.00018930944
15024,68,0.19883291,0.00018930944
15025,68,0.14147630,0.00018930944
15026,68,0.19461584,0.00018930251
15027,68,0.14893524,0.00018930251
15028,68,0.17104888,0.00018930251
15029,68,0.16742532,0.00018929558
15030,68,0.12084030,0.00018929558
15031,68,0.13850865,0.00018929558
15032,68,0.15652436,0.00018928865
15033,68,0.16558436,0.00018928865
15034,68,0.15251675,0.00018928865
15035,68,0.20063525,0.00018928172
15036,68,0.16285756,0.00018928172
15037,68,0.17077541,0.00018928172
15038,68,0.13404503,0.00018927478
15039,68,0.16534843,0.00018927478
15040,68,0.15230206,0.00018927478
15041,68,0.13385862,0.00018926784
15042,68,0.13648039,0.00018926784
15043,68,0.13759992,0.00018926784
15044,68,0.15012515,0.0001892609
15045,68,0.13890517,0.0001892609
15046,68,0.13655633,0.0001892609
15047,68,0.13252240,0.00018925395
15048,68,0.16870877,0.00018925395
15049,68,0.19125955,0.00018925395
15050,68,0.15073758,0.00018924701
15051,68,0.15242533,0.00018924701
15052,68,0.15280661,0.00018924701
15053,68,0.14381324,0.00018924006
15054,68,0.16605037,0.00018924006
15055,68,0.17576329,0.00018924006
15056,68,0.16669743,0.00018923311
15057,68,0.14128762,0.00018923311
15058,68,0.12982491,0.00018923311
15059,68,0.13957554,0.00018922616
15060,68,0.13107088,0.00018922616
15061,68,0.13753185,0.00018922616
15062,68,0.14727989,0.0001892192
15063,68,0.16770864,0.0001892192
15064,68,0.15080127,0.0001892192
15065,68,0.14069828,0.00018921224
15066,68,0.15199769,0.00018921224
15067,68,0.14555287,0.00018921224
15068,68,0.16655713,0.00018920529
15069,68,0.20753786,0.00018920529
15070,68,0.19579339,0.00018920529
15071,68,0.14514081,0.00018919833
15072,68,0.14302111,0.00018919833
15073,68,0.14047535,0.00018919833
15074,68,0.12264471,0.00018919136
15075,68,0.17258835,0.00018919136
15076,68,0.15040430,0.00018919136
15077,68,0.14386311,0.0001891844
15078,68,0.15188912,0.0001891844
15079,68,0.14898257,0.0001891844
15080,68,0.17184918,0.00018917743
15081,68,0.14036794,0.00018917743
15082,68,0.17310333,0.00018917743
15083,68,0.16468765,0.00018917046
15084,68,0.13549758,0.00018917046
15085,68,0.11850379,0.00018917046
15086,68,0.18751201,0.00018916349
15087,68,0.18139994,0.00018916349
15088,68,0.13829860,0.00018916349
15089,68,0.16525096,0.00018915652
15090,68,0.18673298,0.00018915652
15091,68,0.15624663,0.00018915652
15092,68,0.15130536,0.00018914954
15093,68,0.19411473,0.00018914954
15094,68,0.15778381,0.00018914954
15095,68,0.15050928,0.00018914256
15096,68,0.15444082,0.00018914256
15097,68,0.14756396,0.00018914256
15098,68,0.15732223,0.00018913558
15099,68,0.14508097,0.00018913558
15100,68,0.13955994,0.00018913558
15101,68,0.12878674,0.0001891286
15102,68,0.14299606,0.0001891286
15103,68,0.14830258,0.0001891286
15104,68,0.17946774,0.00018912162
15105,68,0.19624996,0.00018912162
15106,68,0.16488907,0.00018912162
15107,68,0.17441575,0.00018911463
15108,68,0.12911987,0.00018911463
15109,68,0.13614197,0.00018911463
15110,68,0.13382193,0.00018910764
15111,68,0.13813961,0.00018910764
15112,68,0.15368161,0.00018910764
15113,68,0.15086737,0.00018910065
15114,68,0.13231634,0.00018910065
15115,68,0.13124637,0.00018910065
15116,68,0.15017161,0.00018909366
15117,68,0.16780052,0.00018909366
15118,68,0.15032695,0.00018909366
15119,68,0.14440896,0.00018908667
15120,68,0.16034414,0.00018908667
15121,68,0.14635590,0.00018908667
15122,68,0.14541571,0.00018907967
15123,68,0.14058474,0.00018907967
15124,68,0.13041846,0.00018907967
15125,68,0.15003836,0.00018907267
15126,68,0.13421404,0.00018907267
15127,68,0.12326147,0.00018907267
15128,68,0.15128022,0.00018906567
15129,68,0.17221837,0.00018906567
15130,68,0.16018435,0.00018906567
15131,68,0.13528880,0.00018905867
15132,68,0.16158953,0.00018905867
15133,68,0.14682174,0.00018905867
15134,68,0.17379162,0.00018905166
15135,68,0.14782339,0.00018905166
15136,68,0.13904122,0.00018905166
15137,68,0.14403801,0.00018904465
15138,68,0.13728939,0.00018904465
15139,68,0.13877997,0.00018904465
15140,68,0.17683932,0.00018903764
15141,68,0.19557707,0.00018903764
15142,68,0.14616290,0.00018903764
15143,68,0.15108301,0.00018903063
15144,68,0.15319583,0.00018903063
15145,68,0.12999634,0.00018903063
15146,68,0.15386030,0.00018902362
15147,68,0.16043365,0.00018902362
15148,68,0.17655949,0.00018902362
15149,68,0.18010263,0.0001890166
15150,68,0.15022075,0.0001890166
15151,68,0.15015708,0.0001890166
15152,68,0.17248130,0.00018900959
15153,68,0.16255669,0.00018900959
15154,68,0.16969702,0.00018900959
15155,68,0.14628212,0.00018900257
15156,68,0.14579132,0.00018900257
15157,68,0.14419591,0.00018900257
15158,68,0.14810285,0.00018899554
15159,68,0.12732854,0.00018899554
15160,68,0.12171072,0.00018899554
15161,68,0.21106744,0.00018898852
15162,68,0.14912015,0.00018898852
15163,68,0.16102634,0.00018898852
15164,68,0.14505035,0.00018898149
15165,68,0.16976342,0.00018898149
15166,68,0.14741796,0.00018898149
15167,68,0.12672985,0.00018897446
15168,68,0.13847876,0.00018897446
15169,68,0.15350677,0.00018897446
15170,68,0.17351930,0.00018896743
15171,68,0.13100675,0.00018896743
15172,68,0.14029771,0.00018896743
15173,68,0.15617339,0.0001889604
15174,68,0.13266757,0.0001889604
15175,68,0.18404996,0.0001889604
15176,68,0.15654650,0.00018895337
15177,68,0.14164740,0.00018895337
15178,68,0.13877127,0.00018895337
15179,68,0.14312927,0.00018894633
15180,68,0.13526392,0.00018894633
15181,68,0.17399430,0.00018894633
15182,68,0.16505039,0.00018893929
15183,68,0.15396938,0.00018893929
15184,68,0.18735051,0.00018893929
15185,68,0.14459646,0.00018893225
15186,68,0.16919558,0.00018893225
15187,68,0.14020947,0.00018893225
15188,68,0.16130477,0.00018892521
15189,68,0.15377665,0.00018892521
15190,68,0.16148385,0.00018892521
15191,68,0.14932002,0.00018891816
15192,68,0.13118665,0.00018891816
15193,68,0.12190130,0.00018891816
15194,68,0.13524254,0.00018891111
15195,68,0.17086434,0.00018891111
15196,68,0.14646947,0.00018891111
15197,68,0.16843854,0.00018890406
15198,68,0.16212700,0.00018890406
15199,68,0.12671427,0.00018890406
15200,68,0.14627737,0.00018889701
15201,68,0.12279296,0.00018889701
15202,68,0.16241466,0.00018889701
15203,68,0.16490428,0.00018888996
15204,68,0.12470056,0.00018888996
15205,68,0.14662091,0.00018888996
15206,68,0.12653695,0.0001888829
15207,68,0.14496176,0.0001888829
15208,68,0.14326237,0.0001888829
15209,68,0.14383048,0.00018887585
15210,68,0.16407041,0.00018887585
15211,68,0.15355605,0.00018887585
15212,68,0.12274967,0.00018886879
15213,68,0.17067242,0.00018886879
15214,68,0.13746224,0.00018886879
15215,68,0.17014413,0.00018886172
15216,68,0.19992761,0.00018886172
15217,68,0.16096282,0.00018886172
15218,68,0.13854855,0.00018885466
15219,68,0.13480976,0.00018885466
15220,68,0.13305005,0.00018885466
15221,68,0.14323939,0.00018884759
15222,68,0.14097768,0.00018884759
15223,68,0.12293821,0.00018884759
15224,68,0.15245691,0.00018884052
15225,68,0.14693344,0.00018884052
15226,68,0.11575590,0.00018884052
15227,68,0.15375535,0.00018883345
15228,68,0.12797886,0.00018883345
15229,68,0.14507256,0.00018883345
15230,68,0.13739628,0.00018882638
15231,68,0.16786437,0.00018882638
15232,68,0.15195249,0.00018881931
15233,69,0.13438159,0.00018881931
15234,69,0.17729692,0.00018881931
15235,69,0.13148008,0.00018881223
15236,69,0.13818622,0.00018881223
15237,69,0.13856947,0.00018881223
15238,69,0.11393361,0.00018880515
15239,69,0.15601122,0.00018880515
15240,69,0.14815933,0.00018880515
15241,69,0.13534799,0.00018879807
15242,69,0.12500983,0.00018879807
15243,69,0.15626620,0.00018879807
15244,69,0.15720874,0.00018879099
15245,69,0.15615116,0.00018879099
15246,69,0.14403376,0.00018879099
15247,69,0.15655345,0.0001887839
15248,69,0.17847721,0.0001887839
15249,69,0.18670511,0.0001887839
15250,69,0.12361979,0.00018877681
15251,69,0.11985432,0.00018877681
15252,69,0.14023924,0.00018877681
15253,69,0.14948593,0.00018876972
15254,69,0.14695109,0.00018876972
15255,69,0.16686873,0.00018876972
15256,69,0.15015547,0.00018876263
15257,69,0.14247996,0.00018876263
15258,69,0.15867193,0.00018876263
15259,69,0.17068216,0.00018875554
15260,69,0.14745742,0.00018875554
15261,69,0.13321619,0.00018875554
15262,69,0.15291476,0.00018874844
15263,69,0.15198709,0.00018874844
15264,69,0.11748149,0.00018874844
15265,69,0.13894647,0.00018874134
15266,69,0.14985894,0.00018874134
15267,69,0.20200348,0.00018874134
15268,69,0.16100277,0.00018873424
15269,69,0.14245440,0.00018873424
15270,69,0.14226443,0.00018873424
15271,69,0.16022091,0.00018872714
15272,69,0.14402726,0.00018872714
15273,69,0.15654612,0.00018872714
15274,69,0.14318979,0.00018872004
15275,69,0.14298868,0.00018872004
15276,69,0.16477886,0.00018872004
15277,69,0.15522526,0.00018871293
15278,69,0.15222751,0.00018871293
15279,69,0.13509434,0.00018871293
15280,69,0.16467670,0.00018870582
15281,69,0.19212787,0.00018870582
15282,69,0.15603861,0.00018870582
15283,69,0.17662434,0.00018869871
15284,69,0.17523250,0.00018869871
15285,69,0.14909676,0.00018869871
15286,69,0.17590773,0.0001886916
15287,69,0.15531310,0.0001886916
15288,69,0.14879909,0.0001886916
15289,69,0.14546521,0.00018868449
15290,69,0.19390297,0.00018868449
15291,69,0.15155093,0.00018868449
15292,69,0.15222450,0.00018867737
15293,69,0.14960515,0.00018867737
15294,69,0.14443786,0.00018867737
15295,69,0.17912254,0.00018867025
15296,69,0.16031763,0.00018867025
15297,69,0.18848142,0.00018867025
15298,69,0.14207022,0.00018866313
15299,69,0.14578263,0.00018866313
15300,69,0.17045629,0.00018866313
15301,69,0.15801632,0.00018865601
15302,69,0.19094956,0.00018865601
15303,69,0.15212293,0.00018865601
15304,69,0.13559566,0.00018864888
15305,69,0.14322111,0.00018864888
15306,69,0.16694859,0.00018864888
15307,69,0.20619419,0.00018864175
15308,69,0.13942496,0.00018864175
15309,69,0.16364808,0.00018864175
15310,69,0.14402501,0.00018863462
15311,69,0.14103591,0.00018863462
15312,69,0.15003523,0.00018863462
15313,69,0.14528780,0.00018862749
15314,69,0.17861310,0.00018862749
15315,69,0.14828876,0.00018862749
15316,69,0.15911451,0.00018862036
15317,69,0.15726408,0.00018862036
15318,69,0.16997799,0.00018862036
15319,69,0.19826183,0.00018861322
15320,69,0.13442069,0.00018861322
15321,69,0.13866681,0.00018861322
15322,69,0.13457760,0.00018860608
15323,69,0.14588255,0.00018860608
15324,69,0.15395716,0.00018860608
15325,69,0.13671851,0.00018859894
15326,69,0.14909631,0.00018859894
15327,69,0.17491496,0.00018859894
15328,69,0.17216575,0.0001885918
15329,69,0.12678538,0.0001885918
15330,69,0.12657355,0.0001885918
15331,69,0.17377314,0.00018858466
15332,69,0.15174268,0.00018858466
15333,69,0.18254980,0.00018858466
15334,69,0.13324708,0.00018857751
15335,69,0.14572686,0.00018857751
15336,69,0.14603636,0.00018857751
15337,69,0.12893282,0.00018857036
15338,69,0.15368035,0.00018857036
15339,69,0.13547075,0.00018857036
15340,69,0.16832337,0.00018856321
15341,69,0.11353932,0.00018856321
15342,69,0.16983740,0.00018856321
15343,69,0.13854697,0.00018855606
15344,69,0.13977766,0.00018855606
15345,69,0.19264913,0.00018855606
15346,69,0.15305105,0.00018854891
15347,69,0.13801573,0.00018854891
15348,69,0.17691928,0.00018854891
15349,69,0.14912054,0.00018854175
15350,69,0.15349530,0.00018854175
15351,69,0.16142514,0.00018854175
15352,69,0.15332581,0.00018853459
15353,69,0.13734612,0.00018853459
15354,69,0.13794838,0.00018853459
15355,69,0.14465602,0.00018852743
15356,69,0.15595874,0.00018852743
15357,69,0.15230909,0.00018852743
15358,69,0.14497775,0.00018852027
15359,69,0.16302001,0.00018852027
15360,69,0.13460396,0.00018852027
15361,69,0.17226885,0.0001885131
15362,69,0.12727498,0.0001885131
15363,69,0.15026534,0.0001885131
15364,69,0.17897682,0.00018850593
15365,69,0.13902605,0.00018850593
15366,69,0.17879710,0.00018850593
15367,69,0.11783272,0.00018849876
15368,69,0.16848683,0.00018849876
15369,69,0.18523315,0.00018849876
15370,69,0.12819789,0.00018849159
15371,69,0.17838614,0.00018849159
15372,69,0.21627453,0.00018849159
15373,69,0.16363296,0.00018848442
15374,69,0.14591995,0.00018848442
15375,69,0.14125392,0.00018848442
15376,69,0.15206830,0.00018847724
15377,69,0.16877240,0.00018847724
15378,69,0.12827267,0.00018847724
15379,69,0.13408275,0.00018847007
15380,69,0.14454454,0.00018847007
15381,69,0.17026207,0.00018847007
15382,69,0.12167701,0.00018846289
15383,69,0.16579750,0.00018846289
15384,69,0.15899920,0.00018846289
15385,69,0.11680043,0.0001884557
15386,69,0.15671855,0.0001884557
15387,69,0.15256064,0.0001884557
15388,69,0.16569470,0.00018844852
15389,69,0.15586621,0.00018844852
15390,69,0.19511080,0.00018844852
15391,69,0.15708278,0.00018844133
15392,69,0.13450328,0.00018844133
15393,69,0.18145464,0.00018844133
15394,69,0.17634964,0.00018843414
15395,69,0.15580305,0.00018843414
15396,69,0.16211894,0.00018843414
15397,69,0.13171759,0.00018842695
15398,69,0.17119718,0.00018842695
15399,69,0.16434269,0.00018842695
15400,69,0.16094381,0.00018841976
15401,69,0.15369344,0.00018841976
15402,69,0.14963478,0.00018841976
15403,69,0.15781319,0.00018841257
15404,69,0.13596204,0.00018841257
15405,69,0.17257492,0.00018841257
15406,69,0.15240251,0.00018840537
15407,69,0.13894841,0.00018840537
15408,69,0.15704958,0.00018840537
15409,69,0.17895697,0.00018839817
15410,69,0.16426820,0.00018839817
15411,69,0.17545447,0.00018839817
15412,69,0.17354679,0.00018839097
15413,69,0.15858692,0.00018839097
15414,69,0.14425054,0.00018839097
15415,69,0.16397673,0.00018838377
15416,69,0.17065543,0.00018838377
15417,69,0.15570737,0.00018838377
15418,69,0.15004592,0.00018837656
15419,69,0.12864225,0.00018837656
15420,69,0.12521385,0.00018837656
15421,69,0.13387844,0.00018836936
15422,69,0.16927615,0.00018836936
15423,69,0.17466724,0.00018836936
15424,69,0.13363294,0.00018836215
15425,69,0.13001369,0.00018836215
15426,69,0.17713694,0.00018836215
15427,69,0.17486946,0.00018835494
15428,69,0.14719445,0.00018835494
15429,69,0.12843657,0.00018835494
15430,69,0.14918785,0.00018834772
15431,69,0.14449482,0.00018834772
15432,69,0.15594286,0.00018834772
15433,69,0.17141092,0.00018834051
15434,69,0.15116963,0.00018834051
15435,69,0.15749007,0.00018834051
15436,69,0.11819331,0.00018833329
15437,69,0.17408371,0.00018833329
15438,69,0.15633331,0.00018833329
15439,69,0.17188299,0.00018832607
15440,69,0.16555229,0.00018832607
15441,69,0.15890908,0.00018832607
15442,69,0.14701501,0.00018831885
15443,69,0.15891336,0.00018831885
15444,69,0.12915365,0.00018831885
15445,69,0.15628406,0.00018831162
15446,69,0.21299210,0.00018831162
15447,69,0.17708622,0.00018831162
15448,69,0.14753982,0.0001883044
15449,69,0.18769370,0.0001883044
15450,69,0.17220871,0.0001883044
15451,69,0.16464150,0.00018829717
15452,69,0.16217375,0.00018829717
15453,69,0.12737410,0.00018829717
15454,69,0.13751905,0.00018828994
15455,69,0.13089132,0.00018828994
15456,69,0.14068328,0.00018828271
15457,70,0.15892461,0.00018828271
15458,70,0.16501229,0.00018828271
15459,70,0.15054767,0.00018827547
15460,70,0.15022792,0.00018827547
15461,70,0.15851660,0.00018827547
15462,70,0.12134414,0.00018826824
15463,70,0.13942629,0.00018826824
15464,70,0.14854334,0.00018826824
15465,70,0.15390269,0.000188261
15466,70,0.15742807,0.000188261
15467,70,0.12894899,0.000188261
15468,70,0.18753538,0.00018825376
15469,70,0.13703665,0.00018825376
15470,70,0.14402631,0.00018825376
15471,70,0.14723060,0.00018824651
15472,70,0.15826088,0.00018824651
15473,70,0.16883612,0.00018824651
15474,70,0.17737612,0.00018823927
15475,70,0.15433644,0.00018823927
15476,70,0.12943280,0.00018823927
15477,70,0.13433176,0.00018823202
15478,70,0.11728494,0.00018823202
15479,70,0.17939606,0.00018823202
15480,70,0.15732542,0.00018822477
15481,70,0.16478962,0.00018822477
15482,70,0.16313170,0.00018822477
15483,70,0.14796451,0.00018821752
15484,70,0.14380154,0.00018821752
15485,70,0.14935893,0.00018821752
15486,70,0.15463847,0.00018821027
15487,70,0.16628611,0.00018821027
15488,70,0.17006361,0.00018821027
15489,70,0.16267011,0.00018820301
15490,70,0.17459427,0.00018820301
15491,70,0.13718601,0.00018820301
15492,70,0.13631444,0.00018819576
15493,70,0.15656267,0.00018819576
15494,70,0.14158025,0.00018819576
15495,70,0.13675812,0.0001881885
15496,70,0.14807588,0.0001881885
15497,70,0.17947662,0.0001881885
15498,70,0.15656339,0.00018818123
15499,70,0.14601193,0.00018818123
15500,70,0.16852093,0.00018818123
15501,70,0.12917285,0.00018817397
15502,70,0.13916549,0.00018817397
15503,70,0.17375848,0.00018817397
15504,70,0.13453166,0.00018816671
15505,70,0.16361097,0.00018816671
15506,70,0.16048262,0.00018816671
15507,70,0.14467876,0.00018815944
15508,70,0.18234818,0.00018815944
15509,70,0.12988617,0.00018815944
15510,70,0.17693174,0.00018815217
15511,70,0.14503163,0.00018815217
15512,70,0.14244065,0.00018815217
15513,70,0.18417899,0.0001881449
15514,70,0.17884669,0.0001881449
15515,70,0.12751955,0.0001881449
15516,70,0.15720844,0.00018813762
15517,70,0.13639495,0.00018813762
15518,70,0.15821862,0.00018813762
15519,70,0.16101000,0.00018813035
15520,70,0.16379341,0.00018813035
15521,70,0.11763640,0.00018813035
15522,70,0.12223720,0.00018812307
15523,70,0.15518859,0.00018812307
15524,70,0.17606789,0.00018812307
15525,70,0.15787768,0.00018811579
15526,70,0.13308048,0.00018811579
15527,70,0.13562338,0.00018811579
15528,70,0.13733764,0.0001881085
15529,70,0.14135498,0.0001881085
15530,70,0.18203120,0.0001881085
15531,70,0.13323820,0.00018810122
15532,70,0.14800745,0.00018810122
15533,70,0.16672425,0.00018810122
15534,70,0.15756364,0.00018809393
15535,70,0.14126745,0.00018809393
15536,70,0.15778011,0.00018809393
15537,70,0.16675109,0.00018808664
15538,70,0.17522502,0.00018808664
15539,70,0.16044711,0.00018808664
15540,70,0.15958601,0.00018807935
15541,70,0.13818698,0.00018807935
15542,70,0.13403919,0.00018807935
15543,70,0.18214977,0.00018807206
15544,70,0.14709401,0.00018807206
15545,70,0.17560133,0.00018807206
15546,70,0.13784143,0.00018806477
15547,70,0.16037989,0.00018806477
15548,70,0.15302432,0.00018806477
15549,70,0.12632817,0.00018805747
15550,70,0.15032169,0.00018805747
15551,70,0.19586685,0.00018805747
15552,70,0.14729039,0.00018805017
15553,70,0.13358966,0.00018805017
15554,70,0.18242449,0.00018805017
15555,70,0.13565552,0.00018804287
15556,70,0.13116109,0.00018804287
15557,70,0.14722398,0.00018804287
15558,70,0.14694858,0.00018803556
15559,70,0.13562079,0.00018803556
15560,70,0.14006519,0.00018803556
15561,70,0.13760459,0.00018802826
15562,70,0.17770839,0.00018802826
15563,70,0.12607250,0.00018802826
15564,70,0.15548812,0.00018802095
15565,70,0.15289117,0.00018802095
15566,70,0.12422502,0.00018802095
15567,70,0.14421397,0.00018801364
15568,70,0.17231338,0.00018801364
15569,70,0.16005689,0.00018801364
15570,70,0.16179839,0.00018800633
15571,70,0.17651388,0.00018800633
15572,70,0.13132127,0.00018800633
15573,70,0.14142025,0.00018799902
15574,70,0.15640771,0.00018799902
15575,70,0.14633916,0.00018799902
15576,70,0.16278180,0.0001879917
15577,70,0.15616269,0.0001879917
15578,70,0.14285284,0.0001879917
15579,70,0.16331765,0.00018798438
15580,70,0.16816632,0.00018798438
15581,70,0.14196758,0.00018798438
15582,70,0.13360199,0.00018797706
15583,70,0.16834974,0.00018797706
15584,70,0.13183385,0.00018797706
15585,70,0.17041016,0.00018796974
15586,70,0.13524947,0.00018796974
15587,70,0.14465758,0.00018796974
15588,70,0.14273238,0.00018796242
15589,70,0.13947624,0.00018796242
15590,70,0.12260815,0.00018796242
15591,70,0.14128159,0.00018795509
15592,70,0.15037529,0.00018795509
15593,70,0.15672983,0.00018795509
15594,70,0.17637593,0.00018794776
15595,70,0.15082574,0.00018794776
15596,70,0.13181679,0.00018794776
15597,70,0.15494850,0.00018794043
15598,70,0.14668408,0.00018794043
15599,70,0.17465067,0.00018794043
15600,70,0.19607525,0.0001879331
15601,70,0.14956158,0.0001879331
15602,70,0.15365037,0.0001879331
15603,70,0.13151397,0.00018792576
15604,70,0.12673396,0.00018792576
15605,70,0.16701689,0.00018792576
15606,70,0.17901060,0.00018791843
15607,70,0.13694805,0.00018791843
15608,70,0.16425383,0.00018791843
15609,70,0.13659006,0.00018791109
15610,70,0.12993872,0.00018791109
15611,70,0.11656551,0.00018791109
15612,70,0.13854337,0.00018790375
15613,70,0.12442628,0.00018790375
15614,70,0.14344445,0.00018790375
15615,70,0.14211431,0.0001878964
15616,70,0.14970262,0.0001878964
15617,70,0.17142347,0.0001878964
15618,70,0.14236112,0.00018788906
15619,70,0.15689267,0.00018788906
15620,70,0.14681241,0.00018788906
15621,70,0.15343116,0.00018788171
15622,70,0.13499117,0.00018788171
15623,70,0.16739511,0.00018788171
15624,70,0.14755881,0.00018787436
15625,70,0.13857649,0.00018787436
15626,70,0.13095669,0.00018787436
15627,70,0.15380633,0.00018786701
15628,70,0.14788236,0.00018786701
15629,70,0.13585582,0.00018786701
15630,70,0.15915215,0.00018785966
15631,70,0.17406318,0.00018785966
15632,70,0.13095151,0.00018785966
15633,70,0.16379815,0.0001878523
15634,70,0.17818117,0.0001878523
15635,70,0.15064488,0.0001878523
15636,70,0.12761463,0.00018784494
15637,70,0.15050945,0.00018784494
15638,70,0.14026147,0.00018784494
15639,70,0.17159478,0.00018783758
15640,70,0.14600000,0.00018783758
15641,70,0.13970372,0.00018783758
15642,70,0.16322635,0.00018783022
15643,70,0.18621594,0.00018783022
15644,70,0.18143812,0.00018783022
15645,70,0.14114204,0.00018782286
15646,70,0.13767074,0.00018782286
15647,70,0.13695282,0.00018782286
15648,70,0.14576219,0.00018781549
15649,70,0.16707909,0.00018781549
15650,70,0.15031485,0.00018781549
15651,70,0.15995669,0.00018780812
15652,70,0.15897793,0.00018780812
15653,70,0.19815660,0.00018780812
15654,70,0.14929727,0.00018780075
15655,70,0.13415591,0.00018780075
15656,70,0.16077308,0.00018780075
15657,70,0.15196884,0.00018779338
15658,70,0.14859240,0.00018779338
15659,70,0.15049879,0.00018779338
15660,70,0.18936913,0.00018778601
15661,70,0.17600261,0.00018778601
15662,70,0.16857509,0.00018778601
15663,70,0.15656117,0.00018777863
15664,70,0.20049100,0.00018777863
15665,70,0.15098459,0.00018777863
15666,70,0.15969974,0.00018777125
15667,70,0.16212176,0.00018777125
15668,70,0.15297478,0.00018777125
15669,70,0.12043960,0.00018776387
15670,70,0.14022669,0.00018776387
15671,70,0.16591004,0.00018776387
15672,70,0.16545793,0.00018775649
15673,70,0.13665539,0.00018775649
15674,70,0.15529053,0.00018775649
15675,70,0.15348350,0.00018774911
15676,70,0.11796245,0.00018774911
15677,70,0.15262997,0.00018774911
15678,70,0.14823577,0.00018774172
15679,70,0.16421694,0.00018774172
15680,70,0.14840946,0.00018773433
15681,71,0.13942204,0.00018773433
15682,71,0.15207891,0.00018773433
15683,71,0.15292309,0.00018772694
15684,71,0.15155827,0.00018772694
15685,71,0.13969587,0.00018772694
15686,71,0.14080651,0.00018771955
15687,71,0.18639271,0.00018771955
15688,71,0.11943163,0.00018771955
15689,71,0.13966593,0.00018771215
15690,71,0.17449008,0.00018771215
15691,71,0.15714782,0.00018771215
15692,71,0.14742428,0.00018770475
15693,71,0.15293033,0.00018770475
15694,71,0.14997107,0.00018770475
15695,71,0.15864246,0.00018769735
15696,71,0.15912999,0.00018769735
15697,71,0.14658003,0.00018769735
15698,71,0.14252385,0.00018768995
15699,71,0.13052025,0.00018768995
15700,71,0.14976820,0.00018768995
15701,71,0.17147121,0.00018768255
15702,71,0.14922319,0.00018768255
15703,71,0.13113712,0.00018768255
15704,71,0.12420212,0.00018767514
15705,71,0.20859119,0.00018767514
15706,71,0.13034718,0.00018767514
15707,71,0.14181286,0.00018766774
15708,71,0.18847704,0.00018766774
15709,71,0.18003675,0.00018766774
15710,71,0.12752475,0.00018766033
15711,71,0.13637182,0.00018766033
15712,71,0.18472695,0.00018766033
15713,71,0.16990820,0.00018765292
15714,71,0.14279096,0.00018765292
15715,71,0.13989267,0.00018765292
15716,71,0.12090638,0.0001876455
15717,71,0.17811725,0.0001876455
15718,71,0.15277335,0.0001876455
15719,71,0.12691334,0.00018763809
15720,71,0.17284963,0.00018763809
15721,71,0.14729343,0.00018763809
15722,71,0.16513585,0.00018763067
15723,71,0.14184788,0.00018763067
15724,71,0.15924798,0.00018763067
15725,71,0.16084352,0.00018762325
15726,71,0.13218296,0.00018762325
15727,71,0.14780226,0.00018762325
15728,71,0.14813063,0.00018761583
15729,71,0.15446568,0.00018761583
15730,71,0.17545204,0.00018761583
15731,71,0.14202422,0.0001876084
15732,71,0.17706096,0.0001876084
15733,71,0.12582558,0.0001876084
15734,71,0.12866019,0.00018760098
15735,71,0.13862605,0.00018760098
15736,71,0.15060715,0.00018760098
15737,71,0.15780251,0.00018759355
15738,71,0.14745098,0.00018759355
15739,71,0.16669703,0.00018759355
15740,71,0.12540948,0.00018758612
15741,71,0.16263218,0.00018758612
15742,71,0.15665561,0.00018758612
15743,71,0.15325724,0.00018757868
15744,71,0.15512151,0.00018757868
15745,71,0.14970899,0.00018757868
15746,71,0.15600282,0.00018757125
15747,71,0.15465365,0.00018757125
15748,71,0.13865247,0.00018757125
15749,71,0.20020603,0.00018756381
15750,71,0.16659924,0.00018756381
15751,71,0.19677167,0.00018756381
15752,71,0.14405033,0.00018755637
15753,71,0.15456766,0.00018755637
15754,71,0.17049929,0.00018755637
15755,71,0.13635048,0.00018754893
15756,71,0.16427602,0.00018754893
15757,71,0.14522535,0.00018754893
15758,71,0.14880295,0.00018754149
15759,71,0.15272610,0.00018754149
15760,71,0.19128543,0.00018754149
15761,71,0.14573656,0.00018753405
15762,71,0.16314909,0.00018753405
15763,71,0.15390210,0.00018753405
15764,71,0.12938720,0.0001875266
15765,71,0.14378369,0.0001875266
15766,71,0.14713702,0.0001875266
15767,71,0.18722892,0.00018751915
15768,71,0.13308778,0.00018751915
15769,71,0.15044887,0.00018751915
15770,71,0.14601934,0.0001875117
15771,71,0.13593177,0.0001875117
15772,71,0.14956853,0.0001875117
15773,71,0.16555509,0.00018750425
15774,71,0.14615919,0.00018750425
15775,71,0.17936102,0.00018750425
15776,71,0.20778970,0.00018749679
15777,71,0.13179104,0.00018749679
15778,71,0.14879631,0.00018749679
15779,71,0.15043977,0.00018748933
15780,71,0.13339326,0.00018748933
15781,71,0.14296651,0.00018748933
15782,71,0.15269764,0.00018748187
15783,71,0.16052800,0.00018748187
15784,71,0.16129425,0.00018748187
15785,71,0.14752789,0.00018747441
15786,71,0.16545831,0.00018747441
15787,71,0.15957409,0.00018747441
15788,71,0.15369433,0.00018746695
15789,71,0.11927773,0.00018746695
15790,71,0.14202791,0.00018746695
15791,71,0.18792596,0.00018745948
15792,71,0.15250221,0.00018745948
15793,71,0.16057792,0.00018745948
15794,71,0.15833002,0.00018745201
15795,71,0.14928409,0.00018745201
15796,71,0.16139878,0.00018745201
15797,71,0.17151761,0.00018744454
15798,71,0.15743822,0.00018744454
15799,71,0.16902161,0.00018744454
15800,71,0.13115065,0.00018743707
15801,71,0.16704094,0.00018743707
15802,71,0.14338240,0.00018743707
15803,71,0.14270341,0.0001874296
15804,71,0.19926250,0.0001874296
15805,71,0.15516527,0.0001874296
15806,71,0.12855461,0.00018742212
15807,71,0.17421077,0.00018742212
15808,71,0.13190940,0.00018742212
15809,71,0.15350711,0.00018741464
15810,71,0.16461974,0.00018741464
15811,71,0.17308471,0.00018741464
15812,71,0.15529704,0.00018740716
15813,71,0.13195002,0.00018740716
15814,71,0.15800655,0.00018740716
15815,71,0.14950554,0.00018739968
15816,71,0.14323476,0.00018739968
15817,71,0.15374902,0.00018739968
15818,71,0.14779830,0.0001873922
15819,71,0.18232517,0.0001873922
15820,71,0.14464325,0.0001873922
15821,71,0.19168890,0.00018738471
15822,71,0.12768051,0.00018738471
15823,71,0.16535768,0.00018738471
15824,71,0.14493880,0.00018737722
15825,71,0.19712171,0.00018737722
15826,71,0.18816969,0.00018737722
15827,71,0.14757738,0.00018736973
15828,71,0.15422934,0.00018736973
15829,71,0.12329532,0.00018736973
15830,71,0.13512549,0.00018736224
15831,71,0.12183653,0.00018736224
15832,71,0.18379121,0.00018736224
15833,71,0.13005248,0.00018735474
15834,71,0.13178162,0.00018735474
15835,71,0.15979186,0.00018735474
15836,71,0.11756860,0.00018734725
15837,71,0.14683460,0.00018734725
15838,71,0.16962215,0.00018734725
15839,71,0.17500292,0.00018733975
15840,71,0.12484452,0.00018733975
15841,71,0.15385330,0.00018733975
15842,71,0.15205628,0.00018733225
15843,71,0.14724606,0.00018733225
15844,71,0.15272984,0.00018733225
15845,71,0.16996978,0.00018732474
15846,71,0.16213512,0.00018732474
15847,71,0.19064641,0.00018732474
15848,71,0.15057288,0.00018731724
15849,71,0.14313293,0.00018731724
15850,71,0.16534218,0.00018731724
15851,71,0.13520756,0.00018730973
15852,71,0.18067384,0.00018730973
15853,71,0.14439353,0.00018730973
15854,71,0.17443351,0.00018730222
15855,71,0.16633227,0.00018730222
15856,71,0.16092722,0.00018730222
15857,71,0.14840925,0.00018729471
15858,71,0.15372327,0.00018729471
15859,71,0.16120128,0.00018729471
15860,71,0.14176475,0.0001872872
15861,71,0.16766492,0.0001872872
15862,71,0.15213019,0.0001872872
15863,71,0.15242216,0.00018727968
15864,71,0.15482585,0.00018727968
15865,71,0.12645623,0.00018727968
15866,71,0.15489909,0.00018727217
15867,71,0.13868046,0.00018727217
15868,71,0.14011008,0.00018727217
15869,71,0.12356072,0.00018726465
15870,71,0.16046321,0.00018726465
15871,71,0.14474671,0.00018726465
15872,71,0.17230849,0.00018725712
15873,71,0.14035633,0.00018725712
15874,71,0.14241090,0.00018725712
15875,71,0.16173461,0.0001872496
15876,71,0.15439963,0.0001872496
15877,71,0.15555435,0.0001872496
15878,71,0.18187043,0.00018724207
15879,71,0.15420449,0.00018724207
15880,71,0.15905747,0.00018724207
15881,71,0.15959154,0.00018723455
15882,71,0.16960315,0.00018723455
15883,71,0.13051210,0.00018723455
15884,71,0.16348028,0.00018722702
15885,71,0.12880754,0.00018722702
15886,71,0.16011897,0.00018722702
15887,71,0.16374736,0.00018721949
15888,71,0.16429880,0.00018721949
15889,71,0.12662244,0.00018721949
15890,71,0.12930135,0.00018721195
15891,71,0.15398550,0.00018721195
15892,71,0.13759738,0.00018721195
15893,71,0.15731017,0.00018720441
15894,71,0.20017913,0.00018720441
15895,71,0.15216368,0.00018720441
15896,71,0.16647135,0.00018719688
15897,71,0.17495260,0.00018719688
15898,71,0.16294838,0.00018719688
15899,71,0.15720493,0.00018718934
15900,71,0.15728676,0.00018718934
15901,71,0.18798439,0.00018718934
15902,71,0.12557402,0.00018718179
15903,71,0.13315374,0.00018718179
15904,71,0.12252369,0.00018717425
15905,72,0.13814376,0.00018717425
15906,72,0.20834927,0.00018717425
15907,72,0.14725564,0.0001871667
15908,72,0.13578889,0.0001871667
15909,72,0.14895207,0.0001871667
15910,72,0.17009744,0.00018715915
15911,72,0.16377044,0.00018715915
15912,72,0.13165674,0.00018715915
15913,72,0.15892403,0.0001871516
15914,72,0.13108838,0.0001871516
15915,72,0.14547603,0.0001871516
15916,72,0.15673369,0.00018714405
15917,72,0.15197347,0.00018714405
15918,72,0.12977737,0.00018714405
15919,72,0.15298548,0.0001871365
15920,72,0.13753307,0.0001871365
15921,72,0.16406034,0.0001871365
15922,72,0.13549945,0.00018712894
15923,72,0.16360788,0.00018712894
15924,72,0.13086416,0.00018712894
15925,72,0.14261584,0.00018712138
15926,72,0.17437726,0.00018712138
15927,72,0.15990205,0.00018712138
15928,72,0.16583876,0.00018711382
15929,72,0.15499651,0.00018711382
15930,72,0.14030582,0.00018711382
15931,72,0.12758273,0.00018710626
15932,72,0.16046913,0.00018710626
15933,72,0.16946130,0.00018710626
15934,72,0.16052891,0.00018709869
15935,72,0.16379590,0.00018709869
15936,72,0.14401507,0.00018709869
15937,72,0.14937577,0.00018709112
15938,72,0.17864656,0.00018709112
15939,72,0.13098082,0.00018709112
15940,72,0.12216036,0.00018708356
15941,72,0.16164878,0.00018708356
15942,72,0.14963624,0.00018708356
15943,72,0.15997678,0.00018707598
15944,72,0.17475936,0.00018707598
15945,72,0.13803928,0.00018707598
15946,72,0.15871730,0.00018706841
15947,72,0.15778583,0.00018706841
15948,72,0.15834022,0.00018706841
15949,72,0.11895060,0.00018706084
15950,72,0.14506903,0.00018706084
15951,72,0.17899780,0.00018706084
15952,72,0.16882846,0.00018705326
15953,72,0.15044446,0.00018705326
15954,72,0.15087001,0.00018705326
15955,72,0.18151501,0.00018704568
15956,72,0.14498800,0.00018704568
15957,72,0.14601547,0.00018704568
15958,72,0.14218125,0.0001870381
15959,72,0.12346878,0.0001870381
15960,72,0.14323650,0.0001870381
15961,72,0.13614090,0.00018703051
15962,72,0.12403425,0.00018703051
15963,72,0.10972893,0.00018703051
15964,72,0.12704183,0.00018702293
15965,72,0.15778835,0.00018702293
15966,72,0.16973519,0.00018702293
15967,72,0.12610906,0.00018701534
15968,72,0.19536380,0.00018701534
15969,72,0.16478556,0.00018701534
15970,72,0.14242253,0.00018700775
15971,72,0.16272299,0.00018700775
15972,72,0.12210457,0.00018700775
15973,72,0.14159393,0.00018700016
15974,72,0.15223724,0.00018700016
15975,72,0.16262005,0.00018700016
15976,72,0.14809546,0.00018699256
15977,72,0.17497280,0.00018699256
15978,72,0.14616309,0.00018699256
15979,72,0.16191304,0.00018698497
15980,72,0.14936897,0.00018698497
15981,72,0.16091520,0.00018698497
15982,72,0.13103424,0.00018697737
15983,72,0.12784915,0.00018697737
15984,72,0.12564355,0.00018697737
15985,72,0.12644075,0.00018696977
15986,72,0.12143060,0.00018696977
15987,72,0.15274152,0.00018696977
15988,72,0.16205619,0.00018696217
15989,72,0.14878365,0.00018696217
15990,72,0.14550114,0.00018696217
15991,72,0.15964538,0.00018695456
15992,72,0.19352052,0.00018695456
15993,72,0.16467094,0.00018695456
15994,72,0.15790898,0.00018694696
15995,72,0.16299215,0.00018694696
15996,72,0.14592759,0.00018694696
15997,72,0.12845498,0.00018693935
15998,72,0.13922687,0.00018693935
15999,72,0.16168490,0.00018693935
16000,72,0.17257747,0.00018693174
16001,72,0.13599657,0.00018693174
16002,72,0.15896127,0.00018693174
16003,72,0.18426263,0.00018692413
16004,72,0.14400512,0.00018692413
16005,72,0.18461096,0.00018692413
16006,72,0.13085495,0.00018691651
16007,72,0.15405595,0.00018691651
16008,72,0.17879766,0.00018691651
16009,72,0.17462161,0.00018690889
16010,72,0.18352740,0.00018690889
16011,72,0.15502316,0.00018690889
16012,72,0.13063991,0.00018690128
16013,72,0.13769428,0.00018690128
16014,72,0.15479259,0.00018690128
16015,72,0.17402963,0.00018689366
16016,72,0.17909488,0.00018689366
16017,72,0.18124788,0.00018689366
16018,72,0.13534626,0.00018688603
16019,72,0.15155905,0.00018688603
16020,72,0.13532609,0.00018688603
16021,72,0.14920363,0.00018687841
16022,72,0.13287726,0.00018687841
16023,72,0.13923980,0.00018687841
16024,72,0.18603116,0.00018687078
16025,72,0.12838142,0.00018687078
16026,72,0.16853130,0.00018687078
16027,72,0.13945955,0.00018686315
16028,72,0.12499508,0.00018686315
16029,72,0.17079048,0.00018686315
16030,72,0.14907032,0.00018685552
16031,72,0.20334981,0.00018685552
16032,72,0.17402145,0.00018685552
16033,72,0.17227571,0.00018684789
16034,72,0.14312616,0.00018684789
16035,72,0.17063902,0.00018684789
16036,72,0.14767361,0.00018684025
16037,72,0.15944770,0.00018684025
16038,72,0.15329003,0.00018684025
16039,72,0.18286198,0.00018683261
16040,72,0.16152394,0.00018683261
16041,72,0.15347615,0.00018683261
16042,72,0.14031675,0.00018682498
16043,72,0.15648130,0.00018682498
16044,72,0.15430789,0.00018682498
16045,72,0.17408775,0.00018681733
16046,72,0.16085193,0.00018681733
16047,72,0.14250371,0.00018681733
16048,72,0.15559670,0.00018680969
16049,72,0.13356361,0.00018680969
16050,72,0.12200912,0.00018680969
16051,72,0.14393052,0.00018680205
16052,72,0.13486800,0.00018680205
16053,72,0.14526120,0.00018680205
16054,72,0.14170025,0.0001867944
16055,72,0.18288657,0.0001867944
16056,72,0.16243431,0.0001867944
16057,72,0.14171529,0.00018678675
16058,72,0.15054652,0.00018678675
16059,72,0.14995092,0.00018678675
16060,72,0.14324543,0.0001867791
16061,72,0.14387888,0.0001867791
16062,72,0.16041574,0.0001867791
16063,72,0.14841390,0.00018677144
16064,72,0.13330236,0.00018677144
16065,72,0.13701501,0.00018677144
16066,72,0.13183902,0.00018676379
16067,72,0.16147506,0.00018676379
16068,72,0.18068811,0.00018676379
16069,72,0.13773046,0.00018675613
16070,72,0.17792350,0.00018675613
16071,72,0.15741304,0.00018675613
16072,72,0.14363229,0.00018674847
16073,72,0.13254729,0.00018674847
16074,72,0.16304965,0.00018674847
16075,72,0.15681253,0.00018674081
16076,72,0.15453981,0.00018674081
16077,72,0.13118625,0.00018674081
16078,72,0.14340755,0.00018673314
16079,72,0.14083287,0.00018673314
16080,72,0.13721915,0.00018673314
16081,72,0.14406309,0.00018672548
16082,72,0.14817649,0.00018672548
16083,72,0.13017268,0.00018672548
16084,72,0.16461852,0.00018671781
16085,72,0.16084328,0.00018671781
16086,72,0.16096327,0.00018671781
16087,72,0.13954252,0.00018671014
16088,72,0.13968422,0.00018671014
16089,72,0.14118330,0.00018671014
16090,72,0.14499274,0.00018670247
16091,72,0.16193266,0.00018670247
16092,72,0.14416252,0.00018670247
16093,72,0.14726834,0.00018669479
16094,72,0.15089907,0.00018669479
16095,72,0.15630342,0.00018669479
16096,72,0.17381474,0.00018668712
16097,72,0.15546948,0.00018668712
16098,72,0.17019987,0.00018668712
16099,72,0.16665922,0.00018667944
16100,72,0.14415264,0.00018667944
16101,72,0.12869075,0.00018667944
16102,72,0.16255248,0.00018667176
16103,72,0.15669909,0.00018667176
16104,72,0.14763604,0.00018667176
16105,72,0.14318973,0.00018666407
16106,72,0.17659383,0.00018666407
16107,72,0.16376427,0.00018666407
16108,72,0.17126922,0.00018665639
16109,72,0.15462232,0.00018665639
16110,72,0.13881066,0.00018665639
16111,72,0.14641185,0.0001866487
16112,72,0.15559003,0.0001866487
16113,72,0.14317957,0.0001866487
16114,72,0.14265171,0.00018664101
16115,72,0.14254314,0.00018664101
16116,72,0.13026291,0.00018664101
16117,72,0.13504194,0.00018663332
16118,72,0.16352826,0.00018663332
16119,72,0.15244588,0.00018663332
16120,72,0.14182353,0.00018662563
16121,72,0.12218594,0.00018662563
16122,72,0.13983749,0.00018662563
16123,72,0.18345228,0.00018661794
16124,72,0.14187270,0.00018661794
16125,72,0.12584867,0.00018661794
16126,72,0.13431399,0.00018661024
16127,72,0.14860730,0.00018661024
16128,72,0.14338775,0.00018660254
16129,73,0.14248797,0.00018660254
16130,73,0.16244075,0.00018660254
16131,73,0.15992145,0.00018659484
16132,73,0.14287406,0.00018659484
16133,73,0.15217498,0.00018659484
16134,73,0.18212244,0.00018658714
16135,73,0.14428887,0.00018658714
16136,73,0.18840805,0.00018658714
16137,73,0.14787672,0.00018657943
16138,73,0.17009072,0.00018657943
16139,73,0.16937941,0.00018657943
16140,73,0.15385042,0.00018657172
16141,73,0.17361066,0.00018657172
16142,73,0.21784124,0.00018657172
16143,73,0.12581137,0.00018656401
16144,73,0.14817075,0.00018656401
16145,73,0.16371587,0.00018656401
16146,73,0.14778250,0.0001865563
16147,73,0.13976881,0.0001865563
16148,73,0.13418025,0.0001865563
16149,73,0.11853726,0.00018654859
16150,73,0.14510882,0.00018654859
16151,73,0.12141837,0.00018654859
16152,73,0.14740962,0.00018654087
16153,73,0.22196852,0.00018654087
16154,73,0.16830015,0.00018654087
16155,73,0.13813245,0.00018653316
16156,73,0.15927666,0.00018653316
16157,73,0.17793334,0.00018653316
16158,73,0.14350432,0.00018652544
16159,73,0.15823939,0.00018652544
16160,73,0.12216276,0.00018652544
16161,73,0.18444769,0.00018651772
16162,73,0.16842103,0.00018651772
16163,73,0.16227755,0.00018651772
16164,73,0.16666484,0.00018650999
16165,73,0.14285943,0.00018650999
16166,73,0.17932408,0.00018650999
16167,73,0.13641033,0.00018650227
16168,73,0.18534029,0.00018650227
16169,73,0.15775914,0.00018650227
16170,73,0.13626447,0.00018649454
16171,73,0.18310687,0.00018649454
16172,73,0.18227659,0.00018649454
16173,73,0.14532837,0.00018648681
16174,73,0.18516937,0.00018648681
16175,73,0.13104150,0.00018648681
16176,73,0.15098463,0.00018647908
16177,73,0.16165382,0.00018647908
16178,73,0.17948651,0.00018647908
16179,73,0.14895585,0.00018647134
16180,73,0.15307331,0.00018647134
16181,73,0.18482131,0.00018647134
16182,73,0.12649211,0.00018646361
16183,73,0.14431506,0.00018646361
16184,73,0.14993967,0.00018646361
16185,73,0.15607762,0.00018645587
16186,73,0.16390716,0.00018645587
16187,73,0.19955432,0.00018645587
16188,73,0.11449447,0.00018644813
16189,73,0.15677586,0.00018644813
16190,73,0.15221000,0.00018644813
16191,73,0.17242277,0.00018644039
16192,73,0.15976170,0.00018644039
16193,73,0.15557055,0.00018644039
16194,73,0.15652862,0.00018643264
16195,73,0.17527863,0.00018643264
16196,73,0.12255707,0.00018643264
16197,73,0.13439417,0.0001864249
16198,73,0.15567352,0.0001864249
16199,73,0.12865479,0.0001864249
16200,73,0.15095243,0.00018641715
16201,73,0.18951651,0.00018641715
16202,73,0.15832072,0.00018641715
16203,73,0.17966166,0.0001864094
16204,73,0.14126271,0.0001864094
16205,73,0.12240219,0.0001864094
16206,73,0.16375309,0.00018640165
16207,73,0.14511512,0.00018640165
16208,73,0.13386558,0.00018640165
16209,73,0.12923649,0.00018639389
16210,73,0.15770701,0.00018639389
16211,73,0.14508361,0.00018639389
16212,73,0.13852517,0.00018638614
16213,73,0.16026048,0.00018638614
16214,73,0.16387753,0.00018638614
16215,73,0.15556660,0.00018637838
16216,73,0.17590109,0.00018637838
16217,73,0.16517755,0.00018637838
16218,73,0.15831104,0.00018637062
16219,73,0.15788323,0.00018637062
16220,73,0.16095172,0.00018637062
16221,73,0.18275961,0.00018636285
16222,73,0.12373064,0.00018636285
16223,73,0.13777611,0.00018636285
16224,73,0.16742848,0.00018635509
16225,73,0.16698098,0.00018635509
16226,73,0.13325793,0.00018635509
16227,73,0.15162508,0.00018634732
16228,73,0.15783279,0.00018634732
16229,73,0.19166324,0.00018634732
16230,73,0.16149738,0.00018633956
16231,73,0.14238140,0.00018633956
16232,73,0.15809369,0.00018633956
16233,73,0.16537735,0.00018633178
16234,73,0.13359432,0.00018633178
16235,73,0.16845706,0.00018633178
16236,73,0.16383743,0.00018632401
16237,73,0.14833859,0.00018632401
16238,73,0.13601010,0.00018632401
16239,73,0.15505749,0.00018631624
16240,73,0.15492657,0.00018631624
16241,73,0.17108667,0.00018631624
16242,73,0.12665138,0.00018630846
16243,73,0.16745540,0.00018630846
16244,73,0.15506653,0.00018630846
16245,73,0.12593395,0.00018630068
16246,73,0.14405128,0.00018630068
16247,73,0.13079590,0.00018630068
16248,73,0.17213522,0.0001862929
16249,73,0.13915157,0.0001862929
16250,73,0.15150365,0.0001862929
16251,73,0.15585998,0.00018628512
16252,73,0.13454938,0.00018628512
16253,73,0.14211379,0.00018628512
16254,73,0.15856360,0.00018627733
16255,73,0.15286291,0.00018627733
16256,73,0.14178470,0.00018627733
16257,73,0.17496300,0.00018626954
16258,73,0.14817806,0.00018626954
16259,73,0.16639192,0.00018626954
16260,73,0.15152389,0.00018626176
16261,73,0.14414704,0.00018626176
16262,73,0.15347445,0.00018626176
16263,73,0.13680452,0.00018625396
16264,73,0.19142842,0.00018625396
16265,73,0.15077250,0.00018625396
16266,73,0.14083171,0.00018624617
16267,73,0.12940481,0.00018624617
16268,73,0.16237006,0.00018624617
16269,73,0.14914058,0.00018623838
16270,73,0.14474812,0.00018623838
16271,73,0.16507308,0.00018623838
16272,73,0.18775380,0.00018623058
16273,73,0.14378557,0.00018623058
16274,73,0.14140844,0.00018623058
16275,73,0.16208595,0.00018622278
16276,73,0.13028337,0.00018622278
16277,73,0.14095324,0.00018622278
16278,73,0.15285693,0.00018621498
16279,73,0.13661018,0.00018621498
16280,73,0.14353947,0.00018621498
16281,73,0.16955125,0.00018620717
16282,73,0.14362153,0.00018620717
16283,73,0.16384086,0.00018620717
16284,73,0.11930349,0.00018619937
16285,73,0.13535431,0.00018619937
16286,73,0.17681468,0.00018619937
16287,73,0.13462925,0.00018619156
16288,73,0.18174133,0.00018619156
16289,73,0.18667558,0.00018619156
16290,73,0.14202026,0.00018618375
16291,73,0.13891454,0.00018618375
16292,73,0.15037999,0.00018618375
16293,73,0.13933972,0.00018617594
16294,73,0.14633632,0.00018617594
16295,73,0.16970512,0.00018617594
16296,73,0.15146518,0.00018616813
16297,73,0.20725158,0.00018616813
16298,73,0.12221321,0.00018616813
16299,73,0.15251842,0.00018616031
16300,73,0.14935313,0.00018616031
16301,73,0.17489755,0.00018616031
16302,73,0.15716732,0.00018615249
16303,73,0.16912526,0.00018615249
16304,73,0.17815894,0.00018615249
16305,73,0.12575272,0.00018614467
16306,73,0.17531101,0.00018614467
16307,73,0.17617080,0.00018614467
16308,73,0.17632568,0.00018613685
16309,73,0.14588170,0.00018613685
16310,73,0.15514524,0.00018613685
16311,73,0.17773888,0.00018612903
16312,73,0.14802083,0.00018612903
16313,73,0.16673627,0.00018612903
16314,73,0.16905916,0.0001861212
16315,73,0.13052867,0.0001861212
16316,73,0.20135522,0.0001861212
16317,73,0.14040075,0.00018611337
16318,73,0.15622279,0.00018611337
16319,73,0.16253820,0.00018611337
16320,73,0.12634343,0.00018610554
16321,73,0.14801502,0.00018610554
16322,73,0.16970989,0.00018610554
16323,73,0.13840503,0.00018609771
16324,73,0.17801259,0.00018609771
16325,73,0.15181077,0.00018609771
16326,73,0.15871112,0.00018608988
16327,73,0.16681877,0.00018608988
16328,73,0.15748952,0.00018608988
16329,73,0.16169198,0.00018608204
16330,73,0.13156855,0.00018608204
16331,73,0.17078570,0.00018608204
16332,73,0.12858459,0.0001860742
16333,73,0.12931252,0.0001860742
16334,73,0.15879165,0.0001860742
16335,73,0.13154313,0.00018606636
16336,73,0.13706085,0.00018606636
16337,73,0.15039895,0.00018606636
16338,73,0.13674831,0.00018605852
16339,73,0.14017084,0.00018605852
16340,73,0.14181596,0.00018605852
16341,73,0.17402005,0.00018605068
16342,73,0.15810479,0.00018605068
16343,73,0.13190615,0.00018605068
16344,73,0.13517092,0.00018604283
16345,73,0.14938301,0.00018604283
16346,73,0.13558102,0.00018604283
16347,73,0.15782025,0.00018603498
16348,73,0.20575611,0.00018603498
16349,73,0.14653616,0.00018603498
16350,73,0.15705964,0.00018602713
16351,73,0.15382144,0.00018602713
16352,73,0.13822305,0.00018601928
16353,74,0.17362368,0.00018601928
16354,74,0.19313733,0.00018601928
16355,74,0.16282701,0.00018601142
16356,74,0.17311214,0.00018601142
16357,74,0.15491372,0.00018601142
16358,74,0.13190675,0.00018600357
16359,74,0.17278992,0.00018600357
16360,74,0.14286281,0.00018600357
16361,74,0.12783599,0.00018599571
16362,74,0.16538982,0.00018599571
16363,74,0.17738461,0.00018599571
16364,74,0.13863064,0.00018598785
16365,74,0.17718017,0.00018598785
16366,74,0.14185177,0.00018598785
16367,74,0.15457498,0.00018597999
16368,74,0.11462492,0.00018597999
16369,74,0.17452161,0.00018597999
16370,74,0.15511239,0.00018597212
16371,74,0.15087600,0.00018597212
16372,74,0.13876612,0.00018597212
16373,74,0.15971565,0.00018596425
16374,74,0.17173700,0.00018596425
16375,74,0.12328406,0.00018596425
16376,74,0.16225547,0.00018595638
16377,74,0.13680232,0.00018595638
16378,74,0.12792236,0.00018595638
16379,74,0.14978711,0.00018594851
16380,74,0.14641088,0.00018594851
16381,74,0.16648124,0.00018594851
16382,74,0.18082194,0.00018594064
16383,74,0.19519439,0.00018594064
16384,74,0.11350962,0.00018594064
16385,74,0.11748300,0.00018593277
16386,74,0.10947077,0.00018593277
16387,74,0.12213005,0.00018593277
16388,74,0.15011112,0.00018592489
16389,74,0.15672117,0.00018592489
16390,74,0.14144737,0.00018592489
16391,74,0.17766550,0.00018591701
16392,74,0.15410818,0.00018591701
16393,74,0.13899481,0.00018591701
16394,74,0.15903053,0.00018590913
16395,74,0.18002769,0.00018590913
16396,74,0.15039083,0.00018590913
16397,74,0.15926436,0.00018590125
16398,74,0.16968624,0.00018590125
16399,74,0.18688248,0.00018590125
16400,74,0.13730806,0.00018589336
16401,74,0.13632514,0.00018589336
16402,74,0.15483427,0.00018589336
16403,74,0.14669946,0.00018588547
16404,74,0.12468044,0.00018588547
16405,74,0.14067310,0.00018588547
16406,74,0.14297277,0.00018587758
16407,74,0.14174801,0.00018587758
16408,74,0.16721007,0.00018587758
16409,74,0.15234366,0.00018586969
16410,74,0.13139701,0.00018586969
16411,74,0.14797807,0.00018586969
16412,74,0.13339363,0.0001858618
16413,74,0.11615594,0.0001858618
16414,74,0.15008682,0.0001858618
16415,74,0.20743135,0.00018585391
16416,74,0.18860905,0.00018585391
16417,74,0.14172368,0.00018585391
16418,74,0.13980387,0.00018584601
16419,74,0.16867268,0.00018584601
16420,74,0.14696318,0.00018584601
16421,74,0.13111784,0.00018583811
16422,74,0.13448744,0.00018583811
16423,74,0.14753506,0.00018583811
16424,74,0.13472740,0.00018583021
16425,74,0.13473406,0.00018583021
16426,74,0.16127922,0.00018583021
16427,74,0.13713430,0.0001858223
16428,74,0.12986800,0.0001858223
16429,74,0.14965628,0.0001858223
16430,74,0.12219264,0.0001858144
16431,74,0.13471323,0.0001858144
16432,74,0.18360683,0.0001858144
16433,74,0.14865719,0.00018580649
16434,74,0.13343267,0.00018580649
16435,74,0.15482882,0.00018580649
16436,74,0.16320547,0.00018579858
16437,74,0.17932102,0.00018579858
16438,74,0.15847580,0.00018579858
16439,74,0.16293216,0.00018579067
16440,74,0.15383086,0.00018579067
16441,74,0.14073621,0.00018579067
16442,74,0.17435703,0.00018578276
16443,74,0.17364280,0.00018578276
16444,74,0.17624603,0.00018578276
16445,74,0.14642683,0.00018577484
16446,74,0.17049038,0.00018577484
16447,74,0.14381611,0.00018577484
16448,74,0.17467973,0.00018576692
16449,74,0.12140207,0.00018576692
16450,74,0.13276342,0.00018576692
16451,74,0.15123802,0.000185759
16452,74,0.14681490,0.000185759
16453,74,0.14610465,0.000185759
16454,74,0.14304435,0.00018575108
16455,74,0.18683568,0.00018575108
16456,74,0.14487515,0.00018575108
16457,74,0.14534868,0.00018574316
16458,74,0.17966762,0.00018574316
16459,74,0.14667386,0.00018574316
16460,74,0.15396091,0.00018573523
16461,74,0.18381111,0.00018573523
16462,74,0.15618533,0.00018573523
16463,74,0.14819188,0.0001857273
16464,74,0.14300305,0.0001857273
16465,74,0.15755084,0.0001857273
16466,74,0.12346064,0.00018571937
16467,74,0.13846527,0.00018571937
16468,74,0.14090487,0.00018571937
16469,74,0.14121272,0.00018571144
16470,74,0.15445819,0.00018571144
16471,74,0.14034620,0.00018571144
16472,74,0.13822590,0.00018570351
16473,74,0.15413104,0.00018570351
16474,74,0.14866948,0.00018570351
16475,74,0.14345986,0.00018569557
16476,74,0.12136161,0.00018569557
16477,74,0.15249057,0.00018569557
16478,74,0.12665503,0.00018568763
16479,74,0.14988357,0.00018568763
16480,74,0.14860421,0.00018568763
16481,74,0.17008129,0.00018567969
16482,74,0.12919644,0.00018567969
16483,74,0.14194775,0.00018567969
16484,74,0.16297959,0.00018567175
16485,74,0.11751880,0.00018567175
16486,74,0.15644473,0.00018567175
16487,74,0.13529468,0.00018566381
16488,74,0.12666927,0.00018566381
16489,74,0.16073814,0.00018566381
16490,74,0.11779251,0.00018565586
16491,74,0.16712174,0.00018565586
16492,74,0.15300904,0.00018565586
16493,74,0.16589406,0.00018564791
16494,74,0.16618221,0.00018564791
16495,74,0.14381416,0.00018564791
16496,74,0.17986736,0.00018563996
16497,74,0.14265850,0.00018563996
16498,74,0.11391573,0.00018563996
16499,74,0.14719352,0.00018563201
16500,74,0.11204012,0.00018563201
16501,74,0.14143379,0.00018563201
16502,74,0.18703124,0.00018562406
16503,74,0.12750526,0.00018562406
16504,74,0.20667362,0.00018562406
16505,74,0.13810781,0.0001856161
16506,74,0.14210308,0.0001856161
16507,74,0.14391252,0.0001856161
16508,74,0.13862970,0.00018560814
16509,74,0.16054462,0.00018560814
16510,74,0.11984524,0.00018560814
16511,74,0.13537943,0.00018560018
16512,74,0.15920809,0.00018560018
16513,74,0.13860010,0.00018560018
16514,74,0.14304119,0.00018559222
16515,74,0.14925614,0.00018559222
16516,74,0.14318112,0.00018559222
16517,74,0.15301982,0.00018558426
16518,74,0.13624409,0.00018558426
16519,74,0.13255964,0.00018558426
16520,74,0.13650963,0.00018557629
16521,74,0.14248672,0.00018557629
16522,74,0.15576988,0.00018557629
16523,74,0.19545811,0.00018556832
16524,74,0.16027448,0.00018556832
16525,74,0.14238882,0.00018556832
16526,74,0.15596567,0.00018556035
16527,74,0.15124020,0.00018556035
16528,74,0.14679144,0.00018556035
16529,74,0.17220569,0.00018555238
16530,74,0.14380187,0.00018555238
16531,74,0.15052536,0.00018555238
16532,74,0.13528202,0.0001855444
16533,74,0.15848523,0.0001855444
16534,74,0.16107404,0.0001855444
16535,74,0.14369546,0.00018553643
16536,74,0.16052213,0.00018553643
16537,74,0.15541586,0.00018553643
16538,74,0.13202980,0.00018552845
16539,74,0.15792285,0.00018552845
16540,74,0.13761263,0.00018552845
16541,74,0.14497189,0.00018552047
16542,74,0.14302360,0.00018552047
16543,74,0.12835020,0.00018552047
16544,74,0.13718466,0.00018551248
16545,74,0.12818520,0.00018551248
16546,74,0.15169266,0.00018551248
16547,74,0.13632976,0.0001855045
16548,74,0.17284322,0.0001855045
16549,74,0.12517756,0.0001855045
16550,74,0.14140531,0.00018549651
16551,74,0.17161684,0.00018549651
16552,74,0.14049433,0.00018549651
16553,74,0.15356290,0.00018548852
16554,74,0.15296054,0.00018548852
16555,74,0.13748682,0.00018548852
16556,74,0.13970983,0.00018548053
16557,74,0.15676264,0.00018548053
16558,74,0.15397571,0.00018548053
16559,74,0.15395996,0.00018547254
16560,74,0.14784022,0.00018547254
16561,74,0.14560312,0.00018547254
16562,74,0.16153273,0.00018546455
16563,74,0.15371905,0.00018546455
16564,74,0.17389677,0.00018546455
16565,74,0.14593443,0.00018545655
16566,74,0.12592149,0.00018545655
16567,74,0.17941873,0.00018545655
16568,74,0.12230128,0.00018544855
16569,74,0.14893150,0.00018544855
16570,74,0.14600396,0.00018544855
16571,74,0.15816505,0.00018544055
16572,74,0.14448583,0.00018544055
16573,74,0.13862535,0.00018544055
16574,74,0.14357382,0.00018543255
16575,74,0.18522751,0.00018543255
16576,74,0.13817218,0.00018542454
16577,75,0.15727119,0.00018542454
16578,75,0.15472788,0.00018542454
16579,75,0.17654142,0.00018541653
16580,75,0.15002072,0.00018541653
16581,75,0.15313226,0.00018541653
16582,75,0.13497384,0.00018540852
16583,75,0.15919140,0.00018540852
16584,75,0.14608848,0.00018540852
16585,75,0.15824263,0.00018540051
16586,75,0.13982430,0.00018540051
16587,75,0.14459455,0.00018540051
16588,75,0.13855135,0.0001853925
16589,75,0.13858774,0.0001853925
16590,75,0.18924694,0.0001853925
16591,75,0.14548595,0.00018538449
16592,75,0.14150634,0.00018538449
16593,75,0.17695145,0.00018538449
16594,75,0.14114925,0.00018537647
16595,75,0.16148680,0.00018537647
16596,75,0.19157237,0.00018537647
16597,75,0.16798067,0.00018536845
16598,75,0.13572803,0.00018536845
16599,75,0.15699603,0.00018536845
16600,75,0.16220683,0.00018536043
16601,75,0.15378915,0.00018536043
16602,75,0.14248621,0.00018536043
16603,75,0.12308727,0.00018535241
16604,75,0.15851028,0.00018535241
16605,75,0.18668315,0.00018535241
16606,75,0.16265729,0.00018534438
16607,75,0.13108392,0.00018534438
16608,75,0.18124077,0.00018534438
16609,75,0.14661147,0.00018533635
16610,75,0.14724198,0.00018533635
16611,75,0.17538640,0.00018533635
16612,75,0.16867235,0.00018532832
16613,75,0.15885270,0.00018532832
16614,75,0.16998862,0.00018532832
16615,75,0.16076536,0.00018532029
16616,75,0.16582341,0.00018532029
16617,75,0.17654967,0.00018532029
16618,75,0.15661687,0.00018531226
16619,75,0.14979120,0.00018531226
16620,75,0.13370627,0.00018531226
16621,75,0.16248922,0.00018530422
16622,75,0.16187224,0.00018530422
16623,75,0.14551662,0.00018530422
16624,75,0.12381750,0.00018529619
16625,75,0.13873479,0.00018529619
16626,75,0.13985708,0.00018529619
16627,75,0.17785208,0.00018528815
16628,75,0.13629708,0.00018528815
16629,75,0.15599251,0.00018528815
16630,75,0.17885594,0.00018528011
16631,75,0.15308395,0.00018528011
16632,75,0.12295994,0.00018528011
16633,75,0.16252360,0.00018527206
16634,75,0.15000579,0.00018527206
16635,75,0.13605633,0.00018527206
16636,75,0.16122191,0.00018526402
16637,75,0.12909654,0.00018526402
16638,75,0.14351389,0.00018526402
16639,75,0.13137339,0.00018525597
16640,75,0.13920167,0.00018525597
16641,75,0.13559295,0.00018525597
16642,75,0.14307408,0.00018524792
16643,75,0.16525355,0.00018524792
16644,75,0.12949693,0.00018524792
16645,75,0.15537919,0.00018523987
16646,75,0.17874715,0.00018523987
16647,75,0.13486905,0.00018523987
16648,75,0.14861673,0.00018523181
16649,75,0.13864601,0.00018523181
16650,75,0.15751925,0.00018523181
16651,75,0.13412923,0.00018522376
16652,75,0.13034001,0.00018522376
16653,75,0.18404095,0.00018522376
16654,75,0.14089105,0.0001852157
16655,75,0.15969992,0.0001852157
16656,75,0.13350287,0.0001852157
16657,75,0.13347897,0.00018520764
16658,75,0.13383839,0.00018520764
16659,75,0.13500297,0.00018520764
16660,75,0.13406725,0.00018519958
16661,75,0.14677197,0.00018519958
16662,75,0.12806843,0.00018519958
16663,75,0.15533452,0.00018519152
16664,75,0.14115241,0.00018519152
16665,75,0.14827171,0.00018519152
16666,75,0.16329807,0.00018518345
16667,75,0.12946709,0.00018518345
16668,75,0.15062109,0.00018518345
16669,75,0.11033341,0.00018517538
16670,75,0.14087963,0.00018517538
16671,75,0.20071995,0.00018517538
16672,75,0.12166883,0.00018516731
16673,75,0.14615540,0.00018516731
16674,75,0.17567989,0.00018516731
16675,75,0.18260643,0.00018515924
16676,75,0.12417483,0.00018515924
16677,75,0.17794785,0.00018515924
16678,75,0.15736458,0.00018515117
16679,75,0.18550849,0.00018515117
16680,75,0.15009396,0.00018515117
16681,75,0.12511143,0.00018514309
16682,75,0.15566725,0.00018514309
16683,75,0.16673677,0.00018514309
16684,75,0.12707436,0.00018513501
16685,75,0.11488443,0.00018513501
16686,75,0.12287306,0.00018513501
16687,75,0.14854310,0.00018512693
16688,75,0.15825996,0.00018512693
16689,75,0.14567778,0.00018512693
16690,75,0.16355798,0.00018511885
16691,75,0.11571336,0.00018511885
16692,75,0.15361196,0.00018511885
16693,75,0.14094225,0.00018511077
16694,75,0.18216014,0.00018511077
16695,75,0.14640525,0.00018511077
16696,75,0.16384497,0.00018510268
16697,75,0.15588591,0.00018510268
16698,75,0.19257000,0.00018510268
16699,75,0.19307899,0.0001850946
16700,75,0.14271060,0.0001850946
16701,75,0.13725005,0.0001850946
16702,75,0.13814197,0.00018508651
16703,75,0.15684423,0.00018508651
16704,75,0.17025968,0.00018508651
16705,75,0.17110184,0.00018507841
16706,75,0.13297455,0.00018507841
16707,75,0.15042132,0.00018507841
16708,75,0.15260021,0.00018507032
16709,75,0.13236222,0.00018507032
16710,75,0.17439318,0.00018507032
16711,75,0.12844859,0.00018506222
16712,75,0.20524530,0.00018506222
16713,75,0.16671705,0.00018506222
16714,75,0.12659547,0.00018505413
16715,75,0.12750980,0.00018505413
16716,75,0.16018414,0.00018505413
16717,75,0.15472424,0.00018504603
16718,75,0.14436331,0.00018504603
16719,75,0.13551824,0.00018504603
16720,75,0.16580015,0.00018503792
16721,75,0.15501820,0.00018503792
16722,75,0.17929819,0.00018503792
16723,75,0.17314111,0.00018502982
16724,75,0.15881011,0.00018502982
16725,75,0.16601928,0.00018502982
16726,75,0.16672711,0.00018502171
16727,75,0.13801539,0.00018502171
16728,75,0.18195024,0.00018502171
16729,75,0.11905634,0.00018501361
16730,75,0.13709477,0.00018501361
16731,75,0.15195610,0.00018501361
16732,75,0.12488775,0.0001850055
16733,75,0.14538799,0.0001850055
16734,75,0.14162332,0.0001850055
16735,75,0.13549602,0.00018499738
16736,75,0.16643408,0.00018499738
16737,75,0.13970974,0.00018499738
16738,75,0.13810968,0.00018498927
16739,75,0.14274655,0.00018498927
16740,75,0.17424969,0.00018498927
16741,75,0.14924492,0.00018498115
16742,75,0.16584629,0.00018498115
16743,75,0.17321901,0.00018498115
16744,75,0.15726440,0.00018497304
16745,75,0.16160224,0.00018497304
16746,75,0.15780498,0.00018497304
16747,75,0.14002624,0.00018496491
16748,75,0.15169947,0.00018496491
16749,75,0.12204816,0.00018496491
16750,75,0.13542961,0.00018495679
16751,75,0.10806068,0.00018495679
16752,75,0.14112455,0.00018495679
16753,75,0.16533631,0.00018494867
16754,75,0.12552503,0.00018494867
16755,75,0.14699867,0.00018494867
16756,75,0.14023732,0.00018494054
16757,75,0.12155472,0.00018494054
16758,75,0.11922123,0.00018494054
16759,75,0.14797652,0.00018493241
16760,75,0.17645934,0.00018493241
16761,75,0.12516394,0.00018493241
16762,75,0.14946178,0.00018492428
16763,75,0.17302299,0.00018492428
16764,75,0.13639373,0.00018492428
16765,75,0.19237861,0.00018491615
16766,75,0.14766076,0.00018491615
16767,75,0.16713116,0.00018491615
16768,75,0.14343552,0.00018490802
16769,75,0.13773641,0.00018490802
16770,75,0.12024819,0.00018490802
16771,75,0.15753394,0.00018489988
16772,75,0.13707891,0.00018489988
16773,75,0.13973340,0.00018489988
16774,75,0.13081199,0.00018489174
16775,75,0.14397030,0.00018489174
16776,75,0.13949370,0.00018489174
16777,75,0.18732592,0.0001848836
16778,75,0.14607483,0.0001848836
16779,75,0.15316336,0.0001848836
16780,75,0.16187608,0.00018487546
16781,75,0.14043093,0.00018487546
16782,75,0.14721020,0.00018487546
16783,75,0.15050064,0.00018486732
16784,75,0.12194890,0.00018486732
16785,75,0.13399294,0.00018486732
16786,75,0.16716224,0.00018485917
16787,75,0.15331477,0.00018485917
16788,75,0.13802075,0.00018485917
16789,75,0.18047301,0.00018485102
16790,75,0.14319152,0.00018485102
16791,75,0.14058535,0.00018485102
16792,75,0.16009328,0.00018484287
16793,75,0.12944335,0.00018484287
16794,75,0.14538182,0.00018484287
16795,75,0.16942787,0.00018483472
16796,75,0.17786907,0.00018483472
16797,75,0.14529045,0.00018483472
16798,75,0.19038610,0.00018482656
16799,75,0.14978832,0.00018482656
16800,75,0.14345750,0.00018481841
16801,76,0.13124749,0.00018481841
16802,76,0.19326890,0.00018481841
16803,76,0.14376661,0.00018481025
16804,76,0.17252085,0.00018481025
16805,76,0.11892184,0.00018481025
16806,76,0.14159122,0.00018480209
16807,76,0.13261849,0.00018480209
16808,76,0.12425552,0.00018480209
16809,76,0.14011632,0.00018479393
16810,76,0.12998129,0.00018479393
16811,76,0.13574708,0.00018479393
16812,76,0.14198515,0.00018478576
16813,76,0.14984283,0.00018478576
16814,76,0.16125080,0.00018478576
16815,76,0.14706126,0.0001847776
16816,76,0.15681730,0.0001847776
16817,76,0.12530366,0.0001847776
16818,76,0.15909454,0.00018476943
16819,76,0.15419284,0.00018476943
16820,76,0.18861601,0.00018476943
16821,76,0.12989831,0.00018476126
16822,76,0.14344919,0.00018476126
16823,76,0.11675489,0.00018476126
16824,76,0.12170157,0.00018475308
16825,76,0.14573638,0.00018475308
16826,76,0.15337043,0.00018475308
16827,76,0.14663926,0.00018474491
16828,76,0.14992216,0.00018474491
16829,76,0.14042902,0.00018474491
16830,76,0.12721160,0.00018473673
16831,76,0.13126358,0.00018473673
16832,76,0.15248933,0.00018473673
16833,76,0.12224834,0.00018472856
16834,76,0.12343931,0.00018472856
16835,76,0.15202129,0.00018472856
16836,76,0.13330500,0.00018472037
16837,76,0.15255007,0.00018472037
16838,76,0.13227759,0.00018472037
16839,76,0.17337286,0.00018471219
16840,76,0.11087968,0.00018471219
16841,76,0.17166321,0.00018471219
16842,76,0.13511138,0.00018470401
16843,76,0.11292337,0.00018470401
16844,76,0.11833519,0.00018470401
16845,76,0.14685506,0.00018469582
16846,76,0.16340442,0.00018469582
16847,76,0.13470615,0.00018469582
16848,76,0.13684291,0.00018468763
16849,76,0.16842821,0.00018468763
16850,76,0.15760444,0.00018468763
16851,76,0.19040720,0.00018467944
16852,76,0.14578906,0.00018467944
16853,76,0.15267788,0.00018467944
16854,76,0.13259506,0.00018467125
16855,76,0.15480277,0.00018467125
16856,76,0.15309551,0.00018467125
16857,76,0.15381956,0.00018466305
16858,76,0.13382444,0.00018466305
16859,76,0.16883698,0.00018466305
16860,76,0.15203473,0.00018465486
16861,76,0.14820468,0.00018465486
16862,76,0.15976317,0.00018465486
16863,76,0.17829797,0.00018464666
16864,76,0.15292105,0.00018464666
16865,76,0.17666185,0.00018464666
16866,76,0.14299875,0.00018463846
16867,76,0.15494882,0.00018463846
16868,76,0.14195722,0.00018463846
16869,76,0.15754135,0.00018463026
16870,76,0.16175310,0.00018463026
16871,76,0.16761971,0.00018463026
16872,76,0.12996560,0.00018462205
16873,76,0.13838103,0.00018462205
16874,76,0.16946197,0.00018462205
16875,76,0.18181857,0.00018461385
16876,76,0.15723138,0.00018461385
16877,76,0.15191936,0.00018461385
16878,76,0.16197644,0.00018460564
16879,76,0.14804384,0.00018460564
16880,76,0.18606615,0.00018460564
16881,76,0.14628106,0.00018459743
16882,76,0.13262647,0.00018459743
16883,76,0.16087691,0.00018459743
16884,76,0.18255061,0.00018458921
16885,76,0.16392361,0.00018458921
16886,76,0.15869731,0.00018458921
16887,76,0.14690888,0.000184581
16888,76,0.13699856,0.000184581
16889,76,0.14846529,0.000184581
16890,76,0.12915778,0.00018457278
16891,76,0.14496271,0.00018457278
16892,76,0.12004012,0.00018457278
16893,76,0.14161727,0.00018456456
16894,76,0.14243910,0.00018456456
16895,76,0.13993363,0.00018456456
16896,76,0.13299529,0.00018455634
16897,76,0.14142631,0.00018455634
16898,76,0.14385125,0.00018455634
16899,76,0.15711486,0.00018454812
16900,76,0.16169097,0.00018454812
16901,76,0.13991955,0.00018454812
16902,76,0.15776066,0.0001845399
16903,76,0.15802509,0.0001845399
16904,76,0.16556755,0.0001845399
16905,76,0.15175425,0.00018453167
16906,76,0.13775191,0.00018453167
16907,76,0.14757344,0.00018453167
16908,76,0.15314245,0.00018452344
16909,76,0.14141952,0.00018452344
16910,76,0.16869299,0.00018452344
16911,76,0.17304473,0.00018451521
16912,76,0.16554064,0.00018451521
16913,76,0.13847962,0.00018451521
16914,76,0.14384374,0.00018450698
16915,76,0.17715162,0.00018450698
16916,76,0.14734754,0.00018450698
16917,76,0.16396467,0.00018449874
16918,76,0.16146313,0.00018449874
16919,76,0.16441518,0.00018449874
16920,76,0.15689126,0.00018449051
16921,76,0.15350053,0.00018449051
16922,76,0.12679699,0.00018449051
16923,76,0.16034773,0.00018448227
16924,76,0.13599661,0.00018448227
16925,76,0.16656436,0.00018448227
16926,76,0.14385156,0.00018447403
16927,76,0.16660941,0.00018447403
16928,76,0.20514618,0.00018447403
16929,76,0.12579039,0.00018446578
16930,76,0.11635412,0.00018446578
16931,76,0.14929718,0.00018446578
16932,76,0.16902882,0.00018445754
16933,76,0.13188668,0.00018445754
16934,76,0.14470530,0.00018445754
16935,76,0.16600956,0.00018444929
16936,76,0.14626877,0.00018444929
16937,76,0.18599924,0.00018444929
16938,76,0.11781811,0.00018444104
16939,76,0.15708382,0.00018444104
16940,76,0.16471928,0.00018444104
16941,76,0.15798855,0.00018443279
16942,76,0.14528915,0.00018443279
16943,76,0.15580574,0.00018443279
16944,76,0.15598321,0.00018442454
16945,76,0.17423618,0.00018442454
16946,76,0.14290801,0.00018442454
16947,76,0.11779565,0.00018441629
16948,76,0.15970843,0.00018441629
16949,76,0.14464343,0.00018441629
16950,76,0.15914936,0.00018440803
16951,76,0.12334138,0.00018440803
16952,76,0.16887495,0.00018440803
16953,76,0.13465258,0.00018439977
16954,76,0.15614669,0.00018439977
16955,76,0.15595554,0.00018439977
16956,76,0.13409805,0.00018439151
16957,76,0.14243230,0.00018439151
16958,76,0.15101463,0.00018439151
16959,76,0.16711739,0.00018438325
16960,76,0.14171003,0.00018438325
16961,76,0.16136999,0.00018438325
16962,76,0.14622076,0.00018437498
16963,76,0.13622211,0.00018437498
16964,76,0.16995230,0.00018437498
16965,76,0.14891365,0.00018436671
16966,76,0.10880961,0.00018436671
16967,76,0.16781442,0.00018436671
16968,76,0.12612574,0.00018435845
16969,76,0.17842707,0.00018435845
16970,76,0.14203064,0.00018435845
16971,76,0.13479689,0.00018435018
16972,76,0.16091479,0.00018435018
16973,76,0.16870241,0.00018435018
16974,76,0.16765267,0.0001843419
16975,76,0.19854127,0.0001843419
16976,76,0.13029529,0.0001843419
16977,76,0.14006963,0.00018433363
16978,76,0.11532497,0.00018433363
16979,76,0.13908184,0.00018433363
16980,76,0.15096419,0.00018432535
16981,76,0.16600338,0.00018432535
16982,76,0.17429571,0.00018432535
16983,76,0.14871195,0.00018431707
16984,76,0.13832940,0.00018431707
16985,76,0.15298556,0.00018431707
16986,76,0.16045076,0.00018430879
16987,76,0.13771403,0.00018430879
16988,76,0.15073726,0.00018430879
16989,76,0.16318867,0.00018430051
16990,76,0.13757466,0.00018430051
16991,76,0.13614604,0.00018430051
16992,76,0.15123326,0.00018429222
16993,76,0.18347244,0.00018429222
16994,76,0.14256789,0.00018429222
16995,76,0.15982117,0.00018428394
16996,76,0.14052995,0.00018428394
16997,76,0.13995808,0.00018428394
16998,76,0.14669150,0.00018427565
16999,76,0.16200159,0.00018427565
17000,76,0.12735046,0.00018427565
17001,76,0.15301137,0.00018426736
17002,76,0.15657783,0.00018426736
17003,76,0.14634764,0.00018426736
17004,76,0.16626894,0.00018425907
17005,76,0.15236667,0.00018425907
17006,76,0.16021906,0.00018425907
17007,76,0.12915710,0.00018425077
17008,76,0.15555105,0.00018425077
17009,76,0.13170436,0.00018425077
17010,76,0.16871178,0.00018424247
17011,76,0.16525741,0.00018424247
17012,76,0.15372628,0.00018424247
17013,76,0.16681045,0.00018423418
17014,76,0.11676280,0.00018423418
17015,76,0.14425437,0.00018423418
17016,76,0.12188111,0.00018422587
17017,76,0.14095241,0.00018422587
17018,76,0.17319199,0.00018422587
17019,76,0.16548672,0.00018421757
17020,76,0.15307859,0.00018421757
17021,76,0.13767347,0.00018421757
17022,76,0.13459568,0.00018420927
17023,76,0.17922387,0.00018420927
17024,76,0.16157544,0.00018420096
17025,77,0.15550673,0.00018420096
17026,77,0.20982532,0.00018420096
17027,77,0.13748357,0.00018419265
17028,77,0.14054364,0.00018419265
17029,77,0.15545565,0.00018419265
