step,epoch,loss,lr
1,1,1.04088557,1e-07
2,1,1.12631631,1e-07
3,1,1.03591955,2e-07
4,1,1.16187882,2e-07
5,1,1.10238874,2e-07
6,1,1.03537762,3e-07
7,1,1.06248319,3e-07
8,1,1.05303490,3e-07
9,1,1.03962612,4e-07
10,1,1.08213592,4e-07
11,1,1.12283826,4e-07
12,1,1.13993406,5e-07
13,1,1.04579544,5e-07
14,1,1.07805991,5e-07
15,1,1.04194164,6e-07
16,1,1.08386326,6e-07
17,1,1.03925586,6e-07
18,1,1.06379390,7e-07
19,1,1.14074194,7e-07
20,1,1.10684192,7e-07
21,1,1.01874161,8e-07
22,1,1.00435519,8e-07
23,1,1.07006586,8e-07
24,1,1.03882492,9e-07
25,1,1.12619448,9e-07
26,1,1.14764774,9e-07
27,1,1.01708746,1e-06
28,1,1.05928874,1e-06
29,1,1.10593700,1e-06
30,1,1.05709112,1.1e-06
31,1,1.04879093,1.1e-06
32,1,1.02459979,1.1e-06
33,1,1.10191858,1.2e-06
34,1,0.99879646,1.2e-06
35,1,1.03534627,1.2e-06
36,1,0.97006392,1.3e-06
37,1,0.95760965,1.3e-06
38,1,1.01641011,1.3e-06
39,1,1.14992833,1.4e-06
40,1,1.01739240,1.4e-06
41,1,1.04251564,1.4e-06
42,1,1.00093436,1.5e-06
43,1,0.96715260,1.5e-06
44,1,1.03442705,1.5e-06
45,1,1.03730905,1.6e-06
46,1,1.03571320,1.6e-06
47,1,1.05022287,1.6e-06
48,1,1.02363205,1.7e-06
49,1,1.06003571,1.7e-06
50,1,0.96813262,1.7e-06
51,1,0.97028732,1.8e-06
52,1,1.03298867,1.8e-06
53,1,0.96223724,1.8e-06
54,1,1.00708759,1.9e-06
55,1,0.97673362,1.9e-06
56,1,1.01999664,1.9e-06
57,1,1.00677919,2e-06
58,1,1.01749218,2e-06
59,1,1.02517450,2e-06
60,1,0.94706458,2.1e-06
61,1,1.09682071,2.1e-06
62,1,1.04828560,2.1e-06
63,1,1.04268205,2.2e-06
64,1,1.00437248,2.2e-06
65,1,0.97594714,2.2e-06
66,1,0.95543599,2.3e-06
67,1,0.98414272,2.3e-06
68,1,0.94849247,2.3e-06
69,1,1.00559497,2.4e-06
70,1,0.98247111,2.4e-06
71,1,0.94832647,2.4e-06
72,1,0.96451497,2.5e-06
73,1,1.01197267,2.5e-06
74,1,0.95409226,2.5e-06
75,1,0.96558678,2.6e-06
76,1,0.97980058,2.6e-06
77,1,0.95338362,2.6e-06
78,1,0.96517181,2.7e-06
79,1,0.93887782,2.7e-06
80,1,0.95226228,2.7e-06
81,1,0.90722275,2.8e-06
82,1,1.11977410,2.8e-06
83,1,0.96546924,2.8e-06
84,1,0.97819448,2.9e-06
85,1,0.92555439,2.9e-06
86,1,1.01845098,2.9e-06
87,1,1.02336216,3e-06
88,1,0.89249659,3e-06
89,1,0.98213047,3e-06
90,1,0.93949914,3.1e-06
91,1,0.96368492,3.1e-06
92,1,0.90307921,3.1e-06
93,1,0.93883502,3.2e-06
94,1,0.97699213,3.2e-06
95,1,0.98173875,3.2e-06
96,1,0.94942468,3.3e-06
97,1,0.99427003,3.3e-06
98,1,0.96924913,3.3e-06
99,1,0.93023765,3.4e-06
100,1,0.95868206,3.4e-06
101,1,0.91525662,3.4e-06
102,1,0.97408170,3.5e-06
103,1,0.95685470,3.5e-06
104,1,0.90756130,3.5e-06
105,1,0.90041465,3.6e-06
106,1,0.95933479,3.6e-06
107,1,0.97815466,3.6e-06
108,1,0.89736575,3.7e-06
109,1,0.93660474,3.7e-06
110,1,0.96047080,3.7e-06
111,1,0.93265027,3.8e-06
112,1,0.92015409,3.8e-06
113,1,0.92601174,3.8e-06
114,1,0.88730115,3.9e-06
115,1,0.95089412,3.9e-06
116,1,0.91570508,3.9e-06
117,1,0.90331620,4e-06
118,1,0.95347798,4e-06
119,1,0.87911487,4e-06
120,1,0.98851693,4.1e-06
121,1,0.86592978,4.1e-06
122,1,0.92475402,4.1e-06
123,1,0.94232905,4.2e-06
124,1,0.94531035,4.2e-06
125,1,0.95539570,4.2e-06
126,1,0.86580104,4.3e-06
127,1,0.86014307,4.3e-06
128,1,0.88716257,4.3e-06
129,1,0.89421356,4.4e-06
130,1,0.86692131,4.4e-06
131,1,0.88338870,4.4e-06
132,1,0.89562881,4.5e-06
133,1,0.92730665,4.5e-06
134,1,0.94589490,4.5e-06
135,1,0.93343747,4.6e-06
136,1,0.85129380,4.6e-06
137,1,0.87183559,4.6e-06
138,1,0.92409861,4.7e-06
139,1,0.86360395,4.7e-06
140,1,0.89352334,4.7e-06
141,1,0.86318254,4.8e-06
142,1,0.83421278,4.8e-06
143,1,0.93054974,4.8e-06
144,1,0.82159704,4.9e-06
145,1,0.83564210,4.9e-06
146,1,0.93486810,4.9e-06
147,1,0.88539267,5e-06
148,1,0.83826208,5e-06
149,1,0.85485697,5e-06
150,1,0.82232636,5.1e-06
151,1,0.96963090,5.1e-06
152,1,0.88502926,5.1e-06
153,1,0.87546778,5.2e-06
154,1,0.88643467,5.2e-06
155,1,0.89419454,5.2e-06
156,1,0.87757158,5.3e-06
157,1,0.84522331,5.3e-06
158,1,0.91766882,5.3e-06
159,1,0.90219271,5.4e-06
160,1,0.84905785,5.4e-06
161,1,0.90877438,5.4e-06
162,1,0.86397475,5.5e-06
163,1,0.92723644,5.5e-06
164,1,0.90746200,5.5e-06
165,1,0.96416378,5.6e-06
166,1,0.83950061,5.6e-06
167,1,0.93277180,5.6e-06
168,1,0.89261883,5.7e-06
169,1,0.87143773,5.7e-06
170,1,0.74888837,5.7e-06
171,1,0.81570470,5.8e-06
172,1,0.89442015,5.8e-06
173,1,0.88588637,5.8e-06
174,1,0.80473030,5.9e-06
175,1,0.92347711,5.9e-06
176,1,0.89493120,5.9e-06
177,1,0.87084478,6e-06
178,1,0.88432837,6e-06
179,1,0.94321346,6e-06
180,1,0.83775139,6.1e-06
181,1,0.82912052,6.1e-06
182,1,0.81247777,6.1e-06
183,1,0.77856290,6.2e-06
184,1,0.86510360,6.2e-06
185,1,0.86114264,6.2e-06
186,1,0.85703516,6.3e-06
187,1,0.85192955,6.3e-06
188,1,0.82619423,6.3e-06
189,1,0.89198267,6.4e-06
190,1,0.78297824,6.4e-06
191,1,0.86249495,6.4e-06
192,1,0.91881245,6.5e-06
193,1,0.85139275,6.5e-06
194,1,0.86846530,6.5e-06
195,1,0.86552733,6.6e-06
196,1,0.80391377,6.6e-06
197,1,0.80613279,6.6e-06
198,1,0.87860149,6.7e-06
199,1,0.78007782,6.7e-06
200,1,0.83266276,6.7e-06
201,1,0.83387983,6.8e-06
202,1,0.84696186,6.8e-06
203,1,0.90615964,6.8e-06
204,1,0.87401152,6.9e-06
205,1,0.85076225,6.9e-06
206,1,0.88066280,6.9e-06
207,1,0.83671159,7e-06
208,1,0.79820347,7e-06
209,1,0.77444422,7e-06
210,1,0.80171025,7.1e-06
211,1,0.82550639,7.1e-06
212,1,0.82488930,7.1e-06
213,1,0.82386303,7.2e-06
214,1,0.86440551,7.2e-06
215,1,0.79342556,7.2e-06
216,1,0.86920249,7.3e-06
217,1,0.80546653,7.3e-06
218,1,0.92490864,7.3e-06
219,1,0.78562236,7.4e-06
220,1,0.85860860,7.4e-06
221,1,0.85310161,7.4e-06
222,1,0.85211915,7.5e-06
223,1,0.81497002,7.5e-06
224,1,0.83105755,7.6e-06
225,2,0.82874334,7.6e-06
226,2,0.86358786,7.6e-06
227,2,0.79711193,7.7e-06
228,2,0.78129435,7.7e-06
229,2,0.81231630,7.7e-06
230,2,0.84733725,7.8e-06
231,2,0.80371737,7.8e-06
232,2,0.83857894,7.8e-06
233,2,0.85509479,7.9e-06
234,2,0.73531187,7.9e-06
235,2,0.80835152,7.9e-06
236,2,0.78146070,8e-06
237,2,0.78861016,8e-06
238,2,0.79668874,8e-06
239,2,0.83435333,8.1e-06
240,2,0.78417492,8.1e-06
241,2,0.78786004,8.1e-06
242,2,0.79625404,8.2e-06
243,2,0.85339057,8.2e-06
244,2,0.84626168,8.2e-06
245,2,0.78368187,8.3e-06
246,2,0.88297486,8.3e-06
247,2,0.82591623,8.3e-06
248,2,0.81480998,8.4e-06
249,2,0.79803967,8.4e-06
250,2,0.75952041,8.4e-06
251,2,0.88750076,8.5e-06
252,2,0.75356764,8.5e-06
253,2,0.77687067,8.5e-06
254,2,0.78508461,8.6e-06
255,2,0.76995838,8.6e-06
256,2,0.78854311,8.6e-06
257,2,0.74052858,8.7e-06
258,2,0.76287639,8.7e-06
259,2,0.86002183,8.7e-06
260,2,0.76970136,8.8e-06
261,2,0.76534462,8.8e-06
262,2,0.79625225,8.8e-06
263,2,0.75453651,8.9e-06
264,2,0.83147931,8.9e-06
265,2,0.81561053,8.9e-06
266,2,0.83950078,9e-06
267,2,0.78873980,9e-06
268,2,0.83232212,9e-06
269,2,0.78329509,9.1e-06
270,2,0.75251603,9.1e-06
271,2,0.82797211,9.1e-06
272,2,0.71337289,9.2e-06
273,2,0.74291325,9.2e-06
274,2,0.73216844,9.2e-06
275,2,0.79277408,9.3e-06
276,2,0.82363832,9.3e-06
277,2,0.68758869,9.3e-06
278,2,0.76624554,9.4e-06
279,2,0.71626735,9.4e-06
280,2,0.80471063,9.4e-06
281,2,0.76806617,9.5e-06
282,2,0.75004381,9.5e-06
283,2,0.82113397,9.5e-06
284,2,0.78966665,9.6e-06
285,2,0.74551952,9.6e-06
286,2,0.81943911,9.6e-06
287,2,0.78105390,9.7e-06
288,2,0.79171509,9.7e-06
289,2,0.71881628,9.7e-06
290,2,0.75789851,9.8e-06
291,2,0.77772397,9.8e-06
292,2,0.77759731,9.8e-06
293,2,0.80362666,9.9e-06
294,2,0.73645753,9.9e-06
295,2,0.64738214,9.9e-06
296,2,0.77915990,1e-05
297,2,0.75207537,1e-05
298,2,0.82882279,1e-05
299,2,0.70626920,1.01e-05
300,2,0.69336098,1.01e-05
301,2,0.71836823,1.01e-05
302,2,0.85124683,1.02e-05
303,2,0.79067254,1.02e-05
304,2,0.78380460,1.02e-05
305,2,0.70017028,1.03e-05
306,2,0.73720109,1.03e-05
307,2,0.75805712,1.03e-05
308,2,0.74021834,1.04e-05
309,2,0.73027104,1.04e-05
310,2,0.69103450,1.04e-05
311,2,0.76756161,1.05e-05
312,2,0.77349269,1.05e-05
313,2,0.74068463,1.05e-05
314,2,0.79917431,1.06e-05
315,2,0.70188856,1.06e-05
316,2,0.76029694,1.06e-05
317,2,0.73239076,1.07e-05
318,2,0.68035889,1.07e-05
319,2,0.70375907,1.07e-05
320,2,0.73716664,1.08e-05
321,2,0.65809846,1.08e-05
322,2,0.63415521,1.08e-05
323,2,0.76191366,1.09e-05
324,2,0.66943806,1.09e-05
325,2,0.75500476,1.09e-05
326,2,0.76163912,1.1e-05
327,2,0.63037288,1.1e-05
328,2,0.75111341,1.1e-05
329,2,0.68812150,1.11e-05
330,2,0.75699991,1.11e-05
331,2,0.74036074,1.11e-05
332,2,0.74463868,1.12e-05
333,2,0.68879271,1.12e-05
334,2,0.66375995,1.12e-05
335,2,0.75065649,1.13e-05
336,2,0.62913579,1.13e-05
337,2,0.68028343,1.13e-05
338,2,0.66529053,1.14e-05
339,2,0.74787164,1.14e-05
340,2,0.60922170,1.14e-05
341,2,0.64474654,1.15e-05
342,2,0.61504191,1.15e-05
343,2,0.65784681,1.15e-05
344,2,0.70959127,1.16e-05
345,2,0.65241754,1.16e-05
346,2,0.70102072,1.16e-05
347,2,0.65046000,1.17e-05
348,2,0.67994416,1.17e-05
349,2,0.67197841,1.17e-05
350,2,0.76681918,1.18e-05
351,2,0.67774487,1.18e-05
352,2,0.69055235,1.18e-05
353,2,0.63132161,1.19e-05
354,2,0.66842592,1.19e-05
355,2,0.64539266,1.19e-05
356,2,0.59230340,1.2e-05
357,2,0.63647449,1.2e-05
358,2,0.62203658,1.2e-05
359,2,0.71554011,1.21e-05
360,2,0.71454471,1.21e-05
361,2,0.70277160,1.21e-05
362,2,0.66902637,1.22e-05
363,2,0.61019409,1.22e-05
364,2,0.68203616,1.22e-05
365,2,0.66972327,1.23e-05
366,2,0.73362482,1.23e-05
367,2,0.60770869,1.23e-05
368,2,0.68873757,1.24e-05
369,2,0.66843164,1.24e-05
370,2,0.69267601,1.24e-05
371,2,0.58806807,1.25e-05
372,2,0.66456479,1.25e-05
373,2,0.64179617,1.25e-05
374,2,0.53424621,1.26e-05
375,2,0.70456743,1.26e-05
376,2,0.63251084,1.26e-05
377,2,0.58865386,1.27e-05
378,2,0.66258681,1.27e-05
379,2,0.61165297,1.27e-05
380,2,0.64247084,1.28e-05
381,2,0.61155820,1.28e-05
382,2,0.67415559,1.28e-05
383,2,0.60801882,1.29e-05
384,2,0.67565000,1.29e-05
385,2,0.53599852,1.29e-05
386,2,0.69161034,1.3e-05
387,2,0.50734752,1.3e-05
388,2,0.56078762,1.3e-05
389,2,0.55066347,1.31e-05
390,2,0.56744641,1.31e-05
391,2,0.71493554,1.31e-05
392,2,0.58772057,1.32e-05
393,2,0.56849700,1.32e-05
394,2,0.60824370,1.32e-05
395,2,0.61818331,1.33e-05
396,2,0.61887348,1.33e-05
397,2,0.62381148,1.33e-05
398,2,0.68697286,1.34e-05
399,2,0.57961804,1.34e-05
400,2,0.62376237,1.34e-05
401,2,0.65157771,1.35e-05
402,2,0.60800862,1.35e-05
403,2,0.65781432,1.35e-05
404,2,0.63262135,1.36e-05
405,2,0.52853596,1.36e-05
406,2,0.60290992,1.36e-05
407,2,0.58397174,1.37e-05
408,2,0.68569660,1.37e-05
409,2,0.60332417,1.37e-05
410,2,0.60866231,1.38e-05
411,2,0.52994180,1.38e-05
412,2,0.66552198,1.38e-05
413,2,0.59852231,1.39e-05
414,2,0.71446753,1.39e-05
415,2,0.58482063,1.39e-05
416,2,0.54549402,1.4e-05
417,2,0.58431381,1.4e-05
418,2,0.60206354,1.4e-05
419,2,0.61979258,1.41e-05
420,2,0.49344540,1.41e-05
421,2,0.56950420,1.41e-05
422,2,0.63510859,1.42e-05
423,2,0.53569102,1.42e-05
424,2,0.60256094,1.42e-05
425,2,0.54187131,1.43e-05
426,2,0.58882970,1.43e-05
427,2,0.55601096,1.43e-05
428,2,0.57372522,1.44e-05
429,2,0.63956678,1.44e-05
430,2,0.57950991,1.44e-05
431,2,0.57189745,1.45e-05
432,2,0.64352238,1.45e-05
433,2,0.53780830,1.45e-05
434,2,0.49207160,1.46e-05
435,2,0.64011788,1.46e-05
436,2,0.63994354,1.46e-05
437,2,0.50257802,1.47e-05
438,2,0.64383358,1.47e-05
439,2,0.53005546,1.47e-05
440,2,0.50239140,1.48e-05
441,2,0.62581956,1.48e-05
442,2,0.58858156,1.48e-05
443,2,0.50478262,1.49e-05
444,2,0.59380764,1.49e-05
445,2,0.51271898,1.49e-05
446,2,0.59370399,1.5e-05
447,2,0.56719851,1.5e-05
448,2,0.48993134,1.51e-05
449,3,0.50519866,1.51e-05
450,3,0.61830151,1.51e-05
451,3,0.52367091,1.52e-05
452,3,0.52912313,1.52e-05
453,3,0.56827712,1.52e-05
454,3,0.56271148,1.53e-05
455,3,0.56667733,1.53e-05
456,3,0.51780665,1.53e-05
457,3,0.58222985,1.54e-05
458,3,0.53977722,1.54e-05
459,3,0.49710059,1.54e-05
460,3,0.48728678,1.55e-05
461,3,0.58704829,1.55e-05
462,3,0.48721704,1.55e-05
463,3,0.53211343,1.56e-05
464,3,0.47843432,1.56e-05
465,3,0.57004941,1.56e-05
466,3,0.52437294,1.57e-05
467,3,0.52848792,1.57e-05
468,3,0.41883311,1.57e-05
469,3,0.50066632,1.58e-05
470,3,0.47409678,1.58e-05
471,3,0.52214170,1.58e-05
472,3,0.44871697,1.59e-05
473,3,0.46977934,1.59e-05
474,3,0.47855744,1.59e-05
475,3,0.51660728,1.6e-05
476,3,0.50912493,1.6e-05
477,3,0.51964253,1.6e-05
478,3,0.42489409,1.61e-05
479,3,0.46082282,1.61e-05
480,3,0.43323916,1.61e-05
481,3,0.48668307,1.62e-05
482,3,0.56832308,1.62e-05
483,3,0.50686091,1.62e-05
484,3,0.50134248,1.63e-05
485,3,0.53656662,1.63e-05
486,3,0.50919825,1.63e-05
487,3,0.44472170,1.64e-05
488,3,0.44493270,1.64e-05
489,3,0.46502203,1.64e-05
490,3,0.54253215,1.65e-05
491,3,0.53070086,1.65e-05
492,3,0.51206386,1.65e-05
493,3,0.46282119,1.66e-05
494,3,0.43412289,1.66e-05
495,3,0.46894178,1.66e-05
496,3,0.58903331,1.67e-05
497,3,0.49539351,1.67e-05
498,3,0.51350558,1.67e-05
499,3,0.49297112,1.68e-05
500,3,0.44866961,1.68e-05
501,3,0.53900123,1.68e-05
502,3,0.46014413,1.69e-05
503,3,0.47180271,1.69e-05
504,3,0.42683190,1.69e-05
505,3,0.43203831,1.7e-05
506,3,0.45722979,1.7e-05
507,3,0.46512598,1.7e-05
508,3,0.49065202,1.71e-05
509,3,0.45770812,1.71e-05
510,3,0.44997320,1.71e-05
511,3,0.44698071,1.72e-05
512,3,0.43139443,1.72e-05
513,3,0.50104463,1.72e-05
514,3,0.42452842,1.73e-05
515,3,0.51578093,1.73e-05
516,3,0.48800206,1.73e-05
517,3,0.53752631,1.74e-05
518,3,0.47560987,1.74e-05
519,3,0.45230669,1.74e-05
520,3,0.39407834,1.75e-05
521,3,0.46845469,1.75e-05
522,3,0.52323669,1.75e-05
523,3,0.41155443,1.76e-05
524,3,0.50424755,1.76e-05
525,3,0.46982932,1.76e-05
526,3,0.47773656,1.77e-05
527,3,0.43664289,1.77e-05
528,3,0.45615745,1.77e-05
529,3,0.46165180,1.78e-05
530,3,0.45945954,1.78e-05
531,3,0.38968500,1.78e-05
532,3,0.48691744,1.79e-05
533,3,0.38906687,1.79e-05
534,3,0.44689080,1.79e-05
535,3,0.53511947,1.8e-05
536,3,0.36657557,1.8e-05
537,3,0.44242638,1.8e-05
538,3,0.43645465,1.81e-05
539,3,0.41877371,1.81e-05
540,3,0.43417868,1.81e-05
541,3,0.45963725,1.82e-05
542,3,0.46621627,1.82e-05
543,3,0.48596770,1.82e-05
544,3,0.42991632,1.83e-05
545,3,0.54613203,1.83e-05
546,3,0.39847106,1.83e-05
547,3,0.45108593,1.84e-05
548,3,0.52116048,1.84e-05
549,3,0.40836439,1.84e-05
550,3,0.38566157,1.85e-05
551,3,0.48963866,1.85e-05
552,3,0.44857258,1.85e-05
553,3,0.41796693,1.86e-05
554,3,0.39639354,1.86e-05
555,3,0.42933950,1.86e-05
556,3,0.40059060,1.87e-05
557,3,0.46420118,1.87e-05
558,3,0.43459010,1.87e-05
559,3,0.38868386,1.88e-05
560,3,0.43099102,1.88e-05
561,3,0.40532637,1.88e-05
562,3,0.40564239,1.89e-05
563,3,0.38986391,1.89e-05
564,3,0.37698340,1.89e-05
565,3,0.37532181,1.9e-05
566,3,0.47271228,1.9e-05
567,3,0.45347080,1.9e-05
568,3,0.39962721,1.91e-05
569,3,0.48577058,1.91e-05
570,3,0.40336001,1.91e-05
571,3,0.41185039,1.92e-05
572,3,0.40057474,1.92e-05
573,3,0.45820564,1.92e-05
574,3,0.51881784,1.93e-05
575,3,0.36908907,1.93e-05
576,3,0.40884697,1.93e-05
577,3,0.37182969,1.94e-05
578,3,0.49533623,1.94e-05
579,3,0.46486077,1.94e-05
580,3,0.36604685,1.95e-05
581,3,0.37747812,1.95e-05
582,3,0.38974485,1.95e-05
583,3,0.45156536,1.96e-05
584,3,0.43537188,1.96e-05
585,3,0.46796626,1.96e-05
586,3,0.40417624,1.97e-05
587,3,0.46383452,1.97e-05
588,3,0.39712918,1.97e-05
589,3,0.45295280,1.98e-05
590,3,0.44175789,1.98e-05
591,3,0.39707670,1.98e-05
592,3,0.44064021,1.99e-05
593,3,0.36734840,1.99e-05
594,3,0.37525028,1.99e-05
595,3,0.45453197,2e-05
596,3,0.45208392,2e-05
597,3,0.41390246,2e-05
598,3,0.41755080,2.01e-05
599,3,0.37181526,2.01e-05
600,3,0.45562300,2.01e-05
601,3,0.38224143,2.02e-05
602,3,0.40971825,2.02e-05
603,3,0.37367094,2.02e-05
604,3,0.38385338,2.03e-05
605,3,0.43044958,2.03e-05
606,3,0.41173404,2.03e-05
607,3,0.36960590,2.04e-05
608,3,0.37096226,2.04e-05
609,3,0.37806845,2.04e-05
610,3,0.35037792,2.05e-05
611,3,0.42470694,2.05e-05
612,3,0.39650619,2.05e-05
613,3,0.45235664,2.06e-05
614,3,0.40534639,2.06e-05
615,3,0.42197937,2.06e-05
616,3,0.39656222,2.07e-05
617,3,0.34531650,2.07e-05
618,3,0.39121613,2.07e-05
619,3,0.35878381,2.08e-05
620,3,0.33031511,2.08e-05
621,3,0.36197555,2.08e-05
622,3,0.45083317,2.09e-05
623,3,0.38869482,2.09e-05
624,3,0.32713407,2.09e-05
625,3,0.40910932,2.1e-05
626,3,0.40251541,2.1e-05
627,3,0.35232899,2.1e-05
628,3,0.39701116,2.11e-05
629,3,0.42687553,2.11e-05
630,3,0.44878063,2.11e-05
631,3,0.35991496,2.12e-05
632,3,0.38501382,2.12e-05
633,3,0.37711924,2.12e-05
634,3,0.36844406,2.13e-05
635,3,0.42194009,2.13e-05
636,3,0.36540589,2.13e-05
637,3,0.37498426,2.14e-05
638,3,0.41563362,2.14e-05
639,3,0.46594352,2.14e-05
640,3,0.42082644,2.15e-05
641,3,0.38679409,2.15e-05
642,3,0.33108342,2.15e-05
643,3,0.35014173,2.16e-05
644,3,0.43591624,2.16e-05
645,3,0.35139275,2.16e-05
646,3,0.36180133,2.17e-05
647,3,0.36052781,2.17e-05
648,3,0.38827512,2.17e-05
649,3,0.36414135,2.18e-05
650,3,0.36986738,2.18e-05
651,3,0.40011594,2.18e-05
652,3,0.34706384,2.19e-05
653,3,0.36507675,2.19e-05
654,3,0.44438857,2.19e-05
655,3,0.39950538,2.2e-05
656,3,0.35212180,2.2e-05
657,3,0.39625025,2.2e-05
658,3,0.32543170,2.21e-05
659,3,0.29844359,2.21e-05
660,3,0.34148085,2.21e-05
661,3,0.38488293,2.22e-05
662,3,0.39956522,2.22e-05
663,3,0.40356502,2.22e-05
664,3,0.35034555,2.23e-05
665,3,0.36798924,2.23e-05
666,3,0.34304941,2.23e-05
667,3,0.36910293,2.24e-05
668,3,0.30626243,2.24e-05
669,3,0.39437494,2.24e-05
670,3,0.40978074,2.25e-05
671,3,0.33952087,2.25e-05
672,3,0.33179533,2.26e-05
673,4,0.40785116,2.26e-05
674,4,0.31724101,2.26e-05
675,4,0.46876833,2.27e-05
676,4,0.37716657,2.27e-05
677,4,0.27107212,2.27e-05
678,4,0.39913937,2.28e-05
679,4,0.40005299,2.28e-05
680,4,0.35323367,2.28e-05
681,4,0.33968532,2.29e-05
682,4,0.43581980,2.29e-05
683,4,0.37143064,2.29e-05
684,4,0.39918375,2.3e-05
685,4,0.43717766,2.3e-05
686,4,0.35294974,2.3e-05
687,4,0.35869381,2.31e-05
688,4,0.38415396,2.31e-05
689,4,0.44716841,2.31e-05
690,4,0.31080994,2.32e-05
691,4,0.36633000,2.32e-05
692,4,0.29875284,2.32e-05
693,4,0.40213084,2.33e-05
694,4,0.38479018,2.33e-05
695,4,0.32829660,2.33e-05
696,4,0.35661256,2.34e-05
697,4,0.33767033,2.34e-05
698,4,0.37344855,2.34e-05
699,4,0.38845247,2.35e-05
700,4,0.36712644,2.35e-05
701,4,0.31769139,2.35e-05
702,4,0.38077325,2.36e-05
703,4,0.29455960,2.36e-05
704,4,0.40465832,2.36e-05
705,4,0.39231342,2.37e-05
706,4,0.36476511,2.37e-05
707,4,0.35921770,2.37e-05
708,4,0.39926791,2.38e-05
709,4,0.37852913,2.38e-05
710,4,0.36988205,2.38e-05
711,4,0.47502559,2.39e-05
712,4,0.35220832,2.39e-05
713,4,0.38544583,2.39e-05
714,4,0.35620460,2.4e-05
715,4,0.38360423,2.4e-05
716,4,0.31939510,2.4e-05
717,4,0.37915096,2.41e-05
718,4,0.37466609,2.41e-05
719,4,0.43134856,2.41e-05
720,4,0.38536644,2.42e-05
721,4,0.36881655,2.42e-05
722,4,0.32461578,2.42e-05
723,4,0.39070380,2.43e-05
724,4,0.30667728,2.43e-05
725,4,0.35102972,2.43e-05
726,4,0.39205271,2.44e-05
727,4,0.34456760,2.44e-05
728,4,0.37608039,2.44e-05
729,4,0.39155442,2.45e-05
730,4,0.32406184,2.45e-05
731,4,0.35585675,2.45e-05
732,4,0.35866868,2.46e-05
733,4,0.32502514,2.46e-05
734,4,0.31216216,2.46e-05
735,4,0.33768010,2.47e-05
736,4,0.36830425,2.47e-05
737,4,0.32485890,2.47e-05
738,4,0.32370311,2.48e-05
739,4,0.34264573,2.48e-05
740,4,0.28135353,2.48e-05
741,4,0.39024198,2.49e-05
742,4,0.40223289,2.49e-05
743,4,0.37705907,2.49e-05
744,4,0.34577522,2.5e-05
745,4,0.42265308,2.5e-05
746,4,0.33715162,2.5e-05
747,4,0.37908125,2.51e-05
748,4,0.36063552,2.51e-05
749,4,0.36092705,2.51e-05
750,4,0.35492080,2.52e-05
751,4,0.33066058,2.52e-05
752,4,0.34764689,2.52e-05
753,4,0.31674001,2.53e-05
754,4,0.30202937,2.53e-05
755,4,0.32003230,2.53e-05
756,4,0.34045845,2.54e-05
757,4,0.35904631,2.54e-05
758,4,0.38892937,2.54e-05
759,4,0.33011210,2.55e-05
760,4,0.37319618,2.55e-05
761,4,0.34324509,2.55e-05
762,4,0.35814828,2.56e-05
763,4,0.29161280,2.56e-05
764,4,0.34599954,2.56e-05
765,4,0.32359296,2.57e-05
766,4,0.38058114,2.57e-05
767,4,0.35717154,2.57e-05
768,4,0.34778461,2.58e-05
769,4,0.27640676,2.58e-05
770,4,0.33471465,2.58e-05
771,4,0.39869177,2.59e-05
772,4,0.30207020,2.59e-05
773,4,0.28847781,2.59e-05
774,4,0.37694329,2.6e-05
775,4,0.34147558,2.6e-05
776,4,0.31384885,2.6e-05
777,4,0.36363953,2.61e-05
778,4,0.34281892,2.61e-05
779,4,0.34446132,2.61e-05
780,4,0.38645500,2.62e-05
781,4,0.33338618,2.62e-05
782,4,0.42064714,2.62e-05
783,4,0.36383653,2.63e-05
784,4,0.33353001,2.63e-05
785,4,0.32154894,2.63e-05
786,4,0.40921092,2.64e-05
787,4,0.30608344,2.64e-05
788,4,0.36049566,2.64e-05
789,4,0.28972307,2.65e-05
790,4,0.35762689,2.65e-05
791,4,0.34210372,2.65e-05
792,4,0.39112496,2.66e-05
793,4,0.32811373,2.66e-05
794,4,0.28063262,2.66e-05
795,4,0.37003312,2.67e-05
796,4,0.42905840,2.67e-05
797,4,0.33499664,2.67e-05
798,4,0.29128999,2.68e-05
799,4,0.33150539,2.68e-05
800,4,0.32134801,2.68e-05
801,4,0.35130054,2.69e-05
802,4,0.34135389,2.69e-05
803,4,0.28230932,2.69e-05
804,4,0.38973805,2.7e-05
805,4,0.36867064,2.7e-05
806,4,0.29535073,2.7e-05
807,4,0.27548045,2.71e-05
808,4,0.30013520,2.71e-05
809,4,0.32874835,2.71e-05
810,4,0.33962154,2.72e-05
811,4,0.30211589,2.72e-05
812,4,0.28575313,2.72e-05
813,4,0.31264663,2.73e-05
814,4,0.32745075,2.73e-05
815,4,0.34279704,2.73e-05
816,4,0.30905199,2.74e-05
817,4,0.32579869,2.74e-05
818,4,0.36935294,2.74e-05
819,4,0.32799610,2.75e-05
820,4,0.24873811,2.75e-05
821,4,0.35275006,2.75e-05
822,4,0.32066005,2.76e-05
823,4,0.32642528,2.76e-05
824,4,0.32149851,2.76e-05
825,4,0.28780505,2.77e-05
826,4,0.31133270,2.77e-05
827,4,0.34566832,2.77e-05
828,4,0.34943044,2.78e-05
829,4,0.33435267,2.78e-05
830,4,0.31417358,2.78e-05
831,4,0.31936869,2.79e-05
832,4,0.32570714,2.79e-05
833,4,0.31815287,2.79e-05
834,4,0.38394126,2.8e-05
835,4,0.24459064,2.8e-05
836,4,0.31264204,2.8e-05
837,4,0.34633678,2.81e-05
838,4,0.33967075,2.81e-05
839,4,0.33860120,2.81e-05
840,4,0.37180686,2.82e-05
841,4,0.28473309,2.82e-05
842,4,0.32796001,2.82e-05
843,4,0.28269264,2.83e-05
844,4,0.32872695,2.83e-05
845,4,0.33336005,2.83e-05
846,4,0.30565840,2.84e-05
847,4,0.30032763,2.84e-05
848,4,0.27533576,2.84e-05
849,4,0.32718223,2.85e-05
850,4,0.31909660,2.85e-05
851,4,0.34440219,2.85e-05
852,4,0.34939033,2.86e-05
853,4,0.40459961,2.86e-05
854,4,0.37371588,2.86e-05
855,4,0.38098401,2.87e-05
856,4,0.28950956,2.87e-05
857,4,0.30469736,2.87e-05
858,4,0.32708246,2.88e-05
859,4,0.31672114,2.88e-05
860,4,0.28969014,2.88e-05
861,4,0.32818198,2.89e-05
862,4,0.30243674,2.89e-05
863,4,0.35257983,2.89e-05
864,4,0.36030120,2.9e-05
865,4,0.30726036,2.9e-05
866,4,0.27881342,2.9e-05
867,4,0.25946999,2.91e-05
868,4,0.33527789,2.91e-05
869,4,0.33879548,2.91e-05
870,4,0.30020884,2.92e-05
871,4,0.32279038,2.92e-05
872,4,0.33174390,2.92e-05
873,4,0.25368959,2.93e-05
874,4,0.29554018,2.93e-05
875,4,0.30292791,2.93e-05
876,4,0.32205743,2.94e-05
877,4,0.31176543,2.94e-05
878,4,0.26837039,2.94e-05
879,4,0.33749259,2.95e-05
880,4,0.29096746,2.95e-05
881,4,0.28800613,2.95e-05
882,4,0.30059707,2.96e-05
883,4,0.30327290,2.96e-05
884,4,0.30133009,2.96e-05
885,4,0.28440207,2.97e-05
886,4,0.28758189,2.97e-05
887,4,0.37087771,2.97e-05
888,4,0.31196415,2.98e-05
889,4,0.30529985,2.98e-05
890,4,0.33826143,2.98e-05
891,4,0.37897062,2.99e-05
892,4,0.33954346,2.99e-05
893,4,0.28960341,2.99e-05
894,4,0.26484010,3e-05
895,4,0.33414590,3e-05
896,4,0.31046435,3.01e-05
897,5,0.28850067,3.01e-05
898,5,0.28683388,3.01e-05
899,5,0.28863752,3.02e-05
900,5,0.36363053,3.02e-05
901,5,0.31312105,3.02e-05
902,5,0.27160498,3.03e-05
903,5,0.29318997,3.03e-05
904,5,0.25256178,3.03e-05
905,5,0.32373890,3.04e-05
906,5,0.29541358,3.04e-05
907,5,0.31457812,3.04e-05
908,5,0.36032051,3.05e-05
909,5,0.35627097,3.05e-05
910,5,0.35026997,3.05e-05
911,5,0.29352689,3.06e-05
912,5,0.25670472,3.06e-05
913,5,0.26739290,3.06e-05
914,5,0.37485465,3.07e-05
915,5,0.28411424,3.07e-05
916,5,0.35474595,3.07e-05
917,5,0.28197104,3.08e-05
918,5,0.31498632,3.08e-05
919,5,0.28179675,3.08e-05
920,5,0.27382296,3.09e-05
921,5,0.25523132,3.09e-05
922,5,0.25965711,3.09e-05
923,5,0.31451544,3.1e-05
924,5,0.30789265,3.1e-05
925,5,0.33906493,3.1e-05
926,5,0.30645597,3.11e-05
927,5,0.32109722,3.11e-05
928,5,0.35712644,3.11e-05
929,5,0.36216813,3.12e-05
930,5,0.31742188,3.12e-05
931,5,0.30220115,3.12e-05
932,5,0.27517241,3.13e-05
933,5,0.30449635,3.13e-05
934,5,0.32531771,3.13e-05
935,5,0.39930916,3.14e-05
936,5,0.28682470,3.14e-05
937,5,0.34973454,3.14e-05
938,5,0.33343098,3.15e-05
939,5,0.34536979,3.15e-05
940,5,0.35237914,3.15e-05
941,5,0.27611268,3.16e-05
942,5,0.30341792,3.16e-05
943,5,0.34679979,3.16e-05
944,5,0.27554479,3.17e-05
945,5,0.30663753,3.17e-05
946,5,0.26307845,3.17e-05
947,5,0.29770038,3.18e-05
948,5,0.31604481,3.18e-05
949,5,0.26291728,3.18e-05
950,5,0.35563624,3.19e-05
951,5,0.29136202,3.19e-05
952,5,0.30093062,3.19e-05
953,5,0.28170970,3.2e-05
954,5,0.32769272,3.2e-05
955,5,0.27604541,3.2e-05
956,5,0.30133533,3.21e-05
957,5,0.25838202,3.21e-05
958,5,0.27353424,3.21e-05
959,5,0.23413742,3.22e-05
960,5,0.34530306,3.22e-05
961,5,0.24397075,3.22e-05
962,5,0.36434543,3.23e-05
963,5,0.34211576,3.23e-05
964,5,0.29636717,3.23e-05
965,5,0.30549121,3.24e-05
966,5,0.27774143,3.24e-05
967,5,0.23531871,3.24e-05
968,5,0.30694848,3.25e-05
969,5,0.31949997,3.25e-05
970,5,0.35250366,3.25e-05
971,5,0.33859393,3.26e-05
972,5,0.28500971,3.26e-05
973,5,0.29511261,3.26e-05
974,5,0.30607402,3.27e-05
975,5,0.27650267,3.27e-05
976,5,0.29597628,3.27e-05
977,5,0.31838915,3.28e-05
978,5,0.36738953,3.28e-05
979,5,0.31987262,3.28e-05
980,5,0.33322570,3.29e-05
981,5,0.32733947,3.29e-05
982,5,0.27235287,3.29e-05
983,5,0.32329410,3.3e-05
984,5,0.29028594,3.3e-05
985,5,0.30930164,3.3e-05
986,5,0.27720153,3.31e-05
987,5,0.30853429,3.31e-05
988,5,0.34862146,3.31e-05
989,5,0.29255494,3.32e-05
990,5,0.31719667,3.32e-05
991,5,0.34142250,3.32e-05
992,5,0.33714205,3.33e-05
993,5,0.39760923,3.33e-05
994,5,0.30142707,3.33e-05
995,5,0.33085769,3.34e-05
996,5,0.29372698,3.34e-05
997,5,0.29484063,3.34e-05
998,5,0.28218982,3.35e-05
999,5,0.32048687,3.35e-05
1000,5,0.34887680,3.35e-05
1001,5,0.26325983,3.36e-05
1002,5,0.28319317,3.36e-05
1003,5,0.33386001,3.36e-05
1004,5,0.31428796,3.37e-05
1005,5,0.26773554,3.37e-05
1006,5,0.31407624,3.37e-05
1007,5,0.23240292,3.38e-05
1008,5,0.29025686,3.38e-05
1009,5,0.32718363,3.38e-05
1010,5,0.26265931,3.39e-05
1011,5,0.30302829,3.39e-05
1012,5,0.30475134,3.39e-05
1013,5,0.33043838,3.4e-05
1014,5,0.28149652,3.4e-05
1015,5,0.30965817,3.4e-05
1016,5,0.29345250,3.41e-05
1017,5,0.27323151,3.41e-05
1018,5,0.35298669,3.41e-05
1019,5,0.30343735,3.42e-05
1020,5,0.25917310,3.42e-05
1021,5,0.31653130,3.42e-05
1022,5,0.30739999,3.43e-05
1023,5,0.34220085,3.43e-05
1024,5,0.31432921,3.43e-05
1025,5,0.34117100,3.44e-05
1026,5,0.28740841,3.44e-05
1027,5,0.29681858,3.44e-05
1028,5,0.23931584,3.45e-05
1029,5,0.26041120,3.45e-05
1030,5,0.28494382,3.45e-05
1031,5,0.25552264,3.46e-05
1032,5,0.33192846,3.46e-05
1033,5,0.28410465,3.46e-05
1034,5,0.32384229,3.47e-05
1035,5,0.31888938,3.47e-05
1036,5,0.30637830,3.47e-05
1037,5,0.28443563,3.48e-05
1038,5,0.27519649,3.48e-05
1039,5,0.26262173,3.48e-05
1040,5,0.25679314,3.49e-05
1041,5,0.28671288,3.49e-05
1042,5,0.31978533,3.49e-05
1043,5,0.35384554,3.5e-05
1044,5,0.29434693,3.5e-05
1045,5,0.30213583,3.5e-05
1046,5,0.32048452,3.51e-05
1047,5,0.34861192,3.51e-05
1048,5,0.30695659,3.51e-05
1049,5,0.26284474,3.52e-05
1050,5,0.32638213,3.52e-05
1051,5,0.27324635,3.52e-05
1052,5,0.31760457,3.53e-05
1053,5,0.34416837,3.53e-05
1054,5,0.41990614,3.53e-05
1055,5,0.25488028,3.54e-05
1056,5,0.24449775,3.54e-05
1057,5,0.28440464,3.54e-05
1058,5,0.33104193,3.55e-05
1059,5,0.31790948,3.55e-05
1060,5,0.31951672,3.55e-05
1061,5,0.30413315,3.56e-05
1062,5,0.34439784,3.56e-05
1063,5,0.28589237,3.56e-05
1064,5,0.25942248,3.57e-05
1065,5,0.23269671,3.57e-05
1066,5,0.26498818,3.57e-05
1067,5,0.28420684,3.58e-05
1068,5,0.30212668,3.58e-05
1069,5,0.28402174,3.58e-05
1070,5,0.31523073,3.59e-05
1071,5,0.30678946,3.59e-05
1072,5,0.32596445,3.59e-05
1073,5,0.35011923,3.6e-05
1074,5,0.30849943,3.6e-05
1075,5,0.30049133,3.6e-05
1076,5,0.31213105,3.61e-05
1077,5,0.27786005,3.61e-05
1078,5,0.25688511,3.61e-05
1079,5,0.28301451,3.62e-05
1080,5,0.26581150,3.62e-05
1081,5,0.28326601,3.62e-05
1082,5,0.24671774,3.63e-05
1083,5,0.24024181,3.63e-05
1084,5,0.27492911,3.63e-05
1085,5,0.28057572,3.64e-05
1086,5,0.28782731,3.64e-05
1087,5,0.30307379,3.64e-05
1088,5,0.25970423,3.65e-05
1089,5,0.28497872,3.65e-05
1090,5,0.26977417,3.65e-05
1091,5,0.33331665,3.66e-05
1092,5,0.28306958,3.66e-05
1093,5,0.24989705,3.66e-05
1094,5,0.21477696,3.67e-05
1095,5,0.27444193,3.67e-05
1096,5,0.30808747,3.67e-05
1097,5,0.25835794,3.68e-05
1098,5,0.28999117,3.68e-05
1099,5,0.24884592,3.68e-05
1100,5,0.25897583,3.69e-05
1101,5,0.31413901,3.69e-05
1102,5,0.26264867,3.69e-05
1103,5,0.27061978,3.7e-05
1104,5,0.27420241,3.7e-05
1105,5,0.28947911,3.7e-05
1106,5,0.26843101,3.71e-05
1107,5,0.32778648,3.71e-05
1108,5,0.32210737,3.71e-05
1109,5,0.23195605,3.72e-05
1110,5,0.32529134,3.72e-05
1111,5,0.26406980,3.72e-05
1112,5,0.26495430,3.73e-05
1113,5,0.27353865,3.73e-05
1114,5,0.25917110,3.73e-05
1115,5,0.28250942,3.74e-05
1116,5,0.25639927,3.74e-05
1117,5,0.27346691,3.74e-05
1118,5,0.28000945,3.75e-05
1119,5,0.26332805,3.75e-05
1120,5,0.26066083,3.76e-05
1121,6,0.26067981,3.76e-05
1122,6,0.27546304,3.76e-05
1123,6,0.32582435,3.77e-05
1124,6,0.26747030,3.77e-05
1125,6,0.30706853,3.77e-05
1126,6,0.26195008,3.78e-05
1127,6,0.35699838,3.78e-05
1128,6,0.28699428,3.78e-05
1129,6,0.27014989,3.79e-05
1130,6,0.31361383,3.79e-05
1131,6,0.28597987,3.79e-05
1132,6,0.27983204,3.8e-05
1133,6,0.32161626,3.8e-05
1134,6,0.28430119,3.8e-05
1135,6,0.30454847,3.81e-05
1136,6,0.28653154,3.81e-05
1137,6,0.26787528,3.81e-05
1138,6,0.33394307,3.82e-05
1139,6,0.30575597,3.82e-05
1140,6,0.28020960,3.82e-05
1141,6,0.30094016,3.83e-05
1142,6,0.31913143,3.83e-05
1143,6,0.28767866,3.83e-05
1144,6,0.29266238,3.84e-05
1145,6,0.27807403,3.84e-05
1146,6,0.32615513,3.84e-05
1147,6,0.34379309,3.85e-05
1148,6,0.29939699,3.85e-05
1149,6,0.25251326,3.85e-05
1150,6,0.29434651,3.86e-05
1151,6,0.25610706,3.86e-05
1152,6,0.31559026,3.86e-05
1153,6,0.26583660,3.87e-05
1154,6,0.23847592,3.87e-05
1155,6,0.25137642,3.87e-05
1156,6,0.31737015,3.88e-05
1157,6,0.27370095,3.88e-05
1158,6,0.31608391,3.88e-05
1159,6,0.25773835,3.89e-05
1160,6,0.28741908,3.89e-05
1161,6,0.24299091,3.89e-05
1162,6,0.26151553,3.9e-05
1163,6,0.29952860,3.9e-05
1164,6,0.29480314,3.9e-05
1165,6,0.24056503,3.91e-05
1166,6,0.24198966,3.91e-05
1167,6,0.28295851,3.91e-05
1168,6,0.32809484,3.92e-05
1169,6,0.32054996,3.92e-05
1170,6,0.25805914,3.92e-05
1171,6,0.26905125,3.93e-05
1172,6,0.26962796,3.93e-05
1173,6,0.28619707,3.93e-05
1174,6,0.30099598,3.94e-05
1175,6,0.29767483,3.94e-05
1176,6,0.36088306,3.94e-05
1177,6,0.29301220,3.95e-05
1178,6,0.29003799,3.95e-05
1179,6,0.21554178,3.95e-05
1180,6,0.25800434,3.96e-05
1181,6,0.30651838,3.96e-05
1182,6,0.35505280,3.96e-05
1183,6,0.28307962,3.97e-05
1184,6,0.22704622,3.97e-05
1185,6,0.24028111,3.97e-05
1186,6,0.26237139,3.98e-05
1187,6,0.25514781,3.98e-05
1188,6,0.37710008,3.98e-05
1189,6,0.28815770,3.99e-05
1190,6,0.23397140,3.99e-05
1191,6,0.25857535,3.99e-05
1192,6,0.29300603,4e-05
1193,6,0.28441888,4e-05
1194,6,0.28650537,4e-05
1195,6,0.29553476,4.01e-05
1196,6,0.29053855,4.01e-05
1197,6,0.24165520,4.01e-05
1198,6,0.32654673,4.02e-05
1199,6,0.24353251,4.02e-05
1200,6,0.24723874,4.02e-05
1201,6,0.26765239,4.03e-05
1202,6,0.33222687,4.03e-05
1203,6,0.25635582,4.03e-05
1204,6,0.31196213,4.04e-05
1205,6,0.27819401,4.04e-05
1206,6,0.33909842,4.04e-05
1207,6,0.30797827,4.05e-05
1208,6,0.23808059,4.05e-05
1209,6,0.35428271,4.05e-05
1210,6,0.30243260,4.06e-05
1211,6,0.35389471,4.06e-05
1212,6,0.27431947,4.06e-05
1213,6,0.30443740,4.07e-05
1214,6,0.28661668,4.07e-05
1215,6,0.34366697,4.07e-05
1216,6,0.30935866,4.08e-05
1217,6,0.27973968,4.08e-05
1218,6,0.30497521,4.08e-05
1219,6,0.26487416,4.09e-05
1220,6,0.30467540,4.09e-05
1221,6,0.26912922,4.09e-05
1222,6,0.36433086,4.1e-05
1223,6,0.27669582,4.1e-05
1224,6,0.22821371,4.1e-05
1225,6,0.24113628,4.11e-05
1226,6,0.27270681,4.11e-05
1227,6,0.29580671,4.11e-05
1228,6,0.28839001,4.12e-05
1229,6,0.28816819,4.12e-05
1230,6,0.26309800,4.12e-05
1231,6,0.26481628,4.13e-05
1232,6,0.28174454,4.13e-05
1233,6,0.31102499,4.13e-05
1234,6,0.32878217,4.14e-05
1235,6,0.34389219,4.14e-05
1236,6,0.31722969,4.14e-05
1237,6,0.28389582,4.15e-05
1238,6,0.27148363,4.15e-05
1239,6,0.29031667,4.15e-05
1240,6,0.30865443,4.16e-05
1241,6,0.23044807,4.16e-05
1242,6,0.30521366,4.16e-05
1243,6,0.24873164,4.17e-05
1244,6,0.25990754,4.17e-05
1245,6,0.29801965,4.17e-05
1246,6,0.28174356,4.18e-05
1247,6,0.27718508,4.18e-05
1248,6,0.31400943,4.18e-05
1249,6,0.26953691,4.19e-05
1250,6,0.27663589,4.19e-05
1251,6,0.29693788,4.19e-05
1252,6,0.26427901,4.2e-05
1253,6,0.22510225,4.2e-05
1254,6,0.28914186,4.2e-05
1255,6,0.34429133,4.21e-05
1256,6,0.26733524,4.21e-05
1257,6,0.28882438,4.21e-05
1258,6,0.28686517,4.22e-05
1259,6,0.22385576,4.22e-05
1260,6,0.24039906,4.22e-05
1261,6,0.30977035,4.23e-05
1262,6,0.29049951,4.23e-05
1263,6,0.23641339,4.23e-05
1264,6,0.28204620,4.24e-05
1265,6,0.26217356,4.24e-05
1266,6,0.26447663,4.24e-05
1267,6,0.30307174,4.25e-05
1268,6,0.32193270,4.25e-05
1269,6,0.29752547,4.25e-05
1270,6,0.27738282,4.26e-05
1271,6,0.27671191,4.26e-05
1272,6,0.31701577,4.26e-05
1273,6,0.27957982,4.27e-05
1274,6,0.32868588,4.27e-05
1275,6,0.29634997,4.27e-05
1276,6,0.26896179,4.28e-05
1277,6,0.23190627,4.28e-05
1278,6,0.28443432,4.28e-05
1279,6,0.29134271,4.29e-05
1280,6,0.25881684,4.29e-05
1281,6,0.26707977,4.29e-05
1282,6,0.25381583,4.3e-05
1283,6,0.28915751,4.3e-05
1284,6,0.27198952,4.3e-05
1285,6,0.24586928,4.31e-05
1286,6,0.38068712,4.31e-05
1287,6,0.33640718,4.31e-05
1288,6,0.27203616,4.32e-05
1289,6,0.30420902,4.32e-05
1290,6,0.25613171,4.32e-05
1291,6,0.26697311,4.33e-05
1292,6,0.27347225,4.33e-05
1293,6,0.27531201,4.33e-05
1294,6,0.24184448,4.34e-05
1295,6,0.23964846,4.34e-05
1296,6,0.29260778,4.34e-05
1297,6,0.25087208,4.35e-05
1298,6,0.32776779,4.35e-05
1299,6,0.26078331,4.35e-05
1300,6,0.32261217,4.36e-05
1301,6,0.27826115,4.36e-05
1302,6,0.26591676,4.36e-05
1303,6,0.26098174,4.37e-05
1304,6,0.32721898,4.37e-05
1305,6,0.24403304,4.37e-05
1306,6,0.25005341,4.38e-05
1307,6,0.25227809,4.38e-05
1308,6,0.31342101,4.38e-05
1309,6,0.29544410,4.39e-05
1310,6,0.27766931,4.39e-05
1311,6,0.28417981,4.39e-05
1312,6,0.29906929,4.4e-05
1313,6,0.23992082,4.4e-05
1314,6,0.24410599,4.4e-05
1315,6,0.25141466,4.41e-05
1316,6,0.28454340,4.41e-05
1317,6,0.26930851,4.41e-05
1318,6,0.29499349,4.42e-05
1319,6,0.32115507,4.42e-05
1320,6,0.25054610,4.42e-05
1321,6,0.31724006,4.43e-05
1322,6,0.27476805,4.43e-05
1323,6,0.27621931,4.43e-05
1324,6,0.31421742,4.44e-05
1325,6,0.24358854,4.44e-05
1326,6,0.30555767,4.44e-05
1327,6,0.27741373,4.45e-05
1328,6,0.30625683,4.45e-05
1329,6,0.28002819,4.45e-05
1330,6,0.27774346,4.46e-05
1331,6,0.26476544,4.46e-05
1332,6,0.25069505,4.46e-05
1333,6,0.28136587,4.47e-05
1334,6,0.27593559,4.47e-05
1335,6,0.28369346,4.47e-05
1336,6,0.27397162,4.48e-05
1337,6,0.27866149,4.48e-05
1338,6,0.23877983,4.48e-05
1339,6,0.27997184,4.49e-05
1340,6,0.19985335,4.49e-05
1341,6,0.25332329,4.49e-05
1342,6,0.28230250,4.5e-05
1343,6,0.25682652,4.5e-05
1344,6,0.23475580,4.51e-05
1345,7,0.30955115,4.51e-05
1346,7,0.31229126,4.51e-05
1347,7,0.29658842,4.52e-05
1348,7,0.22314593,4.52e-05
1349,7,0.23416607,4.52e-05
1350,7,0.25317702,4.53e-05
1351,7,0.26138484,4.53e-05
1352,7,0.27821404,4.53e-05
1353,7,0.26467201,4.54e-05
1354,7,0.25514990,4.54e-05
1355,7,0.34330249,4.54e-05
1356,7,0.31474581,4.55e-05
1357,7,0.27466345,4.55e-05
1358,7,0.31471294,4.55e-05
1359,7,0.25719810,4.56e-05
1360,7,0.27289689,4.56e-05
1361,7,0.29256988,4.56e-05
1362,7,0.25851703,4.57e-05
1363,7,0.23676424,4.57e-05
1364,7,0.28350577,4.57e-05
1365,7,0.29735565,4.58e-05
1366,7,0.23539685,4.58e-05
1367,7,0.27079698,4.58e-05
1368,7,0.28811842,4.59e-05
1369,7,0.26141781,4.59e-05
1370,7,0.26518738,4.59e-05
1371,7,0.31354707,4.6e-05
1372,7,0.25163502,4.6e-05
1373,7,0.25765294,4.6e-05
1374,7,0.24172990,4.61e-05
1375,7,0.25570914,4.61e-05
1376,7,0.31311882,4.61e-05
1377,7,0.25008404,4.62e-05
1378,7,0.31140774,4.62e-05
1379,7,0.28082275,4.62e-05
1380,7,0.23776022,4.63e-05
1381,7,0.29084909,4.63e-05
1382,7,0.23434743,4.63e-05
1383,7,0.21855330,4.64e-05
1384,7,0.23567414,4.64e-05
1385,7,0.25182521,4.64e-05
1386,7,0.23320016,4.65e-05
1387,7,0.33257601,4.65e-05
1388,7,0.39222288,4.65e-05
1389,7,0.29118109,4.66e-05
1390,7,0.27184361,4.66e-05
1391,7,0.27461511,4.66e-05
1392,7,0.24661133,4.67e-05
1393,7,0.24128246,4.67e-05
1394,7,0.28983828,4.67e-05
1395,7,0.29991350,4.68e-05
1396,7,0.26200479,4.68e-05
1397,7,0.28905275,4.68e-05
1398,7,0.31281796,4.69e-05
1399,7,0.25464663,4.69e-05
1400,7,0.25249758,4.69e-05
1401,7,0.33867738,4.7e-05
1402,7,0.26029998,4.7e-05
1403,7,0.26617146,4.7e-05
1404,7,0.26826015,4.71e-05
1405,7,0.32618722,4.71e-05
1406,7,0.26718682,4.71e-05
1407,7,0.22503397,4.72e-05
1408,7,0.27073640,4.72e-05
1409,7,0.21880421,4.72e-05
1410,7,0.32129019,4.73e-05
1411,7,0.29236221,4.73e-05
1412,7,0.26140088,4.73e-05
1413,7,0.24287257,4.74e-05
1414,7,0.31724104,4.74e-05
1415,7,0.25157094,4.74e-05
1416,7,0.25136584,4.75e-05
1417,7,0.32430252,4.75e-05
1418,7,0.23501937,4.75e-05
1419,7,0.31980532,4.76e-05
1420,7,0.24587628,4.76e-05
1421,7,0.30803668,4.76e-05
1422,7,0.32324106,4.77e-05
1423,7,0.32623756,4.77e-05
1424,7,0.24445197,4.77e-05
1425,7,0.29702637,4.78e-05
1426,7,0.30688107,4.78e-05
1427,7,0.32452303,4.78e-05
1428,7,0.24830282,4.79e-05
1429,7,0.26898259,4.79e-05
1430,7,0.27678952,4.79e-05
1431,7,0.25959477,4.8e-05
1432,7,0.26276264,4.8e-05
1433,7,0.27876425,4.8e-05
1434,7,0.25866187,4.81e-05
1435,7,0.27749673,4.81e-05
1436,7,0.28390083,4.81e-05
1437,7,0.24979489,4.82e-05
1438,7,0.26088607,4.82e-05
1439,7,0.26885465,4.82e-05
1440,7,0.24477856,4.83e-05
1441,7,0.23633145,4.83e-05
1442,7,0.23198140,4.83e-05
1443,7,0.29939830,4.84e-05
1444,7,0.25138336,4.84e-05
1445,7,0.26205331,4.84e-05
1446,7,0.30150360,4.85e-05
1447,7,0.32502723,4.85e-05
1448,7,0.25285977,4.85e-05
1449,7,0.24800979,4.86e-05
1450,7,0.26333350,4.86e-05
1451,7,0.30541939,4.86e-05
1452,7,0.24898104,4.87e-05
1453,7,0.24768528,4.87e-05
1454,7,0.29307848,4.87e-05
1455,7,0.29866600,4.88e-05
1456,7,0.25644284,4.88e-05
1457,7,0.33966288,4.88e-05
1458,7,0.22468673,4.89e-05
1459,7,0.26307809,4.89e-05
1460,7,0.29270071,4.89e-05
1461,7,0.23747627,4.9e-05
1462,7,0.26796409,4.9e-05
1463,7,0.30705661,4.9e-05
1464,7,0.29274821,4.91e-05
1465,7,0.24783723,4.91e-05
1466,7,0.27136368,4.91e-05
1467,7,0.32386795,4.92e-05
1468,7,0.27852950,4.92e-05
1469,7,0.24413297,4.92e-05
1470,7,0.27767408,4.93e-05
1471,7,0.26386401,4.93e-05
1472,7,0.29185408,4.93e-05
1473,7,0.23111865,4.94e-05
1474,7,0.26092669,4.94e-05
1475,7,0.21754023,4.94e-05
1476,7,0.21470253,4.95e-05
1477,7,0.29107499,4.95e-05
1478,7,0.24767184,4.95e-05
1479,7,0.30164659,4.96e-05
1480,7,0.22672421,4.96e-05
1481,7,0.28058863,4.96e-05
1482,7,0.30600020,4.97e-05
1483,7,0.29217705,4.97e-05
1484,7,0.26315010,4.97e-05
1485,7,0.31985003,4.98e-05
1486,7,0.29776040,4.98e-05
1487,7,0.28505406,4.98e-05
1488,7,0.25016209,4.99e-05
1489,7,0.25786692,4.99e-05
1490,7,0.24882011,4.99e-05
1491,7,0.27028960,5e-05
1492,7,0.27634472,5e-05
1493,7,0.26618263,5e-05
1494,7,0.24167258,5.01e-05
1495,7,0.31329665,5.01e-05
1496,7,0.24820936,5.01e-05
1497,7,0.25811070,5.02e-05
1498,7,0.23251586,5.02e-05
1499,7,0.28193384,5.02e-05
1500,7,0.22105774,5.03e-05
1501,7,0.28044885,5.03e-05
1502,7,0.31481415,5.03e-05
1503,7,0.23769036,5.04e-05
1504,7,0.28717870,5.04e-05
1505,7,0.23074803,5.04e-05
1506,7,0.26741043,5.05e-05
1507,7,0.25876975,5.05e-05
1508,7,0.23894033,5.05e-05
1509,7,0.28254408,5.06e-05
1510,7,0.27861416,5.06e-05
1511,7,0.25248450,5.06e-05
1512,7,0.23636656,5.07e-05
1513,7,0.26107386,5.07e-05
1514,7,0.25334656,5.07e-05
1515,7,0.26994729,5.08e-05
1516,7,0.29920328,5.08e-05
1517,7,0.29266682,5.08e-05
1518,7,0.27878618,5.09e-05
1519,7,0.25700372,5.09e-05
1520,7,0.25368956,5.09e-05
1521,7,0.24141571,5.1e-05
1522,7,0.27868819,5.1e-05
1523,7,0.26038116,5.1e-05
1524,7,0.30843687,5.11e-05
1525,7,0.28330615,5.11e-05
1526,7,0.26595271,5.11e-05
1527,7,0.24427265,5.12e-05
1528,7,0.23977214,5.12e-05
1529,7,0.23251127,5.12e-05
1530,7,0.22483805,5.13e-05
1531,7,0.22603337,5.13e-05
1532,7,0.26030350,5.13e-05
1533,7,0.31651789,5.14e-05
1534,7,0.26315650,5.14e-05
1535,7,0.23132132,5.14e-05
1536,7,0.26849490,5.15e-05
1537,7,0.24661611,5.15e-05
1538,7,0.27095333,5.15e-05
1539,7,0.26731947,5.16e-05
1540,7,0.28223896,5.16e-05
1541,7,0.31512624,5.16e-05
1542,7,0.29146573,5.17e-05
1543,7,0.25984070,5.17e-05
1544,7,0.26431930,5.17e-05
1545,7,0.26978010,5.18e-05
1546,7,0.24306580,5.18e-05
1547,7,0.28758350,5.18e-05
1548,7,0.26878911,5.19e-05
1549,7,0.29735947,5.19e-05
1550,7,0.25625616,5.19e-05
1551,7,0.23687682,5.2e-05
1552,7,0.27067763,5.2e-05
1553,7,0.27839601,5.2e-05
1554,7,0.26209143,5.21e-05
1555,7,0.28546000,5.21e-05
1556,7,0.26982439,5.21e-05
1557,7,0.28763378,5.22e-05
1558,7,0.27916199,5.22e-05
1559,7,0.25190261,5.22e-05
1560,7,0.26365641,5.23e-05
1561,7,0.27285013,5.23e-05
1562,7,0.25903618,5.23e-05
1563,7,0.25727189,5.24e-05
1564,7,0.25982764,5.24e-05
1565,7,0.30152893,5.24e-05
1566,7,0.30876857,5.25e-05
1567,7,0.27399635,5.25e-05
1568,7,0.24925798,5.26e-05
1569,8,0.27924716,5.26e-05
1570,8,0.29764241,5.26e-05
1571,8,0.26696491,5.27e-05
1572,8,0.25313574,5.27e-05
1573,8,0.27641517,5.27e-05
1574,8,0.28834161,5.28e-05
1575,8,0.29528892,5.28e-05
1576,8,0.28780732,5.28e-05
1577,8,0.28690070,5.29e-05
1578,8,0.26691860,5.29e-05
1579,8,0.27836376,5.29e-05
1580,8,0.25450569,5.3e-05
1581,8,0.28154108,5.3e-05
1582,8,0.26504171,5.3e-05
1583,8,0.28402257,5.31e-05
1584,8,0.22442907,5.31e-05
1585,8,0.20259927,5.31e-05
1586,8,0.26659209,5.32e-05
1587,8,0.24836266,5.32e-05
1588,8,0.25904831,5.32e-05
1589,8,0.25087488,5.33e-05
1590,8,0.26822072,5.33e-05
1591,8,0.27039027,5.33e-05
1592,8,0.27054915,5.34e-05
1593,8,0.29984570,5.34e-05
1594,8,0.26655993,5.34e-05
1595,8,0.29135311,5.35e-05
1596,8,0.24911444,5.35e-05
1597,8,0.21349007,5.35e-05
1598,8,0.25454628,5.36e-05
1599,8,0.23971093,5.36e-05
1600,8,0.28202993,5.36e-05
1601,8,0.23809642,5.37e-05
1602,8,0.26574251,5.37e-05
1603,8,0.21820711,5.37e-05
1604,8,0.24764058,5.38e-05
1605,8,0.24940553,5.38e-05
1606,8,0.21550223,5.38e-05
1607,8,0.27441698,5.39e-05
1608,8,0.27146769,5.39e-05
1609,8,0.27249137,5.39e-05
1610,8,0.28202015,5.4e-05
1611,8,0.23741135,5.4e-05
1612,8,0.25808534,5.4e-05
1613,8,0.25986034,5.41e-05
1614,8,0.28192779,5.41e-05
1615,8,0.21274583,5.41e-05
1616,8,0.26521587,5.42e-05
1617,8,0.27492279,5.42e-05
1618,8,0.23164189,5.42e-05
1619,8,0.27068591,5.43e-05
1620,8,0.25214466,5.43e-05
1621,8,0.28250673,5.43e-05
1622,8,0.25558576,5.44e-05
1623,8,0.28589877,5.44e-05
1624,8,0.28298438,5.44e-05
1625,8,0.27343208,5.45e-05
1626,8,0.22173242,5.45e-05
1627,8,0.28575793,5.45e-05
1628,8,0.22667758,5.46e-05
1629,8,0.24182308,5.46e-05
1630,8,0.28083986,5.46e-05
1631,8,0.28643155,5.47e-05
1632,8,0.26856539,5.47e-05
1633,8,0.19666040,5.47e-05
1634,8,0.24623385,5.48e-05
1635,8,0.22409344,5.48e-05
1636,8,0.24682161,5.48e-05
1637,8,0.26873195,5.49e-05
1638,8,0.23174188,5.49e-05
1639,8,0.25325328,5.49e-05
1640,8,0.26379859,5.5e-05
1641,8,0.28964478,5.5e-05
1642,8,0.24713115,5.5e-05
1643,8,0.30614364,5.51e-05
1644,8,0.26232278,5.51e-05
1645,8,0.26323801,5.51e-05
1646,8,0.25506759,5.52e-05
1647,8,0.22437906,5.52e-05
1648,8,0.26970845,5.52e-05
1649,8,0.24937329,5.53e-05
1650,8,0.26209876,5.53e-05
1651,8,0.22018111,5.53e-05
1652,8,0.29584485,5.54e-05
1653,8,0.28524321,5.54e-05
1654,8,0.25810990,5.54e-05
1655,8,0.27712536,5.55e-05
1656,8,0.24893540,5.55e-05
1657,8,0.21643731,5.55e-05
1658,8,0.30526793,5.56e-05
1659,8,0.27560905,5.56e-05
1660,8,0.24231589,5.56e-05
1661,8,0.25417519,5.57e-05
1662,8,0.23559289,5.57e-05
1663,8,0.24928424,5.57e-05
1664,8,0.29836378,5.58e-05
1665,8,0.25522637,5.58e-05
1666,8,0.26413977,5.58e-05
1667,8,0.28483218,5.59e-05
1668,8,0.26732939,5.59e-05
1669,8,0.29486972,5.59e-05
1670,8,0.21558045,5.6e-05
1671,8,0.23989122,5.6e-05
1672,8,0.24769354,5.6e-05
1673,8,0.25800917,5.61e-05
1674,8,0.23746309,5.61e-05
1675,8,0.27165550,5.61e-05
1676,8,0.27067238,5.62e-05
1677,8,0.27994430,5.62e-05
1678,8,0.24419479,5.62e-05
1679,8,0.23296432,5.63e-05
1680,8,0.31605622,5.63e-05
1681,8,0.23524991,5.63e-05
1682,8,0.27881157,5.64e-05
1683,8,0.27433541,5.64e-05
1684,8,0.22970884,5.64e-05
1685,8,0.28951705,5.65e-05
1686,8,0.24586913,5.65e-05
1687,8,0.25151795,5.65e-05
1688,8,0.30123684,5.66e-05
1689,8,0.24044339,5.66e-05
1690,8,0.24357443,5.66e-05
1691,8,0.27863085,5.67e-05
1692,8,0.22932065,5.67e-05
1693,8,0.27455413,5.67e-05
1694,8,0.27474040,5.68e-05
1695,8,0.22482364,5.68e-05
1696,8,0.26501951,5.68e-05
1697,8,0.25519377,5.69e-05
1698,8,0.28181061,5.69e-05
1699,8,0.29617763,5.69e-05
1700,8,0.22009191,5.7e-05
1701,8,0.25939673,5.7e-05
1702,8,0.26273844,5.7e-05
1703,8,0.23140943,5.71e-05
1704,8,0.22985062,5.71e-05
1705,8,0.21981482,5.71e-05
1706,8,0.23061053,5.72e-05
1707,8,0.20346987,5.72e-05
1708,8,0.21666007,5.72e-05
1709,8,0.27751797,5.73e-05
1710,8,0.22284904,5.73e-05
1711,8,0.28460202,5.73e-05
1712,8,0.31812719,5.74e-05
1713,8,0.25697559,5.74e-05
1714,8,0.23375481,5.74e-05
1715,8,0.32202953,5.75e-05
1716,8,0.23514178,5.75e-05
1717,8,0.23533094,5.75e-05
1718,8,0.26468462,5.76e-05
1719,8,0.23284853,5.76e-05
1720,8,0.26397425,5.76e-05
1721,8,0.27143490,5.77e-05
1722,8,0.24464595,5.77e-05
1723,8,0.27147341,5.77e-05
1724,8,0.22570547,5.78e-05
1725,8,0.28697118,5.78e-05
1726,8,0.25635570,5.78e-05
1727,8,0.27405334,5.79e-05
1728,8,0.23967201,5.79e-05
1729,8,0.23969617,5.79e-05
1730,8,0.29998267,5.8e-05
1731,8,0.24207257,5.8e-05
1732,8,0.23386471,5.8e-05
1733,8,0.29609007,5.81e-05
1734,8,0.25316387,5.81e-05
1735,8,0.26604804,5.81e-05
1736,8,0.26331219,5.82e-05
1737,8,0.21689805,5.82e-05
1738,8,0.29022360,5.82e-05
1739,8,0.26649386,5.83e-05
1740,8,0.28274828,5.83e-05
1741,8,0.25272045,5.83e-05
1742,8,0.25972629,5.84e-05
1743,8,0.21391386,5.84e-05
1744,8,0.26428235,5.84e-05
1745,8,0.20545971,5.85e-05
1746,8,0.35748887,5.85e-05
1747,8,0.25696003,5.85e-05
1748,8,0.24445522,5.86e-05
1749,8,0.25408214,5.86e-05
1750,8,0.25548661,5.86e-05
1751,8,0.29185051,5.87e-05
1752,8,0.26653126,5.87e-05
1753,8,0.29364049,5.87e-05
1754,8,0.30541894,5.88e-05
1755,8,0.25148943,5.88e-05
1756,8,0.24313746,5.88e-05
1757,8,0.25097352,5.89e-05
1758,8,0.23376982,5.89e-05
1759,8,0.26471424,5.89e-05
1760,8,0.27065235,5.9e-05
1761,8,0.23698926,5.9e-05
1762,8,0.26491010,5.9e-05
1763,8,0.24876313,5.91e-05
1764,8,0.28042692,5.91e-05
1765,8,0.32896173,5.91e-05
1766,8,0.24895707,5.92e-05
1767,8,0.24243431,5.92e-05
1768,8,0.24591607,5.92e-05
1769,8,0.20834237,5.93e-05
1770,8,0.25719297,5.93e-05
1771,8,0.28881407,5.93e-05
1772,8,0.25830960,5.94e-05
1773,8,0.22966322,5.94e-05
1774,8,0.34982476,5.94e-05
1775,8,0.26104146,5.95e-05
1776,8,0.24704808,5.95e-05
1777,8,0.24795175,5.95e-05
1778,8,0.27983946,5.96e-05
1779,8,0.26659781,5.96e-05
1780,8,0.25190386,5.96e-05
1781,8,0.28034759,5.97e-05
1782,8,0.27184922,5.97e-05
1783,8,0.22148332,5.97e-05
1784,8,0.26914829,5.98e-05
1785,8,0.23858392,5.98e-05
1786,8,0.22885093,5.98e-05
1787,8,0.23751605,5.99e-05
1788,8,0.24123314,5.99e-05
1789,8,0.24862605,5.99e-05
1790,8,0.22476593,6e-05
1791,8,0.26283625,6e-05
1792,8,0.27561343,6.01e-05
1793,9,0.24092495,6.01e-05
1794,9,0.28505933,6.01e-05
1795,9,0.23922949,6.02e-05
1796,9,0.21201353,6.02e-05
1797,9,0.26740476,6.02e-05
1798,9,0.24084239,6.03e-05
1799,9,0.23811376,6.03e-05
1800,9,0.25681633,6.03e-05
1801,9,0.28751653,6.04e-05
1802,9,0.23742127,6.04e-05
1803,9,0.25319797,6.04e-05
1804,9,0.24396710,6.05e-05
1805,9,0.21911484,6.05e-05
1806,9,0.28517187,6.05e-05
1807,9,0.24433403,6.06e-05
1808,9,0.24175112,6.06e-05
1809,9,0.21333972,6.06e-05
1810,9,0.24110636,6.07e-05
1811,9,0.27089691,6.07e-05
1812,9,0.24953079,6.07e-05
1813,9,0.23419884,6.08e-05
1814,9,0.23889872,6.08e-05
1815,9,0.23501989,6.08e-05
1816,9,0.26572487,6.09e-05
1817,9,0.27895319,6.09e-05
1818,9,0.22949609,6.09e-05
1819,9,0.25063926,6.1e-05
1820,9,0.26890776,6.1e-05
1821,9,0.28290755,6.1e-05
1822,9,0.25341332,6.11e-05
1823,9,0.27819663,6.11e-05
1824,9,0.23654845,6.11e-05
1825,9,0.28147063,6.12e-05
1826,9,0.26058885,6.12e-05
1827,9,0.21045814,6.12e-05
1828,9,0.22711450,6.13e-05
1829,9,0.25648940,6.13e-05
1830,9,0.29049993,6.13e-05
1831,9,0.24523842,6.14e-05
1832,9,0.21107012,6.14e-05
1833,9,0.23364091,6.14e-05
1834,9,0.25786647,6.15e-05
1835,9,0.27805001,6.15e-05
1836,9,0.22558849,6.15e-05
1837,9,0.22022104,6.16e-05
1838,9,0.22820088,6.16e-05
1839,9,0.28684554,6.16e-05
1840,9,0.32933435,6.17e-05
1841,9,0.21932869,6.17e-05
1842,9,0.25949383,6.17e-05
1843,9,0.22353777,6.18e-05
1844,9,0.25632611,6.18e-05
1845,9,0.25382635,6.18e-05
1846,9,0.24270275,6.19e-05
1847,9,0.22983801,6.19e-05
1848,9,0.20697121,6.19e-05
1849,9,0.26327002,6.2e-05
1850,9,0.25297529,6.2e-05
1851,9,0.23192498,6.2e-05
1852,9,0.25596631,6.21e-05
1853,9,0.24795650,6.21e-05
1854,9,0.26278445,6.21e-05
1855,9,0.23827663,6.22e-05
1856,9,0.30510318,6.22e-05
1857,9,0.26876467,6.22e-05
1858,9,0.21136546,6.23e-05
1859,9,0.27027452,6.23e-05
1860,9,0.24475519,6.23e-05
1861,9,0.22924843,6.24e-05
1862,9,0.27913147,6.24e-05
1863,9,0.23265569,6.24e-05
1864,9,0.29533836,6.25e-05
1865,9,0.22010168,6.25e-05
1866,9,0.26752681,6.25e-05
1867,9,0.23682885,6.26e-05
1868,9,0.29435074,6.26e-05
1869,9,0.25840253,6.26e-05
1870,9,0.25837302,6.27e-05
1871,9,0.26251858,6.27e-05
1872,9,0.25753853,6.27e-05
1873,9,0.21963429,6.28e-05
1874,9,0.21362595,6.28e-05
1875,9,0.27631646,6.28e-05
1876,9,0.30422103,6.29e-05
1877,9,0.23322105,6.29e-05
1878,9,0.22467184,6.29e-05
1879,9,0.27216601,6.3e-05
1880,9,0.27439135,6.3e-05
1881,9,0.27375633,6.3e-05
1882,9,0.22466302,6.31e-05
1883,9,0.26079223,6.31e-05
1884,9,0.25097162,6.31e-05
1885,9,0.25640008,6.32e-05
1886,9,0.28364202,6.32e-05
1887,9,0.25309011,6.32e-05
1888,9,0.24380182,6.33e-05
1889,9,0.23674938,6.33e-05
1890,9,0.28640401,6.33e-05
1891,9,0.29712310,6.34e-05
1892,9,0.25994563,6.34e-05
1893,9,0.29670864,6.34e-05
1894,9,0.26869410,6.35e-05
1895,9,0.30799970,6.35e-05
1896,9,0.22582826,6.35e-05
1897,9,0.23479345,6.36e-05
1898,9,0.19961695,6.36e-05
1899,9,0.21814916,6.36e-05
1900,9,0.25639623,6.37e-05
1901,9,0.27431542,6.37e-05
1902,9,0.23643279,6.37e-05
1903,9,0.22523229,6.38e-05
1904,9,0.25523752,6.38e-05
1905,9,0.24637994,6.38e-05
1906,9,0.26833090,6.39e-05
1907,9,0.24112269,6.39e-05
1908,9,0.24689400,6.39e-05
1909,9,0.31516275,6.4e-05
1910,9,0.21877882,6.4e-05
1911,9,0.31714171,6.4e-05
1912,9,0.31119537,6.41e-05
1913,9,0.25847220,6.41e-05
1914,9,0.25791365,6.41e-05
1915,9,0.22020996,6.42e-05
1916,9,0.20203000,6.42e-05
1917,9,0.25658068,6.42e-05
1918,9,0.26881453,6.43e-05
1919,9,0.25699919,6.43e-05
1920,9,0.27562523,6.43e-05
1921,9,0.23010604,6.44e-05
1922,9,0.22503370,6.44e-05
1923,9,0.24598269,6.44e-05
1924,9,0.26290286,6.45e-05
1925,9,0.30314738,6.45e-05
1926,9,0.21202180,6.45e-05
1927,9,0.24226990,6.46e-05
1928,9,0.24854164,6.46e-05
1929,9,0.25654703,6.46e-05
1930,9,0.21130502,6.47e-05
1931,9,0.26288903,6.47e-05
1932,9,0.23646729,6.47e-05
1933,9,0.22868660,6.48e-05
1934,9,0.25261176,6.48e-05
1935,9,0.27790287,6.48e-05
1936,9,0.22194973,6.49e-05
1937,9,0.26000851,6.49e-05
1938,9,0.20017146,6.49e-05
1939,9,0.25617775,6.5e-05
1940,9,0.25900018,6.5e-05
1941,9,0.24434602,6.5e-05
1942,9,0.26230913,6.51e-05
1943,9,0.24174467,6.51e-05
1944,9,0.26516700,6.51e-05
1945,9,0.23421316,6.52e-05
1946,9,0.26025075,6.52e-05
1947,9,0.29238713,6.52e-05
1948,9,0.23527381,6.53e-05
1949,9,0.22951159,6.53e-05
1950,9,0.28084722,6.53e-05
1951,9,0.27949083,6.54e-05
1952,9,0.23000738,6.54e-05
1953,9,0.25076687,6.54e-05
1954,9,0.21625173,6.55e-05
1955,9,0.28335065,6.55e-05
1956,9,0.25994882,6.55e-05
1957,9,0.29008609,6.56e-05
1958,9,0.27154464,6.56e-05
1959,9,0.24625465,6.56e-05
1960,9,0.21248868,6.57e-05
1961,9,0.23700234,6.57e-05
1962,9,0.25809824,6.57e-05
1963,9,0.24837172,6.58e-05
1964,9,0.25135109,6.58e-05
1965,9,0.22389337,6.58e-05
1966,9,0.25832829,6.59e-05
1967,9,0.25835317,6.59e-05
1968,9,0.18936031,6.59e-05
1969,9,0.23083399,6.6e-05
1970,9,0.25793016,6.6e-05
1971,9,0.21022891,6.6e-05
1972,9,0.23976061,6.61e-05
1973,9,0.22048265,6.61e-05
1974,9,0.25965068,6.61e-05
1975,9,0.25542200,6.62e-05
1976,9,0.25425822,6.62e-05
1977,9,0.24898569,6.62e-05
1978,9,0.28320646,6.63e-05
1979,9,0.26591432,6.63e-05
1980,9,0.26939246,6.63e-05
1981,9,0.23303382,6.64e-05
1982,9,0.23770323,6.64e-05
1983,9,0.22705500,6.64e-05
1984,9,0.24873528,6.65e-05
1985,9,0.23360328,6.65e-05
1986,9,0.26203391,6.65e-05
1987,9,0.26381373,6.66e-05
1988,9,0.24175128,6.66e-05
1989,9,0.27535731,6.66e-05
1990,9,0.24758665,6.67e-05
1991,9,0.23019759,6.67e-05
1992,9,0.22937541,6.67e-05
1993,9,0.23416959,6.68e-05
1994,9,0.27413869,6.68e-05
1995,9,0.24374506,6.68e-05
1996,9,0.19842009,6.69e-05
1997,9,0.28919351,6.69e-05
1998,9,0.26008222,6.69e-05
1999,9,0.24739741,6.7e-05
2000,9,0.24287824,6.7e-05
2001,9,0.22822693,6.7e-05
2002,9,0.20984636,6.71e-05
2003,9,0.22771780,6.71e-05
2004,9,0.28095549,6.71e-05
2005,9,0.27213508,6.72e-05
2006,9,0.25254738,6.72e-05
2007,9,0.28194970,6.72e-05
2008,9,0.31597200,6.73e-05
2009,9,0.23954235,6.73e-05
2010,9,0.23176235,6.73e-05
2011,9,0.22557655,6.74e-05
2012,9,0.20480204,6.74e-05
2013,9,0.21423142,6.74e-05
2014,9,0.23903969,6.75e-05
2015,9,0.27862453,6.75e-05
2016,9,0.25286990,6.76e-05
2017,10,0.22613648,6.76e-05
2018,10,0.22873685,6.76e-05
2019,10,0.21622573,6.77e-05
2020,10,0.24330603,6.77e-05
2021,10,0.24145707,6.77e-05
2022,10,0.23216242,6.78e-05
2023,10,0.20043185,6.78e-05
2024,10,0.24804692,6.78e-05
2025,10,0.24358158,6.79e-05
2026,10,0.23256783,6.79e-05
2027,10,0.24987218,6.79e-05
2028,10,0.23325858,6.8e-05
2029,10,0.22416127,6.8e-05
2030,10,0.26929730,6.8e-05
2031,10,0.28168219,6.81e-05
2032,10,0.23680125,6.81e-05
2033,10,0.29835927,6.81e-05
2034,10,0.24808525,6.82e-05
2035,10,0.23556456,6.82e-05
2036,10,0.22755700,6.82e-05
2037,10,0.26885170,6.83e-05
2038,10,0.23740625,6.83e-05
2039,10,0.24515542,6.83e-05
2040,10,0.25046682,6.84e-05
2041,10,0.26741695,6.84e-05
2042,10,0.25422674,6.84e-05
2043,10,0.19216514,6.85e-05
2044,10,0.23816022,6.85e-05
2045,10,0.21586177,6.85e-05
2046,10,0.24918422,6.86e-05
2047,10,0.25477430,6.86e-05
2048,10,0.22302496,6.86e-05
2049,10,0.25279588,6.87e-05
2050,10,0.28443804,6.87e-05
2051,10,0.24062398,6.87e-05
2052,10,0.26058793,6.88e-05
2053,10,0.27907497,6.88e-05
2054,10,0.26907533,6.88e-05
2055,10,0.23429695,6.89e-05
2056,10,0.21389341,6.89e-05
2057,10,0.23789077,6.89e-05
2058,10,0.27095163,6.9e-05
2059,10,0.28403562,6.9e-05
2060,10,0.23712800,6.9e-05
2061,10,0.27938616,6.91e-05
2062,10,0.22148286,6.91e-05
2063,10,0.26810080,6.91e-05
2064,10,0.22292183,6.92e-05
2065,10,0.23662993,6.92e-05
2066,10,0.20996842,6.92e-05
2067,10,0.20774584,6.93e-05
2068,10,0.22785589,6.93e-05
2069,10,0.21795969,6.93e-05
2070,10,0.23056602,6.94e-05
2071,10,0.21782705,6.94e-05
2072,10,0.27256489,6.94e-05
2073,10,0.23614293,6.95e-05
2074,10,0.21663225,6.95e-05
2075,10,0.23726836,6.95e-05
2076,10,0.22623500,6.96e-05
2077,10,0.24352494,6.96e-05
2078,10,0.23617588,6.96e-05
2079,10,0.21546488,6.97e-05
2080,10,0.24975774,6.97e-05
2081,10,0.29183546,6.97e-05
2082,10,0.25563896,6.98e-05
2083,10,0.21523403,6.98e-05
2084,10,0.23437640,6.98e-05
2085,10,0.25027055,6.99e-05
2086,10,0.23634672,6.99e-05
2087,10,0.22675776,6.99e-05
2088,10,0.24356878,7e-05
2089,10,0.22839093,7e-05
2090,10,0.21976432,7e-05
2091,10,0.25552830,7.01e-05
2092,10,0.26289925,7.01e-05
2093,10,0.22984016,7.01e-05
2094,10,0.22291753,7.02e-05
2095,10,0.24133831,7.02e-05
2096,10,0.23071979,7.02e-05
2097,10,0.22706334,7.03e-05
2098,10,0.20269541,7.03e-05
2099,10,0.29649851,7.03e-05
2100,10,0.20688574,7.04e-05
2101,10,0.20505413,7.04e-05
2102,10,0.23526715,7.04e-05
2103,10,0.27189094,7.05e-05
2104,10,0.22782874,7.05e-05
2105,10,0.24395846,7.05e-05
2106,10,0.27835566,7.06e-05
2107,10,0.23172066,7.06e-05
2108,10,0.21983001,7.06e-05
2109,10,0.24803720,7.07e-05
2110,10,0.25475073,7.07e-05
2111,10,0.24401364,7.07e-05
2112,10,0.21763778,7.08e-05
2113,10,0.22359554,7.08e-05
2114,10,0.26368991,7.08e-05
2115,10,0.23239391,7.09e-05
2116,10,0.22112557,7.09e-05
2117,10,0.22450010,7.09e-05
2118,10,0.20561463,7.1e-05
2119,10,0.26144323,7.1e-05
2120,10,0.23095708,7.1e-05
2121,10,0.24853960,7.11e-05
2122,10,0.23622835,7.11e-05
2123,10,0.22262178,7.11e-05
2124,10,0.22565281,7.12e-05
2125,10,0.24397115,7.12e-05
2126,10,0.23099296,7.12e-05
2127,10,0.22080818,7.13e-05
2128,10,0.20823824,7.13e-05
2129,10,0.20279717,7.13e-05
2130,10,0.24235873,7.14e-05
2131,10,0.21870349,7.14e-05
2132,10,0.24720129,7.14e-05
2133,10,0.25116524,7.15e-05
2134,10,0.27302617,7.15e-05
2135,10,0.26701570,7.15e-05
2136,10,0.24373886,7.16e-05
2137,10,0.22145689,7.16e-05
2138,10,0.20618749,7.16e-05
2139,10,0.28505924,7.17e-05
2140,10,0.23418801,7.17e-05
2141,10,0.21776184,7.17e-05
2142,10,0.26364994,7.18e-05
2143,10,0.25048006,7.18e-05
2144,10,0.25249872,7.18e-05
2145,10,0.20935202,7.19e-05
2146,10,0.22351512,7.19e-05
2147,10,0.21826386,7.19e-05
2148,10,0.27802032,7.2e-05
2149,10,0.19611344,7.2e-05
2150,10,0.24594758,7.2e-05
2151,10,0.28641403,7.21e-05
2152,10,0.27363825,7.21e-05
2153,10,0.20179710,7.21e-05
2154,10,0.26743057,7.22e-05
2155,10,0.26101947,7.22e-05
2156,10,0.25278199,7.22e-05
2157,10,0.26564789,7.23e-05
2158,10,0.23101823,7.23e-05
2159,10,0.22640912,7.23e-05
2160,10,0.22477517,7.24e-05
2161,10,0.26084372,7.24e-05
2162,10,0.23615807,7.24e-05
2163,10,0.21954612,7.25e-05
2164,10,0.25957572,7.25e-05
2165,10,0.23819785,7.25e-05
2166,10,0.23500387,7.26e-05
2167,10,0.22806352,7.26e-05
2168,10,0.23839115,7.26e-05
2169,10,0.19575654,7.27e-05
2170,10,0.25533143,7.27e-05
2171,10,0.22944860,7.27e-05
2172,10,0.24317865,7.28e-05
2173,10,0.24685034,7.28e-05
2174,10,0.22084904,7.28e-05
2175,10,0.24266979,7.29e-05
2176,10,0.23555040,7.29e-05
2177,10,0.22256565,7.29e-05
2178,10,0.21881875,7.3e-05
2179,10,0.19529347,7.3e-05
2180,10,0.23378980,7.3e-05
2181,10,0.25802791,7.31e-05
2182,10,0.21154189,7.31e-05
2183,10,0.25312659,7.31e-05
2184,10,0.26136839,7.32e-05
2185,10,0.22818312,7.32e-05
2186,10,0.22698638,7.32e-05
2187,10,0.23523667,7.33e-05
2188,10,0.21833792,7.33e-05
2189,10,0.23887005,7.33e-05
2190,10,0.25561079,7.34e-05
2191,10,0.21569902,7.34e-05
2192,10,0.19369373,7.34e-05
2193,10,0.26793247,7.35e-05
2194,10,0.25123534,7.35e-05
2195,10,0.23844330,7.35e-05
2196,10,0.20633332,7.36e-05
2197,10,0.19532487,7.36e-05
2198,10,0.24248198,7.36e-05
2199,10,0.21893042,7.37e-05
2200,10,0.28772068,7.37e-05
2201,10,0.27161703,7.37e-05
2202,10,0.26631388,7.38e-05
2203,10,0.27988750,7.38e-05
2204,10,0.21311036,7.38e-05
2205,10,0.23020303,7.39e-05
2206,10,0.20804170,7.39e-05
2207,10,0.26119018,7.39e-05
2208,10,0.27980655,7.4e-05
2209,10,0.24499491,7.4e-05
2210,10,0.26567745,7.4e-05
2211,10,0.27127331,7.41e-05
2212,10,0.24015427,7.41e-05
2213,10,0.21710691,7.41e-05
2214,10,0.25985509,7.42e-05
2215,10,0.22657406,7.42e-05
2216,10,0.22081217,7.42e-05
2217,10,0.25351843,7.43e-05
2218,10,0.23573709,7.43e-05
2219,10,0.23550990,7.43e-05
2220,10,0.23377304,7.44e-05
2221,10,0.20924465,7.44e-05
2222,10,0.24766140,7.44e-05
2223,10,0.20424061,7.45e-05
2224,10,0.25268027,7.45e-05
2225,10,0.24464278,7.45e-05
2226,10,0.23126809,7.46e-05
2227,10,0.20142046,7.46e-05
2228,10,0.22009896,7.46e-05
2229,10,0.21581951,7.47e-05
2230,10,0.21866255,7.47e-05
2231,10,0.24031989,7.47e-05
2232,10,0.25640959,7.48e-05
2233,10,0.27023521,7.48e-05
2234,10,0.21889405,7.48e-05
2235,10,0.27252853,7.49e-05
2236,10,0.26212126,7.49e-05
2237,10,0.25853598,7.49e-05
2238,10,0.20881680,7.5e-05
2239,10,0.23304886,7.5e-05
2240,10,0.24925099,7.51e-05
2241,11,0.26823354,7.51e-05
2242,11,0.26437622,7.51e-05
2243,11,0.20855479,7.52e-05
2244,11,0.19999230,7.52e-05
2245,11,0.20424035,7.52e-05
2246,11,0.22578424,7.53e-05
2247,11,0.26922184,7.53e-05
2248,11,0.29836482,7.53e-05
2249,11,0.25691473,7.54e-05
2250,11,0.23488376,7.54e-05
2251,11,0.22550651,7.54e-05
2252,11,0.22600567,7.55e-05
2253,11,0.22121279,7.55e-05
2254,11,0.22146904,7.55e-05
2255,11,0.24256913,7.56e-05
2256,11,0.29226673,7.56e-05
2257,11,0.22575220,7.56e-05
2258,11,0.24959636,7.57e-05
2259,11,0.23885339,7.57e-05
2260,11,0.23156200,7.57e-05
2261,11,0.26809394,7.58e-05
2262,11,0.21813303,7.58e-05
2263,11,0.22849995,7.58e-05
2264,11,0.23368475,7.59e-05
2265,11,0.20727150,7.59e-05
2266,11,0.21217227,7.59e-05
2267,11,0.24722964,7.6e-05
2268,11,0.23756222,7.6e-05
2269,11,0.25734764,7.6e-05
2270,11,0.22308573,7.61e-05
2271,11,0.25361621,7.61e-05
2272,11,0.21539669,7.61e-05
2273,11,0.22584008,7.62e-05
2274,11,0.22142600,7.62e-05
2275,11,0.25567278,7.62e-05
2276,11,0.20031309,7.63e-05
2277,11,0.20051524,7.63e-05
2278,11,0.23587120,7.63e-05
2279,11,0.26148432,7.64e-05
2280,11,0.21487164,7.64e-05
2281,11,0.24489896,7.64e-05
2282,11,0.27881715,7.65e-05
2283,11,0.18361875,7.65e-05
2284,11,0.24580035,7.65e-05
2285,11,0.22131966,7.66e-05
2286,11,0.20934677,7.66e-05
2287,11,0.23853496,7.66e-05
2288,11,0.23030120,7.67e-05
2289,11,0.22362682,7.67e-05
2290,11,0.25602317,7.67e-05
2291,11,0.25778073,7.68e-05
2292,11,0.22833835,7.68e-05
2293,11,0.22754620,7.68e-05
2294,11,0.24234788,7.69e-05
2295,11,0.22736263,7.69e-05
2296,11,0.20539050,7.69e-05
2297,11,0.20772073,7.7e-05
2298,11,0.20463097,7.7e-05
2299,11,0.25693738,7.7e-05
2300,11,0.24698910,7.71e-05
2301,11,0.20931661,7.71e-05
2302,11,0.22980708,7.71e-05
2303,11,0.26468658,7.72e-05
2304,11,0.25589436,7.72e-05
2305,11,0.22274861,7.72e-05
2306,11,0.27244848,7.73e-05
2307,11,0.24430546,7.73e-05
2308,11,0.24398515,7.73e-05
2309,11,0.28011370,7.74e-05
2310,11,0.27943653,7.74e-05
2311,11,0.22784543,7.74e-05
2312,11,0.20114283,7.75e-05
2313,11,0.21794233,7.75e-05
2314,11,0.27380598,7.75e-05
2315,11,0.22685957,7.76e-05
2316,11,0.26343626,7.76e-05
2317,11,0.27784690,7.76e-05
2318,11,0.18032598,7.77e-05
2319,11,0.20636277,7.77e-05
2320,11,0.21655481,7.77e-05
2321,11,0.21469569,7.78e-05
2322,11,0.26578271,7.78e-05
2323,11,0.24342863,7.78e-05
2324,11,0.25091559,7.79e-05
2325,11,0.23394370,7.79e-05
2326,11,0.22940944,7.79e-05
2327,11,0.22447157,7.8e-05
2328,11,0.23614901,7.8e-05
2329,11,0.20469820,7.8e-05
2330,11,0.29262215,7.81e-05
2331,11,0.27714741,7.81e-05
2332,11,0.20890580,7.81e-05
2333,11,0.27071342,7.82e-05
2334,11,0.23891914,7.82e-05
2335,11,0.27361330,7.82e-05
2336,11,0.21895656,7.83e-05
2337,11,0.23516731,7.83e-05
2338,11,0.29358137,7.83e-05
2339,11,0.24100100,7.84e-05
2340,11,0.22938648,7.84e-05
2341,11,0.21374899,7.84e-05
2342,11,0.22700325,7.85e-05
2343,11,0.21721929,7.85e-05
2344,11,0.19814697,7.85e-05
2345,11,0.20371376,7.86e-05
2346,11,0.21348046,7.86e-05
2347,11,0.22258016,7.86e-05
2348,11,0.21118626,7.87e-05
2349,11,0.21996924,7.87e-05
2350,11,0.22371209,7.87e-05
2351,11,0.20921430,7.88e-05
2352,11,0.25018641,7.88e-05
2353,11,0.23222426,7.88e-05
2354,11,0.23556578,7.89e-05
2355,11,0.19609368,7.89e-05
2356,11,0.19680938,7.89e-05
2357,11,0.24443483,7.9e-05
2358,11,0.23573598,7.9e-05
2359,11,0.24111043,7.9e-05
2360,11,0.21237195,7.91e-05
2361,11,0.21855330,7.91e-05
2362,11,0.21635835,7.91e-05
2363,11,0.26141551,7.92e-05
2364,11,0.22156213,7.92e-05
2365,11,0.21993554,7.92e-05
2366,11,0.22826490,7.93e-05
2367,11,0.21933246,7.93e-05
2368,11,0.23617148,7.93e-05
2369,11,0.24270609,7.94e-05
2370,11,0.22934309,7.94e-05
2371,11,0.22887938,7.94e-05
2372,11,0.22843811,7.95e-05
2373,11,0.22604632,7.95e-05
2374,11,0.20377986,7.95e-05
2375,11,0.18643272,7.96e-05
2376,11,0.19422418,7.96e-05
2377,11,0.21956229,7.96e-05
2378,11,0.24469823,7.97e-05
2379,11,0.26486155,7.97e-05
2380,11,0.25577170,7.97e-05
2381,11,0.23780602,7.98e-05
2382,11,0.20682585,7.98e-05
2383,11,0.27082628,7.98e-05
2384,11,0.22782782,7.99e-05
2385,11,0.21028326,7.99e-05
2386,11,0.21850118,7.99e-05
2387,11,0.21301517,8e-05
2388,11,0.22147995,8e-05
2389,11,0.20954481,8e-05
2390,11,0.22018504,8.01e-05
2391,11,0.25913748,8.01e-05
2392,11,0.25205827,8.01e-05
2393,11,0.25741363,8.02e-05
2394,11,0.24662523,8.02e-05
2395,11,0.24343386,8.02e-05
2396,11,0.18544087,8.03e-05
2397,11,0.22681235,8.03e-05
2398,11,0.24346954,8.03e-05
2399,11,0.21652374,8.04e-05
2400,11,0.25190932,8.04e-05
2401,11,0.25800881,8.04e-05
2402,11,0.22773087,8.05e-05
2403,11,0.23666403,8.05e-05
2404,11,0.23601416,8.05e-05
2405,11,0.20724359,8.06e-05
2406,11,0.19883031,8.06e-05
2407,11,0.22572689,8.06e-05
2408,11,0.23743501,8.07e-05
2409,11,0.20781919,8.07e-05
2410,11,0.25129816,8.07e-05
2411,11,0.21116059,8.08e-05
2412,11,0.25768182,8.08e-05
2413,11,0.27054203,8.08e-05
2414,11,0.19843006,8.09e-05
2415,11,0.25057849,8.09e-05
2416,11,0.27523622,8.09e-05
2417,11,0.28188372,8.1e-05
2418,11,0.25087708,8.1e-05
2419,11,0.21601644,8.1e-05
2420,11,0.21246448,8.11e-05
2421,11,0.28603834,8.11e-05
2422,11,0.21157339,8.11e-05
2423,11,0.22623548,8.12e-05
2424,11,0.25716898,8.12e-05
2425,11,0.23032928,8.12e-05
2426,11,0.25611758,8.13e-05
2427,11,0.20041418,8.13e-05
2428,11,0.25030732,8.13e-05
2429,11,0.23411596,8.14e-05
2430,11,0.22214746,8.14e-05
2431,11,0.24326718,8.14e-05
2432,11,0.22212741,8.15e-05
2433,11,0.22485256,8.15e-05
2434,11,0.22661662,8.15e-05
2435,11,0.22322743,8.16e-05
2436,11,0.23208544,8.16e-05
2437,11,0.22212994,8.16e-05
2438,11,0.25399455,8.17e-05
2439,11,0.23478463,8.17e-05
2440,11,0.21475410,8.17e-05
2441,11,0.22783309,8.18e-05
2442,11,0.18865840,8.18e-05
2443,11,0.25852990,8.18e-05
2444,11,0.21623978,8.19e-05
2445,11,0.20558570,8.19e-05
2446,11,0.20740525,8.19e-05
2447,11,0.22706300,8.2e-05
2448,11,0.19520780,8.2e-05
2449,11,0.20502238,8.2e-05
2450,11,0.24463014,8.21e-05
2451,11,0.22671068,8.21e-05
2452,11,0.24116985,8.21e-05
2453,11,0.22783408,8.22e-05
2454,11,0.23548967,8.22e-05
2455,11,0.26054952,8.22e-05
2456,11,0.22825997,8.23e-05
2457,11,0.19818601,8.23e-05
2458,11,0.24906331,8.23e-05
2459,11,0.19915941,8.24e-05
2460,11,0.21386391,8.24e-05
2461,11,0.19453852,8.24e-05
2462,11,0.21927366,8.25e-05
2463,11,0.19262266,8.25e-05
2464,11,0.21867552,8.26e-05
2465,12,0.29049867,8.26e-05
2466,12,0.22240016,8.26e-05
2467,12,0.22973633,8.27e-05
2468,12,0.21972194,8.27e-05
2469,12,0.26333529,8.27e-05
2470,12,0.23012143,8.28e-05
2471,12,0.25752330,8.28e-05
2472,12,0.21767914,8.28e-05
2473,12,0.22533457,8.29e-05
2474,12,0.23441920,8.29e-05
2475,12,0.23050144,8.29e-05
2476,12,0.21505523,8.3e-05
2477,12,0.22331667,8.3e-05
2478,12,0.21723752,8.3e-05
2479,12,0.27439666,8.31e-05
2480,12,0.18923068,8.31e-05
2481,12,0.22362964,8.31e-05
2482,12,0.20558524,8.32e-05
2483,12,0.23471043,8.32e-05
2484,12,0.20382494,8.32e-05
2485,12,0.21004158,8.33e-05
2486,12,0.21489689,8.33e-05
2487,12,0.23981778,8.33e-05
2488,12,0.21597654,8.34e-05
2489,12,0.22048402,8.34e-05
2490,12,0.18981373,8.34e-05
2491,12,0.20993160,8.35e-05
2492,12,0.26078659,8.35e-05
2493,12,0.25841072,8.35e-05
2494,12,0.21614175,8.36e-05
2495,12,0.21607301,8.36e-05
2496,12,0.22794621,8.36e-05
2497,12,0.22212812,8.37e-05
2498,12,0.21015078,8.37e-05
2499,12,0.19619682,8.37e-05
2500,12,0.22951715,8.38e-05
2501,12,0.22829907,8.38e-05
2502,12,0.20072970,8.38e-05
2503,12,0.24574733,8.39e-05
2504,12,0.23231143,8.39e-05
2505,12,0.20110123,8.39e-05
2506,12,0.24707828,8.4e-05
2507,12,0.21838139,8.4e-05
2508,12,0.19096771,8.4e-05
2509,12,0.20415398,8.41e-05
2510,12,0.18331861,8.41e-05
2511,12,0.26182783,8.41e-05
2512,12,0.21879987,8.42e-05
2513,12,0.20991585,8.42e-05
2514,12,0.20624189,8.42e-05
2515,12,0.22480577,8.43e-05
2516,12,0.24227589,8.43e-05
2517,12,0.19021308,8.43e-05
2518,12,0.22816694,8.44e-05
2519,12,0.22412521,8.44e-05
2520,12,0.25995150,8.44e-05
2521,12,0.28722599,8.45e-05
2522,12,0.22225317,8.45e-05
2523,12,0.24857372,8.45e-05
2524,12,0.21609589,8.46e-05
2525,12,0.25188315,8.46e-05
2526,12,0.21142946,8.46e-05
2527,12,0.25695401,8.47e-05
2528,12,0.26067740,8.47e-05
2529,12,0.26818907,8.47e-05
2530,12,0.24770211,8.48e-05
2531,12,0.23463547,8.48e-05
2532,12,0.24394226,8.48e-05
2533,12,0.22297554,8.49e-05
2534,12,0.24070720,8.49e-05
2535,12,0.24775362,8.49e-05
2536,12,0.21087873,8.5e-05
2537,12,0.26190063,8.5e-05
2538,12,0.21602307,8.5e-05
2539,12,0.19927287,8.51e-05
2540,12,0.24209976,8.51e-05
2541,12,0.22313818,8.51e-05
2542,12,0.23997632,8.52e-05
2543,12,0.19601747,8.52e-05
2544,12,0.19080633,8.52e-05
2545,12,0.27286336,8.53e-05
2546,12,0.23191914,8.53e-05
2547,12,0.27024585,8.53e-05
2548,12,0.22870418,8.54e-05
2549,12,0.23864067,8.54e-05
2550,12,0.18527582,8.54e-05
2551,12,0.21705841,8.55e-05
2552,12,0.22058707,8.55e-05
2553,12,0.19727647,8.55e-05
2554,12,0.24754040,8.56e-05
2555,12,0.25007036,8.56e-05
2556,12,0.20931566,8.56e-05
2557,12,0.24855487,8.57e-05
2558,12,0.23225360,8.57e-05
2559,12,0.21962497,8.57e-05
2560,12,0.24092126,8.58e-05
2561,12,0.24029331,8.58e-05
2562,12,0.20091777,8.58e-05
2563,12,0.23286760,8.59e-05
2564,12,0.22013843,8.59e-05
2565,12,0.25105497,8.59e-05
2566,12,0.21437010,8.6e-05
2567,12,0.26136073,8.6e-05
2568,12,0.24666896,8.6e-05
2569,12,0.24035686,8.61e-05
2570,12,0.26286003,8.61e-05
2571,12,0.18616275,8.61e-05
2572,12,0.20495079,8.62e-05
2573,12,0.26793203,8.62e-05
2574,12,0.20615590,8.62e-05
2575,12,0.19791542,8.63e-05
2576,12,0.22269206,8.63e-05
2577,12,0.19708383,8.63e-05
2578,12,0.22214484,8.64e-05
2579,12,0.22700664,8.64e-05
2580,12,0.23007582,8.64e-05
2581,12,0.21499968,8.65e-05
2582,12,0.22761750,8.65e-05
2583,12,0.22972608,8.65e-05
2584,12,0.21970543,8.66e-05
2585,12,0.22351889,8.66e-05
2586,12,0.24662802,8.66e-05
2587,12,0.25607809,8.67e-05
2588,12,0.21045354,8.67e-05
2589,12,0.26110858,8.67e-05
2590,12,0.24438225,8.68e-05
2591,12,0.24030738,8.68e-05
2592,12,0.24513738,8.68e-05
2593,12,0.20445085,8.69e-05
2594,12,0.24507646,8.69e-05
2595,12,0.19841990,8.69e-05
2596,12,0.21697816,8.7e-05
2597,12,0.25118646,8.7e-05
2598,12,0.22849952,8.7e-05
2599,12,0.21703494,8.71e-05
2600,12,0.21246916,8.71e-05
2601,12,0.17513892,8.71e-05
2602,12,0.19125514,8.72e-05
2603,12,0.21186589,8.72e-05
2604,12,0.25164527,8.72e-05
2605,12,0.20161813,8.73e-05
2606,12,0.22613227,8.73e-05
2607,12,0.26986593,8.73e-05
2608,12,0.21652967,8.74e-05
2609,12,0.20904705,8.74e-05
2610,12,0.25206846,8.74e-05
2611,12,0.20488033,8.75e-05
2612,12,0.21991321,8.75e-05
2613,12,0.22403118,8.75e-05
2614,12,0.22171873,8.76e-05
2615,12,0.24271467,8.76e-05
2616,12,0.21780312,8.76e-05
2617,12,0.20824552,8.77e-05
2618,12,0.21061158,8.77e-05
2619,12,0.23854685,8.77e-05
2620,12,0.21109888,8.78e-05
2621,12,0.25179750,8.78e-05
2622,12,0.20820706,8.78e-05
2623,12,0.22066328,8.79e-05
2624,12,0.21317345,8.79e-05
2625,12,0.23413548,8.79e-05
2626,12,0.25188428,8.8e-05
2627,12,0.20331395,8.8e-05
2628,12,0.22096013,8.8e-05
2629,12,0.25555468,8.81e-05
2630,12,0.23783240,8.81e-05
2631,12,0.26584965,8.81e-05
2632,12,0.20127665,8.82e-05
2633,12,0.25131679,8.82e-05
2634,12,0.17973402,8.82e-05
2635,12,0.16755459,8.83e-05
2636,12,0.23009041,8.83e-05
2637,12,0.23574567,8.83e-05
2638,12,0.19722232,8.84e-05
2639,12,0.19183537,8.84e-05
2640,12,0.21621761,8.84e-05
2641,12,0.22380424,8.85e-05
2642,12,0.25309262,8.85e-05
2643,12,0.24299602,8.85e-05
2644,12,0.21439242,8.86e-05
2645,12,0.21409589,8.86e-05
2646,12,0.22859256,8.86e-05
2647,12,0.23574786,8.87e-05
2648,12,0.22281772,8.87e-05
2649,12,0.20783988,8.87e-05
2650,12,0.25064284,8.88e-05
2651,12,0.25496829,8.88e-05
2652,12,0.20672655,8.88e-05
2653,12,0.26048124,8.89e-05
2654,12,0.23075591,8.89e-05
2655,12,0.24603437,8.89e-05
2656,12,0.24566087,8.9e-05
2657,12,0.26300606,8.9e-05
2658,12,0.23400961,8.9e-05
2659,12,0.19626912,8.91e-05
2660,12,0.24362753,8.91e-05
2661,12,0.22130951,8.91e-05
2662,12,0.19726956,8.92e-05
2663,12,0.21293984,8.92e-05
2664,12,0.22534370,8.92e-05
2665,12,0.18539761,8.93e-05
2666,12,0.20397016,8.93e-05
2667,12,0.20841008,8.93e-05
2668,12,0.22626099,8.94e-05
2669,12,0.21487662,8.94e-05
2670,12,0.22686367,8.94e-05
2671,12,0.24645826,8.95e-05
2672,12,0.19446509,8.95e-05
2673,12,0.23510168,8.95e-05
2674,12,0.21844122,8.96e-05
2675,12,0.17486446,8.96e-05
2676,12,0.22088036,8.96e-05
2677,12,0.22945580,8.97e-05
2678,12,0.27262211,8.97e-05
2679,12,0.21920376,8.97e-05
2680,12,0.21665168,8.98e-05
2681,12,0.24249116,8.98e-05
2682,12,0.20683341,8.98e-05
2683,12,0.20740764,8.99e-05
2684,12,0.21298182,8.99e-05
2685,12,0.22408657,8.99e-05
2686,12,0.21153824,9e-05
2687,12,0.21882223,9e-05
2688,12,0.28665698,9.01e-05
2689,13,0.23947516,9.01e-05
2690,13,0.26858768,9.01e-05
2691,13,0.23064658,9.02e-05
2692,13,0.21166055,9.02e-05
2693,13,0.22310536,9.02e-05
2694,13,0.24884383,9.03e-05
2695,13,0.24506438,9.03e-05
2696,13,0.23164597,9.03e-05
2697,13,0.21502137,9.04e-05
2698,13,0.21814887,9.04e-05
2699,13,0.20273563,9.04e-05
2700,13,0.22195983,9.05e-05
2701,13,0.20476922,9.05e-05
2702,13,0.22870010,9.05e-05
2703,13,0.20333397,9.06e-05
2704,13,0.21594112,9.06e-05
2705,13,0.18635176,9.06e-05
2706,13,0.18603437,9.07e-05
2707,13,0.19021587,9.07e-05
2708,13,0.20249109,9.07e-05
2709,13,0.19729416,9.08e-05
2710,13,0.22015882,9.08e-05
2711,13,0.23153965,9.08e-05
2712,13,0.20565568,9.09e-05
2713,13,0.19463184,9.09e-05
2714,13,0.24891958,9.09e-05
2715,13,0.26763839,9.1e-05
2716,13,0.24178144,9.1e-05
2717,13,0.29257971,9.1e-05
2718,13,0.23756835,9.11e-05
2719,13,0.21433884,9.11e-05
2720,13,0.20040612,9.11e-05
2721,13,0.23138180,9.12e-05
2722,13,0.22145388,9.12e-05
2723,13,0.19156525,9.12e-05
2724,13,0.19802269,9.13e-05
2725,13,0.29138285,9.13e-05
2726,13,0.23844442,9.13e-05
2727,13,0.18307552,9.14e-05
2728,13,0.20459458,9.14e-05
2729,13,0.21842003,9.14e-05
2730,13,0.20340662,9.15e-05
2731,13,0.20775878,9.15e-05
2732,13,0.24813068,9.15e-05
2733,13,0.22900784,9.16e-05
2734,13,0.21140024,9.16e-05
2735,13,0.18882851,9.16e-05
2736,13,0.18237922,9.17e-05
2737,13,0.21650991,9.17e-05
2738,13,0.23275241,9.17e-05
2739,13,0.20194873,9.18e-05
2740,13,0.22010836,9.18e-05
2741,13,0.27766463,9.18e-05
2742,13,0.23019736,9.19e-05
2743,13,0.19383669,9.19e-05
2744,13,0.25484657,9.19e-05
2745,13,0.23557691,9.2e-05
2746,13,0.24518079,9.2e-05
2747,13,0.24716008,9.2e-05
2748,13,0.24929772,9.21e-05
2749,13,0.21670458,9.21e-05
2750,13,0.20080504,9.21e-05
2751,13,0.26092049,9.22e-05
2752,13,0.21632683,9.22e-05
2753,13,0.23960488,9.22e-05
2754,13,0.21080232,9.23e-05
2755,13,0.19754796,9.23e-05
2756,13,0.16937324,9.23e-05
2757,13,0.24886143,9.24e-05
2758,13,0.22357535,9.24e-05
2759,13,0.21647367,9.24e-05
2760,13,0.21897142,9.25e-05
2761,13,0.18923013,9.25e-05
2762,13,0.23339592,9.25e-05
2763,13,0.24119011,9.26e-05
2764,13,0.17808792,9.26e-05
2765,13,0.22055885,9.26e-05
2766,13,0.23065411,9.27e-05
2767,13,0.24836004,9.27e-05
2768,13,0.19282612,9.27e-05
2769,13,0.19864236,9.28e-05
2770,13,0.19445479,9.28e-05
2771,13,0.26422149,9.28e-05
2772,13,0.20916530,9.29e-05
2773,13,0.23098877,9.29e-05
2774,13,0.21309966,9.29e-05
2775,13,0.24894254,9.3e-05
2776,13,0.22751127,9.3e-05
2777,13,0.21108769,9.3e-05
2778,13,0.26091221,9.31e-05
2779,13,0.18510798,9.31e-05
2780,13,0.20867285,9.31e-05
2781,13,0.23739263,9.32e-05
2782,13,0.20882246,9.32e-05
2783,13,0.22122753,9.32e-05
2784,13,0.22170615,9.33e-05
2785,13,0.24623322,9.33e-05
2786,13,0.21564382,9.33e-05
2787,13,0.21633774,9.34e-05
2788,13,0.23846786,9.34e-05
2789,13,0.19202042,9.34e-05
2790,13,0.20630322,9.35e-05
2791,13,0.24794233,9.35e-05
2792,13,0.22999665,9.35e-05
2793,13,0.27007538,9.36e-05
2794,13,0.20857427,9.36e-05
2795,13,0.21047044,9.36e-05
2796,13,0.20362215,9.37e-05
2797,13,0.20884511,9.37e-05
2798,13,0.22924671,9.37e-05
2799,13,0.20922755,9.38e-05
2800,13,0.20863599,9.38e-05
2801,13,0.21177796,9.38e-05
2802,13,0.20698115,9.39e-05
2803,13,0.23537903,9.39e-05
2804,13,0.24009424,9.39e-05
2805,13,0.22660121,9.4e-05
2806,13,0.25717980,9.4e-05
2807,13,0.21278501,9.4e-05
2808,13,0.19613382,9.41e-05
2809,13,0.23876262,9.41e-05
2810,13,0.19437847,9.41e-05
2811,13,0.18241701,9.42e-05
2812,13,0.22308123,9.42e-05
2813,13,0.19250134,9.42e-05
2814,13,0.19473267,9.43e-05
2815,13,0.20772547,9.43e-05
2816,13,0.20575330,9.43e-05
2817,13,0.20246133,9.44e-05
2818,13,0.17076306,9.44e-05
2819,13,0.20953000,9.44e-05
2820,13,0.23895422,9.45e-05
2821,13,0.23883139,9.45e-05
2822,13,0.22164595,9.45e-05
2823,13,0.24336204,9.46e-05
2824,13,0.20366816,9.46e-05
2825,13,0.25102645,9.46e-05
2826,13,0.25595510,9.47e-05
2827,13,0.22755739,9.47e-05
2828,13,0.23024109,9.47e-05
2829,13,0.23085251,9.48e-05
2830,13,0.19045572,9.48e-05
2831,13,0.24718690,9.48e-05
2832,13,0.19577113,9.49e-05
2833,13,0.22351632,9.49e-05
2834,13,0.24872659,9.49e-05
2835,13,0.24207626,9.5e-05
2836,13,0.16392511,9.5e-05
2837,13,0.19536376,9.5e-05
2838,13,0.21249408,9.51e-05
2839,13,0.23642616,9.51e-05
2840,13,0.20563415,9.51e-05
2841,13,0.21370786,9.52e-05
2842,13,0.27245483,9.52e-05
2843,13,0.23973328,9.52e-05
2844,13,0.27376944,9.53e-05
2845,13,0.22371790,9.53e-05
2846,13,0.21005420,9.53e-05
2847,13,0.21608120,9.54e-05
2848,13,0.21220315,9.54e-05
2849,13,0.21030161,9.54e-05
2850,13,0.20549290,9.55e-05
2851,13,0.17229459,9.55e-05
2852,13,0.23640816,9.55e-05
2853,13,0.19389614,9.56e-05
2854,13,0.22511706,9.56e-05
2855,13,0.21208839,9.56e-05
2856,13,0.21808210,9.57e-05
2857,13,0.19831228,9.57e-05
2858,13,0.19480881,9.57e-05
2859,13,0.20083728,9.58e-05
2860,13,0.19387236,9.58e-05
2861,13,0.20251900,9.58e-05
2862,13,0.22367671,9.59e-05
2863,13,0.21267563,9.59e-05
2864,13,0.22314440,9.59e-05
2865,13,0.19105606,9.6e-05
2866,13,0.22491781,9.6e-05
2867,13,0.20850348,9.6e-05
2868,13,0.28788954,9.61e-05
2869,13,0.22540113,9.61e-05
2870,13,0.25098661,9.61e-05
2871,13,0.28666019,9.62e-05
2872,13,0.21419398,9.62e-05
2873,13,0.19892001,9.62e-05
2874,13,0.22284311,9.63e-05
2875,13,0.21485971,9.63e-05
2876,13,0.22902292,9.63e-05
2877,13,0.22634612,9.64e-05
2878,13,0.24460833,9.64e-05
2879,13,0.20419972,9.64e-05
2880,13,0.21175808,9.65e-05
2881,13,0.19531386,9.65e-05
2882,13,0.25702316,9.65e-05
2883,13,0.18399844,9.66e-05
2884,13,0.23673007,9.66e-05
2885,13,0.22899863,9.66e-05
2886,13,0.23319611,9.67e-05
2887,13,0.22009760,9.67e-05
2888,13,0.21679962,9.67e-05
2889,13,0.18681166,9.68e-05
2890,13,0.24748789,9.68e-05
2891,13,0.18563084,9.68e-05
2892,13,0.19236809,9.69e-05
2893,13,0.21421814,9.69e-05
2894,13,0.20297584,9.69e-05
2895,13,0.22296415,9.7e-05
2896,13,0.19785289,9.7e-05
2897,13,0.24157178,9.7e-05
2898,13,0.21964651,9.71e-05
2899,13,0.17715031,9.71e-05
2900,13,0.21370113,9.71e-05
2901,13,0.21889836,9.72e-05
2902,13,0.22955909,9.72e-05
2903,13,0.19295767,9.72e-05
2904,13,0.18157855,9.73e-05
2905,13,0.20006523,9.73e-05
2906,13,0.23132758,9.73e-05
2907,13,0.19639114,9.74e-05
2908,13,0.26159388,9.74e-05
2909,13,0.20941567,9.74e-05
2910,13,0.22036994,9.75e-05
2911,13,0.18431239,9.75e-05
2912,13,0.21594617,9.76e-05
2913,14,0.22033338,9.76e-05
2914,14,0.19110505,9.76e-05
2915,14,0.25685686,9.77e-05
2916,14,0.19094682,9.77e-05
2917,14,0.22201523,9.77e-05
2918,14,0.21576440,9.78e-05
2919,14,0.20193803,9.78e-05
2920,14,0.24308217,9.78e-05
2921,14,0.24105465,9.79e-05
2922,14,0.24677274,9.79e-05
2923,14,0.19811010,9.79e-05
2924,14,0.22375688,9.8e-05
2925,14,0.25332308,9.8e-05
2926,14,0.17500854,9.8e-05
2927,14,0.19220889,9.81e-05
2928,14,0.20590737,9.81e-05
2929,14,0.23462741,9.81e-05
2930,14,0.18449394,9.82e-05
2931,14,0.20736484,9.82e-05
2932,14,0.22031319,9.82e-05
2933,14,0.27301562,9.83e-05
2934,14,0.22566752,9.83e-05
2935,14,0.19367394,9.83e-05
2936,14,0.16153121,9.84e-05
2937,14,0.18843976,9.84e-05
2938,14,0.22994189,9.84e-05
2939,14,0.20118162,9.85e-05
2940,14,0.22510551,9.85e-05
2941,14,0.22812335,9.85e-05
2942,14,0.20211616,9.86e-05
2943,14,0.18503432,9.86e-05
2944,14,0.22958767,9.86e-05
2945,14,0.21291387,9.87e-05
2946,14,0.23728846,9.87e-05
2947,14,0.18596290,9.87e-05
2948,14,0.26108462,9.88e-05
2949,14,0.23877421,9.88e-05
2950,14,0.21361986,9.88e-05
2951,14,0.20362082,9.89e-05
2952,14,0.18335967,9.89e-05
2953,14,0.23447168,9.89e-05
2954,14,0.23034206,9.9e-05
2955,14,0.20907407,9.9e-05
2956,14,0.22707424,9.9e-05
2957,14,0.23749778,9.91e-05
2958,14,0.22260335,9.91e-05
2959,14,0.22504017,9.91e-05
2960,14,0.24827230,9.92e-05
2961,14,0.17965429,9.92e-05
2962,14,0.23492610,9.92e-05
2963,14,0.18727855,9.93e-05
2964,14,0.18337306,9.93e-05
2965,14,0.20122282,9.93e-05
2966,14,0.21031950,9.94e-05
2967,14,0.18892360,9.94e-05
2968,14,0.23491395,9.94e-05
2969,14,0.29085127,9.95e-05
2970,14,0.19170646,9.95e-05
2971,14,0.20414619,9.95e-05
2972,14,0.21968865,9.96e-05
2973,14,0.22546649,9.96e-05
2974,14,0.20931803,9.96e-05
2975,14,0.21093771,9.97e-05
2976,14,0.22484753,9.97e-05
2977,14,0.25865448,9.97e-05
2978,14,0.19547281,9.98e-05
2979,14,0.19924818,9.98e-05
2980,14,0.21402425,9.98e-05
2981,14,0.23350173,9.99e-05
2982,14,0.24427634,9.99e-05
2983,14,0.20483577,9.99e-05
2984,14,0.21731454,0.0001
2985,14,0.19521159,0.0001
2986,14,0.17617559,0.0001
2987,14,0.24516118,0.0001001
2988,14,0.20454864,0.0001001
2989,14,0.19070666,0.0001001
2990,14,0.24545519,0.0001002
2991,14,0.26224649,0.0001002
2992,14,0.20043141,0.0001002
2993,14,0.21494231,0.0001003
2994,14,0.20759784,0.0001003
2995,14,0.26200312,0.0001003
2996,14,0.27818280,0.0001004
2997,14,0.21987426,0.0001004
2998,14,0.22486746,0.0001004
2999,14,0.22258034,0.0001005
3000,14,0.22766110,0.0001005
3001,14,0.24356973,0.0001005
3002,14,0.23142885,0.0001006
3003,14,0.23399073,0.0001006
3004,14,0.22475940,0.0001006
3005,14,0.22985594,0.0001007
3006,14,0.22586784,0.0001007
3007,14,0.19393644,0.0001007
3008,14,0.23176011,0.0001008
3009,14,0.24304818,0.0001008
3010,14,0.17830116,0.0001008
3011,14,0.25656945,0.0001009
3012,14,0.21711028,0.0001009
3013,14,0.24573223,0.0001009
3014,14,0.21639273,0.000101
3015,14,0.19681424,0.000101
3016,14,0.24916640,0.000101
3017,14,0.19173586,0.0001011
3018,14,0.19112632,0.0001011
3019,14,0.19692612,0.0001011
3020,14,0.24953818,0.0001012
3021,14,0.17616479,0.0001012
3022,14,0.23584390,0.0001012
3023,14,0.21182232,0.0001013
3024,14,0.18644309,0.0001013
3025,14,0.16703400,0.0001013
3026,14,0.20650613,0.0001014
3027,14,0.19934694,0.0001014
3028,14,0.21274392,0.0001014
3029,14,0.22914355,0.0001015
3030,14,0.24915950,0.0001015
3031,14,0.20155159,0.0001015
3032,14,0.19863459,0.0001016
3033,14,0.22452055,0.0001016
3034,14,0.27191299,0.0001016
3035,14,0.21291426,0.0001017
3036,14,0.20271847,0.0001017
3037,14,0.17914519,0.0001017
3038,14,0.22438177,0.0001018
3039,14,0.24256584,0.0001018
3040,14,0.17312489,0.0001018
3041,14,0.19824231,0.0001019
3042,14,0.19686660,0.0001019
3043,14,0.23402476,0.0001019
3044,14,0.19967632,0.000102
3045,14,0.23749319,0.000102
3046,14,0.18111905,0.000102
3047,14,0.20478356,0.0001021
3048,14,0.21342193,0.0001021
3049,14,0.22191229,0.0001021
3050,14,0.20147610,0.0001022
3051,14,0.20054576,0.0001022
3052,14,0.14807041,0.0001022
3053,14,0.21664743,0.0001023
3054,14,0.23736742,0.0001023
3055,14,0.22863433,0.0001023
3056,14,0.19676587,0.0001024
3057,14,0.22392547,0.0001024
3058,14,0.28124702,0.0001024
3059,14,0.19308326,0.0001025
3060,14,0.20558238,0.0001025
3061,14,0.18712607,0.0001025
3062,14,0.19910732,0.0001026
3063,14,0.19086830,0.0001026
3064,14,0.21737532,0.0001026
3065,14,0.19249783,0.0001027
3066,14,0.22245035,0.0001027
3067,14,0.23450232,0.0001027
3068,14,0.22718659,0.0001028
3069,14,0.22092740,0.0001028
3070,14,0.21614842,0.0001028
3071,14,0.19175899,0.0001029
3072,14,0.18639491,0.0001029
3073,14,0.15941119,0.0001029
3074,14,0.17553906,0.000103
3075,14,0.17094138,0.000103
3076,14,0.22082214,0.000103
3077,14,0.22473900,0.0001031
3078,14,0.20294580,0.0001031
3079,14,0.20253417,0.0001031
3080,14,0.18404679,0.0001032
3081,14,0.27182838,0.0001032
3082,14,0.20171593,0.0001032
3083,14,0.19621953,0.0001033
3084,14,0.19091372,0.0001033
3085,14,0.20027339,0.0001033
3086,14,0.26974273,0.0001034
3087,14,0.22169074,0.0001034
3088,14,0.20657834,0.0001034
3089,14,0.17338094,0.0001035
3090,14,0.20830631,0.0001035
3091,14,0.26030612,0.0001035
3092,14,0.19485697,0.0001036
3093,14,0.21072885,0.0001036
3094,14,0.19231002,0.0001036
3095,14,0.20671630,0.0001037
3096,14,0.19380443,0.0001037
3097,14,0.23962724,0.0001037
3098,14,0.18419409,0.0001038
3099,14,0.20430917,0.0001038
3100,14,0.22822547,0.0001038
3101,14,0.23933354,0.0001039
3102,14,0.21170716,0.0001039
3103,14,0.19832683,0.0001039
3104,14,0.18429312,0.000104
3105,14,0.21793684,0.000104
3106,14,0.19441585,0.000104
3107,14,0.18949984,0.0001041
3108,14,0.21104741,0.0001041
3109,14,0.21352419,0.0001041
3110,14,0.18310913,0.0001042
3111,14,0.19337952,0.0001042
3112,14,0.18428664,0.0001042
3113,14,0.19245934,0.0001043
3114,14,0.18357748,0.0001043
3115,14,0.21730587,0.0001043
3116,14,0.21227531,0.0001044
3117,14,0.23523188,0.0001044
3118,14,0.22121637,0.0001044
3119,14,0.21496233,0.0001045
3120,14,0.28478163,0.0001045
3121,14,0.21887743,0.0001045
3122,14,0.21873915,0.0001046
3123,14,0.24135765,0.0001046
3124,14,0.19500111,0.0001046
3125,14,0.20425181,0.0001047
3126,14,0.18917724,0.0001047
3127,14,0.22460942,0.0001047
3128,14,0.19187300,0.0001048
3129,14,0.19167066,0.0001048
3130,14,0.19988118,0.0001048
3131,14,0.15238522,0.0001049
3132,14,0.19351140,0.0001049
3133,14,0.21066186,0.0001049
3134,14,0.21775648,0.000105
3135,14,0.19514358,0.000105
3136,14,0.18509144,0.0001051
3137,15,0.21307233,0.0001051
3138,15,0.23605177,0.0001051
3139,15,0.27581075,0.0001052
3140,15,0.19435605,0.0001052
3141,15,0.21462509,0.0001052
3142,15,0.22484300,0.0001053
3143,15,0.24176604,0.0001053
3144,15,0.21681492,0.0001053
3145,15,0.22583441,0.0001054
3146,15,0.21027336,0.0001054
3147,15,0.24784975,0.0001054
3148,15,0.23149565,0.0001055
3149,15,0.19413190,0.0001055
3150,15,0.21743679,0.0001055
3151,15,0.20582160,0.0001056
3152,15,0.22140861,0.0001056
3153,15,0.21368027,0.0001056
3154,15,0.22600922,0.0001057
3155,15,0.20535372,0.0001057
3156,15,0.21274173,0.0001057
3157,15,0.21676062,0.0001058
3158,15,0.22984540,0.0001058
3159,15,0.18476292,0.0001058
3160,15,0.19398610,0.0001059
3161,15,0.22204827,0.0001059
3162,15,0.22350049,0.0001059
3163,15,0.24089405,0.000106
3164,15,0.22449884,0.000106
3165,15,0.25266731,0.000106
3166,15,0.22343126,0.0001061
3167,15,0.19955075,0.0001061
3168,15,0.19708276,0.0001061
3169,15,0.22274242,0.0001062
3170,15,0.20159566,0.0001062
3171,15,0.20316419,0.0001062
3172,15,0.21220282,0.0001063
3173,15,0.17839691,0.0001063
3174,15,0.23057985,0.0001063
3175,15,0.22065973,0.0001064
3176,15,0.21135166,0.0001064
3177,15,0.23291063,0.0001064
3178,15,0.22145343,0.0001065
3179,15,0.22766519,0.0001065
3180,15,0.21235651,0.0001065
3181,15,0.19728482,0.0001066
3182,15,0.23112154,0.0001066
3183,15,0.23699753,0.0001066
3184,15,0.20947592,0.0001067
3185,15,0.17461286,0.0001067
3186,15,0.20374195,0.0001067
3187,15,0.20083484,0.0001068
3188,15,0.20721042,0.0001068
3189,15,0.20151871,0.0001068
3190,15,0.20053181,0.0001069
3191,15,0.21919620,0.0001069
3192,15,0.19496509,0.0001069
3193,15,0.22245644,0.000107
3194,15,0.23417470,0.000107
3195,15,0.22294828,0.000107
3196,15,0.21475087,0.0001071
3197,15,0.22315139,0.0001071
3198,15,0.22630148,0.0001071
3199,15,0.22003388,0.0001072
3200,15,0.22295415,0.0001072
3201,15,0.20152339,0.0001072
3202,15,0.20809710,0.0001073
3203,15,0.20255229,0.0001073
3204,15,0.18464212,0.0001073
3205,15,0.24095264,0.0001074
3206,15,0.26155990,0.0001074
3207,15,0.19695231,0.0001074
3208,15,0.17337447,0.0001075
3209,15,0.22372496,0.0001075
3210,15,0.23804371,0.0001075
3211,15,0.20350067,0.0001076
3212,15,0.19481227,0.0001076
3213,15,0.24416366,0.0001076
3214,15,0.22557789,0.0001077
3215,15,0.20616417,0.0001077
3216,15,0.22289026,0.0001077
3217,15,0.25054869,0.0001078
3218,15,0.23133481,0.0001078
3219,15,0.16374367,0.0001078
3220,15,0.18233714,0.0001079
3221,15,0.18751466,0.0001079
3222,15,0.19952127,0.0001079
3223,15,0.21322469,0.000108
3224,15,0.20810759,0.000108
3225,15,0.21350513,0.000108
3226,15,0.17887196,0.0001081
3227,15,0.23386860,0.0001081
3228,15,0.21641336,0.0001081
3229,15,0.19364691,0.0001082
3230,15,0.23666021,0.0001082
3231,15,0.20515744,0.0001082
3232,15,0.19236718,0.0001083
3233,15,0.17899376,0.0001083
3234,15,0.16550469,0.0001083
3235,15,0.17437522,0.0001084
3236,15,0.20776920,0.0001084
3237,15,0.20072578,0.0001084
3238,15,0.21267569,0.0001085
3239,15,0.21033761,0.0001085
3240,15,0.20876431,0.0001085
3241,15,0.18480103,0.0001086
3242,15,0.16308108,0.0001086
3243,15,0.17758411,0.0001086
3244,15,0.24529593,0.0001087
3245,15,0.17345731,0.0001087
3246,15,0.21173267,0.0001087
3247,15,0.19393253,0.0001088
3248,15,0.21253586,0.0001088
3249,15,0.20833038,0.0001088
3250,15,0.18515997,0.0001089
3251,15,0.16929792,0.0001089
3252,15,0.18939742,0.0001089
3253,15,0.18957596,0.000109
3254,15,0.21502906,0.000109
3255,15,0.25120211,0.000109
3256,15,0.23972246,0.0001091
3257,15,0.22083065,0.0001091
3258,15,0.19277370,0.0001091
3259,15,0.21583098,0.0001092
3260,15,0.20298266,0.0001092
3261,15,0.24031393,0.0001092
3262,15,0.19708513,0.0001093
3263,15,0.21722147,0.0001093
3264,15,0.21359532,0.0001093
3265,15,0.18222307,0.0001094
3266,15,0.20417568,0.0001094
3267,15,0.21452677,0.0001094
3268,15,0.21874212,0.0001095
3269,15,0.23538420,0.0001095
3270,15,0.19941303,0.0001095
3271,15,0.24577630,0.0001096
3272,15,0.17741013,0.0001096
3273,15,0.18214524,0.0001096
3274,15,0.22549275,0.0001097
3275,15,0.19805482,0.0001097
3276,15,0.23347259,0.0001097
3277,15,0.18703684,0.0001098
3278,15,0.21928720,0.0001098
3279,15,0.19089238,0.0001098
3280,15,0.17038369,0.0001099
3281,15,0.21596915,0.0001099
3282,15,0.21083328,0.0001099
3283,15,0.20631979,0.00011
3284,15,0.18642627,0.00011
3285,15,0.17335644,0.00011
3286,15,0.21029811,0.0001101
3287,15,0.16417360,0.0001101
3288,15,0.22550564,0.0001101
3289,15,0.16330326,0.0001102
3290,15,0.18088409,0.0001102
3291,15,0.17637250,0.0001102
3292,15,0.19105005,0.0001103
3293,15,0.24015711,0.0001103
3294,15,0.21276347,0.0001103
3295,15,0.20287101,0.0001104
3296,15,0.22578570,0.0001104
3297,15,0.21685354,0.0001104
3298,15,0.21439776,0.0001105
3299,15,0.22246838,0.0001105
3300,15,0.20500945,0.0001105
3301,15,0.23154776,0.0001106
3302,15,0.20197269,0.0001106
3303,15,0.18996680,0.0001106
3304,15,0.20790140,0.0001107
3305,15,0.22092383,0.0001107
3306,15,0.18770300,0.0001107
3307,15,0.21022305,0.0001108
3308,15,0.19773141,0.0001108
3309,15,0.17170857,0.0001108
3310,15,0.21915725,0.0001109
3311,15,0.22378170,0.0001109
3312,15,0.19616966,0.0001109
3313,15,0.19920425,0.000111
3314,15,0.20733199,0.000111
3315,15,0.18592051,0.000111
3316,15,0.20722690,0.0001111
3317,15,0.24778305,0.0001111
3318,15,0.21636371,0.0001111
3319,15,0.23949884,0.0001112
3320,15,0.23357491,0.0001112
3321,15,0.21313238,0.0001112
3322,15,0.25247452,0.0001113
3323,15,0.22465014,0.0001113
3324,15,0.20757732,0.0001113
3325,15,0.21028256,0.0001114
3326,15,0.28442651,0.0001114
3327,15,0.24601158,0.0001114
3328,15,0.24641393,0.0001115
3329,15,0.22305058,0.0001115
3330,15,0.22429173,0.0001115
3331,15,0.20970690,0.0001116
3332,15,0.22165827,0.0001116
3333,15,0.18571994,0.0001116
3334,15,0.22545347,0.0001117
3335,15,0.18874012,0.0001117
3336,15,0.23271561,0.0001117
3337,15,0.22529888,0.0001118
3338,15,0.21718064,0.0001118
3339,15,0.24561748,0.0001118
3340,15,0.19650432,0.0001119
3341,15,0.22053134,0.0001119
3342,15,0.22851539,0.0001119
3343,15,0.20132491,0.000112
3344,15,0.18331289,0.000112
3345,15,0.18160844,0.000112
3346,15,0.20321956,0.0001121
3347,15,0.20178112,0.0001121
3348,15,0.22827300,0.0001121
3349,15,0.19979875,0.0001122
3350,15,0.24222672,0.0001122
3351,15,0.21991068,0.0001122
3352,15,0.20043223,0.0001123
3353,15,0.19037905,0.0001123
3354,15,0.23364455,0.0001123
3355,15,0.21698177,0.0001124
3356,15,0.22917935,0.0001124
3357,15,0.19170260,0.0001124
3358,15,0.19345209,0.0001125
3359,15,0.21018541,0.0001125
3360,15,0.24846229,0.0001126
3361,16,0.19646072,0.0001126
3362,16,0.23489331,0.0001126
3363,16,0.20765492,0.0001127
3364,16,0.23830383,0.0001127
3365,16,0.17833364,0.0001127
3366,16,0.19905178,0.0001128
3367,16,0.20181450,0.0001128
3368,16,0.21936095,0.0001128
3369,16,0.19073409,0.0001129
3370,16,0.20759474,0.0001129
3371,16,0.22037093,0.0001129
3372,16,0.18367836,0.000113
3373,16,0.20237349,0.000113
3374,16,0.19493859,0.000113
3375,16,0.22423479,0.0001131
3376,16,0.19458126,0.0001131
3377,16,0.19973294,0.0001131
3378,16,0.19480249,0.0001132
3379,16,0.21393111,0.0001132
3380,16,0.18214339,0.0001132
3381,16,0.19972889,0.0001133
3382,16,0.21860817,0.0001133
3383,16,0.23457965,0.0001133
3384,16,0.19436860,0.0001134
3385,16,0.28206068,0.0001134
3386,16,0.19158345,0.0001134
3387,16,0.20567219,0.0001135
3388,16,0.26042861,0.0001135
3389,16,0.21464162,0.0001135
3390,16,0.19685087,0.0001136
3391,16,0.18744501,0.0001136
3392,16,0.15357324,0.0001136
3393,16,0.25532052,0.0001137
3394,16,0.21085802,0.0001137
3395,16,0.18832724,0.0001137
3396,16,0.19400494,0.0001138
3397,16,0.22297749,0.0001138
3398,16,0.14133850,0.0001138
3399,16,0.19596714,0.0001139
3400,16,0.15993111,0.0001139
3401,16,0.19610569,0.0001139
3402,16,0.18006341,0.000114
3403,16,0.19390699,0.000114
3404,16,0.19779371,0.000114
3405,16,0.20806114,0.0001141
3406,16,0.24322516,0.0001141
3407,16,0.20434904,0.0001141
3408,16,0.17366354,0.0001142
3409,16,0.22738366,0.0001142
3410,16,0.21764544,0.0001142
3411,16,0.18424541,0.0001143
3412,16,0.19492337,0.0001143
3413,16,0.18551323,0.0001143
3414,16,0.19046175,0.0001144
3415,16,0.18590550,0.0001144
3416,16,0.20556991,0.0001144
3417,16,0.20637320,0.0001145
3418,16,0.17448096,0.0001145
3419,16,0.22383901,0.0001145
3420,16,0.18855235,0.0001146
3421,16,0.17890748,0.0001146
3422,16,0.19532900,0.0001146
3423,16,0.20738481,0.0001147
3424,16,0.17803845,0.0001147
3425,16,0.20726430,0.0001147
3426,16,0.19247508,0.0001148
3427,16,0.17544946,0.0001148
3428,16,0.20523360,0.0001148
3429,16,0.17241989,0.0001149
3430,16,0.21578118,0.0001149
3431,16,0.25771794,0.0001149
3432,16,0.27341193,0.000115
3433,16,0.17970628,0.000115
3434,16,0.16852844,0.000115
3435,16,0.19733334,0.0001151
3436,16,0.19126610,0.0001151
3437,16,0.17869914,0.0001151
3438,16,0.21366458,0.0001152
3439,16,0.17195861,0.0001152
3440,16,0.16654328,0.0001152
3441,16,0.20320652,0.0001153
3442,16,0.17849390,0.0001153
3443,16,0.19972830,0.0001153
3444,16,0.19892117,0.0001154
3445,16,0.19450426,0.0001154
3446,16,0.18371570,0.0001154
3447,16,0.19318049,0.0001155
3448,16,0.20948562,0.0001155
3449,16,0.19077544,0.0001155
3450,16,0.19779369,0.0001156
3451,16,0.21670666,0.0001156
3452,16,0.19382302,0.0001156
3453,16,0.15157151,0.0001157
3454,16,0.16779713,0.0001157
3455,16,0.24018919,0.0001157
3456,16,0.20422892,0.0001158
3457,16,0.21478984,0.0001158
3458,16,0.20843261,0.0001158
3459,16,0.19725780,0.0001159
3460,16,0.23177783,0.0001159
3461,16,0.21032295,0.0001159
3462,16,0.22477011,0.000116
3463,16,0.22885261,0.000116
3464,16,0.20891593,0.000116
3465,16,0.17254373,0.0001161
3466,16,0.20473149,0.0001161
3467,16,0.21145712,0.0001161
3468,16,0.21618202,0.0001162
3469,16,0.24935931,0.0001162
3470,16,0.26442960,0.0001162
3471,16,0.22398949,0.0001163
3472,16,0.19032514,0.0001163
3473,16,0.15812463,0.0001163
3474,16,0.19469635,0.0001164
3475,16,0.17773330,0.0001164
3476,16,0.23263800,0.0001164
3477,16,0.18788555,0.0001165
3478,16,0.21879444,0.0001165
3479,16,0.19451222,0.0001165
3480,16,0.22347891,0.0001166
3481,16,0.19192502,0.0001166
3482,16,0.23063633,0.0001166
3483,16,0.18274394,0.0001167
3484,16,0.23566745,0.0001167
3485,16,0.21158111,0.0001167
3486,16,0.19147412,0.0001168
3487,16,0.21851051,0.0001168
3488,16,0.15656163,0.0001168
3489,16,0.21443793,0.0001169
3490,16,0.16109706,0.0001169
3491,16,0.22366756,0.0001169
3492,16,0.20597389,0.000117
3493,16,0.17620002,0.000117
3494,16,0.24300757,0.000117
3495,16,0.19358432,0.0001171
3496,16,0.22220862,0.0001171
3497,16,0.23105942,0.0001171
3498,16,0.19125950,0.0001172
3499,16,0.22087191,0.0001172
3500,16,0.21840319,0.0001172
3501,16,0.25622857,0.0001173
3502,16,0.22585571,0.0001173
3503,16,0.27849814,0.0001173
3504,16,0.25786301,0.0001174
3505,16,0.18465559,0.0001174
3506,16,0.18657783,0.0001174
3507,16,0.19350712,0.0001175
3508,16,0.20821837,0.0001175
3509,16,0.18463145,0.0001175
3510,16,0.19850704,0.0001176
3511,16,0.22131936,0.0001176
3512,16,0.18585406,0.0001176
3513,16,0.22145778,0.0001177
3514,16,0.22405547,0.0001177
3515,16,0.17709713,0.0001177
3516,16,0.22644453,0.0001178
3517,16,0.18211548,0.0001178
3518,16,0.21582109,0.0001178
3519,16,0.20214944,0.0001179
3520,16,0.22004613,0.0001179
3521,16,0.20362952,0.0001179
3522,16,0.18461381,0.000118
3523,16,0.20603780,0.000118
3524,16,0.18287174,0.000118
3525,16,0.21190815,0.0001181
3526,16,0.21637926,0.0001181
3527,16,0.20067148,0.0001181
3528,16,0.18346886,0.0001182
3529,16,0.23113692,0.0001182
3530,16,0.18656531,0.0001182
3531,16,0.19666624,0.0001183
3532,16,0.19003141,0.0001183
3533,16,0.21704558,0.0001183
3534,16,0.20143799,0.0001184
3535,16,0.21602014,0.0001184
3536,16,0.17010699,0.0001184
3537,16,0.21878049,0.0001185
3538,16,0.20429063,0.0001185
3539,16,0.23358504,0.0001185
3540,16,0.20454304,0.0001186
3541,16,0.17337720,0.0001186
3542,16,0.18426552,0.0001186
3543,16,0.21525805,0.0001187
3544,16,0.19403861,0.0001187
3545,16,0.24760458,0.0001187
3546,16,0.19543795,0.0001188
3547,16,0.18435220,0.0001188
3548,16,0.19971535,0.0001188
3549,16,0.17640966,0.0001189
3550,16,0.21438079,0.0001189
3551,16,0.21284059,0.0001189
3552,16,0.22532415,0.000119
3553,16,0.22346735,0.000119
3554,16,0.19475257,0.000119
3555,16,0.17744666,0.0001191
3556,16,0.20206091,0.0001191
3557,16,0.22948062,0.0001191
3558,16,0.16518533,0.0001192
3559,16,0.19248526,0.0001192
3560,16,0.22612622,0.0001192
3561,16,0.17307489,0.0001193
3562,16,0.18632536,0.0001193
3563,16,0.17435053,0.0001193
3564,16,0.19521801,0.0001194
3565,16,0.19433272,0.0001194
3566,16,0.16677353,0.0001194
3567,16,0.23537406,0.0001195
3568,16,0.19578382,0.0001195
3569,16,0.21885471,0.0001195
3570,16,0.21024323,0.0001196
3571,16,0.22067618,0.0001196
3572,16,0.17681603,0.0001196
3573,16,0.18041670,0.0001197
3574,16,0.16809520,0.0001197
3575,16,0.20079336,0.0001197
3576,16,0.21896248,0.0001198
3577,16,0.17924187,0.0001198
3578,16,0.17606513,0.0001198
3579,16,0.22857146,0.0001199
3580,16,0.21418671,0.0001199
3581,16,0.20300183,0.0001199
3582,16,0.21397254,0.00012
3583,16,0.22722289,0.00012
3584,16,0.18028247,0.0001201
3585,17,0.22218990,0.0001201
3586,17,0.19273064,0.0001201
3587,17,0.19751662,0.0001202
3588,17,0.17434572,0.0001202
3589,17,0.15714246,0.0001202
3590,17,0.22661102,0.0001203
3591,17,0.19356352,0.0001203
3592,17,0.21901929,0.0001203
3593,17,0.17248020,0.0001204
3594,17,0.20800953,0.0001204
3595,17,0.22768724,0.0001204
3596,17,0.18480103,0.0001205
3597,17,0.19170833,0.0001205
3598,17,0.18752098,0.0001205
3599,17,0.21473011,0.0001206
3600,17,0.17927866,0.0001206
3601,17,0.20711057,0.0001206
3602,17,0.19905904,0.0001207
3603,17,0.19081464,0.0001207
3604,17,0.17919254,0.0001207
3605,17,0.18248603,0.0001208
3606,17,0.17063057,0.0001208
3607,17,0.22400022,0.0001208
3608,17,0.20905626,0.0001209
3609,17,0.20423333,0.0001209
3610,17,0.19745199,0.0001209
3611,17,0.17303607,0.000121
3612,17,0.19470668,0.000121
3613,17,0.22789916,0.000121
3614,17,0.16714334,0.0001211
3615,17,0.21199314,0.0001211
3616,17,0.18440923,0.0001211
3617,17,0.20212257,0.0001212
3618,17,0.24169847,0.0001212
3619,17,0.21559201,0.0001212
3620,17,0.20011604,0.0001213
3621,17,0.23168617,0.0001213
3622,17,0.21142364,0.0001213
3623,17,0.22184078,0.0001214
3624,17,0.17426988,0.0001214
3625,17,0.16950892,0.0001214
3626,17,0.18292312,0.0001215
3627,17,0.22505176,0.0001215
3628,17,0.21463118,0.0001215
3629,17,0.20458405,0.0001216
3630,17,0.22560713,0.0001216
3631,17,0.17951089,0.0001216
3632,17,0.20887171,0.0001217
3633,17,0.23952881,0.0001217
3634,17,0.17941658,0.0001217
3635,17,0.23400435,0.0001218
3636,17,0.21228115,0.0001218
3637,17,0.20433371,0.0001218
3638,17,0.19519353,0.0001219
3639,17,0.18796913,0.0001219
3640,17,0.23548590,0.0001219
3641,17,0.20559417,0.000122
3642,17,0.20604561,0.000122
3643,17,0.17726475,0.000122
3644,17,0.19426155,0.0001221
3645,17,0.17125168,0.0001221
3646,17,0.23208801,0.0001221
3647,17,0.16232352,0.0001222
3648,17,0.21205494,0.0001222
3649,17,0.21198162,0.0001222
3650,17,0.21021126,0.0001223
3651,17,0.20204620,0.0001223
3652,17,0.18839145,0.0001223
3653,17,0.17603135,0.0001224
3654,17,0.21102360,0.0001224
3655,17,0.18068576,0.0001224
3656,17,0.16895947,0.0001225
3657,17,0.17315373,0.0001225
3658,17,0.19640724,0.0001225
3659,17,0.23924038,0.0001226
3660,17,0.19293885,0.0001226
3661,17,0.21132702,0.0001226
3662,17,0.21808097,0.0001227
3663,17,0.20906949,0.0001227
3664,17,0.19803128,0.0001227
3665,17,0.18633592,0.0001228
3666,17,0.17244864,0.0001228
3667,17,0.15323877,0.0001228
3668,17,0.17693309,0.0001229
3669,17,0.20558536,0.0001229
3670,17,0.18366286,0.0001229
3671,17,0.17938446,0.000123
3672,17,0.20032857,0.000123
3673,17,0.18055205,0.000123
3674,17,0.18183029,0.0001231
3675,17,0.19320458,0.0001231
3676,17,0.20233433,0.0001231
3677,17,0.21626508,0.0001232
3678,17,0.18605328,0.0001232
3679,17,0.18450761,0.0001232
3680,17,0.25595531,0.0001233
3681,17,0.19471638,0.0001233
3682,17,0.17829478,0.0001233
3683,17,0.20273995,0.0001234
3684,17,0.20809573,0.0001234
3685,17,0.17886285,0.0001234
3686,17,0.17292458,0.0001235
3687,17,0.19769153,0.0001235
3688,17,0.17628716,0.0001235
3689,17,0.16422245,0.0001236
3690,17,0.19961777,0.0001236
3691,17,0.17032915,0.0001236
3692,17,0.18870789,0.0001237
3693,17,0.21032307,0.0001237
3694,17,0.19363527,0.0001237
3695,17,0.17692444,0.0001238
3696,17,0.20230076,0.0001238
3697,17,0.21780553,0.0001238
3698,17,0.19425979,0.0001239
3699,17,0.20521480,0.0001239
3700,17,0.21120612,0.0001239
3701,17,0.20905825,0.000124
3702,17,0.17512929,0.000124
3703,17,0.17022038,0.000124
3704,17,0.19823417,0.0001241
3705,17,0.19034199,0.0001241
3706,17,0.23077200,0.0001241
3707,17,0.23149070,0.0001242
3708,17,0.16350362,0.0001242
3709,17,0.16917267,0.0001242
3710,17,0.19460568,0.0001243
3711,17,0.18925810,0.0001243
3712,17,0.20797561,0.0001243
3713,17,0.20084715,0.0001244
3714,17,0.16887712,0.0001244
3715,17,0.18961722,0.0001244
3716,17,0.15253417,0.0001245
3717,17,0.16654721,0.0001245
3718,17,0.22861299,0.0001245
3719,17,0.18009405,0.0001246
3720,17,0.20997888,0.0001246
3721,17,0.18171601,0.0001246
3722,17,0.17453389,0.0001247
3723,17,0.23869675,0.0001247
3724,17,0.20087454,0.0001247
3725,17,0.19409589,0.0001248
3726,17,0.20054305,0.0001248
3727,17,0.18251508,0.0001248
3728,17,0.22554199,0.0001249
3729,17,0.20948705,0.0001249
3730,17,0.16665353,0.0001249
3731,17,0.23351988,0.000125
3732,17,0.25157675,0.000125
3733,17,0.18511614,0.000125
3734,17,0.18799874,0.0001251
3735,17,0.22646236,0.0001251
3736,17,0.16120526,0.0001251
3737,17,0.17400515,0.0001252
3738,17,0.18598220,0.0001252
3739,17,0.21214657,0.0001252
3740,17,0.22612703,0.0001253
3741,17,0.20429930,0.0001253
3742,17,0.17196970,0.0001253
3743,17,0.21364918,0.0001254
3744,17,0.20118253,0.0001254
3745,17,0.19019946,0.0001254
3746,17,0.18927020,0.0001255
3747,17,0.21564326,0.0001255
3748,17,0.19707003,0.0001255
3749,17,0.17777747,0.0001256
3750,17,0.20196669,0.0001256
3751,17,0.20071754,0.0001256
3752,17,0.19927630,0.0001257
3753,17,0.17215827,0.0001257
3754,17,0.20598435,0.0001257
3755,17,0.17747912,0.0001258
3756,17,0.18632528,0.0001258
3757,17,0.21153378,0.0001258
3758,17,0.15480506,0.0001259
3759,17,0.17492525,0.0001259
3760,17,0.22131202,0.0001259
3761,17,0.19172268,0.000126
3762,17,0.18974993,0.000126
3763,17,0.23821163,0.000126
3764,17,0.18798821,0.0001261
3765,17,0.20843107,0.0001261
3766,17,0.19678567,0.0001261
3767,17,0.15360793,0.0001262
3768,17,0.19336489,0.0001262
3769,17,0.21338546,0.0001262
3770,17,0.17354958,0.0001263
3771,17,0.21909618,0.0001263
3772,17,0.18442556,0.0001263
3773,17,0.20045626,0.0001264
3774,17,0.18875277,0.0001264
3775,17,0.18390417,0.0001264
3776,17,0.17198628,0.0001265
3777,17,0.16652387,0.0001265
3778,17,0.22035113,0.0001265
3779,17,0.19996083,0.0001266
3780,17,0.15736508,0.0001266
3781,17,0.20817523,0.0001266
3782,17,0.18943326,0.0001267
3783,17,0.16018254,0.0001267
3784,17,0.20296006,0.0001267
3785,17,0.16334602,0.0001268
3786,17,0.17479466,0.0001268
3787,17,0.19693355,0.0001268
3788,17,0.17982209,0.0001269
3789,17,0.19205368,0.0001269
3790,17,0.21024458,0.0001269
3791,17,0.19354948,0.000127
3792,17,0.19209778,0.000127
3793,17,0.17064703,0.000127
3794,17,0.23330200,0.0001271
3795,17,0.18340276,0.0001271
3796,17,0.22624910,0.0001271
3797,17,0.16794214,0.0001272
3798,17,0.21127802,0.0001272
3799,17,0.18517151,0.0001272
3800,17,0.17580053,0.0001273
3801,17,0.22163364,0.0001273
3802,17,0.18712215,0.0001273
3803,17,0.23390865,0.0001274
3804,17,0.19668679,0.0001274
3805,17,0.16776854,0.0001274
3806,17,0.17651372,0.0001275
3807,17,0.19454035,0.0001275
3808,17,0.19307296,0.0001276
3809,18,0.26094127,0.0001276
3810,18,0.19898090,0.0001276
3811,18,0.18678215,0.0001277
3812,18,0.18585289,0.0001277
3813,18,0.19672015,0.0001277
3814,18,0.19635789,0.0001278
3815,18,0.18838458,0.0001278
3816,18,0.15660183,0.0001278
3817,18,0.18174368,0.0001279
3818,18,0.22106957,0.0001279
3819,18,0.18657780,0.0001279
3820,18,0.24219780,0.000128
3821,18,0.19846587,0.000128
3822,18,0.19484326,0.000128
3823,18,0.18334085,0.0001281
3824,18,0.17178500,0.0001281
3825,18,0.22852057,0.0001281
3826,18,0.20416608,0.0001282
3827,18,0.19358593,0.0001282
3828,18,0.18654524,0.0001282
3829,18,0.20535696,0.0001283
3830,18,0.18088590,0.0001283
3831,18,0.19085717,0.0001283
3832,18,0.19042747,0.0001284
3833,18,0.24812850,0.0001284
3834,18,0.18113509,0.0001284
3835,18,0.16681921,0.0001285
3836,18,0.20480339,0.0001285
3837,18,0.21643046,0.0001285
3838,18,0.15311436,0.0001286
3839,18,0.15790710,0.0001286
3840,18,0.21472089,0.0001286
3841,18,0.21141392,0.0001287
3842,18,0.21051542,0.0001287
3843,18,0.23572564,0.0001287
3844,18,0.22691588,0.0001288
3845,18,0.16239697,0.0001288
3846,18,0.18322176,0.0001288
3847,18,0.20513773,0.0001289
3848,18,0.21564279,0.0001289
3849,18,0.17686281,0.0001289
3850,18,0.16989426,0.000129
3851,18,0.22662032,0.000129
3852,18,0.16045310,0.000129
3853,18,0.16275068,0.0001291
3854,18,0.20412533,0.0001291
3855,18,0.15462491,0.0001291
3856,18,0.19915919,0.0001292
3857,18,0.18896668,0.0001292
3858,18,0.19406281,0.0001292
3859,18,0.19319400,0.0001293
3860,18,0.22272085,0.0001293
3861,18,0.18841818,0.0001293
3862,18,0.20500343,0.0001294
3863,18,0.19899867,0.0001294
3864,18,0.20212755,0.0001294
3865,18,0.17759149,0.0001295
3866,18,0.17567813,0.0001295
3867,18,0.17856412,0.0001295
3868,18,0.21354106,0.0001296
3869,18,0.15386093,0.0001296
3870,18,0.19517124,0.0001296
3871,18,0.21193945,0.0001297
3872,18,0.24821787,0.0001297
3873,18,0.20802824,0.0001297
3874,18,0.19028936,0.0001298
3875,18,0.17898016,0.0001298
3876,18,0.22467469,0.0001298
3877,18,0.15645130,0.0001299
3878,18,0.18499908,0.0001299
3879,18,0.19897389,0.0001299
3880,18,0.19540116,0.00013
3881,18,0.18620345,0.00013
3882,18,0.19506858,0.00013
3883,18,0.17282486,0.0001301
3884,18,0.22342406,0.0001301
3885,18,0.18222222,0.0001301
3886,18,0.18365519,0.0001302
3887,18,0.17648618,0.0001302
3888,18,0.19891775,0.0001302
3889,18,0.22102813,0.0001303
3890,18,0.21857077,0.0001303
3891,18,0.20416626,0.0001303
3892,18,0.19463733,0.0001304
3893,18,0.18209487,0.0001304
3894,18,0.15460035,0.0001304
3895,18,0.18366443,0.0001305
3896,18,0.17739463,0.0001305
3897,18,0.18502381,0.0001305
3898,18,0.18578421,0.0001306
3899,18,0.19248669,0.0001306
3900,18,0.17539573,0.0001306
3901,18,0.15683246,0.0001307
3902,18,0.20788336,0.0001307
3903,18,0.20654425,0.0001307
3904,18,0.21930778,0.0001308
3905,18,0.18242590,0.0001308
3906,18,0.18776715,0.0001308
3907,18,0.19278923,0.0001309
3908,18,0.19825570,0.0001309
3909,18,0.18066935,0.0001309
3910,18,0.18641716,0.000131
3911,18,0.21070120,0.000131
3912,18,0.18765658,0.000131
3913,18,0.16013566,0.0001311
3914,18,0.20152703,0.0001311
3915,18,0.18316931,0.0001311
3916,18,0.22014990,0.0001312
3917,18,0.20502238,0.0001312
3918,18,0.23979776,0.0001312
3919,18,0.19845885,0.0001313
3920,18,0.21355283,0.0001313
3921,18,0.19094145,0.0001313
3922,18,0.15360795,0.0001314
3923,18,0.17247562,0.0001314
3924,18,0.20724070,0.0001314
3925,18,0.19813143,0.0001315
3926,18,0.18742476,0.0001315
3927,18,0.18662302,0.0001315
3928,18,0.17302215,0.0001316
3929,18,0.19403943,0.0001316
3930,18,0.20068567,0.0001316
3931,18,0.19706784,0.0001317
3932,18,0.18695156,0.0001317
3933,18,0.18551110,0.0001317
3934,18,0.17172739,0.0001318
3935,18,0.15968157,0.0001318
3936,18,0.17448229,0.0001318
3937,18,0.16759621,0.0001319
3938,18,0.18399426,0.0001319
3939,18,0.19617057,0.0001319
3940,18,0.19754623,0.000132
3941,18,0.22125368,0.000132
3942,18,0.21139054,0.000132
3943,18,0.19449346,0.0001321
3944,18,0.17658786,0.0001321
3945,18,0.20086293,0.0001321
3946,18,0.20391929,0.0001322
3947,18,0.19464266,0.0001322
3948,18,0.18387988,0.0001322
3949,18,0.18176717,0.0001323
3950,18,0.23874116,0.0001323
3951,18,0.19505769,0.0001323
3952,18,0.19621609,0.0001324
3953,18,0.17790136,0.0001324
3954,18,0.22056568,0.0001324
3955,18,0.21062419,0.0001325
3956,18,0.18579066,0.0001325
3957,18,0.18643236,0.0001325
3958,18,0.17975084,0.0001326
3959,18,0.20081346,0.0001326
3960,18,0.19299524,0.0001326
3961,18,0.18847737,0.0001327
3962,18,0.22128271,0.0001327
3963,18,0.19293146,0.0001327
3964,18,0.17043476,0.0001328
3965,18,0.19010186,0.0001328
3966,18,0.18980341,0.0001328
3967,18,0.20571987,0.0001329
3968,18,0.23546445,0.0001329
3969,18,0.18851356,0.0001329
3970,18,0.17671561,0.000133
3971,18,0.16964093,0.000133
3972,18,0.16041037,0.000133
3973,18,0.16108188,0.0001331
3974,18,0.17852756,0.0001331
3975,18,0.20547232,0.0001331
3976,18,0.18474129,0.0001332
3977,18,0.20671141,0.0001332
3978,18,0.19418177,0.0001332
3979,18,0.20876949,0.0001333
3980,18,0.20833084,0.0001333
3981,18,0.23428270,0.0001333
3982,18,0.16647676,0.0001334
3983,18,0.16202736,0.0001334
3984,18,0.18005991,0.0001334
3985,18,0.20623517,0.0001335
3986,18,0.19970712,0.0001335
3987,18,0.16748416,0.0001335
3988,18,0.18501669,0.0001336
3989,18,0.22949962,0.0001336
3990,18,0.15813833,0.0001336
3991,18,0.24341016,0.0001337
3992,18,0.21168318,0.0001337
3993,18,0.17538987,0.0001337
3994,18,0.19514827,0.0001338
3995,18,0.20286199,0.0001338
3996,18,0.22197269,0.0001338
3997,18,0.21411592,0.0001339
3998,18,0.17507689,0.0001339
3999,18,0.16079798,0.0001339
4000,18,0.17999879,0.000134
4001,18,0.17940709,0.000134
4002,18,0.21827075,0.000134
4003,18,0.16255009,0.0001341
4004,18,0.16077638,0.0001341
4005,18,0.20070443,0.0001341
4006,18,0.17402610,0.0001342
4007,18,0.19258867,0.0001342
4008,18,0.18213420,0.0001342
4009,18,0.19499086,0.0001343
4010,18,0.19010976,0.0001343
4011,18,0.23607290,0.0001343
4012,18,0.16443478,0.0001344
4013,18,0.18841538,0.0001344
4014,18,0.19180807,0.0001344
4015,18,0.17304865,0.0001345
4016,18,0.18655837,0.0001345
4017,18,0.17918396,0.0001345
4018,18,0.24175034,0.0001346
4019,18,0.18488693,0.0001346
4020,18,0.24133037,0.0001346
4021,18,0.21171081,0.0001347
4022,18,0.21890327,0.0001347
4023,18,0.18125932,0.0001347
4024,18,0.21829757,0.0001348
4025,18,0.21627150,0.0001348
4026,18,0.16048133,0.0001348
4027,18,0.21235165,0.0001349
4028,18,0.20671797,0.0001349
4029,18,0.20107411,0.0001349
4030,18,0.18369751,0.000135
4031,18,0.22958206,0.000135
4032,18,0.20966265,0.0001351
4033,19,0.20761812,0.0001351
4034,19,0.18394297,0.0001351
4035,19,0.19709985,0.0001352
4036,19,0.15620396,0.0001352
4037,19,0.17836706,0.0001352
4038,19,0.14807765,0.0001353
4039,19,0.17058858,0.0001353
4040,19,0.22905628,0.0001353
4041,19,0.16505647,0.0001354
4042,19,0.18369541,0.0001354
4043,19,0.20328367,0.0001354
4044,19,0.23054850,0.0001355
4045,19,0.22341649,0.0001355
4046,19,0.24175912,0.0001355
4047,19,0.16967565,0.0001356
4048,19,0.17102151,0.0001356
4049,19,0.18694624,0.0001356
4050,19,0.17224601,0.0001357
4051,19,0.17768356,0.0001357
4052,19,0.19804239,0.0001357
4053,19,0.20360836,0.0001358
4054,19,0.20565170,0.0001358
4055,19,0.18767425,0.0001358
4056,19,0.18994385,0.0001359
4057,19,0.20827761,0.0001359
4058,19,0.20579922,0.0001359
4059,19,0.17386208,0.000136
4060,19,0.23595688,0.000136
4061,19,0.19074601,0.000136
4062,19,0.20069823,0.0001361
4063,19,0.18934903,0.0001361
4064,19,0.21006691,0.0001361
4065,19,0.24781144,0.0001362
4066,19,0.16178441,0.0001362
4067,19,0.15121356,0.0001362
4068,19,0.18845618,0.0001363
4069,19,0.20905447,0.0001363
4070,19,0.16372192,0.0001363
4071,19,0.16244251,0.0001364
4072,19,0.19554798,0.0001364
4073,19,0.17191109,0.0001364
4074,19,0.18225428,0.0001365
4075,19,0.17569166,0.0001365
4076,19,0.19389006,0.0001365
4077,19,0.18761711,0.0001366
4078,19,0.20756945,0.0001366
4079,19,0.18819968,0.0001366
4080,19,0.22769603,0.0001367
4081,19,0.18215317,0.0001367
4082,19,0.18275838,0.0001367
4083,19,0.19085750,0.0001368
4084,19,0.18907687,0.0001368
4085,19,0.22302231,0.0001368
4086,19,0.16667998,0.0001369
4087,19,0.19802213,0.0001369
4088,19,0.20685229,0.0001369
4089,19,0.18541197,0.000137
4090,19,0.18916196,0.000137
4091,19,0.19545285,0.000137
4092,19,0.17611873,0.0001371
4093,19,0.20773356,0.0001371
4094,19,0.16452776,0.0001371
4095,19,0.16859385,0.0001372
4096,19,0.16265625,0.0001372
4097,19,0.19580337,0.0001372
4098,19,0.19666217,0.0001373
4099,19,0.17498296,0.0001373
4100,19,0.18465410,0.0001373
4101,19,0.17953897,0.0001374
4102,19,0.19164579,0.0001374
4103,19,0.16530019,0.0001374
4104,19,0.18501231,0.0001375
4105,19,0.18389115,0.0001375
4106,19,0.19044241,0.0001375
4107,19,0.17986655,0.0001376
4108,19,0.21257108,0.0001376
4109,19,0.16992754,0.0001376
4110,19,0.15309423,0.0001377
4111,19,0.22752461,0.0001377
4112,19,0.20719962,0.0001377
4113,19,0.21120727,0.0001378
4114,19,0.21703443,0.0001378
4115,19,0.18980739,0.0001378
4116,19,0.17649738,0.0001379
4117,19,0.21951661,0.0001379
4118,19,0.16526504,0.0001379
4119,19,0.19490485,0.000138
4120,19,0.15829894,0.000138
4121,19,0.17780039,0.000138
4122,19,0.20551822,0.0001381
4123,19,0.24776870,0.0001381
4124,19,0.17414753,0.0001381
4125,19,0.21986681,0.0001382
4126,19,0.17685966,0.0001382
4127,19,0.20191762,0.0001382
4128,19,0.18289125,0.0001383
4129,19,0.16630311,0.0001383
4130,19,0.16583334,0.0001383
4131,19,0.17468898,0.0001384
4132,19,0.19293223,0.0001384
4133,19,0.19182265,0.0001384
4134,19,0.22402327,0.0001385
4135,19,0.20489711,0.0001385
4136,19,0.18765539,0.0001385
4137,19,0.20152925,0.0001386
4138,19,0.18776268,0.0001386
4139,19,0.22375420,0.0001386
4140,19,0.22131670,0.0001387
4141,19,0.21224466,0.0001387
4142,19,0.20795888,0.0001387
4143,19,0.18116783,0.0001388
4144,19,0.15813915,0.0001388
4145,19,0.24292457,0.0001388
4146,19,0.18937886,0.0001389
4147,19,0.20069689,0.0001389
4148,19,0.15624391,0.0001389
4149,19,0.21553379,0.000139
4150,19,0.19851343,0.000139
4151,19,0.23988454,0.000139
4152,19,0.17416027,0.0001391
4153,19,0.18605706,0.0001391
4154,19,0.22286868,0.0001391
4155,19,0.18040852,0.0001392
4156,19,0.18869250,0.0001392
4157,19,0.19220375,0.0001392
4158,19,0.18499456,0.0001393
4159,19,0.22237644,0.0001393
4160,19,0.20085649,0.0001393
4161,19,0.17717206,0.0001394
4162,19,0.19943456,0.0001394
4163,19,0.17160952,0.0001394
4164,19,0.18512845,0.0001395
4165,19,0.20001602,0.0001395
4166,19,0.16737199,0.0001395
4167,19,0.21314719,0.0001396
4168,19,0.20581989,0.0001396
4169,19,0.22905552,0.0001396
4170,19,0.20103845,0.0001397
4171,19,0.19641256,0.0001397
4172,19,0.14240003,0.0001397
4173,19,0.17058973,0.0001398
4174,19,0.19516850,0.0001398
4175,19,0.19017743,0.0001398
4176,19,0.16265012,0.0001399
4177,19,0.18349372,0.0001399
4178,19,0.21861959,0.0001399
4179,19,0.15920967,0.00014
4180,19,0.16398412,0.00014
4181,19,0.21486931,0.00014
4182,19,0.17974293,0.0001401
4183,19,0.21728747,0.0001401
4184,19,0.15444440,0.0001401
4185,19,0.16437714,0.0001402
4186,19,0.18230009,0.0001402
4187,19,0.18093865,0.0001402
4188,19,0.19918644,0.0001403
4189,19,0.18112051,0.0001403
4190,19,0.19105190,0.0001403
4191,19,0.22599551,0.0001404
4192,19,0.18917321,0.0001404
4193,19,0.19282196,0.0001404
4194,19,0.18084526,0.0001405
4195,19,0.18178964,0.0001405
4196,19,0.17881185,0.0001405
4197,19,0.17019972,0.0001406
4198,19,0.16217230,0.0001406
4199,19,0.18441854,0.0001406
4200,19,0.19641086,0.0001407
4201,19,0.17034605,0.0001407
4202,19,0.19833289,0.0001407
4203,19,0.17073140,0.0001408
4204,19,0.17573631,0.0001408
4205,19,0.19136152,0.0001408
4206,19,0.19443452,0.0001409
4207,19,0.18768910,0.0001409
4208,19,0.16725183,0.0001409
4209,19,0.18976220,0.000141
4210,19,0.21433501,0.000141
4211,19,0.19551542,0.000141
4212,19,0.17461586,0.0001411
4213,19,0.19260912,0.0001411
4214,19,0.19961879,0.0001411
4215,19,0.20241588,0.0001412
4216,19,0.18065676,0.0001412
4217,19,0.18913755,0.0001412
4218,19,0.20374779,0.0001413
4219,19,0.15584955,0.0001413
4220,19,0.15216231,0.0001413
4221,19,0.22148415,0.0001414
4222,19,0.16355364,0.0001414
4223,19,0.17477793,0.0001414
4224,19,0.17355666,0.0001415
4225,19,0.17205553,0.0001415
4226,19,0.16236955,0.0001415
4227,19,0.17897427,0.0001416
4228,19,0.17334227,0.0001416
4229,19,0.18047833,0.0001416
4230,19,0.18158075,0.0001417
4231,19,0.16063346,0.0001417
4232,19,0.19965570,0.0001417
4233,19,0.16135041,0.0001418
4234,19,0.20791584,0.0001418
4235,19,0.21929066,0.0001418
4236,19,0.17338054,0.0001419
4237,19,0.18439883,0.0001419
4238,19,0.17636856,0.0001419
4239,19,0.21532862,0.000142
4240,19,0.17715576,0.000142
4241,19,0.19672033,0.000142
4242,19,0.19292949,0.0001421
4243,19,0.20220226,0.0001421
4244,19,0.15918183,0.0001421
4245,19,0.22079167,0.0001422
4246,19,0.15812618,0.0001422
4247,19,0.17787421,0.0001422
4248,19,0.18233852,0.0001423
4249,19,0.19517533,0.0001423
4250,19,0.17144430,0.0001423
4251,19,0.18772106,0.0001424
4252,19,0.18155992,0.0001424
4253,19,0.17525879,0.0001424
4254,19,0.17173021,0.0001425
4255,19,0.20937452,0.0001425
4256,19,0.15690069,0.0001426
4257,20,0.18710868,0.0001426
4258,20,0.17465875,0.0001426
4259,20,0.20861404,0.0001427
4260,20,0.14483987,0.0001427
4261,20,0.16345158,0.0001427
4262,20,0.19113278,0.0001428
4263,20,0.18233380,0.0001428
4264,20,0.21676034,0.0001428
4265,20,0.25620484,0.0001429
4266,20,0.17211013,0.0001429
4267,20,0.19154124,0.0001429
4268,20,0.17705533,0.000143
4269,20,0.17124093,0.000143
4270,20,0.20194302,0.000143
4271,20,0.17073148,0.0001431
4272,20,0.16446303,0.0001431
4273,20,0.21188945,0.0001431
4274,20,0.16460690,0.0001432
4275,20,0.21006912,0.0001432
4276,20,0.16972201,0.0001432
4277,20,0.20878002,0.0001433
4278,20,0.16961502,0.0001433
4279,20,0.18964909,0.0001433
4280,20,0.20556121,0.0001434
4281,20,0.16537236,0.0001434
4282,20,0.14984606,0.0001434
4283,20,0.17585836,0.0001435
4284,20,0.16757131,0.0001435
4285,20,0.21663174,0.0001435
4286,20,0.17027476,0.0001436
4287,20,0.16887987,0.0001436
4288,20,0.15306732,0.0001436
4289,20,0.15187204,0.0001437
4290,20,0.19702810,0.0001437
4291,20,0.23922455,0.0001437
4292,20,0.20066939,0.0001438
4293,20,0.20554571,0.0001438
4294,20,0.19310746,0.0001438
4295,20,0.18619023,0.0001439
4296,20,0.15773211,0.0001439
4297,20,0.18381321,0.0001439
4298,20,0.15269312,0.000144
4299,20,0.20777392,0.000144
4300,20,0.17076837,0.000144
4301,20,0.18142007,0.0001441
4302,20,0.20017567,0.0001441
4303,20,0.18269163,0.0001441
4304,20,0.21356127,0.0001442
4305,20,0.19677585,0.0001442
4306,20,0.17021626,0.0001442
4307,20,0.19356054,0.0001443
4308,20,0.14891712,0.0001443
4309,20,0.17268960,0.0001443
4310,20,0.19658220,0.0001444
4311,20,0.22954927,0.0001444
4312,20,0.21296971,0.0001444
4313,20,0.17529953,0.0001445
4314,20,0.18914199,0.0001445
4315,20,0.16295205,0.0001445
4316,20,0.19124393,0.0001446
4317,20,0.21866998,0.0001446
4318,20,0.17738318,0.0001446
4319,20,0.21617077,0.0001447
4320,20,0.19313338,0.0001447
4321,20,0.17169075,0.0001447
4322,20,0.20542669,0.0001448
4323,20,0.22183150,0.0001448
4324,20,0.19504243,0.0001448
4325,20,0.16772264,0.0001449
4326,20,0.17431250,0.0001449
4327,20,0.20748898,0.0001449
4328,20,0.20330837,0.000145
4329,20,0.19243118,0.000145
4330,20,0.19087949,0.000145
4331,20,0.20018435,0.0001451
4332,20,0.18542144,0.0001451
4333,20,0.20545495,0.0001451
4334,20,0.19368351,0.0001452
4335,20,0.22872715,0.0001452
4336,20,0.18839046,0.0001452
4337,20,0.17268108,0.0001453
4338,20,0.19542539,0.0001453
4339,20,0.15482895,0.0001453
4340,20,0.16177808,0.0001454
4341,20,0.15414144,0.0001454
4342,20,0.19548810,0.0001454
4343,20,0.15457916,0.0001455
4344,20,0.23401585,0.0001455
4345,20,0.18816173,0.0001455
4346,20,0.26403612,0.0001456
4347,20,0.18393135,0.0001456
4348,20,0.17133239,0.0001456
4349,20,0.19528787,0.0001457
4350,20,0.17054150,0.0001457
4351,20,0.19581626,0.0001457
4352,20,0.22702764,0.0001458
4353,20,0.18347929,0.0001458
4354,20,0.16123018,0.0001458
4355,20,0.17943320,0.0001459
4356,20,0.17657427,0.0001459
4357,20,0.18128680,0.0001459
4358,20,0.22308040,0.000146
4359,20,0.17059855,0.000146
4360,20,0.19153285,0.000146
4361,20,0.17990236,0.0001461
4362,20,0.19025442,0.0001461
4363,20,0.16499674,0.0001461
4364,20,0.18531883,0.0001462
4365,20,0.12451237,0.0001462
4366,20,0.19946805,0.0001462
4367,20,0.16041537,0.0001463
4368,20,0.17143953,0.0001463
4369,20,0.22131848,0.0001463
4370,20,0.15594324,0.0001464
4371,20,0.18783814,0.0001464
4372,20,0.21949868,0.0001464
4373,20,0.16373387,0.0001465
4374,20,0.17276554,0.0001465
4375,20,0.19411241,0.0001465
4376,20,0.19457178,0.0001466
4377,20,0.21793422,0.0001466
4378,20,0.21523742,0.0001466
4379,20,0.20802501,0.0001467
4380,20,0.21598917,0.0001467
4381,20,0.20960757,0.0001467
4382,20,0.18918335,0.0001468
4383,20,0.19131409,0.0001468
4384,20,0.25416213,0.0001468
4385,20,0.21307153,0.0001469
4386,20,0.16786861,0.0001469
4387,20,0.17594063,0.0001469
4388,20,0.21353756,0.000147
4389,20,0.18416993,0.000147
4390,20,0.19082449,0.000147
4391,20,0.23472171,0.0001471
4392,20,0.19551799,0.0001471
4393,20,0.17717263,0.0001471
4394,20,0.17702043,0.0001472
4395,20,0.16457161,0.0001472
4396,20,0.18200046,0.0001472
4397,20,0.19417608,0.0001473
4398,20,0.20672260,0.0001473
4399,20,0.19396868,0.0001473
4400,20,0.20280568,0.0001474
4401,20,0.17950730,0.0001474
4402,20,0.22269544,0.0001474
4403,20,0.18525758,0.0001475
4404,20,0.18688291,0.0001475
4405,20,0.17310917,0.0001475
4406,20,0.16850683,0.0001476
4407,20,0.18088746,0.0001476
4408,20,0.18500826,0.0001476
4409,20,0.19794989,0.0001477
4410,20,0.15563333,0.0001477
4411,20,0.18170488,0.0001477
4412,20,0.20334814,0.0001478
4413,20,0.17384849,0.0001478
4414,20,0.17281270,0.0001478
4415,20,0.17220992,0.0001479
4416,20,0.15869188,0.0001479
4417,20,0.20436800,0.0001479
4418,20,0.21741407,0.000148
4419,20,0.16109109,0.000148
4420,20,0.15941685,0.000148
4421,20,0.17149997,0.0001481
4422,20,0.19001096,0.0001481
4423,20,0.14902484,0.0001481
4424,20,0.23428091,0.0001482
4425,20,0.17494301,0.0001482
4426,20,0.21155159,0.0001482
4427,20,0.17853853,0.0001483
4428,20,0.19706880,0.0001483
4429,20,0.17060661,0.0001483
4430,20,0.20342511,0.0001484
4431,20,0.18680458,0.0001484
4432,20,0.21243167,0.0001484
4433,20,0.16764596,0.0001485
4434,20,0.15526621,0.0001485
4435,20,0.20074880,0.0001485
4436,20,0.20057575,0.0001486
4437,20,0.19302940,0.0001486
4438,20,0.19647762,0.0001486
4439,20,0.24234085,0.0001487
4440,20,0.16278040,0.0001487
4441,20,0.18118128,0.0001487
4442,20,0.18999211,0.0001488
4443,20,0.18713365,0.0001488
4444,20,0.20383850,0.0001488
4445,20,0.16637650,0.0001489
4446,20,0.17530392,0.0001489
4447,20,0.20806739,0.0001489
4448,20,0.19503140,0.000149
4449,20,0.16937272,0.000149
4450,20,0.15779760,0.000149
4451,20,0.19755726,0.0001491
4452,20,0.18025151,0.0001491
4453,20,0.14721242,0.0001491
4454,20,0.17575973,0.0001492
4455,20,0.19076523,0.0001492
4456,20,0.19433956,0.0001492
4457,20,0.18914948,0.0001493
4458,20,0.21085612,0.0001493
4459,20,0.16538559,0.0001493
4460,20,0.22470240,0.0001494
4461,20,0.19232284,0.0001494
4462,20,0.16486298,0.0001494
4463,20,0.16201872,0.0001495
4464,20,0.13760173,0.0001495
4465,20,0.20042402,0.0001495
4466,20,0.17110381,0.0001496
4467,20,0.20497493,0.0001496
4468,20,0.19168286,0.0001496
4469,20,0.23409012,0.0001497
4470,20,0.16847706,0.0001497
4471,20,0.16059725,0.0001497
4472,20,0.15914294,0.0001498
4473,20,0.20981972,0.0001498
4474,20,0.21553552,0.0001498
4475,20,0.18562782,0.0001499
4476,20,0.17002200,0.0001499
4477,20,0.20155150,0.0001499
4478,20,0.20201272,0.00015
4479,20,0.16635732,0.00015
4480,20,0.16855103,0.0001501
4481,21,0.20037322,0.0001501
4482,21,0.19683960,0.0001501
4483,21,0.17194065,0.0001502
4484,21,0.18010512,0.0001502
4485,21,0.16706276,0.0001502
4486,21,0.16236088,0.0001503
4487,21,0.20201954,0.0001503
4488,21,0.19949663,0.0001503
4489,21,0.16553882,0.0001504
4490,21,0.21999264,0.0001504
4491,21,0.14957576,0.0001504
4492,21,0.23561446,0.0001505
4493,21,0.17475373,0.0001505
4494,21,0.20584862,0.0001505
4495,21,0.19199261,0.0001506
4496,21,0.19627574,0.0001506
4497,21,0.15364590,0.0001506
4498,21,0.15814954,0.0001507
4499,21,0.22941449,0.0001507
4500,21,0.20690940,0.0001507
4501,21,0.18460056,0.0001508
4502,21,0.19452791,0.0001508
4503,21,0.18811864,0.0001508
4504,21,0.16398755,0.0001509
4505,21,0.18611173,0.0001509
4506,21,0.18620417,0.0001509
4507,21,0.15397170,0.000151
4508,21,0.18696952,0.000151
4509,21,0.18081819,0.000151
4510,21,0.19904372,0.0001511
4511,21,0.20190120,0.0001511
4512,21,0.17425112,0.0001511
4513,21,0.19991192,0.0001512
4514,21,0.21933752,0.0001512
4515,21,0.15861706,0.0001512
4516,21,0.21212786,0.0001513
4517,21,0.18149048,0.0001513
4518,21,0.20242748,0.0001513
4519,21,0.17320058,0.0001514
4520,21,0.15910257,0.0001514
4521,21,0.20213059,0.0001514
4522,21,0.20834532,0.0001515
4523,21,0.18292576,0.0001515
4524,21,0.18786669,0.0001515
4525,21,0.24260025,0.0001516
4526,21,0.16366303,0.0001516
4527,21,0.19009475,0.0001516
4528,21,0.17746520,0.0001517
4529,21,0.20886424,0.0001517
4530,21,0.21850646,0.0001517
4531,21,0.18545330,0.0001518
4532,21,0.18188612,0.0001518
4533,21,0.19830982,0.0001518
4534,21,0.19103485,0.0001519
4535,21,0.16343549,0.0001519
4536,21,0.16735181,0.0001519
4537,21,0.23105435,0.000152
4538,21,0.20920360,0.000152
4539,21,0.19063775,0.000152
4540,21,0.17852965,0.0001521
4541,21,0.21928832,0.0001521
4542,21,0.21946728,0.0001521
4543,21,0.20495215,0.0001522
4544,21,0.21104130,0.0001522
4545,21,0.20504007,0.0001522
4546,21,0.15726787,0.0001523
4547,21,0.17019922,0.0001523
4548,21,0.19074059,0.0001523
4549,21,0.19475774,0.0001524
4550,21,0.15522599,0.0001524
4551,21,0.19933826,0.0001524
4552,21,0.16955027,0.0001525
4553,21,0.19823471,0.0001525
4554,21,0.18677233,0.0001525
4555,21,0.22935198,0.0001526
4556,21,0.19288443,0.0001526
4557,21,0.19492094,0.0001526
4558,21,0.21453303,0.0001527
4559,21,0.17724499,0.0001527
4560,21,0.16927943,0.0001527
4561,21,0.21972629,0.0001528
4562,21,0.15790477,0.0001528
4563,21,0.19462979,0.0001528
4564,21,0.15308940,0.0001529
4565,21,0.15849632,0.0001529
4566,21,0.22614217,0.0001529
4567,21,0.23013751,0.000153
4568,21,0.27580136,0.000153
4569,21,0.15623015,0.000153
4570,21,0.18587625,0.0001531
4571,21,0.20450902,0.0001531
4572,21,0.22572610,0.0001531
4573,21,0.16746287,0.0001532
4574,21,0.20178276,0.0001532
4575,21,0.23452257,0.0001532
4576,21,0.17453036,0.0001533
4577,21,0.18556687,0.0001533
4578,21,0.18169415,0.0001533
4579,21,0.13882683,0.0001534
4580,21,0.17080984,0.0001534
4581,21,0.21482722,0.0001534
4582,21,0.21509986,0.0001535
4583,21,0.22119260,0.0001535
4584,21,0.22045723,0.0001535
4585,21,0.21265779,0.0001536
4586,21,0.19194400,0.0001536
4587,21,0.19489908,0.0001536
4588,21,0.18751357,0.0001537
4589,21,0.15798336,0.0001537
4590,21,0.18591660,0.0001537
4591,21,0.21889365,0.0001538
4592,21,0.19814174,0.0001538
4593,21,0.17849576,0.0001538
4594,21,0.22891502,0.0001539
4595,21,0.17971596,0.0001539
4596,21,0.17441943,0.0001539
4597,21,0.20113955,0.000154
4598,21,0.18481372,0.000154
4599,21,0.17995745,0.000154
4600,21,0.16320240,0.0001541
4601,21,0.19967419,0.0001541
4602,21,0.20106214,0.0001541
4603,21,0.17949209,0.0001542
4604,21,0.18073556,0.0001542
4605,21,0.21083355,0.0001542
4606,21,0.21789734,0.0001543
4607,21,0.21172075,0.0001543
4608,21,0.18287194,0.0001543
4609,21,0.22833255,0.0001544
4610,21,0.15492915,0.0001544
4611,21,0.18339968,0.0001544
4612,21,0.18675461,0.0001545
4613,21,0.21038961,0.0001545
4614,21,0.16684830,0.0001545
4615,21,0.21902916,0.0001546
4616,21,0.21401843,0.0001546
4617,21,0.19256482,0.0001546
4618,21,0.22303244,0.0001547
4619,21,0.20956914,0.0001547
4620,21,0.20146386,0.0001547
4621,21,0.18926077,0.0001548
4622,21,0.17367586,0.0001548
4623,21,0.16905689,0.0001548
4624,21,0.19290707,0.0001549
4625,21,0.16437663,0.0001549
4626,21,0.19125244,0.0001549
4627,21,0.17497854,0.000155
4628,21,0.19647729,0.000155
4629,21,0.19679293,0.000155
4630,21,0.19929038,0.0001551
4631,21,0.22111177,0.0001551
4632,21,0.18291497,0.0001551
4633,21,0.18143395,0.0001552
4634,21,0.17858186,0.0001552
4635,21,0.14823943,0.0001552
4636,21,0.18625002,0.0001553
4637,21,0.20222121,0.0001553
4638,21,0.16064319,0.0001553
4639,21,0.21082851,0.0001554
4640,21,0.23658043,0.0001554
4641,21,0.17369817,0.0001554
4642,21,0.20588586,0.0001555
4643,21,0.17529571,0.0001555
4644,21,0.21264598,0.0001555
4645,21,0.15842132,0.0001556
4646,21,0.22474955,0.0001556
4647,21,0.16876915,0.0001556
4648,21,0.16649443,0.0001557
4649,21,0.21256185,0.0001557
4650,21,0.21482432,0.0001557
4651,21,0.19389868,0.0001558
4652,21,0.20089269,0.0001558
4653,21,0.18290210,0.0001558
4654,21,0.15874292,0.0001559
4655,21,0.20368575,0.0001559
4656,21,0.18527083,0.0001559
4657,21,0.20920669,0.000156
4658,21,0.19870910,0.000156
4659,21,0.16799867,0.000156
4660,21,0.16628684,0.0001561
4661,21,0.17848329,0.0001561
4662,21,0.18375985,0.0001561
4663,21,0.16729772,0.0001562
4664,21,0.17854425,0.0001562
4665,21,0.16210924,0.0001562
4666,21,0.17088494,0.0001563
4667,21,0.15842091,0.0001563
4668,21,0.18107872,0.0001563
4669,21,0.17752808,0.0001564
4670,21,0.14943445,0.0001564
4671,21,0.21747765,0.0001564
4672,21,0.16882364,0.0001565
4673,21,0.15282263,0.0001565
4674,21,0.15061021,0.0001565
4675,21,0.15053193,0.0001566
4676,21,0.18250498,0.0001566
4677,21,0.24011245,0.0001566
4678,21,0.15377575,0.0001567
4679,21,0.17104575,0.0001567
4680,21,0.20963238,0.0001567
4681,21,0.16986400,0.0001568
4682,21,0.23362154,0.0001568
4683,21,0.16880339,0.0001568
4684,21,0.19742632,0.0001569
4685,21,0.17132144,0.0001569
4686,21,0.18645415,0.0001569
4687,21,0.23025927,0.000157
4688,21,0.19986546,0.000157
4689,21,0.18172769,0.000157
4690,21,0.18342040,0.0001571
4691,21,0.14193426,0.0001571
4692,21,0.17050265,0.0001571
4693,21,0.18331528,0.0001572
4694,21,0.19864589,0.0001572
4695,21,0.20856218,0.0001572
4696,21,0.21438663,0.0001573
4697,21,0.18483409,0.0001573
4698,21,0.16798910,0.0001573
4699,21,0.19603112,0.0001574
4700,21,0.21036200,0.0001574
4701,21,0.18739037,0.0001574
4702,21,0.17695676,0.0001575
4703,21,0.16461781,0.0001575
4704,21,0.17948048,0.0001576
4705,22,0.15655653,0.0001576
4706,22,0.17430238,0.0001576
4707,22,0.19559567,0.0001577
4708,22,0.15851860,0.0001577
4709,22,0.15073967,0.0001577
4710,22,0.20144925,0.0001578
4711,22,0.16703026,0.0001578
4712,22,0.22497576,0.0001578
4713,22,0.19347632,0.0001579
4714,22,0.15182006,0.0001579
4715,22,0.16331927,0.0001579
4716,22,0.15773478,0.000158
4717,22,0.18447684,0.000158
4718,22,0.15901209,0.000158
4719,22,0.15393111,0.0001581
4720,22,0.20376979,0.0001581
4721,22,0.20260099,0.0001581
4722,22,0.18677437,0.0001582
4723,22,0.21171097,0.0001582
4724,22,0.20611271,0.0001582
4725,22,0.23041317,0.0001583
4726,22,0.20456979,0.0001583
4727,22,0.18462420,0.0001583
4728,22,0.19765322,0.0001584
4729,22,0.19045234,0.0001584
4730,22,0.16108488,0.0001584
4731,22,0.19340818,0.0001585
4732,22,0.18323475,0.0001585
4733,22,0.15895559,0.0001585
4734,22,0.19948322,0.0001586
4735,22,0.16976224,0.0001586
4736,22,0.18593603,0.0001586
4737,22,0.17066340,0.0001587
4738,22,0.19416830,0.0001587
4739,22,0.15594190,0.0001587
4740,22,0.16887073,0.0001588
4741,22,0.16152498,0.0001588
4742,22,0.20002207,0.0001588
4743,22,0.19161645,0.0001589
4744,22,0.22089867,0.0001589
4745,22,0.16860317,0.0001589
4746,22,0.21430740,0.000159
4747,22,0.15954693,0.000159
4748,22,0.18771015,0.000159
4749,22,0.16747329,0.0001591
4750,22,0.18950926,0.0001591
4751,22,0.21819256,0.0001591
4752,22,0.17769215,0.0001592
4753,22,0.18240933,0.0001592
4754,22,0.19118373,0.0001592
4755,22,0.15491661,0.0001593
4756,22,0.15224156,0.0001593
4757,22,0.19940589,0.0001593
4758,22,0.19700800,0.0001594
4759,22,0.20866412,0.0001594
4760,22,0.20732984,0.0001594
4761,22,0.17108521,0.0001595
4762,22,0.16259778,0.0001595
4763,22,0.20368670,0.0001595
4764,22,0.15716887,0.0001596
4765,22,0.15014765,0.0001596
4766,22,0.15488577,0.0001596
4767,22,0.17916414,0.0001597
4768,22,0.19208467,0.0001597
4769,22,0.18982963,0.0001597
4770,22,0.15241370,0.0001598
4771,22,0.18908510,0.0001598
4772,22,0.19475839,0.0001598
4773,22,0.17816508,0.0001599
4774,22,0.18523358,0.0001599
4775,22,0.18257777,0.0001599
4776,22,0.21426575,0.00016
4777,22,0.17959616,0.00016
4778,22,0.16440320,0.00016
4779,22,0.14983034,0.0001601
4780,22,0.14866450,0.0001601
4781,22,0.17233884,0.0001601
4782,22,0.19889110,0.0001602
4783,22,0.20128343,0.0001602
4784,22,0.16049868,0.0001602
4785,22,0.16658050,0.0001603
4786,22,0.19329679,0.0001603
4787,22,0.18191928,0.0001603
4788,22,0.19567657,0.0001604
4789,22,0.15952551,0.0001604
4790,22,0.16560657,0.0001604
4791,22,0.17393562,0.0001605
4792,22,0.14302120,0.0001605
4793,22,0.20202379,0.0001605
4794,22,0.18968742,0.0001606
4795,22,0.18296084,0.0001606
4796,22,0.16831070,0.0001606
4797,22,0.13866025,0.0001607
4798,22,0.19300756,0.0001607
4799,22,0.17201194,0.0001607
4800,22,0.17708743,0.0001608
4801,22,0.17535996,0.0001608
4802,22,0.18878791,0.0001608
4803,22,0.16753110,0.0001609
4804,22,0.20317301,0.0001609
4805,22,0.19231932,0.0001609
4806,22,0.15947334,0.000161
4807,22,0.18551314,0.000161
4808,22,0.17205410,0.000161
4809,22,0.17375827,0.0001611
4810,22,0.18727271,0.0001611
4811,22,0.28189063,0.0001611
4812,22,0.16586600,0.0001612
4813,22,0.18403885,0.0001612
4814,22,0.19935589,0.0001612
4815,22,0.19276713,0.0001613
4816,22,0.18931395,0.0001613
4817,22,0.16277829,0.0001613
4818,22,0.18015501,0.0001614
4819,22,0.19875070,0.0001614
4820,22,0.17008047,0.0001614
4821,22,0.16494529,0.0001615
4822,22,0.23374584,0.0001615
4823,22,0.19138035,0.0001615
4824,22,0.19353136,0.0001616
4825,22,0.17377484,0.0001616
4826,22,0.21496777,0.0001616
4827,22,0.18659692,0.0001617
4828,22,0.17944691,0.0001617
4829,22,0.16440156,0.0001617
4830,22,0.18659782,0.0001618
4831,22,0.19058287,0.0001618
4832,22,0.18943785,0.0001618
4833,22,0.16164322,0.0001619
4834,22,0.19847940,0.0001619
4835,22,0.21071768,0.0001619
4836,22,0.17194679,0.000162
4837,22,0.18173163,0.000162
4838,22,0.18065326,0.000162
4839,22,0.17497584,0.0001621
4840,22,0.16759244,0.0001621
4841,22,0.16585156,0.0001621
4842,22,0.16174030,0.0001622
4843,22,0.14807674,0.0001622
4844,22,0.18034899,0.0001622
4845,22,0.17109643,0.0001623
4846,22,0.18293169,0.0001623
4847,22,0.19228229,0.0001623
4848,22,0.18247835,0.0001624
4849,22,0.14990345,0.0001624
4850,22,0.15835789,0.0001624
4851,22,0.18224363,0.0001625
4852,22,0.20176834,0.0001625
4853,22,0.19680874,0.0001625
4854,22,0.19797623,0.0001626
4855,22,0.15739398,0.0001626
4856,22,0.18616931,0.0001626
4857,22,0.19305389,0.0001627
4858,22,0.27703446,0.0001627
4859,22,0.15110505,0.0001627
4860,22,0.14278778,0.0001628
4861,22,0.18296242,0.0001628
4862,22,0.18210314,0.0001628
4863,22,0.16745412,0.0001629
4864,22,0.16743360,0.0001629
4865,22,0.21826920,0.0001629
4866,22,0.21119294,0.000163
4867,22,0.19636910,0.000163
4868,22,0.16860205,0.000163
4869,22,0.20100491,0.0001631
4870,22,0.16913585,0.0001631
4871,22,0.20227534,0.0001631
4872,22,0.21396582,0.0001632
4873,22,0.16408950,0.0001632
4874,22,0.18201213,0.0001632
4875,22,0.17884189,0.0001633
4876,22,0.21063471,0.0001633
4877,22,0.17624466,0.0001633
4878,22,0.18690237,0.0001634
4879,22,0.19000590,0.0001634
4880,22,0.18435006,0.0001634
4881,22,0.19257841,0.0001635
4882,22,0.18498246,0.0001635
4883,22,0.15454440,0.0001635
4884,22,0.18461105,0.0001636
4885,22,0.21722266,0.0001636
4886,22,0.17943840,0.0001636
4887,22,0.16667339,0.0001637
4888,22,0.19397730,0.0001637
4889,22,0.18120831,0.0001637
4890,22,0.16671953,0.0001638
4891,22,0.18342170,0.0001638
4892,22,0.18537435,0.0001638
4893,22,0.16013759,0.0001639
4894,22,0.17620179,0.0001639
4895,22,0.22280654,0.0001639
4896,22,0.17066571,0.000164
4897,22,0.18273543,0.000164
4898,22,0.21226925,0.000164
4899,22,0.18974021,0.0001641
4900,22,0.18440077,0.0001641
4901,22,0.17512684,0.0001641
4902,22,0.17285785,0.0001642
4903,22,0.19223616,0.0001642
4904,22,0.19995511,0.0001642
4905,22,0.16411665,0.0001643
4906,22,0.15104273,0.0001643
4907,22,0.20438516,0.0001643
4908,22,0.21552692,0.0001644
4909,22,0.20294301,0.0001644
4910,22,0.21285437,0.0001644
4911,22,0.17087874,0.0001645
4912,22,0.22681884,0.0001645
4913,22,0.21095881,0.0001645
4914,22,0.28417671,0.0001646
4915,22,0.19836247,0.0001646
4916,22,0.18269400,0.0001646
4917,22,0.19805764,0.0001647
4918,22,0.17584357,0.0001647
4919,22,0.20576505,0.0001647
4920,22,0.18159792,0.0001648
4921,22,0.20213631,0.0001648
4922,22,0.17633629,0.0001648
4923,22,0.20086895,0.0001649
4924,22,0.22251956,0.0001649
4925,22,0.16871074,0.0001649
4926,22,0.17928132,0.000165
4927,22,0.24442379,0.000165
4928,22,0.18982022,0.0001651
4929,23,0.21168451,0.0001651
4930,23,0.22208059,0.0001651
4931,23,0.17894873,0.0001652
4932,23,0.18736759,0.0001652
4933,23,0.21802741,0.0001652
4934,23,0.19542262,0.0001653
4935,23,0.18996271,0.0001653
4936,23,0.17047313,0.0001653
4937,23,0.17577735,0.0001654
4938,23,0.16966411,0.0001654
4939,23,0.14367101,0.0001654
4940,23,0.17574686,0.0001655
4941,23,0.18626790,0.0001655
4942,23,0.17615086,0.0001655
4943,23,0.19992922,0.0001656
4944,23,0.15227585,0.0001656
4945,23,0.19602522,0.0001656
4946,23,0.16724764,0.0001657
4947,23,0.15210883,0.0001657
4948,23,0.19158506,0.0001657
4949,23,0.18507376,0.0001658
4950,23,0.14623378,0.0001658
4951,23,0.21591595,0.0001658
4952,23,0.17533860,0.0001659
4953,23,0.17243421,0.0001659
4954,23,0.19767414,0.0001659
4955,23,0.21125138,0.000166
4956,23,0.15527159,0.000166
4957,23,0.15052979,0.000166
4958,23,0.20394175,0.0001661
4959,23,0.17451648,0.0001661
4960,23,0.18638635,0.0001661
4961,23,0.19937186,0.0001662
4962,23,0.15445954,0.0001662
4963,23,0.18687972,0.0001662
4964,23,0.16881059,0.0001663
4965,23,0.16922337,0.0001663
4966,23,0.21662687,0.0001663
4967,23,0.18585002,0.0001664
4968,23,0.19265907,0.0001664
4969,23,0.16105980,0.0001664
4970,23,0.18693465,0.0001665
4971,23,0.17443256,0.0001665
4972,23,0.17288105,0.0001665
4973,23,0.16712162,0.0001666
4974,23,0.18202727,0.0001666
4975,23,0.18097655,0.0001666
4976,23,0.21282184,0.0001667
4977,23,0.18286990,0.0001667
4978,23,0.20495591,0.0001667
4979,23,0.17772543,0.0001668
4980,23,0.17309037,0.0001668
4981,23,0.17987470,0.0001668
4982,23,0.19351546,0.0001669
4983,23,0.16695902,0.0001669
4984,23,0.16543990,0.0001669
4985,23,0.16986370,0.000167
4986,23,0.18297689,0.000167
4987,23,0.13248678,0.000167
4988,23,0.19936004,0.0001671
4989,23,0.21905917,0.0001671
4990,23,0.21313296,0.0001671
4991,23,0.17907679,0.0001672
4992,23,0.17978024,0.0001672
4993,23,0.15067011,0.0001672
4994,23,0.14728223,0.0001673
4995,23,0.19826649,0.0001673
4996,23,0.16953680,0.0001673
4997,23,0.17770974,0.0001674
4998,23,0.19418877,0.0001674
4999,23,0.20651583,0.0001674
5000,23,0.16185084,0.0001675
5001,23,0.20044814,0.0001675
5002,23,0.20113210,0.0001675
5003,23,0.15207091,0.0001676
5004,23,0.14098927,0.0001676
5005,23,0.17815344,0.0001676
5006,23,0.17269769,0.0001677
5007,23,0.16839103,0.0001677
5008,23,0.14620028,0.0001677
5009,23,0.19603792,0.0001678
5010,23,0.17577311,0.0001678
5011,23,0.14502926,0.0001678
5012,23,0.17413263,0.0001679
5013,23,0.19491562,0.0001679
5014,23,0.18976089,0.0001679
5015,23,0.17053348,0.000168
5016,23,0.19809310,0.000168
5017,23,0.19613680,0.000168
5018,23,0.14677691,0.0001681
5019,23,0.17121184,0.0001681
5020,23,0.14884929,0.0001681
5021,23,0.14944710,0.0001682
5022,23,0.16647652,0.0001682
5023,23,0.15337931,0.0001682
5024,23,0.15032278,0.0001683
5025,23,0.16847631,0.0001683
5026,23,0.18960521,0.0001683
5027,23,0.17038262,0.0001684
5028,23,0.16172773,0.0001684
5029,23,0.17157046,0.0001684
5030,23,0.15285948,0.0001685
5031,23,0.19971703,0.0001685
5032,23,0.17186974,0.0001685
5033,23,0.15992600,0.0001686
5034,23,0.19130270,0.0001686
5035,23,0.13659823,0.0001686
5036,23,0.15673792,0.0001687
5037,23,0.18767127,0.0001687
5038,23,0.18123333,0.0001687
5039,23,0.15588582,0.0001688
5040,23,0.14893907,0.0001688
5041,23,0.17982273,0.0001688
5042,23,0.20541954,0.0001689
5043,23,0.20273511,0.0001689
5044,23,0.17544824,0.0001689
5045,23,0.23688456,0.000169
5046,23,0.18749598,0.000169
5047,23,0.17620747,0.000169
5048,23,0.15801701,0.0001691
5049,23,0.16528144,0.0001691
5050,23,0.17118356,0.0001691
5051,23,0.18582273,0.0001692
5052,23,0.17058459,0.0001692
5053,23,0.14598574,0.0001692
5054,23,0.15223932,0.0001693
5055,23,0.18309182,0.0001693
5056,23,0.17684214,0.0001693
5057,23,0.17172232,0.0001694
5058,23,0.17320842,0.0001694
5059,23,0.20703599,0.0001694
5060,23,0.15476444,0.0001695
5061,23,0.17674756,0.0001695
5062,23,0.15414487,0.0001695
5063,23,0.18591408,0.0001696
5064,23,0.17397189,0.0001696
5065,23,0.16236217,0.0001696
5066,23,0.20150104,0.0001697
5067,23,0.17700249,0.0001697
5068,23,0.15740722,0.0001697
5069,23,0.17677686,0.0001698
5070,23,0.22612610,0.0001698
5071,23,0.16634499,0.0001698
5072,23,0.17703864,0.0001699
5073,23,0.16018638,0.0001699
5074,23,0.16692030,0.0001699
5075,23,0.18774728,0.00017
5076,23,0.18608475,0.00017
5077,23,0.15717947,0.00017
5078,23,0.17047481,0.0001701
5079,23,0.16532588,0.0001701
5080,23,0.20808539,0.0001701
5081,23,0.17177254,0.0001702
5082,23,0.16042332,0.0001702
5083,23,0.15642171,0.0001702
5084,23,0.20238106,0.0001703
5085,23,0.17736702,0.0001703
5086,23,0.18736820,0.0001703
5087,23,0.18257600,0.0001704
5088,23,0.16141438,0.0001704
5089,23,0.17045888,0.0001704
5090,23,0.20014736,0.0001705
5091,23,0.20050573,0.0001705
5092,23,0.16758445,0.0001705
5093,23,0.16633904,0.0001706
5094,23,0.16713881,0.0001706
5095,23,0.19130127,0.0001706
5096,23,0.17925715,0.0001707
5097,23,0.18137495,0.0001707
5098,23,0.17742670,0.0001707
5099,23,0.21110068,0.0001708
5100,23,0.16812584,0.0001708
5101,23,0.14071159,0.0001708
5102,23,0.17266767,0.0001709
5103,23,0.19001243,0.0001709
5104,23,0.17511830,0.0001709
5105,23,0.18937585,0.000171
5106,23,0.21076408,0.000171
5107,23,0.17412516,0.000171
5108,23,0.16250266,0.0001711
5109,23,0.18201688,0.0001711
5110,23,0.19053113,0.0001711
5111,23,0.18380772,0.0001712
5112,23,0.14401107,0.0001712
5113,23,0.18784897,0.0001712
5114,23,0.15844099,0.0001713
5115,23,0.17009053,0.0001713
5116,23,0.20392823,0.0001713
5117,23,0.20819442,0.0001714
5118,23,0.14742987,0.0001714
5119,23,0.15311337,0.0001714
5120,23,0.18945161,0.0001715
5121,23,0.17379448,0.0001715
5122,23,0.20370218,0.0001715
5123,23,0.19420974,0.0001716
5124,23,0.17921495,0.0001716
5125,23,0.22081518,0.0001716
5126,23,0.16602185,0.0001717
5127,23,0.14250949,0.0001717
5128,23,0.16763222,0.0001717
5129,23,0.18600252,0.0001718
5130,23,0.19528860,0.0001718
5131,23,0.21704529,0.0001718
5132,23,0.18011507,0.0001719
5133,23,0.17111209,0.0001719
5134,23,0.17210400,0.0001719
5135,23,0.19404314,0.000172
5136,23,0.12954514,0.000172
5137,23,0.18455724,0.000172
5138,23,0.15666530,0.0001721
5139,23,0.15946689,0.0001721
5140,23,0.19940150,0.0001721
5141,23,0.13760088,0.0001722
5142,23,0.21759796,0.0001722
5143,23,0.18084970,0.0001722
5144,23,0.22037236,0.0001723
5145,23,0.17621362,0.0001723
5146,23,0.15933536,0.0001723
5147,23,0.21793893,0.0001724
5148,23,0.16537158,0.0001724
5149,23,0.18575671,0.0001724
5150,23,0.15843442,0.0001725
5151,23,0.19345723,0.0001725
5152,23,0.17911598,0.0001726
5153,24,0.16058330,0.0001726
5154,24,0.16597825,0.0001726
5155,24,0.18590391,0.0001727
5156,24,0.17539048,0.0001727
5157,24,0.17744230,0.0001727
5158,24,0.14450093,0.0001728
5159,24,0.16746303,0.0001728
5160,24,0.17186461,0.0001728
5161,24,0.16404907,0.0001729
5162,24,0.17500250,0.0001729
5163,24,0.16174302,0.0001729
5164,24,0.18345933,0.000173
5165,24,0.17032818,0.000173
5166,24,0.19054389,0.000173
5167,24,0.17610052,0.0001731
5168,24,0.14802641,0.0001731
5169,24,0.25539124,0.0001731
5170,24,0.16813998,0.0001732
5171,24,0.16897087,0.0001732
5172,24,0.16497755,0.0001732
5173,24,0.18641275,0.0001733
5174,24,0.17141780,0.0001733
5175,24,0.14472228,0.0001733
5176,24,0.19844100,0.0001734
5177,24,0.15090942,0.0001734
5178,24,0.17944853,0.0001734
5179,24,0.18840474,0.0001735
5180,24,0.14152345,0.0001735
5181,24,0.15064964,0.0001735
5182,24,0.20861775,0.0001736
5183,24,0.18692169,0.0001736
5184,24,0.14465851,0.0001736
5185,24,0.17098123,0.0001737
5186,24,0.16805944,0.0001737
5187,24,0.19176500,0.0001737
5188,24,0.17256594,0.0001738
5189,24,0.15255117,0.0001738
5190,24,0.17559493,0.0001738
5191,24,0.19495456,0.0001739
5192,24,0.16341679,0.0001739
5193,24,0.16685987,0.0001739
5194,24,0.17571923,0.000174
5195,24,0.17320761,0.000174
5196,24,0.17203206,0.000174
5197,24,0.18135199,0.0001741
5198,24,0.18532991,0.0001741
5199,24,0.17510037,0.0001741
5200,24,0.18881795,0.0001742
5201,24,0.23585157,0.0001742
5202,24,0.17216215,0.0001742
5203,24,0.17333543,0.0001743
5204,24,0.19098525,0.0001743
5205,24,0.19957423,0.0001743
5206,24,0.19388990,0.0001744
5207,24,0.14803976,0.0001744
5208,24,0.20057735,0.0001744
5209,24,0.22067456,0.0001745
5210,24,0.18020749,0.0001745
5211,24,0.17669782,0.0001745
5212,24,0.16378523,0.0001746
5213,24,0.20398381,0.0001746
5214,24,0.15678282,0.0001746
5215,24,0.16874397,0.0001747
5216,24,0.19022839,0.0001747
5217,24,0.20298682,0.0001747
5218,24,0.19639966,0.0001748
5219,24,0.19476461,0.0001748
5220,24,0.18938099,0.0001748
5221,24,0.17650628,0.0001749
5222,24,0.20662782,0.0001749
5223,24,0.15994200,0.0001749
5224,24,0.16811010,0.000175
5225,24,0.18050241,0.000175
5226,24,0.17369102,0.000175
5227,24,0.20844522,0.0001751
5228,24,0.16065459,0.0001751
5229,24,0.19723992,0.0001751
5230,24,0.18884782,0.0001752
5231,24,0.19702357,0.0001752
5232,24,0.18255541,0.0001752
5233,24,0.17649341,0.0001753
5234,24,0.21904331,0.0001753
5235,24,0.20266287,0.0001753
5236,24,0.18685882,0.0001754
5237,24,0.17081621,0.0001754
5238,24,0.20747852,0.0001754
5239,24,0.20439160,0.0001755
5240,24,0.17329201,0.0001755
5241,24,0.17118987,0.0001755
5242,24,0.18053126,0.0001756
5243,24,0.16526218,0.0001756
5244,24,0.20938765,0.0001756
5245,24,0.20208454,0.0001757
5246,24,0.22012305,0.0001757
5247,24,0.19556150,0.0001757
5248,24,0.15649921,0.0001758
5249,24,0.19755837,0.0001758
5250,24,0.15543137,0.0001758
5251,24,0.17743103,0.0001759
5252,24,0.18899298,0.0001759
5253,24,0.21950921,0.0001759
5254,24,0.20385468,0.000176
5255,24,0.19879684,0.000176
5256,24,0.17350042,0.000176
5257,24,0.22008727,0.0001761
5258,24,0.19692969,0.0001761
5259,24,0.16461138,0.0001761
5260,24,0.17259090,0.0001762
5261,24,0.22631060,0.0001762
5262,24,0.14377093,0.0001762
5263,24,0.23351729,0.0001763
5264,24,0.22413513,0.0001763
5265,24,0.18142633,0.0001763
5266,24,0.16227287,0.0001764
5267,24,0.18398091,0.0001764
5268,24,0.15762585,0.0001764
5269,24,0.16127340,0.0001765
5270,24,0.18130288,0.0001765
5271,24,0.20246677,0.0001765
5272,24,0.20834249,0.0001766
5273,24,0.18039493,0.0001766
5274,24,0.21004730,0.0001766
5275,24,0.16029316,0.0001767
5276,24,0.16957967,0.0001767
5277,24,0.18466139,0.0001767
5278,24,0.16753614,0.0001768
5279,24,0.14287513,0.0001768
5280,24,0.23840058,0.0001768
5281,24,0.23485473,0.0001769
5282,24,0.16251948,0.0001769
5283,24,0.19309317,0.0001769
5284,24,0.25550422,0.000177
5285,24,0.20248234,0.000177
5286,24,0.17283645,0.000177
5287,24,0.18450579,0.0001771
5288,24,0.22142655,0.0001771
5289,24,0.18194851,0.0001771
5290,24,0.16175912,0.0001772
5291,24,0.21402976,0.0001772
5292,24,0.20595674,0.0001772
5293,24,0.21301846,0.0001773
5294,24,0.18888764,0.0001773
5295,24,0.18355972,0.0001773
5296,24,0.22000544,0.0001774
5297,24,0.18097448,0.0001774
5298,24,0.16544032,0.0001774
5299,24,0.20745866,0.0001775
5300,24,0.21036056,0.0001775
5301,24,0.13842948,0.0001775
5302,24,0.18882784,0.0001776
5303,24,0.17858118,0.0001776
5304,24,0.16667126,0.0001776
5305,24,0.15047175,0.0001777
5306,24,0.18561642,0.0001777
5307,24,0.16540402,0.0001777
5308,24,0.16346197,0.0001778
5309,24,0.16576472,0.0001778
5310,24,0.15491855,0.0001778
5311,24,0.17402276,0.0001779
5312,24,0.20051907,0.0001779
5313,24,0.18570259,0.0001779
5314,24,0.20293602,0.000178
5315,24,0.16379626,0.000178
5316,24,0.16374056,0.000178
5317,24,0.17449115,0.0001781
5318,24,0.19351974,0.0001781
5319,24,0.15065086,0.0001781
5320,24,0.21606809,0.0001782
5321,24,0.18740904,0.0001782
5322,24,0.18034248,0.0001782
5323,24,0.16933887,0.0001783
5324,24,0.21149254,0.0001783
5325,24,0.17081599,0.0001783
5326,24,0.18204200,0.0001784
5327,24,0.18540478,0.0001784
5328,24,0.17651188,0.0001784
5329,24,0.16938603,0.0001785
5330,24,0.16592936,0.0001785
5331,24,0.20595121,0.0001785
5332,24,0.17924866,0.0001786
5333,24,0.17240743,0.0001786
5334,24,0.19707835,0.0001786
5335,24,0.17798236,0.0001787
5336,24,0.24668759,0.0001787
5337,24,0.17339298,0.0001787
5338,24,0.18432280,0.0001788
5339,24,0.21447800,0.0001788
5340,24,0.22346346,0.0001788
5341,24,0.21407126,0.0001789
5342,24,0.17966376,0.0001789
5343,24,0.19723201,0.0001789
5344,24,0.23720518,0.000179
5345,24,0.19344907,0.000179
5346,24,0.17011134,0.000179
5347,24,0.17278823,0.0001791
5348,24,0.19728671,0.0001791
5349,24,0.17901479,0.0001791
5350,24,0.17040488,0.0001792
5351,24,0.18477547,0.0001792
5352,24,0.19871232,0.0001792
5353,24,0.16115272,0.0001793
5354,24,0.16214666,0.0001793
5355,24,0.18488449,0.0001793
5356,24,0.20403263,0.0001794
5357,24,0.19405147,0.0001794
5358,24,0.20123661,0.0001794
5359,24,0.14761953,0.0001795
5360,24,0.18706629,0.0001795
5361,24,0.17152485,0.0001795
5362,24,0.18071637,0.0001796
5363,24,0.19498068,0.0001796
5364,24,0.15850970,0.0001796
5365,24,0.18526444,0.0001797
5366,24,0.15751372,0.0001797
5367,24,0.16727744,0.0001797
5368,24,0.16997401,0.0001798
5369,24,0.20657477,0.0001798
5370,24,0.19790745,0.0001798
5371,24,0.17074031,0.0001799
5372,24,0.17604843,0.0001799
5373,24,0.17021535,0.0001799
5374,24,0.18522684,0.00018
5375,24,0.25286424,0.00018
5376,24,0.13904095,0.0001801
5377,25,0.16381955,0.0001801
5378,25,0.15715228,0.0001801
5379,25,0.19315171,0.0001802
5380,25,0.21714720,0.0001802
5381,25,0.14469182,0.0001802
5382,25,0.18817869,0.0001803
5383,25,0.21850626,0.0001803
5384,25,0.20730722,0.0001803
5385,25,0.18856847,0.0001804
5386,25,0.15537259,0.0001804
5387,25,0.17907041,0.0001804
5388,25,0.19989952,0.0001805
5389,25,0.19165954,0.0001805
5390,25,0.19457281,0.0001805
5391,25,0.21808526,0.0001806
5392,25,0.16493724,0.0001806
5393,25,0.19112194,0.0001806
5394,25,0.19521874,0.0001807
5395,25,0.16663867,0.0001807
5396,25,0.14623111,0.0001807
5397,25,0.17338613,0.0001808
5398,25,0.15023606,0.0001808
5399,25,0.17994428,0.0001808
5400,25,0.14207759,0.0001809
5401,25,0.18961720,0.0001809
5402,25,0.16692004,0.0001809
5403,25,0.23177156,0.000181
5404,25,0.16538301,0.000181
5405,25,0.23426345,0.000181
5406,25,0.18421134,0.0001811
5407,25,0.15361699,0.0001811
5408,25,0.22731903,0.0001811
5409,25,0.17410752,0.0001812
5410,25,0.21101463,0.0001812
5411,25,0.20300055,0.0001812
5412,25,0.16960561,0.0001813
5413,25,0.18141663,0.0001813
5414,25,0.16534810,0.0001813
5415,25,0.13950899,0.0001814
5416,25,0.19078568,0.0001814
5417,25,0.16570750,0.0001814
5418,25,0.20140696,0.0001815
5419,25,0.18189178,0.0001815
5420,25,0.14727557,0.0001815
5421,25,0.19972715,0.0001816
5422,25,0.21735054,0.0001816
5423,25,0.18186942,0.0001816
5424,25,0.17629366,0.0001817
5425,25,0.18339078,0.0001817
5426,25,0.17806792,0.0001817
5427,25,0.16634437,0.0001818
5428,25,0.19703113,0.0001818
5429,25,0.15895711,0.0001818
5430,25,0.17283784,0.0001819
5431,25,0.14882314,0.0001819
5432,25,0.19031668,0.0001819
5433,25,0.17119426,0.000182
5434,25,0.15952477,0.000182
5435,25,0.15921003,0.000182
5436,25,0.17308399,0.0001821
5437,25,0.19456071,0.0001821
5438,25,0.14091502,0.0001821
5439,25,0.17272769,0.0001822
5440,25,0.20060882,0.0001822
5441,25,0.18749261,0.0001822
5442,25,0.19963467,0.0001823
5443,25,0.16168676,0.0001823
5444,25,0.18208849,0.0001823
5445,25,0.15336578,0.0001824
5446,25,0.19411115,0.0001824
5447,25,0.17511415,0.0001824
5448,25,0.14073038,0.0001825
5449,25,0.17231831,0.0001825
5450,25,0.17856821,0.0001825
5451,25,0.17204945,0.0001826
5452,25,0.18257686,0.0001826
5453,25,0.15405798,0.0001826
5454,25,0.21088195,0.0001827
5455,25,0.17452842,0.0001827
5456,25,0.17478311,0.0001827
5457,25,0.15639995,0.0001828
5458,25,0.16932401,0.0001828
5459,25,0.18091550,0.0001828
5460,25,0.17443219,0.0001829
5461,25,0.16379070,0.0001829
5462,25,0.15042955,0.0001829
5463,25,0.18105575,0.000183
5464,25,0.19005394,0.000183
5465,25,0.18188070,0.000183
5466,25,0.19303897,0.0001831
5467,25,0.14696085,0.0001831
5468,25,0.15274277,0.0001831
5469,25,0.18511689,0.0001832
5470,25,0.17314063,0.0001832
5471,25,0.14438415,0.0001832
5472,25,0.16196138,0.0001833
5473,25,0.26846063,0.0001833
5474,25,0.16270319,0.0001833
5475,25,0.17884183,0.0001834
5476,25,0.18996012,0.0001834
5477,25,0.19580750,0.0001834
5478,25,0.19882995,0.0001835
5479,25,0.14395021,0.0001835
5480,25,0.15186404,0.0001835
5481,25,0.20075898,0.0001836
5482,25,0.18744043,0.0001836
5483,25,0.17632174,0.0001836
5484,25,0.20795935,0.0001837
5485,25,0.22569790,0.0001837
5486,25,0.16901883,0.0001837
5487,25,0.16134611,0.0001838
5488,25,0.19292769,0.0001838
5489,25,0.16681525,0.0001838
5490,25,0.20160393,0.0001839
5491,25,0.15341873,0.0001839
5492,25,0.18412486,0.0001839
5493,25,0.16067545,0.000184
5494,25,0.15593050,0.000184
5495,25,0.19072931,0.000184
5496,25,0.16917455,0.0001841
5497,25,0.16537656,0.0001841
5498,25,0.17360187,0.0001841
5499,25,0.18100151,0.0001842
5500,25,0.19163164,0.0001842
5501,25,0.23486051,0.0001842
5502,25,0.15922570,0.0001843
5503,25,0.16595863,0.0001843
5504,25,0.18973725,0.0001843
5505,25,0.18795893,0.0001844
5506,25,0.15951532,0.0001844
5507,25,0.17858362,0.0001844
5508,25,0.14581640,0.0001845
5509,25,0.21390009,0.0001845
5510,25,0.20078693,0.0001845
5511,25,0.17011416,0.0001846
5512,25,0.16887027,0.0001846
5513,25,0.19986491,0.0001846
5514,25,0.16709147,0.0001847
5515,25,0.19119112,0.0001847
5516,25,0.18772578,0.0001847
5517,25,0.17970221,0.0001848
5518,25,0.16680047,0.0001848
5519,25,0.15559340,0.0001848
5520,25,0.15187484,0.0001849
5521,25,0.15677217,0.0001849
5522,25,0.22115418,0.0001849
5523,25,0.17557156,0.000185
5524,25,0.21575606,0.000185
5525,25,0.16716981,0.000185
5526,25,0.16395448,0.0001851
5527,25,0.15342274,0.0001851
5528,25,0.22409360,0.0001851
5529,25,0.18921773,0.0001852
5530,25,0.19483325,0.0001852
5531,25,0.20971966,0.0001852
5532,25,0.17751297,0.0001853
5533,25,0.17594501,0.0001853
5534,25,0.22585261,0.0001853
5535,25,0.16360492,0.0001854
5536,25,0.20754442,0.0001854
5537,25,0.21010810,0.0001854
5538,25,0.17420495,0.0001855
5539,25,0.16719615,0.0001855
5540,25,0.16492653,0.0001855
5541,25,0.19282202,0.0001856
5542,25,0.21206817,0.0001856
5543,25,0.19205551,0.0001856
5544,25,0.21364251,0.0001857
5545,25,0.22972225,0.0001857
5546,25,0.17435575,0.0001857
5547,25,0.21654570,0.0001858
5548,25,0.19002305,0.0001858
5549,25,0.16403686,0.0001858
5550,25,0.22285146,0.0001859
5551,25,0.20135328,0.0001859
5552,25,0.17762253,0.0001859
5553,25,0.18204606,0.000186
5554,25,0.18304378,0.000186
5555,25,0.16285183,0.000186
5556,25,0.17969178,0.0001861
5557,25,0.19425082,0.0001861
5558,25,0.16946355,0.0001861
5559,25,0.18947861,0.0001862
5560,25,0.16766268,0.0001862
5561,25,0.15370153,0.0001862
5562,25,0.17629109,0.0001863
5563,25,0.16738811,0.0001863
5564,25,0.16983908,0.0001863
5565,25,0.15223345,0.0001864
5566,25,0.13938323,0.0001864
5567,25,0.17835230,0.0001864
5568,25,0.16208726,0.0001865
5569,25,0.19356148,0.0001865
5570,25,0.16468692,0.0001865
5571,25,0.19619969,0.0001866
5572,25,0.21832328,0.0001866
5573,25,0.14191054,0.0001866
5574,25,0.18701756,0.0001867
5575,25,0.19449322,0.0001867
5576,25,0.14830223,0.0001867
5577,25,0.18838391,0.0001868
5578,25,0.16617584,0.0001868
5579,25,0.18842843,0.0001868
5580,25,0.14835680,0.0001869
5581,25,0.13739115,0.0001869
5582,25,0.14704159,0.0001869
5583,25,0.23275214,0.000187
5584,25,0.18056533,0.000187
5585,25,0.21302423,0.000187
5586,25,0.18164901,0.0001871
5587,25,0.17954537,0.0001871
5588,25,0.20330131,0.0001871
5589,25,0.17883103,0.0001872
5590,25,0.16036659,0.0001872
5591,25,0.18058500,0.0001872
5592,25,0.17435388,0.0001873
5593,25,0.19577381,0.0001873
5594,25,0.17211160,0.0001873
5595,25,0.19818306,0.0001874
5596,25,0.19646047,0.0001874
5597,25,0.17245719,0.0001874
5598,25,0.13899961,0.0001875
5599,25,0.20098029,0.0001875
5600,25,0.16743653,0.0001876
5601,26,0.20385103,0.0001876
5602,26,0.15266097,0.0001876
5603,26,0.17090118,0.0001877
5604,26,0.21288151,0.0001877
5605,26,0.15142068,0.0001877
5606,26,0.17914276,0.0001878
5607,26,0.16785562,0.0001878
5608,26,0.20972410,0.0001878
5609,26,0.15924893,0.0001879
5610,26,0.15151393,0.0001879
5611,26,0.17365897,0.0001879
5612,26,0.19197546,0.000188
5613,26,0.17464718,0.000188
5614,26,0.14682521,0.000188
5615,26,0.14335632,0.0001881
5616,26,0.17188144,0.0001881
5617,26,0.16301781,0.0001881
5618,26,0.18597302,0.0001882
5619,26,0.17297982,0.0001882
5620,26,0.17948195,0.0001882
5621,26,0.20011115,0.0001883
5622,26,0.18312323,0.0001883
5623,26,0.15748629,0.0001883
5624,26,0.17576697,0.0001884
5625,26,0.19322751,0.0001884
5626,26,0.16523355,0.0001884
5627,26,0.19777274,0.0001885
5628,26,0.17181222,0.0001885
5629,26,0.19904010,0.0001885
5630,26,0.16720220,0.0001886
5631,26,0.17430060,0.0001886
5632,26,0.16166538,0.0001886
5633,26,0.20753428,0.0001887
5634,26,0.19077091,0.0001887
5635,26,0.18965739,0.0001887
5636,26,0.14460674,0.0001888
5637,26,0.17633688,0.0001888
5638,26,0.14517367,0.0001888
5639,26,0.15322134,0.0001889
5640,26,0.14595801,0.0001889
5641,26,0.15638134,0.0001889
5642,26,0.16991071,0.000189
5643,26,0.15533176,0.000189
5644,26,0.16359918,0.000189
5645,26,0.17023754,0.0001891
5646,26,0.13950132,0.0001891
5647,26,0.21629021,0.0001891
5648,26,0.18189046,0.0001892
5649,26,0.17864548,0.0001892
5650,26,0.18033716,0.0001892
5651,26,0.17956023,0.0001893
5652,26,0.20192492,0.0001893
5653,26,0.15802306,0.0001893
5654,26,0.18947423,0.0001894
5655,26,0.15840012,0.0001894
5656,26,0.19340876,0.0001894
5657,26,0.14914708,0.0001895
5658,26,0.16303621,0.0001895
5659,26,0.16841631,0.0001895
5660,26,0.18354651,0.0001896
5661,26,0.15116584,0.0001896
5662,26,0.19981544,0.0001896
5663,26,0.18582377,0.0001897
5664,26,0.19388986,0.0001897
5665,26,0.15239809,0.0001897
5666,26,0.17010909,0.0001898
5667,26,0.20232800,0.0001898
5668,26,0.21900277,0.0001898
5669,26,0.15728647,0.0001899
5670,26,0.19620952,0.0001899
5671,26,0.18612300,0.0001899
5672,26,0.20884192,0.00019
5673,26,0.18752556,0.00019
5674,26,0.17307225,0.00019
5675,26,0.16899821,0.0001901
5676,26,0.18467653,0.0001901
5677,26,0.14969057,0.0001901
5678,26,0.22012809,0.0001902
5679,26,0.16381708,0.0001902
5680,26,0.20035331,0.0001902
5681,26,0.13312136,0.0001903
5682,26,0.15943417,0.0001903
5683,26,0.15658832,0.0001903
5684,26,0.14564376,0.0001904
5685,26,0.17870164,0.0001904
5686,26,0.18134710,0.0001904
5687,26,0.21626246,0.0001905
5688,26,0.17677568,0.0001905
5689,26,0.15920037,0.0001905
5690,26,0.18049276,0.0001906
5691,26,0.17723218,0.0001906
5692,26,0.19347982,0.0001906
5693,26,0.15280251,0.0001907
5694,26,0.18991798,0.0001907
5695,26,0.15652357,0.0001907
5696,26,0.18489265,0.0001908
5697,26,0.16520739,0.0001908
5698,26,0.17945176,0.0001908
5699,26,0.20914869,0.0001909
5700,26,0.15697557,0.0001909
5701,26,0.17896001,0.0001909
5702,26,0.18211107,0.000191
5703,26,0.15912426,0.000191
5704,26,0.16650613,0.000191
5705,26,0.16759050,0.0001911
5706,26,0.17614983,0.0001911
5707,26,0.17167374,0.0001911
5708,26,0.21824716,0.0001912
5709,26,0.16113484,0.0001912
5710,26,0.18108809,0.0001912
5711,26,0.16136861,0.0001913
5712,26,0.17182297,0.0001913
5713,26,0.16558293,0.0001913
5714,26,0.17435503,0.0001914
5715,26,0.18811421,0.0001914
5716,26,0.15154628,0.0001914
5717,26,0.15710871,0.0001915
5718,26,0.17687818,0.0001915
5719,26,0.15924303,0.0001915
5720,26,0.17406075,0.0001916
5721,26,0.17253849,0.0001916
5722,26,0.17028260,0.0001916
5723,26,0.18029207,0.0001917
5724,26,0.18080866,0.0001917
5725,26,0.19904155,0.0001917
5726,26,0.19028513,0.0001918
5727,26,0.18863659,0.0001918
5728,26,0.20393169,0.0001918
5729,26,0.16550761,0.0001919
5730,26,0.15717641,0.0001919
5731,26,0.17896128,0.0001919
5732,26,0.17799370,0.000192
5733,26,0.16345792,0.000192
5734,26,0.18325472,0.000192
5735,26,0.15719984,0.0001921
5736,26,0.20677936,0.0001921
5737,26,0.19168876,0.0001921
5738,26,0.16784561,0.0001922
5739,26,0.18140267,0.0001922
5740,26,0.25903726,0.0001922
5741,26,0.20928106,0.0001923
5742,26,0.17136878,0.0001923
5743,26,0.21917129,0.0001923
5744,26,0.17118339,0.0001924
5745,26,0.16824161,0.0001924
5746,26,0.18808345,0.0001924
5747,26,0.17333075,0.0001925
5748,26,0.17830142,0.0001925
5749,26,0.17637758,0.0001925
5750,26,0.15627620,0.0001926
5751,26,0.14569040,0.0001926
5752,26,0.19846408,0.0001926
5753,26,0.18901281,0.0001927
5754,26,0.19157855,0.0001927
5755,26,0.16848254,0.0001927
5756,26,0.16114491,0.0001928
5757,26,0.18291330,0.0001928
5758,26,0.14916931,0.0001928
5759,26,0.19047293,0.0001929
5760,26,0.15294610,0.0001929
5761,26,0.19738775,0.0001929
5762,26,0.18578599,0.000193
5763,26,0.14194393,0.000193
5764,26,0.16421083,0.000193
5765,26,0.15904020,0.0001931
5766,26,0.15135396,0.0001931
5767,26,0.15415829,0.0001931
5768,26,0.15348074,0.0001932
5769,26,0.12597547,0.0001932
5770,26,0.16575609,0.0001932
5771,26,0.22284584,0.0001933
5772,26,0.15594043,0.0001933
5773,26,0.16255115,0.0001933
5774,26,0.17109516,0.0001934
5775,26,0.19621603,0.0001934
5776,26,0.14487031,0.0001934
5777,26,0.13786915,0.0001935
5778,26,0.16664152,0.0001935
5779,26,0.20313144,0.0001935
5780,26,0.17646025,0.0001936
5781,26,0.17787918,0.0001936
5782,26,0.17775303,0.0001936
5783,26,0.19373879,0.0001937
5784,26,0.17623243,0.0001937
5785,26,0.16908851,0.0001937
5786,26,0.16872607,0.0001938
5787,26,0.17289323,0.0001938
5788,26,0.18645392,0.0001938
5789,26,0.19017124,0.0001939
5790,26,0.15417641,0.0001939
5791,26,0.14853075,0.0001939
5792,26,0.18857650,0.000194
5793,26,0.14707831,0.000194
5794,26,0.16112167,0.000194
5795,26,0.16665331,0.0001941
5796,26,0.14907557,0.0001941
5797,26,0.15991166,0.0001941
5798,26,0.18019903,0.0001942
5799,26,0.17374545,0.0001942
5800,26,0.19055939,0.0001942
5801,26,0.15249330,0.0001943
5802,26,0.14362431,0.0001943
5803,26,0.19480126,0.0001943
5804,26,0.18190944,0.0001944
5805,26,0.17065804,0.0001944
5806,26,0.19510698,0.0001944
5807,26,0.16272566,0.0001945
5808,26,0.15520315,0.0001945
5809,26,0.17348978,0.0001945
5810,26,0.18352108,0.0001946
5811,26,0.18805663,0.0001946
5812,26,0.16801074,0.0001946
5813,26,0.17035487,0.0001947
5814,26,0.17256784,0.0001947
5815,26,0.15712111,0.0001947
5816,26,0.14888811,0.0001948
5817,26,0.21568987,0.0001948
5818,26,0.19648227,0.0001948
5819,26,0.21500950,0.0001949
5820,26,0.19019060,0.0001949
5821,26,0.16994560,0.0001949
5822,26,0.16759561,0.000195
5823,26,0.14062671,0.000195
5824,26,0.17572975,0.0001951
5825,27,0.20461738,0.0001951
5826,27,0.15196566,0.0001951
5827,27,0.17320818,0.0001952
5828,27,0.16799107,0.0001952
5829,27,0.19607037,0.0001952
5830,27,0.17542975,0.0001953
5831,27,0.22360209,0.0001953
5832,27,0.19242041,0.0001953
5833,27,0.18308994,0.0001954
5834,27,0.17531666,0.0001954
5835,27,0.15851012,0.0001954
5836,27,0.14145517,0.0001955
5837,27,0.17161009,0.0001955
5838,27,0.18569922,0.0001955
5839,27,0.15427184,0.0001956
5840,27,0.20408277,0.0001956
5841,27,0.17193681,0.0001956
5842,27,0.16622631,0.0001957
5843,27,0.18144214,0.0001957
5844,27,0.15461789,0.0001957
5845,27,0.16354641,0.0001958
5846,27,0.18550080,0.0001958
5847,27,0.14324683,0.0001958
5848,27,0.15009354,0.0001959
5849,27,0.17267498,0.0001959
5850,27,0.14932245,0.0001959
5851,27,0.15315947,0.000196
5852,27,0.21272573,0.000196
5853,27,0.18237686,0.000196
5854,27,0.17251202,0.0001961
5855,27,0.18047848,0.0001961
5856,27,0.18444888,0.0001961
5857,27,0.20879874,0.0001962
5858,27,0.19133554,0.0001962
5859,27,0.14468557,0.0001962
5860,27,0.16732422,0.0001963
5861,27,0.15786974,0.0001963
5862,27,0.14928007,0.0001963
5863,27,0.16195813,0.0001964
5864,27,0.15817468,0.0001964
5865,27,0.20089714,0.0001964
5866,27,0.17640519,0.0001965
5867,27,0.18666314,0.0001965
5868,27,0.15712371,0.0001965
5869,27,0.15409599,0.0001966
5870,27,0.15614744,0.0001966
5871,27,0.17647147,0.0001966
5872,27,0.18914378,0.0001967
5873,27,0.22298110,0.0001967
5874,27,0.18068318,0.0001967
5875,27,0.16651502,0.0001968
5876,27,0.17722002,0.0001968
5877,27,0.17791232,0.0001968
5878,27,0.17334203,0.0001969
5879,27,0.16200283,0.0001969
5880,27,0.19372050,0.0001969
5881,27,0.21031998,0.000197
5882,27,0.15339532,0.000197
5883,27,0.15924260,0.000197
5884,27,0.15466385,0.0001971
5885,27,0.18872502,0.0001971
5886,27,0.15616366,0.0001971
5887,27,0.16089986,0.0001972
5888,27,0.14673176,0.0001972
5889,27,0.16635327,0.0001972
5890,27,0.17899005,0.0001973
5891,27,0.18113622,0.0001973
5892,27,0.18111503,0.0001973
5893,27,0.16551898,0.0001974
5894,27,0.18273704,0.0001974
5895,27,0.16275619,0.0001974
5896,27,0.15797737,0.0001975
5897,27,0.15340120,0.0001975
5898,27,0.19948956,0.0001975
5899,27,0.20491412,0.0001976
5900,27,0.20479845,0.0001976
5901,27,0.16119117,0.0001976
5902,27,0.14630765,0.0001977
5903,27,0.19392923,0.0001977
5904,27,0.17406705,0.0001977
5905,27,0.19286653,0.0001978
5906,27,0.15239450,0.0001978
5907,27,0.16665223,0.0001978
5908,27,0.17794591,0.0001979
5909,27,0.18856430,0.0001979
5910,27,0.16781275,0.0001979
5911,27,0.14930871,0.000198
5912,27,0.16982631,0.000198
5913,27,0.14930891,0.000198
5914,27,0.20964865,0.0001981
5915,27,0.18937311,0.0001981
5916,27,0.21410355,0.0001981
5917,27,0.17794983,0.0001982
5918,27,0.16747677,0.0001982
5919,27,0.17275247,0.0001982
5920,27,0.22544137,0.0001983
5921,27,0.20838904,0.0001983
5922,27,0.14109586,0.0001983
5923,27,0.23868001,0.0001984
5924,27,0.17788255,0.0001984
5925,27,0.18092541,0.0001984
5926,27,0.20236966,0.0001985
5927,27,0.20429611,0.0001985
5928,27,0.15735114,0.0001985
5929,27,0.16896056,0.0001986
5930,27,0.17269759,0.0001986
5931,27,0.16808522,0.0001986
5932,27,0.16358715,0.0001987
5933,27,0.20139706,0.0001987
5934,27,0.16454023,0.0001987
5935,27,0.16374852,0.0001988
5936,27,0.18106830,0.0001988
5937,27,0.17800742,0.0001988
5938,27,0.21136114,0.0001989
5939,27,0.14525697,0.0001989
5940,27,0.20063674,0.0001989
5941,27,0.18073469,0.000199
5942,27,0.15352616,0.000199
5943,27,0.18127391,0.000199
5944,27,0.19280383,0.0001991
5945,27,0.16067910,0.0001991
5946,27,0.16524214,0.0001991
5947,27,0.14718476,0.0001992
5948,27,0.17288153,0.0001992
5949,27,0.17825234,0.0001992
5950,27,0.19905131,0.0001993
5951,27,0.14207637,0.0001993
5952,27,0.13605541,0.0001993
5953,27,0.15817291,0.0001994
5954,27,0.17757706,0.0001994
5955,27,0.20008533,0.0001994
5956,27,0.16502421,0.0001995
5957,27,0.16546983,0.0001995
5958,27,0.15938662,0.0001995
5959,27,0.15721020,0.0001996
5960,27,0.13676810,0.0001996
5961,27,0.18400948,0.0001996
5962,27,0.22256437,0.0001997
5963,27,0.16241771,0.0001997
5964,27,0.17200296,0.0001997
5965,27,0.13373627,0.0001998
5966,27,0.17123532,0.0001998
5967,27,0.14848235,0.0001998
5968,27,0.13695931,0.0001999
5969,27,0.18424153,0.0001999
5970,27,0.17182343,0.0001999
5971,27,0.12620340,0.0002
5972,27,0.15802598,0.0002
5973,27,0.17341742,0.0002
5974,27,0.18821877,0.0002
5975,27,0.18263695,0.0002
5976,27,0.15892154,0.0002
5977,27,0.16862747,0.0002
5978,27,0.13090555,0.0002
5979,27,0.13708779,0.0002
5980,27,0.15241545,0.0002
5981,27,0.17983803,0.0002
5982,27,0.16086772,0.0002
5983,27,0.20307904,0.00019999999
5984,27,0.18795970,0.00019999999
5985,27,0.17872849,0.00019999999
5986,27,0.17513543,0.00019999998
5987,27,0.18841243,0.00019999998
5988,27,0.18053937,0.00019999998
5989,27,0.16912828,0.00019999997
5990,27,0.18783686,0.00019999997
5991,27,0.18307655,0.00019999997
5992,27,0.15643650,0.00019999996
5993,27,0.13570783,0.00019999996
5994,27,0.19080943,0.00019999996
5995,27,0.14691035,0.00019999994
5996,27,0.13361001,0.00019999994
5997,27,0.17499131,0.00019999994
5998,27,0.14599451,0.00019999992
5999,27,0.16241318,0.00019999992
6000,27,0.17478916,0.00019999992
6001,27,0.14277010,0.0001999999
6002,27,0.14763016,0.0001999999
6003,27,0.15724787,0.0001999999
6004,27,0.15946972,0.00019999988
6005,27,0.16453910,0.00019999988
6006,27,0.21320888,0.00019999988
6007,27,0.13421160,0.00019999986
6008,27,0.16984062,0.00019999986
6009,27,0.19779870,0.00019999986
6010,27,0.19075063,0.00019999983
6011,27,0.20365128,0.00019999983
6012,27,0.18445230,0.00019999983
6013,27,0.19401716,0.0001999998
6014,27,0.15830825,0.0001999998
6015,27,0.20015489,0.0001999998
6016,27,0.16278268,0.00019999977
6017,27,0.14781007,0.00019999977
6018,27,0.19347841,0.00019999977
6019,27,0.19607477,0.00019999973
6020,27,0.17139070,0.00019999973
6021,27,0.16233057,0.00019999973
6022,27,0.15698428,0.0001999997
6023,27,0.19978860,0.0001999997
6024,27,0.18052042,0.0001999997
6025,27,0.15077873,0.00019999966
6026,27,0.18050653,0.00019999966
6027,27,0.17291594,0.00019999966
6028,27,0.22440302,0.00019999962
6029,27,0.17983207,0.00019999962
6030,27,0.19472560,0.00019999962
6031,27,0.16923925,0.00019999957
6032,27,0.17453352,0.00019999957
6033,27,0.15944736,0.00019999957
6034,27,0.18518975,0.00019999953
6035,27,0.18021248,0.00019999953
6036,27,0.17626855,0.00019999953
6037,27,0.17342660,0.00019999948
6038,27,0.16337521,0.00019999948
6039,27,0.15909004,0.00019999948
6040,27,0.16127074,0.00019999943
6041,27,0.14420018,0.00019999943
6042,27,0.16438891,0.00019999943
6043,27,0.17886239,0.00019999937
6044,27,0.16410409,0.00019999937
6045,27,0.18381712,0.00019999937
6046,27,0.15606451,0.00019999932
6047,27,0.17733467,0.00019999932
6048,27,0.16976094,0.00019999926
6049,28,0.17804448,0.00019999926
6050,28,0.14847808,0.00019999926
6051,28,0.15010124,0.0001999992
6052,28,0.17497516,0.0001999992
6053,28,0.16929385,0.0001999992
6054,28,0.16306326,0.00019999914
6055,28,0.17546140,0.00019999914
6056,28,0.15747316,0.00019999914
6057,28,0.18227564,0.00019999907
6058,28,0.16012758,0.00019999907
6059,28,0.18911986,0.00019999907
6060,28,0.18287981,0.000199999
6061,28,0.19816706,0.000199999
6062,28,0.13864207,0.000199999
6063,28,0.19619101,0.00019999893
6064,28,0.17483854,0.00019999893
6065,28,0.18560943,0.00019999893
6066,28,0.14930487,0.00019999886
6067,28,0.15961039,0.00019999886
6068,28,0.16814730,0.00019999886
6069,28,0.13384984,0.00019999879
6070,28,0.15657529,0.00019999879
6071,28,0.18895994,0.00019999879
6072,28,0.14589547,0.00019999871
6073,28,0.18225420,0.00019999871
6074,28,0.17305771,0.00019999871
6075,28,0.15441534,0.00019999863
6076,28,0.13935642,0.00019999863
6077,28,0.15311261,0.00019999863
6078,28,0.17555313,0.00019999855
6079,28,0.15571728,0.00019999855
6080,28,0.16529620,0.00019999855
6081,28,0.13179798,0.00019999846
6082,28,0.16269408,0.00019999846
6083,28,0.17970979,0.00019999846
6084,28,0.15425625,0.00019999838
6085,28,0.20557007,0.00019999838
6086,28,0.14982031,0.00019999838
6087,28,0.16604510,0.00019999829
6088,28,0.16968980,0.00019999829
6089,28,0.15059298,0.00019999829
6090,28,0.16447961,0.0001999982
6091,28,0.13362649,0.0001999982
6092,28,0.16498525,0.0001999982
6093,28,0.15955111,0.0001999981
6094,28,0.16333747,0.0001999981
6095,28,0.16943049,0.0001999981
6096,28,0.16295044,0.00019999801
6097,28,0.17505521,0.00019999801
6098,28,0.17832562,0.00019999801
6099,28,0.15984547,0.00019999791
6100,28,0.18676636,0.00019999791
6101,28,0.18388757,0.00019999791
6102,28,0.18994829,0.00019999781
6103,28,0.16905724,0.00019999781
6104,28,0.16803658,0.00019999781
6105,28,0.15474939,0.0001999977
6106,28,0.18720385,0.0001999977
6107,28,0.15276977,0.0001999977
6108,28,0.17406051,0.0001999976
6109,28,0.14803182,0.0001999976
6110,28,0.16601561,0.0001999976
6111,28,0.17025742,0.00019999749
6112,28,0.14117961,0.00019999749
6113,28,0.19508138,0.00019999749
6114,28,0.16530076,0.00019999738
6115,28,0.17791712,0.00019999738
6116,28,0.17230055,0.00019999738
6117,28,0.18098024,0.00019999727
6118,28,0.15048085,0.00019999727
6119,28,0.18408239,0.00019999727
6120,28,0.20227079,0.00019999715
6121,28,0.15608677,0.00019999715
6122,28,0.16902706,0.00019999715
6123,28,0.18122908,0.00019999704
6124,28,0.16627091,0.00019999704
6125,28,0.18713751,0.00019999704
6126,28,0.17380390,0.00019999692
6127,28,0.13374737,0.00019999692
6128,28,0.19165175,0.00019999692
6129,28,0.18227658,0.00019999679
6130,28,0.20399153,0.00019999679
6131,28,0.13850993,0.00019999679
6132,28,0.14868721,0.00019999667
6133,28,0.14412493,0.00019999667
6134,28,0.20070755,0.00019999667
6135,28,0.19378589,0.00019999654
6136,28,0.18492684,0.00019999654
6137,28,0.17830358,0.00019999654
6138,28,0.15981334,0.00019999641
6139,28,0.18747124,0.00019999641
6140,28,0.16211312,0.00019999641
6141,28,0.16219088,0.00019999628
6142,28,0.15346742,0.00019999628
6143,28,0.16524540,0.00019999628
6144,28,0.23555163,0.00019999615
6145,28,0.16175562,0.00019999615
6146,28,0.15219924,0.00019999615
6147,28,0.16754961,0.00019999601
6148,28,0.16284955,0.00019999601
6149,28,0.19084120,0.00019999601
6150,28,0.19202487,0.00019999587
6151,28,0.15887001,0.00019999587
6152,28,0.18627952,0.00019999587
6153,28,0.15227619,0.00019999573
6154,28,0.20780072,0.00019999573
6155,28,0.16880214,0.00019999573
6156,28,0.17758203,0.00019999559
6157,28,0.16281636,0.00019999559
6158,28,0.15784833,0.00019999559
6159,28,0.16710731,0.00019999544
6160,28,0.17736427,0.00019999544
6161,28,0.17107201,0.00019999544
6162,28,0.15585764,0.00019999529
6163,28,0.19103329,0.00019999529
6164,28,0.16315393,0.00019999529
6165,28,0.18521474,0.00019999514
6166,28,0.17357829,0.00019999514
6167,28,0.16250804,0.00019999514
6168,28,0.16548391,0.00019999499
6169,28,0.18253295,0.00019999499
6170,28,0.15294223,0.00019999499
6171,28,0.18089835,0.00019999483
6172,28,0.16143820,0.00019999483
6173,28,0.17665476,0.00019999483
6174,28,0.18849012,0.00019999468
6175,28,0.15563421,0.00019999468
6176,28,0.14676723,0.00019999468
6177,28,0.17129683,0.00019999452
6178,28,0.16344574,0.00019999452
6179,28,0.17534535,0.00019999452
6180,28,0.16355112,0.00019999435
6181,28,0.18762617,0.00019999435
6182,28,0.18619773,0.00019999435
6183,28,0.16770582,0.00019999419
6184,28,0.15641652,0.00019999419
6185,28,0.20533928,0.00019999419
6186,28,0.17694245,0.00019999402
6187,28,0.14424263,0.00019999402
6188,28,0.20253728,0.00019999402
6189,28,0.24125835,0.00019999385
6190,28,0.18219380,0.00019999385
6191,28,0.16276206,0.00019999385
6192,28,0.16524741,0.00019999368
6193,28,0.13733248,0.00019999368
6194,28,0.17608806,0.00019999368
6195,28,0.14109524,0.00019999351
6196,28,0.17277698,0.00019999351
6197,28,0.16829661,0.00019999351
6198,28,0.19504654,0.00019999333
6199,28,0.14309850,0.00019999333
6200,28,0.18643336,0.00019999333
6201,28,0.17225599,0.00019999315
6202,28,0.17060249,0.00019999315
6203,28,0.15776283,0.00019999315
6204,28,0.17342123,0.00019999297
6205,28,0.17998074,0.00019999297
6206,28,0.19715592,0.00019999297
6207,28,0.16328570,0.00019999279
6208,28,0.17740771,0.00019999279
6209,28,0.18256721,0.00019999279
6210,28,0.17566727,0.0001999926
6211,28,0.17760222,0.0001999926
6212,28,0.16895840,0.0001999926
6213,28,0.18435955,0.00019999241
6214,28,0.16634154,0.00019999241
6215,28,0.18675634,0.00019999241
6216,28,0.18880479,0.00019999222
6217,28,0.18420295,0.00019999222
6218,28,0.18821923,0.00019999222
6219,28,0.17554545,0.00019999203
6220,28,0.14286368,0.00019999203
6221,28,0.20106238,0.00019999203
6222,28,0.18395445,0.00019999183
6223,28,0.18184350,0.00019999183
6224,28,0.18135127,0.00019999183
6225,28,0.15145810,0.00019999163
6226,28,0.17093246,0.00019999163
6227,28,0.15863656,0.00019999163
6228,28,0.14810255,0.00019999143
6229,28,0.19001910,0.00019999143
6230,28,0.18583874,0.00019999143
6231,28,0.19262359,0.00019999123
6232,28,0.17649744,0.00019999123
6233,28,0.15922490,0.00019999123
6234,28,0.17697357,0.00019999102
6235,28,0.16146292,0.00019999102
6236,28,0.15749465,0.00019999102
6237,28,0.14723340,0.00019999082
6238,28,0.16362178,0.00019999082
6239,28,0.18180524,0.00019999082
6240,28,0.17201424,0.00019999061
6241,28,0.20243168,0.00019999061
6242,28,0.17243466,0.00019999061
6243,28,0.17722726,0.0001999904
6244,28,0.13893592,0.0001999904
6245,28,0.19532764,0.0001999904
6246,28,0.21462885,0.00019999018
6247,28,0.16611697,0.00019999018
6248,28,0.15250809,0.00019999018
6249,28,0.19600372,0.00019998996
6250,28,0.14069188,0.00019998996
6251,28,0.18208878,0.00019998996
6252,28,0.17340279,0.00019998974
6253,28,0.15393671,0.00019998974
6254,28,0.18183398,0.00019998974
6255,28,0.18703102,0.00019998952
6256,28,0.16642712,0.00019998952
6257,28,0.20898382,0.00019998952
6258,28,0.14944960,0.0001999893
6259,28,0.16399382,0.0001999893
6260,28,0.16356693,0.0001999893
6261,28,0.19084792,0.00019998907
6262,28,0.17916775,0.00019998907
6263,28,0.18319938,0.00019998907
6264,28,0.14002761,0.00019998884
6265,28,0.18001327,0.00019998884
6266,28,0.17586040,0.00019998884
6267,28,0.17675798,0.00019998861
6268,28,0.18222623,0.00019998861
6269,28,0.16217369,0.00019998861
6270,28,0.16386247,0.00019998838
6271,28,0.19217119,0.00019998838
6272,28,0.18057421,0.00019998814
6273,29,0.18426542,0.00019998814
6274,29,0.20401590,0.00019998814
6275,29,0.14813885,0.0001999879
6276,29,0.14038032,0.0001999879
6277,29,0.16620934,0.0001999879
6278,29,0.16904800,0.00019998766
6279,29,0.14057678,0.00019998766
6280,29,0.15762106,0.00019998766
6281,29,0.20383060,0.00019998742
6282,29,0.18234698,0.00019998742
6283,29,0.16418293,0.00019998742
6284,29,0.19596204,0.00019998717
6285,29,0.14981051,0.00019998717
6286,29,0.19503304,0.00019998717
6287,29,0.17105949,0.00019998693
6288,29,0.13824725,0.00019998693
6289,29,0.20051372,0.00019998693
6290,29,0.18758142,0.00019998668
6291,29,0.14749241,0.00019998668
6292,29,0.17314973,0.00019998668
6293,29,0.15917283,0.00019998642
6294,29,0.17109823,0.00019998642
6295,29,0.15153961,0.00019998642
6296,29,0.17548597,0.00019998617
6297,29,0.17307824,0.00019998617
6298,29,0.17098105,0.00019998617
6299,29,0.18540749,0.00019998591
6300,29,0.16061023,0.00019998591
6301,29,0.16093044,0.00019998591
6302,29,0.14632300,0.00019998565
6303,29,0.17699677,0.00019998565
6304,29,0.16843018,0.00019998565
6305,29,0.16056639,0.00019998539
6306,29,0.17876314,0.00019998539
6307,29,0.18224317,0.00019998539
6308,29,0.17165892,0.00019998513
6309,29,0.20009744,0.00019998513
6310,29,0.16535574,0.00019998513
6311,29,0.20343316,0.00019998486
6312,29,0.15308051,0.00019998486
6313,29,0.17534381,0.00019998486
6314,29,0.17558265,0.00019998459
6315,29,0.16066402,0.00019998459
6316,29,0.15231584,0.00019998459
6317,29,0.15925257,0.00019998432
6318,29,0.15518059,0.00019998432
6319,29,0.19191444,0.00019998432
6320,29,0.15631637,0.00019998404
6321,29,0.17049578,0.00019998404
6322,29,0.19834821,0.00019998404
6323,29,0.19699959,0.00019998377
6324,29,0.16997048,0.00019998377
6325,29,0.20856500,0.00019998377
6326,29,0.19866604,0.00019998349
6327,29,0.17153499,0.00019998349
6328,29,0.16105278,0.00019998349
6329,29,0.19207266,0.00019998321
6330,29,0.17071912,0.00019998321
6331,29,0.20600438,0.00019998321
6332,29,0.17882892,0.00019998293
6333,29,0.17724696,0.00019998293
6334,29,0.18629313,0.00019998293
6335,29,0.17096692,0.00019998264
6336,29,0.17561054,0.00019998264
6337,29,0.15627313,0.00019998264
6338,29,0.14408298,0.00019998235
6339,29,0.16472208,0.00019998235
6340,29,0.18194436,0.00019998235
6341,29,0.17148924,0.00019998206
6342,29,0.15920268,0.00019998206
6343,29,0.16113359,0.00019998206
6344,29,0.16833942,0.00019998177
6345,29,0.19401538,0.00019998177
6346,29,0.15806323,0.00019998177
6347,29,0.22673175,0.00019998147
6348,29,0.16768621,0.00019998147
6349,29,0.15420333,0.00019998147
6350,29,0.18222812,0.00019998117
6351,29,0.17332625,0.00019998117
6352,29,0.17107157,0.00019998117
6353,29,0.18590254,0.00019998087
6354,29,0.16507521,0.00019998087
6355,29,0.16352722,0.00019998087
6356,29,0.18169880,0.00019998057
6357,29,0.20215887,0.00019998057
6358,29,0.15957628,0.00019998057
6359,29,0.18325202,0.00019998027
6360,29,0.20575866,0.00019998027
6361,29,0.18514702,0.00019998027
6362,29,0.19359955,0.00019997996
6363,29,0.18870261,0.00019997996
6364,29,0.19400346,0.00019997996
6365,29,0.15803340,0.00019997965
6366,29,0.17393772,0.00019997965
6367,29,0.19040346,0.00019997965
6368,29,0.17469554,0.00019997934
6369,29,0.15379092,0.00019997934
6370,29,0.17184252,0.00019997934
6371,29,0.15479797,0.00019997903
6372,29,0.17938773,0.00019997903
6373,29,0.17945664,0.00019997903
6374,29,0.19453554,0.00019997871
6375,29,0.20153949,0.00019997871
6376,29,0.14275619,0.00019997871
6377,29,0.16610621,0.00019997839
6378,29,0.16375248,0.00019997839
6379,29,0.18731365,0.00019997839
6380,29,0.18386364,0.00019997807
6381,29,0.17732994,0.00019997807
6382,29,0.14988752,0.00019997807
6383,29,0.20498499,0.00019997774
6384,29,0.19870135,0.00019997774
6385,29,0.16613738,0.00019997774
6386,29,0.15981828,0.00019997742
6387,29,0.20204264,0.00019997742
6388,29,0.17714158,0.00019997742
6389,29,0.14573523,0.00019997709
6390,29,0.16130337,0.00019997709
6391,29,0.18133959,0.00019997709
6392,29,0.18634215,0.00019997676
6393,29,0.15715240,0.00019997676
6394,29,0.14066575,0.00019997676
6395,29,0.15621170,0.00019997643
6396,29,0.18179119,0.00019997643
6397,29,0.12600602,0.00019997643
6398,29,0.18301976,0.00019997609
6399,29,0.14708601,0.00019997609
6400,29,0.14151698,0.00019997609
6401,29,0.13787398,0.00019997575
6402,29,0.13554364,0.00019997575
6403,29,0.15075022,0.00019997575
6404,29,0.15641990,0.00019997541
6405,29,0.15201396,0.00019997541
6406,29,0.15501101,0.00019997541
6407,29,0.16210133,0.00019997507
6408,29,0.16603450,0.00019997507
6409,29,0.14635763,0.00019997507
6410,29,0.17625920,0.00019997472
6411,29,0.21714199,0.00019997472
6412,29,0.15444273,0.00019997472
6413,29,0.16662835,0.00019997438
6414,29,0.17795448,0.00019997438
6415,29,0.16303462,0.00019997438
6416,29,0.18201301,0.00019997403
6417,29,0.16219036,0.00019997403
6418,29,0.15528697,0.00019997403
6419,29,0.17374724,0.00019997368
6420,29,0.16701064,0.00019997368
6421,29,0.19159123,0.00019997368
6422,29,0.16547728,0.00019997332
6423,29,0.15259603,0.00019997332
6424,29,0.14582890,0.00019997332
6425,29,0.14397429,0.00019997296
6426,29,0.16075385,0.00019997296
6427,29,0.18119775,0.00019997296
6428,29,0.17343473,0.0001999726
6429,29,0.17420612,0.0001999726
6430,29,0.18226688,0.0001999726
6431,29,0.16593954,0.00019997224
6432,29,0.16670236,0.00019997224
6433,29,0.18165436,0.00019997224
6434,29,0.15306099,0.00019997188
6435,29,0.15882860,0.00019997188
6436,29,0.17681441,0.00019997188
6437,29,0.15918598,0.00019997151
6438,29,0.15615967,0.00019997151
6439,29,0.14698265,0.00019997151
6440,29,0.19610541,0.00019997114
6441,29,0.14427726,0.00019997114
6442,29,0.17224157,0.00019997114
6443,29,0.16272038,0.00019997077
6444,29,0.15258864,0.00019997077
6445,29,0.16593891,0.00019997077
6446,29,0.15569541,0.0001999704
6447,29,0.16968712,0.0001999704
6448,29,0.15438168,0.0001999704
6449,29,0.15241979,0.00019997002
6450,29,0.14706634,0.00019997002
6451,29,0.14596675,0.00019997002
6452,29,0.16212565,0.00019996965
6453,29,0.19208877,0.00019996965
6454,29,0.18888840,0.00019996965
6455,29,0.19379370,0.00019996926
6456,29,0.20608702,0.00019996926
6457,29,0.16428456,0.00019996926
6458,29,0.16113609,0.00019996888
6459,29,0.14952809,0.00019996888
6460,29,0.15008530,0.00019996888
6461,29,0.16023377,0.0001999685
6462,29,0.15869586,0.0001999685
6463,29,0.20082542,0.0001999685
6464,29,0.16291945,0.00019996811
6465,29,0.16957882,0.00019996811
6466,29,0.16707310,0.00019996811
6467,29,0.16241200,0.00019996772
6468,29,0.14115314,0.00019996772
6469,29,0.15431367,0.00019996772
6470,29,0.15862337,0.00019996733
6471,29,0.16055112,0.00019996733
6472,29,0.19220161,0.00019996733
6473,29,0.20891611,0.00019996693
6474,29,0.21357396,0.00019996693
6475,29,0.17829904,0.00019996693
6476,29,0.18586737,0.00019996653
6477,29,0.19388720,0.00019996653
6478,29,0.15600857,0.00019996653
6479,29,0.14603536,0.00019996613
6480,29,0.16357973,0.00019996613
6481,29,0.17564714,0.00019996613
6482,29,0.18530074,0.00019996573
6483,29,0.17041914,0.00019996573
6484,29,0.17029707,0.00019996573
6485,29,0.14445136,0.00019996533
6486,29,0.17312150,0.00019996533
6487,29,0.13997889,0.00019996533
6488,29,0.16466498,0.00019996492
6489,29,0.19993834,0.00019996492
6490,29,0.17118788,0.00019996492
6491,29,0.23273239,0.00019996451
6492,29,0.17584595,0.00019996451
6493,29,0.17778663,0.00019996451
6494,29,0.17450641,0.0001999641
6495,29,0.17590623,0.0001999641
6496,29,0.18526122,0.00019996369
6497,30,0.20178986,0.00019996369
6498,30,0.15660448,0.00019996369
6499,30,0.16757569,0.00019996327
6500,30,0.14959937,0.00019996327
6501,30,0.15762953,0.00019996327
6502,30,0.20511423,0.00019996285
6503,30,0.20503867,0.00019996285
6504,30,0.15719371,0.00019996285
6505,30,0.18556625,0.00019996243
6506,30,0.15266043,0.00019996243
6507,30,0.20552894,0.00019996243
6508,30,0.15759665,0.00019996201
6509,30,0.20088121,0.00019996201
6510,30,0.22384092,0.00019996201
6511,30,0.19700377,0.00019996158
6512,30,0.17959985,0.00019996158
6513,30,0.18618803,0.00019996158
6514,30,0.17283440,0.00019996115
6515,30,0.20088665,0.00019996115
6516,30,0.14344911,0.00019996115
6517,30,0.16431049,0.00019996072
6518,30,0.20213792,0.00019996072
6519,30,0.16036251,0.00019996072
6520,30,0.17592674,0.00019996029
6521,30,0.16436952,0.00019996029
6522,30,0.13232982,0.00019996029
6523,30,0.18098781,0.00019995986
6524,30,0.15450029,0.00019995986
6525,30,0.14574920,0.00019995986
6526,30,0.14287350,0.00019995942
6527,30,0.20396553,0.00019995942
6528,30,0.16591537,0.00019995942
6529,30,0.14286795,0.00019995898
6530,30,0.15469979,0.00019995898
6531,30,0.13266411,0.00019995898
6532,30,0.15759759,0.00019995854
6533,30,0.13707519,0.00019995854
6534,30,0.20430224,0.00019995854
6535,30,0.19783247,0.00019995809
6536,30,0.18553242,0.00019995809
6537,30,0.16740960,0.00019995809
6538,30,0.14802736,0.00019995765
6539,30,0.18256333,0.00019995765
6540,30,0.17491643,0.00019995765
6541,30,0.18844587,0.0001999572
6542,30,0.18086801,0.0001999572
6543,30,0.18345657,0.0001999572
6544,30,0.17154837,0.00019995674
6545,30,0.20581631,0.00019995674
6546,30,0.15884829,0.00019995674
6547,30,0.18176407,0.00019995629
6548,30,0.16866319,0.00019995629
6549,30,0.17479646,0.00019995629
6550,30,0.15634446,0.00019995583
6551,30,0.18407139,0.00019995583
6552,30,0.15232608,0.00019995583
6553,30,0.16036946,0.00019995537
6554,30,0.15557431,0.00019995537
6555,30,0.17802493,0.00019995537
6556,30,0.16643123,0.00019995491
6557,30,0.15812206,0.00019995491
6558,30,0.14164561,0.00019995491
6559,30,0.17367736,0.00019995445
6560,30,0.14499459,0.00019995445
6561,30,0.18776277,0.00019995445
6562,30,0.14737841,0.00019995398
6563,30,0.14019887,0.00019995398
6564,30,0.16360000,0.00019995398
6565,30,0.14612426,0.00019995352
6566,30,0.17095646,0.00019995352
6567,30,0.17192070,0.00019995352
6568,30,0.18342933,0.00019995305
6569,30,0.18284568,0.00019995305
6570,30,0.20606694,0.00019995305
6571,30,0.15609147,0.00019995257
6572,30,0.16065052,0.00019995257
6573,30,0.15548286,0.00019995257
6574,30,0.19231665,0.0001999521
6575,30,0.19252098,0.0001999521
6576,30,0.16279912,0.0001999521
6577,30,0.20438604,0.00019995162
6578,30,0.17209023,0.00019995162
6579,30,0.16879456,0.00019995162
6580,30,0.15690336,0.00019995114
6581,30,0.15941750,0.00019995114
6582,30,0.14341085,0.00019995114
6583,30,0.15931262,0.00019995066
6584,30,0.19336891,0.00019995066
6585,30,0.18472867,0.00019995066
6586,30,0.20106678,0.00019995017
6587,30,0.15716964,0.00019995017
6588,30,0.13650715,0.00019995017
6589,30,0.17280339,0.00019994968
6590,30,0.15802327,0.00019994968
6591,30,0.15960163,0.00019994968
6592,30,0.14535485,0.00019994919
6593,30,0.21409540,0.00019994919
6594,30,0.16672520,0.00019994919
6595,30,0.17834195,0.0001999487
6596,30,0.16005617,0.0001999487
6597,30,0.17586599,0.0001999487
6598,30,0.19122112,0.00019994821
6599,30,0.18960826,0.00019994821
6600,30,0.17490666,0.00019994821
6601,30,0.18769428,0.00019994771
6602,30,0.17565763,0.00019994771
6603,30,0.17239997,0.00019994771
6604,30,0.16126674,0.00019994721
6605,30,0.16119331,0.00019994721
6606,30,0.16707008,0.00019994721
6607,30,0.17782848,0.00019994671
6608,30,0.18974766,0.00019994671
6609,30,0.19473124,0.00019994671
6610,30,0.16696422,0.00019994621
6611,30,0.18778163,0.00019994621
6612,30,0.19352460,0.00019994621
6613,30,0.18062153,0.0001999457
6614,30,0.14455685,0.0001999457
6615,30,0.16806994,0.0001999457
6616,30,0.17624092,0.00019994519
6617,30,0.15840055,0.00019994519
6618,30,0.19317013,0.00019994519
6619,30,0.18381093,0.00019994468
6620,30,0.15690270,0.00019994468
6621,30,0.13921510,0.00019994468
6622,30,0.16257168,0.00019994417
6623,30,0.19029443,0.00019994417
6624,30,0.17471799,0.00019994417
6625,30,0.19350991,0.00019994365
6626,30,0.16669369,0.00019994365
6627,30,0.19144902,0.00019994365
6628,30,0.18072486,0.00019994313
6629,30,0.15865396,0.00019994313
6630,30,0.18676691,0.00019994313
6631,30,0.16672121,0.00019994261
6632,30,0.18392675,0.00019994261
6633,30,0.14708450,0.00019994261
6634,30,0.15255243,0.00019994209
6635,30,0.15211290,0.00019994209
6636,30,0.14076859,0.00019994209
6637,30,0.16860494,0.00019994156
6638,30,0.16604596,0.00019994156
6639,30,0.16590390,0.00019994156
6640,30,0.14192230,0.00019994104
6641,30,0.14452821,0.00019994104
6642,30,0.20806825,0.00019994104
6643,30,0.15940249,0.00019994051
6644,30,0.14486495,0.00019994051
6645,30,0.16678071,0.00019994051
6646,30,0.15918517,0.00019993998
6647,30,0.15658179,0.00019993998
6648,30,0.16530950,0.00019993998
6649,30,0.17230844,0.00019993944
6650,30,0.14891857,0.00019993944
6651,30,0.17682306,0.00019993944
6652,30,0.15915439,0.0001999389
6653,30,0.15735212,0.0001999389
6654,30,0.14914806,0.0001999389
6655,30,0.16295619,0.00019993836
6656,30,0.16311988,0.00019993836
6657,30,0.19463716,0.00019993836
6658,30,0.13996528,0.00019993782
6659,30,0.17907369,0.00019993782
6660,30,0.19851248,0.00019993782
6661,30,0.16815183,0.00019993728
6662,30,0.19220454,0.00019993728
6663,30,0.17786053,0.00019993728
6664,30,0.16106682,0.00019993673
6665,30,0.16665412,0.00019993673
6666,30,0.17621398,0.00019993673
6667,30,0.18858576,0.00019993618
6668,30,0.19074088,0.00019993618
6669,30,0.17551832,0.00019993618
6670,30,0.16805767,0.00019993563
6671,30,0.18436718,0.00019993563
6672,30,0.13312387,0.00019993563
6673,30,0.17919919,0.00019993508
6674,30,0.17069635,0.00019993508
6675,30,0.19331799,0.00019993508
6676,30,0.15170220,0.00019993452
6677,30,0.15641633,0.00019993452
6678,30,0.17223972,0.00019993452
6679,30,0.17242503,0.00019993396
6680,30,0.15094179,0.00019993396
6681,30,0.13922638,0.00019993396
6682,30,0.17073193,0.0001999334
6683,30,0.23106723,0.0001999334
6684,30,0.18716328,0.0001999334
6685,30,0.20716903,0.00019993284
6686,30,0.15303506,0.00019993284
6687,30,0.16568150,0.00019993284
6688,30,0.16906123,0.00019993227
6689,30,0.15923816,0.00019993227
6690,30,0.15061766,0.00019993227
6691,30,0.15175173,0.00019993171
6692,30,0.13622779,0.00019993171
6693,30,0.14504413,0.00019993171
6694,30,0.13876238,0.00019993114
6695,30,0.14820227,0.00019993114
6696,30,0.20757914,0.00019993114
6697,30,0.15107849,0.00019993056
6698,30,0.21480058,0.00019993056
6699,30,0.15258190,0.00019993056
6700,30,0.16796014,0.00019992999
6701,30,0.18646221,0.00019992999
6702,30,0.13498427,0.00019992999
6703,30,0.16131143,0.00019992941
6704,30,0.16420892,0.00019992941
6705,30,0.14349662,0.00019992941
6706,30,0.19534491,0.00019992883
6707,30,0.17869964,0.00019992883
6708,30,0.15897024,0.00019992883
6709,30,0.20202816,0.00019992825
6710,30,0.17815921,0.00019992825
6711,30,0.19041799,0.00019992825
6712,30,0.15381449,0.00019992766
6713,30,0.22622286,0.00019992766
6714,30,0.20200138,0.00019992766
6715,30,0.17003480,0.00019992708
6716,30,0.16814159,0.00019992708
6717,30,0.21195738,0.00019992708
6718,30,0.13612947,0.00019992649
6719,30,0.14863257,0.00019992649
6720,30,0.17495334,0.0001999259
6721,31,0.16258791,0.0001999259
6722,31,0.14456664,0.0001999259
6723,31,0.15779382,0.0001999253
6724,31,0.17706800,0.0001999253
6725,31,0.17456268,0.0001999253
6726,31,0.18160009,0.00019992471
6727,31,0.13434768,0.00019992471
6728,31,0.19000506,0.00019992471
6729,31,0.15803629,0.00019992411
6730,31,0.22867993,0.00019992411
6731,31,0.17138134,0.00019992411
6732,31,0.14460140,0.00019992351
6733,31,0.20739636,0.00019992351
6734,31,0.21070942,0.00019992351
6735,31,0.14837426,0.0001999229
6736,31,0.16273324,0.0001999229
6737,31,0.18251714,0.0001999229
6738,31,0.16732895,0.0001999223
6739,31,0.16858529,0.0001999223
6740,31,0.16637336,0.0001999223
6741,31,0.16882449,0.00019992169
6742,31,0.19089346,0.00019992169
6743,31,0.16382118,0.00019992169
6744,31,0.19487624,0.00019992108
6745,31,0.17999727,0.00019992108
6746,31,0.16257928,0.00019992108
6747,31,0.17827778,0.00019992047
6748,31,0.16823606,0.00019992047
6749,31,0.16410464,0.00019992047
6750,31,0.20530447,0.00019991985
6751,31,0.16960971,0.00019991985
6752,31,0.17743397,0.00019991985
6753,31,0.13140009,0.00019991923
6754,31,0.18576938,0.00019991923
6755,31,0.18004672,0.00019991923
6756,31,0.15186086,0.00019991861
6757,31,0.18932128,0.00019991861
6758,31,0.14485604,0.00019991861
6759,31,0.17780016,0.00019991799
6760,31,0.21450929,0.00019991799
6761,31,0.21146426,0.00019991799
6762,31,0.15574716,0.00019991737
6763,31,0.17517519,0.00019991737
6764,31,0.18174270,0.00019991737
6765,31,0.19536965,0.00019991674
6766,31,0.14843665,0.00019991674
6767,31,0.15103897,0.00019991674
6768,31,0.17234372,0.00019991611
6769,31,0.17065434,0.00019991611
6770,31,0.17259118,0.00019991611
6771,31,0.17109808,0.00019991548
6772,31,0.19251493,0.00019991548
6773,31,0.18410516,0.00019991548
6774,31,0.21459946,0.00019991484
6775,31,0.18325822,0.00019991484
6776,31,0.15791029,0.00019991484
6777,31,0.15822785,0.00019991421
6778,31,0.18950066,0.00019991421
6779,31,0.17053208,0.00019991421
6780,31,0.17547898,0.00019991357
6781,31,0.16313820,0.00019991357
6782,31,0.14094035,0.00019991357
6783,31,0.19740844,0.00019991293
6784,31,0.17369935,0.00019991293
6785,31,0.19819355,0.00019991293
6786,31,0.16355683,0.00019991228
6787,31,0.15781373,0.00019991228
6788,31,0.18988638,0.00019991228
6789,31,0.19067697,0.00019991164
6790,31,0.14910999,0.00019991164
6791,31,0.18502921,0.00019991164
6792,31,0.17187995,0.00019991099
6793,31,0.18294922,0.00019991099
6794,31,0.15717475,0.00019991099
6795,31,0.15996009,0.00019991034
6796,31,0.18985972,0.00019991034
6797,31,0.21247111,0.00019991034
6798,31,0.16707909,0.00019990968
6799,31,0.14651918,0.00019990968
6800,31,0.17029761,0.00019990968
6801,31,0.18005340,0.00019990903
6802,31,0.18222038,0.00019990903
6803,31,0.15224199,0.00019990903
6804,31,0.17255244,0.00019990837
6805,31,0.14826962,0.00019990837
6806,31,0.17609099,0.00019990837
6807,31,0.20218372,0.00019990771
6808,31,0.15591548,0.00019990771
6809,31,0.16460748,0.00019990771
6810,31,0.16196339,0.00019990705
6811,31,0.15699995,0.00019990705
6812,31,0.15180886,0.00019990705
6813,31,0.15557039,0.00019990638
6814,31,0.14313553,0.00019990638
6815,31,0.16651344,0.00019990638
6816,31,0.14851463,0.00019990572
6817,31,0.17522588,0.00019990572
6818,31,0.16704419,0.00019990572
6819,31,0.18549238,0.00019990505
6820,31,0.13512066,0.00019990505
6821,31,0.18634084,0.00019990505
6822,31,0.16198924,0.00019990437
6823,31,0.13936979,0.00019990437
6824,31,0.19964115,0.00019990437
6825,31,0.15092263,0.0001999037
6826,31,0.19326195,0.0001999037
6827,31,0.15080172,0.0001999037
6828,31,0.14909793,0.00019990302
6829,31,0.16476151,0.00019990302
6830,31,0.19534531,0.00019990302
6831,31,0.18400151,0.00019990234
6832,31,0.17702352,0.00019990234
6833,31,0.15556380,0.00019990234
6834,31,0.16765206,0.00019990166
6835,31,0.17975251,0.00019990166
6836,31,0.21269098,0.00019990166
6837,31,0.19160919,0.00019990098
6838,31,0.16370995,0.00019990098
6839,31,0.15314633,0.00019990098
6840,31,0.18175267,0.00019990029
6841,31,0.15162705,0.00019990029
6842,31,0.19265923,0.00019990029
6843,31,0.18470037,0.0001998996
6844,31,0.17664383,0.0001998996
6845,31,0.15661794,0.0001998996
6846,31,0.16827852,0.00019989891
6847,31,0.18479714,0.00019989891
6848,31,0.16126296,0.00019989891
6849,31,0.18758976,0.00019989822
6850,31,0.17518018,0.00019989822
6851,31,0.19417278,0.00019989822
6852,31,0.17545693,0.00019989752
6853,31,0.15747255,0.00019989752
6854,31,0.18619117,0.00019989752
6855,31,0.14778557,0.00019989682
6856,31,0.19340175,0.00019989682
6857,31,0.15421852,0.00019989682
6858,31,0.15113911,0.00019989612
6859,31,0.16517822,0.00019989612
6860,31,0.19694017,0.00019989612
6861,31,0.13939744,0.00019989542
6862,31,0.16849498,0.00019989542
6863,31,0.19951497,0.00019989542
6864,31,0.17874460,0.00019989472
6865,31,0.13163921,0.00019989472
6866,31,0.13930313,0.00019989472
6867,31,0.16216335,0.00019989401
6868,31,0.15369579,0.00019989401
6869,31,0.17032182,0.00019989401
6870,31,0.17492470,0.0001998933
6871,31,0.17877838,0.0001998933
6872,31,0.17159599,0.0001998933
6873,31,0.17149293,0.00019989259
6874,31,0.16183972,0.00019989259
6875,31,0.14777882,0.00019989259
6876,31,0.14330171,0.00019989187
6877,31,0.21144262,0.00019989187
6878,31,0.17135513,0.00019989187
6879,31,0.15733512,0.00019989115
6880,31,0.17820588,0.00019989115
6881,31,0.16047040,0.00019989115
6882,31,0.17547493,0.00019989043
6883,31,0.15947814,0.00019989043
6884,31,0.16042894,0.00019989043
6885,31,0.18098903,0.00019988971
6886,31,0.20918974,0.00019988971
6887,31,0.16326830,0.00019988971
6888,31,0.18766877,0.00019988899
6889,31,0.15411574,0.00019988899
6890,31,0.17217909,0.00019988899
6891,31,0.19459200,0.00019988826
6892,31,0.16153270,0.00019988826
6893,31,0.15932703,0.00019988826
6894,31,0.19194081,0.00019988753
6895,31,0.18065542,0.00019988753
6896,31,0.17778799,0.00019988753
6897,31,0.14681250,0.0001998868
6898,31,0.18064272,0.0001998868
6899,31,0.16256052,0.0001998868
6900,31,0.13890870,0.00019988607
6901,31,0.16852069,0.00019988607
6902,31,0.13401589,0.00019988607
6903,31,0.18015485,0.00019988533
6904,31,0.19468084,0.00019988533
6905,31,0.13885862,0.00019988533
6906,31,0.13784353,0.00019988459
6907,31,0.17279309,0.00019988459
6908,31,0.17523369,0.00019988459
6909,31,0.15477329,0.00019988385
6910,31,0.13677576,0.00019988385
6911,31,0.15741692,0.00019988385
6912,31,0.16692144,0.00019988311
6913,31,0.20090847,0.00019988311
6914,31,0.16358328,0.00019988311
6915,31,0.16846034,0.00019988236
6916,31,0.15848845,0.00019988236
6917,31,0.14002717,0.00019988236
6918,31,0.15464607,0.00019988161
6919,31,0.16880408,0.00019988161
6920,31,0.14575683,0.00019988161
6921,31,0.18190214,0.00019988086
6922,31,0.16433877,0.00019988086
6923,31,0.17056100,0.00019988086
6924,31,0.18616766,0.00019988011
6925,31,0.19167005,0.00019988011
6926,31,0.17225139,0.00019988011
6927,31,0.16639012,0.00019987936
6928,31,0.17630994,0.00019987936
6929,31,0.18008392,0.00019987936
6930,31,0.16426504,0.0001998786
6931,31,0.15440081,0.0001998786
6932,31,0.20059383,0.0001998786
6933,31,0.16426781,0.00019987784
6934,31,0.15332924,0.00019987784
6935,31,0.17339814,0.00019987784
6936,31,0.17266887,0.00019987708
6937,31,0.18417887,0.00019987708
6938,31,0.14695647,0.00019987708
6939,31,0.18767165,0.00019987631
6940,31,0.15506601,0.00019987631
6941,31,0.17482644,0.00019987631
6942,31,0.18325612,0.00019987555
6943,31,0.18055801,0.00019987555
6944,31,0.17278418,0.00019987478
6945,32,0.14485821,0.00019987478
6946,32,0.17445837,0.00019987478
6947,32,0.16928808,0.000199874
6948,32,0.18060111,0.000199874
6949,32,0.16194610,0.000199874
6950,32,0.15158466,0.00019987323
6951,32,0.16390765,0.00019987323
6952,32,0.16813187,0.00019987323
6953,32,0.21650013,0.00019987245
6954,32,0.17450619,0.00019987245
6955,32,0.21554539,0.00019987245
6956,32,0.16244017,0.00019987168
6957,32,0.17065391,0.00019987168
6958,32,0.18858258,0.00019987168
6959,32,0.18808679,0.00019987089
6960,32,0.17742416,0.00019987089
6961,32,0.14186341,0.00019987089
6962,32,0.17372894,0.00019987011
6963,32,0.17756252,0.00019987011
6964,32,0.18258457,0.00019987011
6965,32,0.17764500,0.00019986933
6966,32,0.16302294,0.00019986933
6967,32,0.20000052,0.00019986933
6968,32,0.14363116,0.00019986854
6969,32,0.15561479,0.00019986854
6970,32,0.16062397,0.00019986854
6971,32,0.18402478,0.00019986775
6972,32,0.18557766,0.00019986775
6973,32,0.17823371,0.00019986775
6974,32,0.14758268,0.00019986695
6975,32,0.17243299,0.00019986695
6976,32,0.18493512,0.00019986695
6977,32,0.15590605,0.00019986616
6978,32,0.18162882,0.00019986616
6979,32,0.13481043,0.00019986616
6980,32,0.18510172,0.00019986536
6981,32,0.14779311,0.00019986536
6982,32,0.15535560,0.00019986536
6983,32,0.16513562,0.00019986456
6984,32,0.15490603,0.00019986456
6985,32,0.15690911,0.00019986456
6986,32,0.19436380,0.00019986376
6987,32,0.22873196,0.00019986376
6988,32,0.18880074,0.00019986376
6989,32,0.17076504,0.00019986295
6990,32,0.19079053,0.00019986295
6991,32,0.15864339,0.00019986295
6992,32,0.17992580,0.00019986215
6993,32,0.17364860,0.00019986215
6994,32,0.17072818,0.00019986215
6995,32,0.14437304,0.00019986134
6996,32,0.18354630,0.00019986134
6997,32,0.15770411,0.00019986134
6998,32,0.16468333,0.00019986052
6999,32,0.17452046,0.00019986052
7000,32,0.16106576,0.00019986052
7001,32,0.16599974,0.00019985971
7002,32,0.17434469,0.00019985971
7003,32,0.17747521,0.00019985971
7004,32,0.15968987,0.00019985889
7005,32,0.15625310,0.00019985889
7006,32,0.14886945,0.00019985889
7007,32,0.16287369,0.00019985808
7008,32,0.19175196,0.00019985808
7009,32,0.18540101,0.00019985808
7010,32,0.17877808,0.00019985725
7011,32,0.15959382,0.00019985725
7012,32,0.15082890,0.00019985725
7013,32,0.18589258,0.00019985643
7014,32,0.15450880,0.00019985643
7015,32,0.20661733,0.00019985643
7016,32,0.18452875,0.0001998556
7017,32,0.15865204,0.0001998556
7018,32,0.15377364,0.0001998556
7019,32,0.16385955,0.00019985478
7020,32,0.14550856,0.00019985478
7021,32,0.18060736,0.00019985478
7022,32,0.13234837,0.00019985394
7023,32,0.18402772,0.00019985394
7024,32,0.14350128,0.00019985394
7025,32,0.15285379,0.00019985311
7026,32,0.18252096,0.00019985311
7027,32,0.15491745,0.00019985311
7028,32,0.15222713,0.00019985228
7029,32,0.15665948,0.00019985228
7030,32,0.18301520,0.00019985228
7031,32,0.16869569,0.00019985144
7032,32,0.16791837,0.00019985144
7033,32,0.15969777,0.00019985144
7034,32,0.15994933,0.0001998506
7035,32,0.18492286,0.0001998506
7036,32,0.17444754,0.0001998506
7037,32,0.16019957,0.00019984975
7038,32,0.13713998,0.00019984975
7039,32,0.18243031,0.00019984975
7040,32,0.19489817,0.00019984891
7041,32,0.15120322,0.00019984891
7042,32,0.15175304,0.00019984891
7043,32,0.18739626,0.00019984806
7044,32,0.22504327,0.00019984806
7045,32,0.17464623,0.00019984806
7046,32,0.17654459,0.00019984721
7047,32,0.14911377,0.00019984721
7048,32,0.15581727,0.00019984721
7049,32,0.17791495,0.00019984636
7050,32,0.17547652,0.00019984636
7051,32,0.19756576,0.00019984636
7052,32,0.17581412,0.00019984551
7053,32,0.21613185,0.00019984551
7054,32,0.16290756,0.00019984551
7055,32,0.14189798,0.00019984465
7056,32,0.16446739,0.00019984465
7057,32,0.13835411,0.00019984465
7058,32,0.13860753,0.00019984379
7059,32,0.18875429,0.00019984379
7060,32,0.15343922,0.00019984379
7061,32,0.15272836,0.00019984293
7062,32,0.16930100,0.00019984293
7063,32,0.14961717,0.00019984293
7064,32,0.22663295,0.00019984206
7065,32,0.14640218,0.00019984206
7066,32,0.21685158,0.00019984206
7067,32,0.17813668,0.0001998412
7068,32,0.14061144,0.0001998412
7069,32,0.18888991,0.0001998412
7070,32,0.19250998,0.00019984033
7071,32,0.14406249,0.00019984033
7072,32,0.17374352,0.00019984033
7073,32,0.14988638,0.00019983946
7074,32,0.17061536,0.00019983946
7075,32,0.14514087,0.00019983946
7076,32,0.14391433,0.00019983858
7077,32,0.14730102,0.00019983858
7078,32,0.16217026,0.00019983858
7079,32,0.14545903,0.00019983771
7080,32,0.15038012,0.00019983771
7081,32,0.14916383,0.00019983771
7082,32,0.14615405,0.00019983683
7083,32,0.17836317,0.00019983683
7084,32,0.15486607,0.00019983683
7085,32,0.15573767,0.00019983595
7086,32,0.17031126,0.00019983595
7087,32,0.15189032,0.00019983595
7088,32,0.15999502,0.00019983507
7089,32,0.17008027,0.00019983507
7090,32,0.13458292,0.00019983507
7091,32,0.16053626,0.00019983418
7092,32,0.18077207,0.00019983418
7093,32,0.16431105,0.00019983418
7094,32,0.16811094,0.00019983329
7095,32,0.17419463,0.00019983329
7096,32,0.17800801,0.00019983329
7097,32,0.18704525,0.0001998324
7098,32,0.14481732,0.0001998324
7099,32,0.18389326,0.0001998324
7100,32,0.15320599,0.00019983151
7101,32,0.18027964,0.00019983151
7102,32,0.16277178,0.00019983151
7103,32,0.14214429,0.00019983062
7104,32,0.17123160,0.00019983062
7105,32,0.19732098,0.00019983062
7106,32,0.14452580,0.00019982972
7107,32,0.21131870,0.00019982972
7108,32,0.16561177,0.00019982972
7109,32,0.18721204,0.00019982882
7110,32,0.23583636,0.00019982882
7111,32,0.15605462,0.00019982882
7112,32,0.20167017,0.00019982792
7113,32,0.14534751,0.00019982792
7114,32,0.17311725,0.00019982792
7115,32,0.18765923,0.00019982701
7116,32,0.17039987,0.00019982701
7117,32,0.17076384,0.00019982701
7118,32,0.17276816,0.00019982611
7119,32,0.14815593,0.00019982611
7120,32,0.14280209,0.00019982611
7121,32,0.23244798,0.0001998252
7122,32,0.17947513,0.0001998252
7123,32,0.20443718,0.0001998252
7124,32,0.16622710,0.00019982429
7125,32,0.18969569,0.00019982429
7126,32,0.16743553,0.00019982429
7127,32,0.18665287,0.00019982337
7128,32,0.17772886,0.00019982337
7129,32,0.14659350,0.00019982337
7130,32,0.14485961,0.00019982246
7131,32,0.16181749,0.00019982246
7132,32,0.14547729,0.00019982246
7133,32,0.14430591,0.00019982154
7134,32,0.18269265,0.00019982154
7135,32,0.18333349,0.00019982154
7136,32,0.19830319,0.00019982062
7137,32,0.15320478,0.00019982062
7138,32,0.14875123,0.00019982062
7139,32,0.14137287,0.00019981969
7140,32,0.18662928,0.00019981969
7141,32,0.16752851,0.00019981969
7142,32,0.16747648,0.00019981877
7143,32,0.18396425,0.00019981877
7144,32,0.15875739,0.00019981877
7145,32,0.16776972,0.00019981784
7146,32,0.18424456,0.00019981784
7147,32,0.14561889,0.00019981784
7148,32,0.15627119,0.00019981691
7149,32,0.15090720,0.00019981691
7150,32,0.17119336,0.00019981691
7151,32,0.20711868,0.00019981598
7152,32,0.15055919,0.00019981598
7153,32,0.18115422,0.00019981598
7154,32,0.16782729,0.00019981504
7155,32,0.14940304,0.00019981504
7156,32,0.18420491,0.00019981504
7157,32,0.18375902,0.00019981411
7158,32,0.17055705,0.00019981411
7159,32,0.16291367,0.00019981411
7160,32,0.17367570,0.00019981317
7161,32,0.15191150,0.00019981317
7162,32,0.16938397,0.00019981317
7163,32,0.15992755,0.00019981222
7164,32,0.13255970,0.00019981222
7165,32,0.15964611,0.00019981222
7166,32,0.18217814,0.00019981128
7167,32,0.14652106,0.00019981128
7168,32,0.16035807,0.00019981033
7169,33,0.16205207,0.00019981033
7170,33,0.13742393,0.00019981033
7171,33,0.21036504,0.00019980938
7172,33,0.17003356,0.00019980938
7173,33,0.20001903,0.00019980938
7174,33,0.15160716,0.00019980843
7175,33,0.14549920,0.00019980843
7176,33,0.17129253,0.00019980843
7177,33,0.17198324,0.00019980748
7178,33,0.13445750,0.00019980748
7179,33,0.17049369,0.00019980748
7180,33,0.19744800,0.00019980652
7181,33,0.17480789,0.00019980652
7182,33,0.16880137,0.00019980652
7183,33,0.12631546,0.00019980556
7184,33,0.17990792,0.00019980556
7185,33,0.15782394,0.00019980556
7186,33,0.18691513,0.0001998046
7187,33,0.13198796,0.0001998046
7188,33,0.17151272,0.0001998046
7189,33,0.15533736,0.00019980364
7190,33,0.15955450,0.00019980364
7191,33,0.15154420,0.00019980364
7192,33,0.16786614,0.00019980267
7193,33,0.16693494,0.00019980267
7194,33,0.16492757,0.00019980267
7195,33,0.15722315,0.0001998017
7196,33,0.15682398,0.0001998017
7197,33,0.14342663,0.0001998017
7198,33,0.13930367,0.00019980073
7199,33,0.19005850,0.00019980073
7200,33,0.18562138,0.00019980073
7201,33,0.17153955,0.00019979976
7202,33,0.16664293,0.00019979976
7203,33,0.20486395,0.00019979976
7204,33,0.18349862,0.00019979879
7205,33,0.13636577,0.00019979879
7206,33,0.14937773,0.00019979879
7207,33,0.15853044,0.00019979781
7208,33,0.13830553,0.00019979781
