step,epoch,loss,lr
1,1,1.36771011,4e-08
2,1,1.40288866,8e-08
3,1,1.38084579,8e-08
4,1,1.40518510,1.2e-07
5,1,1.41414917,1.2e-07
6,1,1.40854013,1.6e-07
7,1,1.38562524,1.6e-07
8,1,1.40473270,2e-07
9,1,1.37194669,2e-07
10,1,1.40428925,2.4e-07
11,1,1.41366327,2.4e-07
12,1,1.39161623,2.8e-07
13,1,1.37650847,2.8e-07
14,1,1.40519047,3.2e-07
15,1,1.40588605,3.2e-07
16,1,1.37578750,3.6e-07
17,1,1.39888191,3.6e-07
18,1,1.38904452,4e-07
19,1,1.36526048,4e-07
20,1,1.37419105,4.4e-07
21,1,1.41206360,4.4e-07
22,1,1.41820264,4.8e-07
23,1,1.38930058,4.8e-07
24,1,1.37840271,5.2e-07
25,1,1.40918636,5.2e-07
26,1,1.37791157,5.6e-07
27,1,1.37216222,5.6e-07
28,1,1.39182353,6e-07
29,1,1.37796664,6e-07
30,1,1.37213039,6.4e-07
31,1,1.34512424,6.4e-07
32,1,1.38465869,6.8e-07
33,1,1.37902236,6.8e-07
34,1,1.37176204,7.2e-07
35,1,1.40332782,7.2e-07
36,1,1.39410734,7.6e-07
37,1,1.38508117,7.6e-07
38,1,1.39172435,8e-07
39,1,1.34729517,8e-07
40,1,1.36747587,8.4e-07
41,1,1.37552023,8.4e-07
42,1,1.37560356,8.8e-07
43,1,1.36661899,8.8e-07
44,1,1.37043858,9.2e-07
45,1,1.38019991,9.2e-07
46,1,1.37132049,9.6e-07
47,1,1.37174070,9.6e-07
48,1,1.35950184,1e-06
49,1,1.33600211,1e-06
50,1,1.35219705,1.04e-06
51,1,1.36660898,1.04e-06
52,1,1.34280920,1.08e-06
53,1,1.35233915,1.08e-06
54,1,1.35938454,1.12e-06
55,1,1.36034942,1.12e-06
56,1,1.31801367,1.16e-06
57,1,1.34144187,1.16e-06
58,1,1.34022665,1.2e-06
59,1,1.36252713,1.2e-06
60,1,1.34932756,1.24e-06
61,1,1.35800159,1.24e-06
62,1,1.33766413,1.28e-06
63,1,1.35160375,1.28e-06
64,1,1.34191346,1.32e-06
65,1,1.36865091,1.32e-06
66,1,1.30833054,1.36e-06
67,1,1.32803273,1.36e-06
68,1,1.32837105,1.4e-06
69,1,1.32285786,1.4e-06
70,1,1.34767318,1.44e-06
71,1,1.31770778,1.44e-06
72,1,1.32736599,1.48e-06
73,1,1.32253122,1.48e-06
74,1,1.30244279,1.52e-06
75,1,1.31586719,1.52e-06
76,1,1.32860637,1.56e-06
77,1,1.30496526,1.56e-06
78,1,1.32938170,1.6e-06
79,1,1.30753970,1.6e-06
80,1,1.30964541,1.64e-06
81,1,1.31178737,1.64e-06
82,1,1.31506395,1.68e-06
83,1,1.30916882,1.68e-06
84,1,1.30583334,1.72e-06
85,1,1.29318416,1.72e-06
86,1,1.30308151,1.76e-06
87,1,1.26739287,1.76e-06
88,1,1.26536930,1.8e-06
89,1,1.28601980,1.8e-06
90,1,1.27470803,1.84e-06
91,1,1.27706957,1.84e-06
92,1,1.26054811,1.88e-06
93,1,1.31094348,1.88e-06
94,1,1.26371694,1.92e-06
95,1,1.28390765,1.92e-06
96,1,1.27670956,1.96e-06
97,1,1.27393079,1.96e-06
98,1,1.28418887,2e-06
99,1,1.25654697,2e-06
100,1,1.26322031,2.04e-06
101,1,1.25815964,2.04e-06
102,1,1.27172971,2.08e-06
103,1,1.24522471,2.08e-06
104,1,1.26452994,2.12e-06
105,1,1.25271845,2.12e-06
106,1,1.25799775,2.16e-06
107,1,1.25358367,2.16e-06
108,1,1.23366725,2.2e-06
109,1,1.23450577,2.2e-06
110,1,1.23893774,2.24e-06
111,1,1.24955797,2.24e-06
112,1,1.23120046,2.28e-06
113,1,1.24198341,2.28e-06
114,1,1.24101734,2.32e-06
115,1,1.24186075,2.32e-06
116,1,1.25700045,2.36e-06
117,1,1.23573256,2.36e-06
118,1,1.21457517,2.4e-06
119,1,1.22908235,2.4e-06
120,1,1.21836638,2.44e-06
121,1,1.22680962,2.44e-06
122,1,1.21235883,2.48e-06
123,1,1.23042285,2.48e-06
124,1,1.21711814,2.52e-06
125,1,1.22009873,2.52e-06
126,1,1.21960473,2.56e-06
127,1,1.20239639,2.56e-06
128,1,1.21012282,2.6e-06
129,1,1.21242094,2.6e-06
130,1,1.21039319,2.64e-06
131,1,1.18915486,2.64e-06
132,1,1.20236015,2.68e-06
133,1,1.19577503,2.68e-06
134,1,1.22028375,2.72e-06
135,1,1.20352459,2.72e-06
136,1,1.20896029,2.76e-06
137,1,1.18233418,2.76e-06
138,1,1.19331789,2.8e-06
139,1,1.19382048,2.8e-06
140,1,1.19910049,2.84e-06
141,1,1.19792616,2.84e-06
142,1,1.18184054,2.88e-06
143,1,1.17695069,2.88e-06
144,1,1.16885161,2.92e-06
145,1,1.17975175,2.92e-06
146,1,1.17874146,2.96e-06
147,1,1.19259155,2.96e-06
148,1,1.18160331,3e-06
149,1,1.18343389,3e-06
150,1,1.17598510,3.04e-06
151,1,1.18149757,3.04e-06
152,1,1.16744149,3.08e-06
153,1,1.16759861,3.08e-06
154,1,1.19422996,3.12e-06
155,1,1.16505837,3.12e-06
156,1,1.17226315,3.16e-06
157,1,1.17388427,3.16e-06
158,1,1.18715167,3.2e-06
159,1,1.14519060,3.2e-06
160,1,1.17058504,3.24e-06
161,1,1.15951097,3.24e-06
162,1,1.14323378,3.28e-06
163,1,1.15031087,3.28e-06
164,1,1.15586233,3.32e-06
165,1,1.16343379,3.32e-06
166,1,1.14523685,3.36e-06
167,1,1.15194488,3.36e-06
168,1,1.14948714,3.4e-06
169,1,1.16633773,3.4e-06
170,1,1.13990188,3.44e-06
171,1,1.14971578,3.44e-06
172,1,1.15194499,3.48e-06
173,1,1.12233615,3.48e-06
174,1,1.13698721,3.52e-06
175,1,1.14057779,3.52e-06
176,1,1.12607789,3.56e-06
177,1,1.13053799,3.56e-06
178,1,1.13039160,3.6e-06
179,1,1.12431073,3.6e-06
180,1,1.12805986,3.64e-06
181,1,1.11684561,3.64e-06
182,1,1.10836160,3.68e-06
183,1,1.12289989,3.68e-06
184,1,1.12173915,3.72e-06
185,1,1.10963953,3.72e-06
186,1,1.11260748,3.76e-06
187,1,1.10565317,3.76e-06
188,1,1.09778833,3.8e-06
189,1,1.09641171,3.8e-06
190,1,1.10273397,3.84e-06
191,1,1.09339499,3.84e-06
192,1,1.10458970,3.88e-06
193,1,1.09318471,3.88e-06
194,1,1.09956050,3.92e-06
195,1,1.07179475,3.92e-06
196,1,1.08049202,3.96e-06
197,1,1.08175731,3.96e-06
198,1,1.08268118,4e-06
199,1,1.07215333,4e-06
200,1,1.07762158,4.04e-06
201,1,1.07430756,4.04e-06
202,1,1.07331479,4.08e-06
203,1,1.07659054,4.08e-06
204,1,1.08818519,4.12e-06
205,1,1.07850432,4.12e-06
206,1,1.06890535,4.16e-06
207,1,1.05754626,4.16e-06
208,1,1.07705522,4.2e-06
209,1,1.07155681,4.2e-06
210,1,1.06016850,4.24e-06
211,1,1.06999588,4.24e-06
212,1,1.07817054,4.28e-06
213,1,1.05967891,4.28e-06
214,1,1.06749666,4.32e-06
215,1,1.05098677,4.32e-06
216,1,1.03812730,4.36e-06
217,1,1.04561996,4.36e-06
218,1,1.04191613,4.4e-06
219,1,1.05918360,4.4e-06
220,1,1.04437709,4.44e-06
221,1,1.06022680,4.44e-06
222,1,1.03641403,4.48e-06
223,1,1.03875804,4.48e-06
224,1,1.05058265,4.52e-06
225,1,1.03393126,4.52e-06
226,1,1.03159988,4.56e-06
227,1,1.03424573,4.56e-06
228,1,1.02815461,4.6e-06
229,1,1.02643621,4.6e-06
230,1,1.03345013,4.64e-06
231,1,1.03721809,4.64e-06
232,1,1.01384449,4.68e-06
233,1,1.01607263,4.68e-06
234,1,1.02470362,4.72e-06
235,1,1.00916243,4.72e-06
236,1,1.00523341,4.76e-06
237,1,1.00575280,4.76e-06
238,1,1.03518021,4.8e-06
239,1,1.00078607,4.8e-06
240,1,1.01190031,4.84e-06
241,1,1.01917374,4.84e-06
242,1,1.01334178,4.88e-06
243,1,1.00117028,4.88e-06
244,1,1.01822984,4.92e-06
245,1,0.97884130,4.92e-06
246,1,1.00741243,4.96e-06
247,1,1.00437498,4.96e-06
248,1,0.99527955,5e-06
249,1,0.98737836,5e-06
250,1,0.98405904,5.04e-06
251,1,0.98643541,5.04e-06
252,1,0.99616945,5.08e-06
253,1,0.98128927,5.08e-06
254,1,0.98393238,5.12e-06
255,1,0.97259396,5.12e-06
256,1,0.97909659,5.16e-06
257,1,0.97383189,5.16e-06
258,1,0.97860193,5.2e-06
259,1,0.97701824,5.2e-06
260,1,0.96750081,5.24e-06
261,1,0.97647846,5.24e-06
262,1,0.95813274,5.28e-06
263,1,0.97048461,5.28e-06
264,1,0.96229732,5.32e-06
265,1,0.94969815,5.32e-06
266,1,0.95796412,5.36e-06
267,1,0.95610607,5.36e-06
268,1,0.95624942,5.4e-06
269,1,0.94781435,5.4e-06
270,1,0.95153499,5.44e-06
271,1,0.94673216,5.44e-06
272,1,0.93691289,5.48e-06
273,1,0.92654455,5.48e-06
274,1,0.94475532,5.52e-06
275,1,0.94191062,5.52e-06
276,1,0.93224466,5.56e-06
277,1,0.94799495,5.56e-06
278,1,0.93671525,5.6e-06
279,1,0.92757320,5.6e-06
280,1,0.94818795,5.64e-06
281,1,0.92601681,5.64e-06
282,1,0.92768639,5.68e-06
283,1,0.91457742,5.68e-06
284,1,0.92810696,5.72e-06
285,1,0.91778314,5.72e-06
286,1,0.90723419,5.76e-06
287,1,0.91853285,5.76e-06
288,1,0.90699500,5.8e-06
289,1,0.90095842,5.8e-06
290,1,0.89933413,5.84e-06
291,1,0.91169667,5.84e-06
292,1,0.90525115,5.88e-06
293,1,0.88446754,5.88e-06
294,1,0.90545911,5.92e-06
295,1,0.87860405,5.92e-06
296,1,0.88024974,5.96e-06
297,1,0.88105857,5.96e-06
298,1,0.88574421,6e-06
299,1,0.87038559,6e-06
300,1,0.87783682,6.04e-06
301,1,0.88858175,6.04e-06
302,1,0.88289213,6.08e-06
303,1,0.87292308,6.08e-06
304,1,0.86069953,6.12e-06
305,1,0.87483072,6.12e-06
306,1,0.86492848,6.16e-06
307,1,0.87031400,6.16e-06
308,1,0.86357868,6.2e-06
309,1,0.85181016,6.2e-06
310,1,0.85658741,6.24e-06
311,1,0.84831351,6.24e-06
312,1,0.85888171,6.28e-06
313,1,0.84647834,6.28e-06
314,1,0.85448372,6.32e-06
315,1,0.83328074,6.32e-06
316,1,0.84098923,6.36e-06
317,1,0.82563245,6.36e-06
318,1,0.85319114,6.4e-06
319,1,0.83031332,6.4e-06
320,1,0.83379048,6.44e-06
321,1,0.83608049,6.44e-06
322,1,0.82062805,6.48e-06
323,1,0.81312943,6.48e-06
324,1,0.84746158,6.52e-06
325,1,0.80302662,6.52e-06
326,1,0.83442974,6.56e-06
327,1,0.81421518,6.56e-06
328,1,0.82207239,6.6e-06
329,1,0.81362438,6.6e-06
330,1,0.80089498,6.64e-06
331,1,0.80974710,6.64e-06
332,1,0.81416512,6.68e-06
333,1,0.81610298,6.68e-06
334,1,0.77972484,6.72e-06
335,1,0.79644531,6.72e-06
336,1,0.80953503,6.76e-06
337,1,0.78309393,6.76e-06
338,1,0.81694591,6.8e-06
339,1,0.79465687,6.8e-06
340,1,0.79516959,6.84e-06
341,1,0.77630985,6.84e-06
342,1,0.78131741,6.88e-06
343,1,0.79038835,6.88e-06
344,1,0.78315973,6.92e-06
345,1,0.77909648,6.92e-06
346,1,0.77811885,6.96e-06
347,1,0.75088376,6.96e-06
348,1,0.76880711,7e-06
349,1,0.75381696,7e-06
350,1,0.77464288,7.04e-06
351,1,0.75764942,7.04e-06
352,1,0.75822800,7.08e-06
353,1,0.76308775,7.08e-06
354,1,0.75482506,7.12e-06
355,1,0.76515257,7.12e-06
356,1,0.73444813,7.16e-06
357,1,0.75568199,7.16e-06
358,1,0.74573964,7.2e-06
359,1,0.72829217,7.2e-06
360,1,0.73717427,7.24e-06
361,1,0.73452920,7.24e-06
362,1,0.73614782,7.28e-06
363,1,0.72168130,7.28e-06
364,1,0.73622984,7.32e-06
365,1,0.74626362,7.32e-06
366,1,0.70426130,7.36e-06
367,1,0.71269500,7.36e-06
368,1,0.73652619,7.4e-06
369,1,0.71979380,7.4e-06
370,1,0.70522153,7.44e-06
371,1,0.69617742,7.44e-06
372,1,0.69082952,7.48e-06
373,1,0.67900789,7.48e-06
374,1,0.69192719,7.52e-06
375,1,0.68896723,7.52e-06
376,1,0.70434248,7.56e-06
377,1,0.68909442,7.56e-06
378,1,0.67869997,7.6e-06
379,1,0.66176367,7.6e-06
380,1,0.68497485,7.64e-06
381,1,0.67400664,7.64e-06
382,1,0.69030350,7.68e-06
383,1,0.68065012,7.68e-06
384,1,0.66857207,7.72e-06
385,1,0.70261908,7.72e-06
386,1,0.69001120,7.76e-06
387,1,0.66890848,7.76e-06
388,1,0.66482687,7.8e-06
389,1,0.63997591,7.8e-06
390,1,0.66420877,7.84e-06
391,2,0.68001449,7.84e-06
392,2,0.68762082,7.88e-06
393,2,0.65660238,7.88e-06
394,2,0.65858173,7.92e-06
395,2,0.64233202,7.92e-06
396,2,0.67430538,7.96e-06
397,2,0.62798554,7.96e-06
398,2,0.63065898,8e-06
399,2,0.62537307,8e-06
400,2,0.64826936,8.04e-06
401,2,0.64090019,8.04e-06
402,2,0.62639391,8.08e-06
403,2,0.63305843,8.08e-06
404,2,0.62844843,8.12e-06
405,2,0.59709162,8.12e-06
406,2,0.64427108,8.16e-06
407,2,0.62479824,8.16e-06
408,2,0.62092507,8.2e-06
409,2,0.60090846,8.2e-06
410,2,0.61297524,8.24e-06
411,2,0.57733148,8.24e-06
412,2,0.57517719,8.28e-06
413,2,0.61243969,8.28e-06
414,2,0.61467022,8.32e-06
415,2,0.59107733,8.32e-06
416,2,0.59084761,8.36e-06
417,2,0.58636701,8.36e-06
418,2,0.59523845,8.4e-06
419,2,0.59230423,8.4e-06
420,2,0.57244092,8.44e-06
421,2,0.57697344,8.44e-06
422,2,0.60418004,8.48e-06
423,2,0.60391378,8.48e-06
424,2,0.57544845,8.52e-06
425,2,0.58063948,8.52e-06
426,2,0.58679771,8.56e-06
427,2,0.58282065,8.56e-06
428,2,0.56753242,8.6e-06
429,2,0.58161962,8.6e-06
430,2,0.53796870,8.64e-06
431,2,0.57523227,8.64e-06
432,2,0.56393468,8.68e-06
433,2,0.59063607,8.68e-06
434,2,0.56203544,8.72e-06
435,2,0.54166591,8.72e-06
436,2,0.53808713,8.76e-06
437,2,0.54597449,8.76e-06
438,2,0.55126607,8.8e-06
439,2,0.52300966,8.8e-06
440,2,0.55682534,8.84e-06
441,2,0.53502506,8.84e-06
442,2,0.52854037,8.88e-06
443,2,0.50781077,8.88e-06
444,2,0.55093038,8.92e-06
445,2,0.52236575,8.92e-06
446,2,0.49040484,8.96e-06
447,2,0.52223682,8.96e-06
448,2,0.54407966,9e-06
449,2,0.52602935,9e-06
450,2,0.52848852,9.04e-06
451,2,0.52524555,9.04e-06
452,2,0.49912369,9.08e-06
453,2,0.52462137,9.08e-06
454,2,0.52936399,9.12e-06
455,2,0.51514357,9.12e-06
456,2,0.49787185,9.16e-06
457,2,0.52903706,9.16e-06
458,2,0.52071035,9.2e-06
459,2,0.49878615,9.2e-06
460,2,0.50088024,9.24e-06
461,2,0.50792384,9.24e-06
462,2,0.50306916,9.28e-06
463,2,0.47257513,9.28e-06
464,2,0.49868679,9.32e-06
465,2,0.51788664,9.32e-06
466,2,0.47065720,9.36e-06
467,2,0.49250144,9.36e-06
468,2,0.52798462,9.4e-06
469,2,0.51607311,9.4e-06
470,2,0.49313420,9.44e-06
471,2,0.47601733,9.44e-06
472,2,0.49461949,9.48e-06
473,2,0.47932276,9.48e-06
474,2,0.46830416,9.52e-06
475,2,0.47354603,9.52e-06
476,2,0.48967764,9.56e-06
477,2,0.49235409,9.56e-06
478,2,0.48692912,9.6e-06
479,2,0.47404021,9.6e-06
480,2,0.48035452,9.64e-06
481,2,0.47608018,9.64e-06
482,2,0.46794319,9.68e-06
483,2,0.46535391,9.68e-06
484,2,0.45847434,9.72e-06
485,2,0.46463484,9.72e-06
486,2,0.44558161,9.76e-06
487,2,0.46117410,9.76e-06
488,2,0.43524545,9.8e-06
489,2,0.49383652,9.8e-06
490,2,0.46750712,9.84e-06
491,2,0.46693668,9.84e-06
492,2,0.44772387,9.88e-06
493,2,0.48285460,9.88e-06
494,2,0.42619631,9.92e-06
495,2,0.47194296,9.92e-06
496,2,0.48962599,9.96e-06
497,2,0.46090639,9.96e-06
498,2,0.43091893,1e-05
499,2,0.45097232,1e-05
500,2,0.48503312,1.004e-05
501,2,0.44390243,1.004e-05
502,2,0.41189283,1.008e-05
503,2,0.44251353,1.008e-05
504,2,0.47602159,1.012e-05
505,2,0.45905340,1.012e-05
506,2,0.43175611,1.016e-05
507,2,0.45792279,1.016e-05
508,2,0.43779096,1.02e-05
509,2,0.45357689,1.02e-05
510,2,0.44777140,1.024e-05
511,2,0.46396512,1.024e-05
512,2,0.48658332,1.028e-05
513,2,0.43547273,1.028e-05
514,2,0.47604573,1.032e-05
515,2,0.46525094,1.032e-05
516,2,0.48509833,1.036e-05
517,2,0.43642926,1.036e-05
518,2,0.44571781,1.04e-05
519,2,0.39899683,1.04e-05
520,2,0.44986582,1.044e-05
521,2,0.44976959,1.044e-05
522,2,0.43411702,1.048e-05
523,2,0.43076739,1.048e-05
524,2,0.43681312,1.052e-05
525,2,0.41881824,1.052e-05
526,2,0.43274921,1.056e-05
527,2,0.42273778,1.056e-05
528,2,0.44605941,1.06e-05
529,2,0.41827220,1.06e-05
530,2,0.45633540,1.064e-05
531,2,0.43877941,1.064e-05
532,2,0.43892294,1.068e-05
533,2,0.41745627,1.068e-05
534,2,0.44637859,1.072e-05
535,2,0.39233035,1.072e-05
536,2,0.43683213,1.076e-05
537,2,0.44138393,1.076e-05
538,2,0.40796065,1.08e-05
539,2,0.42398962,1.08e-05
540,2,0.41510612,1.084e-05
541,2,0.39731860,1.084e-05
542,2,0.45008814,1.088e-05
543,2,0.43526506,1.088e-05
544,2,0.40299353,1.092e-05
545,2,0.39144492,1.092e-05
546,2,0.40636706,1.096e-05
547,2,0.39936823,1.096e-05
548,2,0.44271749,1.1e-05
549,2,0.40796804,1.1e-05
550,2,0.45530510,1.104e-05
551,2,0.43830329,1.104e-05
552,2,0.41258952,1.108e-05
553,2,0.43621108,1.108e-05
554,2,0.38928521,1.112e-05
555,2,0.44594663,1.112e-05
556,2,0.43741220,1.116e-05
557,2,0.40106416,1.116e-05
558,2,0.42890295,1.12e-05
559,2,0.43708509,1.12e-05
560,2,0.45254457,1.124e-05
561,2,0.40936217,1.124e-05
562,2,0.44661364,1.128e-05
563,2,0.40392208,1.128e-05
564,2,0.39346632,1.132e-05
565,2,0.39125866,1.132e-05
566,2,0.42345232,1.136e-05
567,2,0.41783056,1.136e-05
568,2,0.40284404,1.14e-05
569,2,0.42619944,1.14e-05
570,2,0.42969140,1.144e-05
571,2,0.41584644,1.144e-05
572,2,0.36698318,1.148e-05
573,2,0.41739506,1.148e-05
574,2,0.44146067,1.152e-05
575,2,0.39279160,1.152e-05
576,2,0.40670761,1.156e-05
577,2,0.41401908,1.156e-05
578,2,0.42796910,1.16e-05
579,2,0.40079841,1.16e-05
580,2,0.40775701,1.164e-05
581,2,0.40271282,1.164e-05
582,2,0.38809985,1.168e-05
583,2,0.38211191,1.168e-05
584,2,0.41672644,1.172e-05
585,2,0.41555867,1.172e-05
586,2,0.38414836,1.176e-05
587,2,0.40600133,1.176e-05
588,2,0.40294981,1.18e-05
589,2,0.39045414,1.18e-05
590,2,0.36162326,1.184e-05
591,2,0.39844036,1.184e-05
592,2,0.40751395,1.188e-05
593,2,0.39168501,1.188e-05
594,2,0.39414459,1.192e-05
595,2,0.41549656,1.192e-05
596,2,0.39291415,1.196e-05
597,2,0.37900758,1.196e-05
598,2,0.38882273,1.2e-05
599,2,0.39387083,1.2e-05
600,2,0.41954184,1.204e-05
601,2,0.36929128,1.204e-05
602,2,0.39751911,1.208e-05
603,2,0.37971652,1.208e-05
604,2,0.38178968,1.212e-05
605,2,0.37725347,1.212e-05
606,2,0.41971701,1.216e-05
607,2,0.38092420,1.216e-05
608,2,0.39986271,1.22e-05
609,2,0.37109134,1.22e-05
610,2,0.37878570,1.224e-05
611,2,0.41855976,1.224e-05
612,2,0.39983666,1.228e-05
613,2,0.36344418,1.228e-05
614,2,0.40631157,1.232e-05
615,2,0.37740588,1.232e-05
616,2,0.40813035,1.236e-05
617,2,0.43751651,1.236e-05
618,2,0.38978681,1.24e-05
619,2,0.40222782,1.24e-05
620,2,0.42591619,1.244e-05
621,2,0.39160717,1.244e-05
622,2,0.42902502,1.248e-05
623,2,0.44024920,1.248e-05
624,2,0.44564939,1.252e-05
625,2,0.39878625,1.252e-05
626,2,0.35510844,1.256e-05
627,2,0.39892492,1.256e-05
628,2,0.39265472,1.26e-05
629,2,0.36813569,1.26e-05
630,2,0.38028651,1.264e-05
631,2,0.38388824,1.264e-05
632,2,0.39506873,1.268e-05
633,2,0.37050790,1.268e-05
634,2,0.41885400,1.272e-05
635,2,0.39338803,1.272e-05
636,2,0.34691191,1.276e-05
637,2,0.38034415,1.276e-05
638,2,0.36332506,1.28e-05
639,2,0.36995053,1.28e-05
640,2,0.37160182,1.284e-05
641,2,0.37688428,1.284e-05
642,2,0.37577543,1.288e-05
643,2,0.38903922,1.288e-05
644,2,0.39544076,1.292e-05
645,2,0.37566572,1.292e-05
646,2,0.39907095,1.296e-05
647,2,0.39088726,1.296e-05
648,2,0.37360305,1.3e-05
649,2,0.39746475,1.3e-05
650,2,0.35915202,1.304e-05
651,2,0.38337106,1.304e-05
652,2,0.37834272,1.308e-05
653,2,0.39656305,1.308e-05
654,2,0.42568195,1.312e-05
655,2,0.35761243,1.312e-05
656,2,0.36771294,1.316e-05
657,2,0.38771242,1.316e-05
658,2,0.39663446,1.32e-05
659,2,0.37710652,1.32e-05
660,2,0.38721609,1.324e-05
661,2,0.34244084,1.324e-05
662,2,0.41875467,1.328e-05
663,2,0.39660689,1.328e-05
664,2,0.37850034,1.332e-05
665,2,0.38215822,1.332e-05
666,2,0.38663158,1.336e-05
667,2,0.38318413,1.336e-05
668,2,0.38243842,1.34e-05
669,2,0.36964378,1.34e-05
670,2,0.35736424,1.344e-05
671,2,0.38084245,1.344e-05
672,2,0.33868182,1.348e-05
673,2,0.37838086,1.348e-05
674,2,0.41341585,1.352e-05
675,2,0.38497314,1.352e-05
676,2,0.32733840,1.356e-05
677,2,0.38361427,1.356e-05
678,2,0.38375506,1.36e-05
679,2,0.37731609,1.36e-05
680,2,0.38636419,1.364e-05
681,2,0.35843670,1.364e-05
682,2,0.35561952,1.368e-05
683,2,0.38934052,1.368e-05
684,2,0.36307907,1.372e-05
685,2,0.35181889,1.372e-05
686,2,0.36326751,1.376e-05
687,2,0.34531832,1.376e-05
688,2,0.34449714,1.38e-05
689,2,0.37031168,1.38e-05
690,2,0.37780905,1.384e-05
691,2,0.33975181,1.384e-05
692,2,0.36729774,1.388e-05
693,2,0.35853153,1.388e-05
694,2,0.37556097,1.392e-05
695,2,0.37494868,1.392e-05
696,2,0.35921884,1.396e-05
697,2,0.35959506,1.396e-05
698,2,0.37844771,1.4e-05
699,2,0.37992013,1.4e-05
700,2,0.39783594,1.404e-05
701,2,0.37656260,1.404e-05
702,2,0.37300014,1.408e-05
703,2,0.37463674,1.408e-05
704,2,0.38441044,1.412e-05
705,2,0.37271190,1.412e-05
706,2,0.35886633,1.416e-05
707,2,0.38318652,1.416e-05
708,2,0.34458527,1.42e-05
709,2,0.36432993,1.42e-05
710,2,0.35268140,1.424e-05
711,2,0.34016079,1.424e-05
712,2,0.36234969,1.428e-05
713,2,0.36734265,1.428e-05
714,2,0.39652038,1.432e-05
715,2,0.36764035,1.432e-05
716,2,0.35387278,1.436e-05
717,2,0.34865758,1.436e-05
718,2,0.37397903,1.44e-05
719,2,0.34257621,1.44e-05
720,2,0.35256785,1.444e-05
721,2,0.34693608,1.444e-05
722,2,0.36930642,1.448e-05
723,2,0.34827369,1.448e-05
724,2,0.34714279,1.452e-05
725,2,0.33255059,1.452e-05
726,2,0.37437236,1.456e-05
727,2,0.34322983,1.456e-05
728,2,0.35906303,1.46e-05
729,2,0.37135446,1.46e-05
730,2,0.37071282,1.464e-05
731,2,0.37114152,1.464e-05
732,2,0.36599869,1.468e-05
733,2,0.37624344,1.468e-05
734,2,0.34327716,1.472e-05
735,2,0.34970796,1.472e-05
736,2,0.34746170,1.476e-05
737,2,0.36020491,1.476e-05
738,2,0.34502420,1.48e-05
739,2,0.37141579,1.48e-05
740,2,0.35363707,1.484e-05
741,2,0.36879700,1.484e-05
742,2,0.35225773,1.488e-05
743,2,0.33582470,1.488e-05
744,2,0.32980576,1.492e-05
745,2,0.36078399,1.492e-05
746,2,0.34993586,1.496e-05
747,2,0.37773317,1.496e-05
748,2,0.34069070,1.5e-05
749,2,0.34298688,1.5e-05
750,2,0.37838185,1.504e-05
751,2,0.37573558,1.504e-05
752,2,0.34210223,1.508e-05
753,2,0.34167928,1.508e-05
754,2,0.33357561,1.512e-05
755,2,0.36987719,1.512e-05
756,2,0.34756431,1.516e-05
757,2,0.37234601,1.516e-05
758,2,0.39075941,1.52e-05
759,2,0.36776143,1.52e-05
760,2,0.35743505,1.524e-05
761,2,0.34706363,1.524e-05
762,2,0.35475501,1.528e-05
763,2,0.36953768,1.528e-05
764,2,0.34931502,1.532e-05
765,2,0.36975932,1.532e-05
766,2,0.38434586,1.536e-05
767,2,0.33856520,1.536e-05
768,2,0.37886781,1.54e-05
769,2,0.39361796,1.54e-05
770,2,0.38737530,1.544e-05
771,2,0.33549660,1.544e-05
772,2,0.34096155,1.548e-05
773,2,0.34095788,1.548e-05
774,2,0.40119562,1.552e-05
775,2,0.36331433,1.552e-05
776,2,0.32916653,1.556e-05
777,2,0.34740350,1.556e-05
778,2,0.36253566,1.56e-05
779,2,0.36320966,1.56e-05
780,2,0.37172645,1.564e-05
781,3,0.39287281,1.564e-05
782,3,0.36925548,1.568e-05
783,3,0.34183353,1.568e-05
784,3,0.35103449,1.572e-05
785,3,0.36765823,1.572e-05
786,3,0.33935899,1.576e-05
787,3,0.31909072,1.576e-05
788,3,0.32552642,1.58e-05
789,3,0.37786266,1.58e-05
790,3,0.36402798,1.584e-05
791,3,0.37280536,1.584e-05
792,3,0.33709115,1.588e-05
793,3,0.36419699,1.588e-05
794,3,0.31438553,1.592e-05
795,3,0.33563274,1.592e-05
796,3,0.36931914,1.596e-05
797,3,0.34952068,1.596e-05
798,3,0.36389291,1.6e-05
799,3,0.38285899,1.6e-05
800,3,0.34963974,1.604e-05
801,3,0.36570749,1.604e-05
802,3,0.35693306,1.608e-05
803,3,0.38533366,1.608e-05
804,3,0.35353038,1.612e-05
805,3,0.36463651,1.612e-05
806,3,0.31888276,1.616e-05
807,3,0.38225263,1.616e-05
808,3,0.37773317,1.62e-05
809,3,0.35175607,1.62e-05
810,3,0.35653663,1.624e-05
811,3,0.34038457,1.624e-05
812,3,0.36504015,1.628e-05
813,3,0.35422787,1.628e-05
814,3,0.33273447,1.632e-05
815,3,0.32087588,1.632e-05
816,3,0.39471173,1.636e-05
817,3,0.32883263,1.636e-05
818,3,0.34450454,1.64e-05
819,3,0.36020455,1.64e-05
820,3,0.34672326,1.644e-05
821,3,0.32153270,1.644e-05
822,3,0.34921777,1.648e-05
823,3,0.34568840,1.648e-05
824,3,0.35011083,1.652e-05
825,3,0.33200788,1.652e-05
826,3,0.37282333,1.656e-05
827,3,0.36481929,1.656e-05
828,3,0.34279928,1.66e-05
829,3,0.30735266,1.66e-05
830,3,0.31628966,1.664e-05
831,3,0.31471583,1.664e-05
832,3,0.37668571,1.668e-05
833,3,0.32812548,1.668e-05
834,3,0.34074292,1.672e-05
835,3,0.32808858,1.672e-05
836,3,0.31458592,1.676e-05
837,3,0.32230592,1.676e-05
838,3,0.32772031,1.68e-05
839,3,0.36198157,1.68e-05
840,3,0.34014249,1.684e-05
841,3,0.33972618,1.684e-05
842,3,0.36756176,1.688e-05
843,3,0.35969657,1.688e-05
844,3,0.35498497,1.692e-05
845,3,0.35355040,1.692e-05
846,3,0.34798282,1.696e-05
847,3,0.35414982,1.696e-05
848,3,0.34778118,1.7e-05
849,3,0.36261901,1.7e-05
850,3,0.33968458,1.704e-05
851,3,0.31079689,1.704e-05
852,3,0.35765237,1.708e-05
853,3,0.32763368,1.708e-05
854,3,0.35867852,1.712e-05
855,3,0.32844850,1.712e-05
856,3,0.32323667,1.716e-05
857,3,0.36961275,1.716e-05
858,3,0.31554016,1.72e-05
859,3,0.34301323,1.72e-05
860,3,0.35539490,1.724e-05
861,3,0.34222397,1.724e-05
862,3,0.34264821,1.728e-05
863,3,0.32753873,1.728e-05
864,3,0.33333465,1.732e-05
865,3,0.35752577,1.732e-05
866,3,0.35045680,1.736e-05
867,3,0.33592877,1.736e-05
868,3,0.35881233,1.74e-05
869,3,0.32071602,1.74e-05
870,3,0.31477427,1.744e-05
871,3,0.38428044,1.744e-05
872,3,0.32389742,1.748e-05
873,3,0.37882400,1.748e-05
874,3,0.33793473,1.752e-05
875,3,0.31755739,1.752e-05
876,3,0.34728700,1.756e-05
877,3,0.34872472,1.756e-05
878,3,0.30990058,1.76e-05
879,3,0.32220846,1.76e-05
880,3,0.33201605,1.764e-05
881,3,0.32656845,1.764e-05
882,3,0.35207766,1.768e-05
883,3,0.29314047,1.768e-05
884,3,0.32050961,1.772e-05
885,3,0.32776532,1.772e-05
886,3,0.34946054,1.776e-05
887,3,0.33608437,1.776e-05
888,3,0.33179662,1.78e-05
889,3,0.33770797,1.78e-05
890,3,0.34255108,1.784e-05
891,3,0.33531493,1.784e-05
892,3,0.32784975,1.788e-05
893,3,0.30141625,1.788e-05
894,3,0.31183562,1.792e-05
895,3,0.33318004,1.792e-05
896,3,0.34197545,1.796e-05
897,3,0.35739133,1.796e-05
898,3,0.37162146,1.8e-05
899,3,0.33231485,1.8e-05
900,3,0.31426951,1.804e-05
901,3,0.33247986,1.804e-05
902,3,0.34728202,1.808e-05
903,3,0.35201058,1.808e-05
904,3,0.31261405,1.812e-05
905,3,0.34416270,1.812e-05
906,3,0.32536417,1.816e-05
907,3,0.33447838,1.816e-05
908,3,0.32365930,1.82e-05
909,3,0.31080264,1.82e-05
910,3,0.33529204,1.824e-05
911,3,0.35035670,1.824e-05
912,3,0.31815100,1.828e-05
913,3,0.34642643,1.828e-05
914,3,0.31846312,1.832e-05
915,3,0.32444125,1.832e-05
916,3,0.32133400,1.836e-05
917,3,0.34549224,1.836e-05
918,3,0.33552194,1.84e-05
919,3,0.35269207,1.84e-05
920,3,0.30201030,1.844e-05
921,3,0.33148420,1.844e-05
922,3,0.32655469,1.848e-05
923,3,0.31689358,1.848e-05
924,3,0.32529005,1.852e-05
925,3,0.35630125,1.852e-05
926,3,0.30902040,1.856e-05
927,3,0.31884676,1.856e-05
928,3,0.31926584,1.86e-05
929,3,0.29369313,1.86e-05
930,3,0.33355510,1.864e-05
931,3,0.34043175,1.864e-05
932,3,0.31379360,1.868e-05
933,3,0.33145899,1.868e-05
934,3,0.30338657,1.872e-05
935,3,0.31081417,1.872e-05
936,3,0.30979341,1.876e-05
937,3,0.33308685,1.876e-05
938,3,0.32892191,1.88e-05
939,3,0.34095711,1.88e-05
940,3,0.31140959,1.884e-05
941,3,0.29811198,1.884e-05
942,3,0.32579744,1.888e-05
943,3,0.34062594,1.888e-05
944,3,0.36894402,1.892e-05
945,3,0.31537452,1.892e-05
946,3,0.31747705,1.896e-05
947,3,0.32557222,1.896e-05
948,3,0.31255937,1.9e-05
949,3,0.31948560,1.9e-05
950,3,0.32215351,1.904e-05
951,3,0.34861407,1.904e-05
952,3,0.33384392,1.908e-05
953,3,0.35507894,1.908e-05
954,3,0.32273206,1.912e-05
955,3,0.31006724,1.912e-05
956,3,0.31761774,1.916e-05
957,3,0.30600831,1.916e-05
958,3,0.33209851,1.92e-05
959,3,0.34005505,1.92e-05
960,3,0.29913196,1.924e-05
961,3,0.31248221,1.924e-05
962,3,0.32969683,1.928e-05
963,3,0.33290121,1.928e-05
964,3,0.35361564,1.932e-05
965,3,0.34826455,1.932e-05
966,3,0.30960214,1.936e-05
967,3,0.33159602,1.936e-05
968,3,0.30770764,1.94e-05
969,3,0.32275134,1.94e-05
970,3,0.35736102,1.944e-05
971,3,0.33027822,1.944e-05
972,3,0.30318171,1.948e-05
973,3,0.31482369,1.948e-05
974,3,0.31284136,1.952e-05
975,3,0.31363094,1.952e-05
976,3,0.31378621,1.956e-05
977,3,0.32738644,1.956e-05
978,3,0.31295031,1.96e-05
979,3,0.30539387,1.96e-05
980,3,0.32721049,1.964e-05
981,3,0.30720788,1.964e-05
982,3,0.35884255,1.968e-05
983,3,0.32507902,1.968e-05
984,3,0.29077929,1.972e-05
985,3,0.33003563,1.972e-05
986,3,0.31355888,1.976e-05
987,3,0.29058710,1.976e-05
988,3,0.32310766,1.98e-05
989,3,0.31474239,1.98e-05
990,3,0.33129877,1.984e-05
991,3,0.35270414,1.984e-05
992,3,0.32944244,1.988e-05
993,3,0.34263346,1.988e-05
994,3,0.33774742,1.992e-05
995,3,0.33964166,1.992e-05
996,3,0.28035152,1.996e-05
997,3,0.30733499,1.996e-05
998,3,0.33757210,2e-05
999,3,0.30880511,2e-05
1000,3,0.32279843,2.004e-05
1001,3,0.27985412,2.004e-05
1002,3,0.27722284,2.008e-05
1003,3,0.30622506,2.008e-05
1004,3,0.31957191,2.012e-05
1005,3,0.31925339,2.012e-05
1006,3,0.33002603,2.016e-05
1007,3,0.31852365,2.016e-05
1008,3,0.31900609,2.02e-05
1009,3,0.31208619,2.02e-05
1010,3,0.29999241,2.024e-05
1011,3,0.30072650,2.024e-05
1012,3,0.38098332,2.028e-05
1013,3,0.30649436,2.028e-05
1014,3,0.32624304,2.032e-05
1015,3,0.32583576,2.032e-05
1016,3,0.32255614,2.036e-05
1017,3,0.31058702,2.036e-05
1018,3,0.30759665,2.04e-05
1019,3,0.29165393,2.04e-05
1020,3,0.30853081,2.044e-05
1021,3,0.34686589,2.044e-05
1022,3,0.31565386,2.048e-05
1023,3,0.34927773,2.048e-05
1024,3,0.31033620,2.052e-05
1025,3,0.31194481,2.052e-05
1026,3,0.32295847,2.056e-05
1027,3,0.31651103,2.056e-05
1028,3,0.29734242,2.06e-05
1029,3,0.31515527,2.06e-05
1030,3,0.30116612,2.064e-05
1031,3,0.32250708,2.064e-05
1032,3,0.32319373,2.068e-05
1033,3,0.30995661,2.068e-05
1034,3,0.28986466,2.072e-05
1035,3,0.29819176,2.072e-05
1036,3,0.29849887,2.076e-05
1037,3,0.28483805,2.076e-05
1038,3,0.32338497,2.08e-05
1039,3,0.33275402,2.08e-05
1040,3,0.28243572,2.084e-05
1041,3,0.29713869,2.084e-05
1042,3,0.32186687,2.088e-05
1043,3,0.32675636,2.088e-05
1044,3,0.31363580,2.092e-05
1045,3,0.31063247,2.092e-05
1046,3,0.30425835,2.096e-05
1047,3,0.30650055,2.096e-05
1048,3,0.33865148,2.1e-05
1049,3,0.32005027,2.1e-05
1050,3,0.30704355,2.104e-05
1051,3,0.29426366,2.104e-05
1052,3,0.33054110,2.108e-05
1053,3,0.29361996,2.108e-05
1054,3,0.32602394,2.112e-05
1055,3,0.32865226,2.112e-05
1056,3,0.30426168,2.116e-05
1057,3,0.32557136,2.116e-05
1058,3,0.28318459,2.12e-05
1059,3,0.28487632,2.12e-05
1060,3,0.33940053,2.124e-05
1061,3,0.30612215,2.124e-05
1062,3,0.29677078,2.128e-05
1063,3,0.29838562,2.128e-05
1064,3,0.32024544,2.132e-05
1065,3,0.28039193,2.132e-05
1066,3,0.33850822,2.136e-05
1067,3,0.32913923,2.136e-05
1068,3,0.30642694,2.14e-05
1069,3,0.30154377,2.14e-05
1070,3,0.30430275,2.144e-05
1071,3,0.30454147,2.144e-05
1072,3,0.30099928,2.148e-05
1073,3,0.31834286,2.148e-05
1074,3,0.33267727,2.152e-05
1075,3,0.31491631,2.152e-05
1076,3,0.31821603,2.156e-05
1077,3,0.30735224,2.156e-05
1078,3,0.29412273,2.16e-05
1079,3,0.29066443,2.16e-05
1080,3,0.30254871,2.164e-05
1081,3,0.29836380,2.164e-05
1082,3,0.33212358,2.168e-05
1083,3,0.29339069,2.168e-05
1084,3,0.26759046,2.172e-05
1085,3,0.30586538,2.172e-05
1086,3,0.31353641,2.176e-05
1087,3,0.29561514,2.176e-05
1088,3,0.31068718,2.18e-05
1089,3,0.30639896,2.18e-05
1090,3,0.30386364,2.184e-05
1091,3,0.30638626,2.184e-05
1092,3,0.29217362,2.188e-05
1093,3,0.28434432,2.188e-05
1094,3,0.30883098,2.192e-05
1095,3,0.28112829,2.192e-05
1096,3,0.33320659,2.196e-05
1097,3,0.29979688,2.196e-05
1098,3,0.29399428,2.2e-05
1099,3,0.28398553,2.2e-05
1100,3,0.31480458,2.204e-05
1101,3,0.30727446,2.204e-05
1102,3,0.31118014,2.208e-05
1103,3,0.32567787,2.208e-05
1104,3,0.33163697,2.212e-05
1105,3,0.28875634,2.212e-05
1106,3,0.30404013,2.216e-05
1107,3,0.31394532,2.216e-05
1108,3,0.33183366,2.22e-05
1109,3,0.30277058,2.22e-05
1110,3,0.29086643,2.224e-05
1111,3,0.30731174,2.224e-05
1112,3,0.30820325,2.228e-05
1113,3,0.32125854,2.228e-05
1114,3,0.29527944,2.232e-05
1115,3,0.33927476,2.232e-05
1116,3,0.32709795,2.236e-05
1117,3,0.28025112,2.236e-05
1118,3,0.28122199,2.24e-05
1119,3,0.29598078,2.24e-05
1120,3,0.28509796,2.244e-05
1121,3,0.27980977,2.244e-05
1122,3,0.31854954,2.248e-05
1123,3,0.28373727,2.248e-05
1124,3,0.32304698,2.252e-05
1125,3,0.32002747,2.252e-05
1126,3,0.32287091,2.256e-05
1127,3,0.30210379,2.256e-05
1128,3,0.32431614,2.26e-05
1129,3,0.29018030,2.26e-05
1130,3,0.29577500,2.264e-05
1131,3,0.33155644,2.264e-05
1132,3,0.28787678,2.268e-05
1133,3,0.27432957,2.268e-05
1134,3,0.28268161,2.272e-05
1135,3,0.27520391,2.272e-05
1136,3,0.26984239,2.276e-05
1137,3,0.31933552,2.276e-05
1138,3,0.28030661,2.28e-05
1139,3,0.28823549,2.28e-05
1140,3,0.34152648,2.284e-05
1141,3,0.31691784,2.284e-05
1142,3,0.28166971,2.288e-05
1143,3,0.31668088,2.288e-05
1144,3,0.26813674,2.292e-05
1145,3,0.30658114,2.292e-05
1146,3,0.27003616,2.296e-05
1147,3,0.30639464,2.296e-05
1148,3,0.30813238,2.3e-05
1149,3,0.30256137,2.3e-05
1150,3,0.30324706,2.304e-05
1151,3,0.26166344,2.304e-05
1152,3,0.28649625,2.308e-05
1153,3,0.29830366,2.308e-05
1154,3,0.30165899,2.312e-05
1155,3,0.31245381,2.312e-05
1156,3,0.30878395,2.316e-05
1157,3,0.28046083,2.316e-05
1158,3,0.29745844,2.32e-05
1159,3,0.30723906,2.32e-05
1160,3,0.27790791,2.324e-05
1161,3,0.29866874,2.324e-05
1162,3,0.29723251,2.328e-05
1163,3,0.29055750,2.328e-05
1164,3,0.30259931,2.332e-05
1165,3,0.29882538,2.332e-05
1166,3,0.27167964,2.336e-05
1167,3,0.30525190,2.336e-05
1168,3,0.29587838,2.34e-05
1169,3,0.27328074,2.34e-05
1170,3,0.28487968,2.344e-05
1171,4,0.29502267,2.344e-05
1172,4,0.29741830,2.348e-05
1173,4,0.30804986,2.348e-05
1174,4,0.30313843,2.352e-05
1175,4,0.28000423,2.352e-05
1176,4,0.28029495,2.356e-05
1177,4,0.31666073,2.356e-05
1178,4,0.29852316,2.36e-05
1179,4,0.29210818,2.36e-05
1180,4,0.28229681,2.364e-05
1181,4,0.28377706,2.364e-05
1182,4,0.29856265,2.368e-05
1183,4,0.29751197,2.368e-05
1184,4,0.27230644,2.372e-05
1185,4,0.29131454,2.372e-05
1186,4,0.28420657,2.376e-05
1187,4,0.28079307,2.376e-05
1188,4,0.32755256,2.38e-05
1189,4,0.28225541,2.38e-05
1190,4,0.28708962,2.384e-05
1191,4,0.28578740,2.384e-05
1192,4,0.30779105,2.388e-05
1193,4,0.31158334,2.388e-05
1194,4,0.27463618,2.392e-05
1195,4,0.30922121,2.392e-05
1196,4,0.29877639,2.396e-05
1197,4,0.33361384,2.396e-05
1198,4,0.25877392,2.4e-05
1199,4,0.28030145,2.4e-05
1200,4,0.29059905,2.404e-05
1201,4,0.30657440,2.404e-05
1202,4,0.32240808,2.408e-05
1203,4,0.28477725,2.408e-05
1204,4,0.31623504,2.412e-05
1205,4,0.31202909,2.412e-05
1206,4,0.30773950,2.416e-05
1207,4,0.31224710,2.416e-05
1208,4,0.31103835,2.42e-05
1209,4,0.30205023,2.42e-05
1210,4,0.28753501,2.424e-05
1211,4,0.32379901,2.424e-05
1212,4,0.29712671,2.428e-05
1213,4,0.28858358,2.428e-05
1214,4,0.28373641,2.432e-05
1215,4,0.28273720,2.432e-05
1216,4,0.32077047,2.436e-05
1217,4,0.29094335,2.436e-05
1218,4,0.31802326,2.44e-05
1219,4,0.31597155,2.44e-05
1220,4,0.29494458,2.444e-05
1221,4,0.30391392,2.444e-05
1222,4,0.27505919,2.448e-05
1223,4,0.30160484,2.448e-05
1224,4,0.30052036,2.452e-05
1225,4,0.31466636,2.452e-05
1226,4,0.31799656,2.456e-05
1227,4,0.30373561,2.456e-05
1228,4,0.29817349,2.46e-05
1229,4,0.30504990,2.46e-05
1230,4,0.29661703,2.464e-05
1231,4,0.27655327,2.464e-05
1232,4,0.29266864,2.468e-05
1233,4,0.30760619,2.468e-05
1234,4,0.30269402,2.472e-05
1235,4,0.28908855,2.472e-05
1236,4,0.28222841,2.476e-05
1237,4,0.27490306,2.476e-05
1238,4,0.29038873,2.48e-05
1239,4,0.28720438,2.48e-05
1240,4,0.28764606,2.484e-05
1241,4,0.32120860,2.484e-05
1242,4,0.29180893,2.488e-05
1243,4,0.27804384,2.488e-05
1244,4,0.28797114,2.492e-05
1245,4,0.29622328,2.492e-05
1246,4,0.28065136,2.496e-05
1247,4,0.26604611,2.496e-05
1248,4,0.28043568,2.5e-05
1249,4,0.30926558,2.5e-05
1250,4,0.30847725,2.504e-05
1251,4,0.28178176,2.504e-05
1252,4,0.28591192,2.508e-05
1253,4,0.28374338,2.508e-05
1254,4,0.28804541,2.512e-05
1255,4,0.28370437,2.512e-05
1256,4,0.28348356,2.516e-05
1257,4,0.28088900,2.516e-05
1258,4,0.26612812,2.52e-05
1259,4,0.29028964,2.52e-05
1260,4,0.26960456,2.524e-05
1261,4,0.24739000,2.524e-05
1262,4,0.27080604,2.528e-05
1263,4,0.31449482,2.528e-05
1264,4,0.30529672,2.532e-05
1265,4,0.29604444,2.532e-05
1266,4,0.30664104,2.536e-05
1267,4,0.26009190,2.536e-05
1268,4,0.29642653,2.54e-05
1269,4,0.27449620,2.54e-05
1270,4,0.26453465,2.544e-05
1271,4,0.29785097,2.544e-05
1272,4,0.28610909,2.548e-05
1273,4,0.27967244,2.548e-05
1274,4,0.27995881,2.552e-05
1275,4,0.29411823,2.552e-05
1276,4,0.27492377,2.556e-05
1277,4,0.29847369,2.556e-05
1278,4,0.27633151,2.56e-05
1279,4,0.30542642,2.56e-05
1280,4,0.30725798,2.564e-05
1281,4,0.30003768,2.564e-05
1282,4,0.28355148,2.568e-05
1283,4,0.28146014,2.568e-05
1284,4,0.27938300,2.572e-05
1285,4,0.28769496,2.572e-05
1286,4,0.28074849,2.576e-05
1287,4,0.28726086,2.576e-05
1288,4,0.33064625,2.58e-05
1289,4,0.26426136,2.58e-05
1290,4,0.29994935,2.584e-05
1291,4,0.30185598,2.584e-05
1292,4,0.28344107,2.588e-05
1293,4,0.25748456,2.588e-05
1294,4,0.28623146,2.592e-05
1295,4,0.31821784,2.592e-05
1296,4,0.27428910,2.596e-05
1297,4,0.29307455,2.596e-05
1298,4,0.30661994,2.6e-05
1299,4,0.28314000,2.6e-05
1300,4,0.28867745,2.604e-05
1301,4,0.28638715,2.604e-05
1302,4,0.28818175,2.608e-05
1303,4,0.27997357,2.608e-05
1304,4,0.28724635,2.612e-05
1305,4,0.29485413,2.612e-05
1306,4,0.27735052,2.616e-05
1307,4,0.27102798,2.616e-05
1308,4,0.26416731,2.62e-05
1309,4,0.30882689,2.62e-05
1310,4,0.32264113,2.624e-05
1311,4,0.30239341,2.624e-05
1312,4,0.28941315,2.628e-05
1313,4,0.29280621,2.628e-05
1314,4,0.30778569,2.632e-05
1315,4,0.27374268,2.632e-05
1316,4,0.29431891,2.636e-05
1317,4,0.28823316,2.636e-05
1318,4,0.29198346,2.64e-05
1319,4,0.28300196,2.64e-05
1320,4,0.29034609,2.644e-05
1321,4,0.28619838,2.644e-05
1322,4,0.28356007,2.648e-05
1323,4,0.29432735,2.648e-05
1324,4,0.28733942,2.652e-05
1325,4,0.28314906,2.652e-05
1326,4,0.29034507,2.656e-05
1327,4,0.31251106,2.656e-05
1328,4,0.29101282,2.66e-05
1329,4,0.28124467,2.66e-05
1330,4,0.27865216,2.664e-05
1331,4,0.29477140,2.664e-05
1332,4,0.28852707,2.668e-05
1333,4,0.30611959,2.668e-05
1334,4,0.29200941,2.672e-05
1335,4,0.27490646,2.672e-05
1336,4,0.31239423,2.676e-05
1337,4,0.25252050,2.676e-05
1338,4,0.31353611,2.68e-05
1339,4,0.28255227,2.68e-05
1340,4,0.28434914,2.684e-05
1341,4,0.28010172,2.684e-05
1342,4,0.27574825,2.688e-05
1343,4,0.27337533,2.688e-05
1344,4,0.28908926,2.692e-05
1345,4,0.28729758,2.692e-05
1346,4,0.27242935,2.696e-05
1347,4,0.25136673,2.696e-05
1348,4,0.26626217,2.7e-05
1349,4,0.25699633,2.7e-05
1350,4,0.30124506,2.704e-05
1351,4,0.29001790,2.704e-05
1352,4,0.28689861,2.708e-05
1353,4,0.30978417,2.708e-05
1354,4,0.31898582,2.712e-05
1355,4,0.27864438,2.712e-05
1356,4,0.26033753,2.716e-05
1357,4,0.26259488,2.716e-05
1358,4,0.28994000,2.72e-05
1359,4,0.31227690,2.72e-05
1360,4,0.27793640,2.724e-05
1361,4,0.27297363,2.724e-05
1362,4,0.27374107,2.728e-05
1363,4,0.28241318,2.728e-05
1364,4,0.27777886,2.732e-05
1365,4,0.26746073,2.732e-05
1366,4,0.29111263,2.736e-05
1367,4,0.28448880,2.736e-05
1368,4,0.27136374,2.74e-05
1369,4,0.29234678,2.74e-05
1370,4,0.27028823,2.744e-05
1371,4,0.29995018,2.744e-05
1372,4,0.28127718,2.748e-05
1373,4,0.28161761,2.748e-05
1374,4,0.28306398,2.752e-05
1375,4,0.29850125,2.752e-05
1376,4,0.27081716,2.756e-05
1377,4,0.26404065,2.756e-05
1378,4,0.27057564,2.76e-05
1379,4,0.27191505,2.76e-05
1380,4,0.28280228,2.764e-05
1381,4,0.28475821,2.764e-05
1382,4,0.26003414,2.768e-05
1383,4,0.28588206,2.768e-05
1384,4,0.27822262,2.772e-05
1385,4,0.25811732,2.772e-05
1386,4,0.25755978,2.776e-05
1387,4,0.31922162,2.776e-05
1388,4,0.27334797,2.78e-05
1389,4,0.30421668,2.78e-05
1390,4,0.24900971,2.784e-05
1391,4,0.25831926,2.784e-05
1392,4,0.29914832,2.788e-05
1393,4,0.28236327,2.788e-05
1394,4,0.29475909,2.792e-05
1395,4,0.30436933,2.792e-05
1396,4,0.30540615,2.796e-05
1397,4,0.28348976,2.796e-05
1398,4,0.29359585,2.8e-05
1399,4,0.30767724,2.8e-05
1400,4,0.25512129,2.804e-05
1401,4,0.28155804,2.804e-05
1402,4,0.27109051,2.808e-05
1403,4,0.30843201,2.808e-05
1404,4,0.28463218,2.812e-05
1405,4,0.28862038,2.812e-05
1406,4,0.27030209,2.816e-05
1407,4,0.27098978,2.816e-05
1408,4,0.28253144,2.82e-05
1409,4,0.28405944,2.82e-05
1410,4,0.28885850,2.824e-05
1411,4,0.27047992,2.824e-05
1412,4,0.27589443,2.828e-05
1413,4,0.25020072,2.828e-05
1414,4,0.27348804,2.832e-05
1415,4,0.29440713,2.832e-05
1416,4,0.24351805,2.836e-05
1417,4,0.25097075,2.836e-05
1418,4,0.27043337,2.84e-05
1419,4,0.28690487,2.84e-05
1420,4,0.27301204,2.844e-05
1421,4,0.30589545,2.844e-05
1422,4,0.28356123,2.848e-05
1423,4,0.29497892,2.848e-05
1424,4,0.27985746,2.852e-05
1425,4,0.26071182,2.852e-05
1426,4,0.30535504,2.856e-05
1427,4,0.27686295,2.856e-05
1428,4,0.27653542,2.86e-05
1429,4,0.29880369,2.86e-05
1430,4,0.27455914,2.864e-05
1431,4,0.27122757,2.864e-05
1432,4,0.27973831,2.868e-05
1433,4,0.28845069,2.868e-05
1434,4,0.26554570,2.872e-05
1435,4,0.28439441,2.872e-05
1436,4,0.29864439,2.876e-05
1437,4,0.25658208,2.876e-05
1438,4,0.27285188,2.88e-05
1439,4,0.30494839,2.88e-05
1440,4,0.31961304,2.884e-05
1441,4,0.27604890,2.884e-05
1442,4,0.26159972,2.888e-05
1443,4,0.27685425,2.888e-05
1444,4,0.27051297,2.892e-05
1445,4,0.27970231,2.892e-05
1446,4,0.27218884,2.896e-05
1447,4,0.26771533,2.896e-05
1448,4,0.29402548,2.9e-05
1449,4,0.27945185,2.9e-05
1450,4,0.26549357,2.904e-05
1451,4,0.27609318,2.904e-05
1452,4,0.26996800,2.908e-05
1453,4,0.25283855,2.908e-05
1454,4,0.29860267,2.912e-05
1455,4,0.27135977,2.912e-05
1456,4,0.26217863,2.916e-05
1457,4,0.27267024,2.916e-05
1458,4,0.29082131,2.92e-05
1459,4,0.26850826,2.92e-05
1460,4,0.28612778,2.924e-05
1461,4,0.27645391,2.924e-05
1462,4,0.29089993,2.928e-05
1463,4,0.28833055,2.928e-05
1464,4,0.29113567,2.932e-05
1465,4,0.26816937,2.932e-05
1466,4,0.28647405,2.936e-05
1467,4,0.26498955,2.936e-05
1468,4,0.26489502,2.94e-05
1469,4,0.29163837,2.94e-05
1470,4,0.29450709,2.944e-05
1471,4,0.26224917,2.944e-05
1472,4,0.28610125,2.948e-05
1473,4,0.25664794,2.948e-05
1474,4,0.27674130,2.952e-05
1475,4,0.29184294,2.952e-05
1476,4,0.25118208,2.956e-05
1477,4,0.25912404,2.956e-05
1478,4,0.26849449,2.96e-05
1479,4,0.29308304,2.96e-05
1480,4,0.25639951,2.964e-05
1481,4,0.26077092,2.964e-05
1482,4,0.29376292,2.968e-05
1483,4,0.28666127,2.968e-05
1484,4,0.29489619,2.972e-05
1485,4,0.28601012,2.972e-05
1486,4,0.26468909,2.976e-05
1487,4,0.25790405,2.976e-05
1488,4,0.25798804,2.98e-05
1489,4,0.27630618,2.98e-05
1490,4,0.27212986,2.984e-05
1491,4,0.28807795,2.984e-05
1492,4,0.26631176,2.988e-05
1493,4,0.24493156,2.988e-05
1494,4,0.25867465,2.992e-05
1495,4,0.26078603,2.992e-05
1496,4,0.24569306,2.996e-05
1497,4,0.27262738,2.996e-05
1498,4,0.26422176,3e-05
1499,4,0.27717042,3e-05
1500,4,0.27858624,3.004e-05
1501,4,0.28922039,3.004e-05
1502,4,0.24787830,3.008e-05
1503,4,0.25743234,3.008e-05
1504,4,0.29867464,3.012e-05
1505,4,0.26295710,3.012e-05
1506,4,0.27387083,3.016e-05
1507,4,0.26668864,3.016e-05
1508,4,0.30946463,3.02e-05
1509,4,0.28811556,3.02e-05
1510,4,0.26226485,3.024e-05
1511,4,0.27177832,3.024e-05
1512,4,0.26931429,3.028e-05
1513,4,0.29655915,3.028e-05
1514,4,0.25873169,3.032e-05
1515,4,0.31090701,3.032e-05
1516,4,0.26620084,3.036e-05
1517,4,0.27755901,3.036e-05
1518,4,0.25357503,3.04e-05
1519,4,0.27082545,3.04e-05
1520,4,0.27921945,3.044e-05
1521,4,0.26213843,3.044e-05
1522,4,0.28795737,3.048e-05
1523,4,0.28272608,3.048e-05
1524,4,0.29075783,3.052e-05
1525,4,0.27952501,3.052e-05
1526,4,0.27442068,3.056e-05
1527,4,0.27198571,3.056e-05
1528,4,0.27522779,3.06e-05
1529,4,0.28757399,3.06e-05
1530,4,0.26978907,3.064e-05
1531,4,0.29374939,3.064e-05
1532,4,0.26706022,3.068e-05
1533,4,0.27723616,3.068e-05
1534,4,0.25684196,3.072e-05
1535,4,0.25800553,3.072e-05
1536,4,0.25823143,3.076e-05
1537,4,0.28920504,3.076e-05
1538,4,0.27654177,3.08e-05
1539,4,0.25535232,3.08e-05
1540,4,0.25689706,3.084e-05
1541,4,0.28262353,3.084e-05
1542,4,0.26333034,3.088e-05
1543,4,0.26743862,3.088e-05
1544,4,0.24262302,3.092e-05
1545,4,0.29884690,3.092e-05
1546,4,0.28309771,3.096e-05
1547,4,0.27807593,3.096e-05
1548,4,0.24520808,3.1e-05
1549,4,0.24674837,3.1e-05
1550,4,0.26561105,3.104e-05
1551,4,0.24513844,3.104e-05
1552,4,0.27719009,3.108e-05
1553,4,0.28446847,3.108e-05
1554,4,0.28198242,3.112e-05
1555,4,0.28293979,3.112e-05
1556,4,0.27104771,3.116e-05
1557,4,0.28404021,3.116e-05
1558,4,0.23885795,3.12e-05
1559,4,0.28594300,3.12e-05
1560,4,0.26120919,3.124e-05
1561,5,0.24342826,3.124e-05
1562,5,0.25073713,3.128e-05
1563,5,0.28941247,3.128e-05
1564,5,0.24948363,3.132e-05
1565,5,0.25154811,3.132e-05
1566,5,0.26166117,3.136e-05
1567,5,0.26952785,3.136e-05
1568,5,0.27460557,3.14e-05
1569,5,0.26728159,3.14e-05
1570,5,0.27300054,3.144e-05
1571,5,0.26378331,3.144e-05
1572,5,0.27263778,3.148e-05
1573,5,0.25622034,3.148e-05
1574,5,0.26882452,3.152e-05
1575,5,0.26159558,3.152e-05
1576,5,0.29086995,3.156e-05
1577,5,0.27241996,3.156e-05
1578,5,0.24685222,3.16e-05
1579,5,0.26736084,3.16e-05
1580,5,0.26430082,3.164e-05
1581,5,0.25076693,3.164e-05
1582,5,0.26057848,3.168e-05
1583,5,0.28761184,3.168e-05
1584,5,0.27087343,3.172e-05
1585,5,0.25405908,3.172e-05
1586,5,0.26294383,3.176e-05
1587,5,0.28752491,3.176e-05
1588,5,0.28168452,3.18e-05
1589,5,0.26835996,3.18e-05
1590,5,0.26630813,3.184e-05
1591,5,0.24736458,3.184e-05
1592,5,0.25895420,3.188e-05
1593,5,0.26138681,3.188e-05
1594,5,0.27580249,3.192e-05
1595,5,0.28528687,3.192e-05
1596,5,0.28044212,3.196e-05
1597,5,0.26964611,3.196e-05
1598,5,0.26079208,3.2e-05
1599,5,0.24297908,3.2e-05
1600,5,0.28431967,3.204e-05
1601,5,0.28401503,3.204e-05
1602,5,0.27174962,3.208e-05
1603,5,0.27835846,3.208e-05
1604,5,0.25034463,3.212e-05
1605,5,0.29645693,3.212e-05
1606,5,0.24938080,3.216e-05
1607,5,0.27658725,3.216e-05
1608,5,0.26947060,3.22e-05
1609,5,0.27878416,3.22e-05
1610,5,0.27286854,3.224e-05
1611,5,0.29059267,3.224e-05
1612,5,0.26556966,3.228e-05
1613,5,0.27389556,3.228e-05
1614,5,0.27476776,3.232e-05
1615,5,0.25612658,3.232e-05
1616,5,0.23523748,3.236e-05
1617,5,0.27043018,3.236e-05
1618,5,0.24838349,3.24e-05
1619,5,0.27017730,3.24e-05
1620,5,0.28108466,3.244e-05
1621,5,0.26607704,3.244e-05
1622,5,0.26275197,3.248e-05
1623,5,0.26222986,3.248e-05
1624,5,0.27979243,3.252e-05
1625,5,0.29450819,3.252e-05
1626,5,0.26087427,3.256e-05
1627,5,0.26212317,3.256e-05
1628,5,0.26265177,3.26e-05
1629,5,0.28132406,3.26e-05
1630,5,0.25785822,3.264e-05
1631,5,0.28801277,3.264e-05
1632,5,0.27583212,3.268e-05
1633,5,0.27901456,3.268e-05
1634,5,0.26163480,3.272e-05
1635,5,0.26296088,3.272e-05
1636,5,0.31473395,3.276e-05
1637,5,0.27685922,3.276e-05
1638,5,0.25221595,3.28e-05
1639,5,0.24119291,3.28e-05
1640,5,0.26960856,3.284e-05
1641,5,0.25299188,3.284e-05
1642,5,0.26201624,3.288e-05
1643,5,0.25048000,3.288e-05
1644,5,0.30524549,3.292e-05
1645,5,0.28556550,3.292e-05
1646,5,0.27659357,3.296e-05
1647,5,0.28609776,3.296e-05
1648,5,0.28552604,3.3e-05
1649,5,0.29137921,3.3e-05
1650,5,0.27756226,3.304e-05
1651,5,0.26822269,3.304e-05
1652,5,0.24054453,3.308e-05
1653,5,0.23903915,3.308e-05
1654,5,0.25811809,3.312e-05
1655,5,0.26001096,3.312e-05
1656,5,0.27037492,3.316e-05
1657,5,0.28244630,3.316e-05
1658,5,0.25486648,3.32e-05
1659,5,0.26191640,3.32e-05
1660,5,0.29415804,3.324e-05
1661,5,0.25815779,3.324e-05
1662,5,0.26743346,3.328e-05
1663,5,0.26758915,3.328e-05
1664,5,0.28187728,3.332e-05
1665,5,0.27511379,3.332e-05
1666,5,0.26476687,3.336e-05
1667,5,0.26606745,3.336e-05
1668,5,0.30394939,3.34e-05
1669,5,0.25939244,3.34e-05
1670,5,0.27925548,3.344e-05
1671,5,0.25587589,3.344e-05
1672,5,0.27366102,3.348e-05
1673,5,0.26249218,3.348e-05
1674,5,0.27421683,3.352e-05
1675,5,0.26976779,3.352e-05
1676,5,0.25976583,3.356e-05
1677,5,0.23144266,3.356e-05
1678,5,0.26709455,3.36e-05
1679,5,0.27035734,3.36e-05
1680,5,0.29259109,3.364e-05
1681,5,0.27489597,3.364e-05
1682,5,0.26414099,3.368e-05
1683,5,0.26439095,3.368e-05
1684,5,0.26983225,3.372e-05
1685,5,0.27984291,3.372e-05
1686,5,0.25651073,3.376e-05
1687,5,0.25467679,3.376e-05
1688,5,0.27508599,3.38e-05
1689,5,0.27775082,3.38e-05
1690,5,0.26357192,3.384e-05
1691,5,0.24489294,3.384e-05
1692,5,0.26608419,3.388e-05
1693,5,0.24964547,3.388e-05
1694,5,0.26974818,3.392e-05
1695,5,0.26076519,3.392e-05
1696,5,0.26093635,3.396e-05
1697,5,0.25258064,3.396e-05
1698,5,0.26802599,3.4e-05
1699,5,0.26773053,3.4e-05
1700,5,0.25715184,3.404e-05
1701,5,0.26094434,3.404e-05
1702,5,0.24824810,3.408e-05
1703,5,0.26042405,3.408e-05
1704,5,0.28916869,3.412e-05
1705,5,0.25143704,3.412e-05
1706,5,0.23913847,3.416e-05
1707,5,0.27326989,3.416e-05
1708,5,0.28322253,3.42e-05
1709,5,0.29019791,3.42e-05
1710,5,0.27495450,3.424e-05
1711,5,0.27588755,3.424e-05
1712,5,0.22946827,3.428e-05
1713,5,0.25031197,3.428e-05
1714,5,0.24282059,3.432e-05
1715,5,0.27355134,3.432e-05
1716,5,0.24609718,3.436e-05
1717,5,0.24747179,3.436e-05
1718,5,0.27233511,3.44e-05
1719,5,0.27113980,3.44e-05
1720,5,0.26583678,3.444e-05
1721,5,0.25320232,3.444e-05
1722,5,0.23760347,3.448e-05
1723,5,0.23774108,3.448e-05
1724,5,0.22862324,3.452e-05
1725,5,0.26537347,3.452e-05
1726,5,0.29010496,3.456e-05
1727,5,0.23845205,3.456e-05
1728,5,0.25113970,3.46e-05
1729,5,0.26646152,3.46e-05
1730,5,0.26182044,3.464e-05
1731,5,0.25003675,3.464e-05
1732,5,0.28225002,3.468e-05
1733,5,0.26256734,3.468e-05
1734,5,0.24826658,3.472e-05
1735,5,0.24157274,3.472e-05
1736,5,0.24845913,3.476e-05
1737,5,0.25887966,3.476e-05
1738,5,0.27615747,3.48e-05
1739,5,0.26122460,3.48e-05
1740,5,0.27434713,3.484e-05
1741,5,0.26627576,3.484e-05
1742,5,0.25822017,3.488e-05
1743,5,0.27696943,3.488e-05
1744,5,0.24935102,3.492e-05
1745,5,0.25676852,3.492e-05
1746,5,0.26467261,3.496e-05
1747,5,0.26064375,3.496e-05
1748,5,0.27517644,3.5e-05
1749,5,0.26982719,3.5e-05
1750,5,0.27660295,3.504e-05
1751,5,0.25613779,3.504e-05
1752,5,0.25461787,3.508e-05
1753,5,0.24060047,3.508e-05
1754,5,0.26492786,3.512e-05
1755,5,0.27398118,3.512e-05
1756,5,0.25035381,3.516e-05
1757,5,0.29860234,3.516e-05
1758,5,0.24367945,3.52e-05
1759,5,0.25653350,3.52e-05
1760,5,0.26323617,3.524e-05
1761,5,0.26472053,3.524e-05
1762,5,0.25980946,3.528e-05
1763,5,0.27052003,3.528e-05
1764,5,0.25062868,3.532e-05
1765,5,0.26159650,3.532e-05
1766,5,0.24264322,3.536e-05
1767,5,0.25827307,3.536e-05
1768,5,0.26892635,3.54e-05
1769,5,0.26141033,3.54e-05
1770,5,0.28648561,3.544e-05
1771,5,0.27808115,3.544e-05
1772,5,0.24013433,3.548e-05
1773,5,0.26109609,3.548e-05
1774,5,0.24104623,3.552e-05
1775,5,0.23548484,3.552e-05
1776,5,0.28009877,3.556e-05
1777,5,0.24293470,3.556e-05
1778,5,0.23537008,3.56e-05
1779,5,0.27696389,3.56e-05
1780,5,0.26786774,3.564e-05
1781,5,0.29093486,3.564e-05
1782,5,0.24713051,3.568e-05
1783,5,0.24333972,3.568e-05
1784,5,0.27806616,3.572e-05
1785,5,0.26627725,3.572e-05
1786,5,0.25687981,3.576e-05
1787,5,0.24890761,3.576e-05
1788,5,0.25428140,3.58e-05
1789,5,0.28286541,3.58e-05
1790,5,0.26732737,3.584e-05
1791,5,0.28177422,3.584e-05
1792,5,0.25904047,3.588e-05
1793,5,0.26813990,3.588e-05
1794,5,0.25201732,3.592e-05
1795,5,0.24061105,3.592e-05
1796,5,0.28639299,3.596e-05
1797,5,0.24728116,3.596e-05
1798,5,0.26070237,3.6e-05
1799,5,0.24373078,3.6e-05
1800,5,0.25395975,3.604e-05
1801,5,0.26363584,3.604e-05
1802,5,0.23365717,3.608e-05
1803,5,0.28892228,3.608e-05
1804,5,0.22661468,3.612e-05
1805,5,0.27290487,3.612e-05
1806,5,0.25738248,3.616e-05
1807,5,0.22557412,3.616e-05
1808,5,0.25043762,3.62e-05
1809,5,0.27024788,3.62e-05
1810,5,0.23932907,3.624e-05
1811,5,0.23341754,3.624e-05
1812,5,0.25838324,3.628e-05
1813,5,0.24826579,3.628e-05
1814,5,0.24156415,3.632e-05
1815,5,0.22849023,3.632e-05
1816,5,0.26437676,3.636e-05
1817,5,0.26925200,3.636e-05
1818,5,0.25537324,3.64e-05
1819,5,0.25057122,3.64e-05
1820,5,0.25665897,3.644e-05
1821,5,0.24377620,3.644e-05
1822,5,0.25186217,3.648e-05
1823,5,0.27295977,3.648e-05
1824,5,0.24140209,3.652e-05
1825,5,0.27579376,3.652e-05
1826,5,0.26557046,3.656e-05
1827,5,0.26009360,3.656e-05
1828,5,0.26018751,3.66e-05
1829,5,0.27516064,3.66e-05
1830,5,0.26280975,3.664e-05
1831,5,0.27158731,3.664e-05
1832,5,0.25882977,3.668e-05
1833,5,0.25595829,3.668e-05
1834,5,0.24937186,3.672e-05
1835,5,0.26366758,3.672e-05
1836,5,0.25362039,3.676e-05
1837,5,0.27157819,3.676e-05
1838,5,0.27211505,3.68e-05
1839,5,0.25519329,3.68e-05
1840,5,0.25265712,3.684e-05
1841,5,0.24558696,3.684e-05
1842,5,0.25046927,3.688e-05
1843,5,0.25373077,3.688e-05
1844,5,0.26731354,3.692e-05
1845,5,0.25185257,3.692e-05
1846,5,0.25254068,3.696e-05
1847,5,0.26362309,3.696e-05
1848,5,0.25417036,3.7e-05
1849,5,0.23800945,3.7e-05
1850,5,0.25363567,3.704e-05
1851,5,0.25761396,3.704e-05
1852,5,0.27065730,3.708e-05
1853,5,0.22578780,3.708e-05
1854,5,0.25473130,3.712e-05
1855,5,0.27463675,3.712e-05
1856,5,0.22234230,3.716e-05
1857,5,0.27282470,3.716e-05
1858,5,0.26304790,3.72e-05
1859,5,0.27353260,3.72e-05
1860,5,0.24619061,3.724e-05
1861,5,0.24529853,3.724e-05
1862,5,0.25547916,3.728e-05
1863,5,0.25379011,3.728e-05
1864,5,0.28618044,3.732e-05
1865,5,0.24186143,3.732e-05
1866,5,0.23713432,3.736e-05
1867,5,0.23376314,3.736e-05
1868,5,0.27821463,3.74e-05
1869,5,0.25793138,3.74e-05
1870,5,0.28272927,3.744e-05
1871,5,0.24918020,3.744e-05
1872,5,0.28460160,3.748e-05
1873,5,0.24774711,3.748e-05
1874,5,0.24505612,3.752e-05
1875,5,0.26150370,3.752e-05
1876,5,0.27937093,3.756e-05
1877,5,0.26456770,3.756e-05
1878,5,0.25980130,3.76e-05
1879,5,0.25645274,3.76e-05
1880,5,0.24275959,3.764e-05
1881,5,0.24530697,3.764e-05
1882,5,0.24822077,3.768e-05
1883,5,0.26207292,3.768e-05
1884,5,0.25289246,3.772e-05
1885,5,0.23756474,3.772e-05
1886,5,0.25108427,3.776e-05
1887,5,0.26358590,3.776e-05
1888,5,0.26787892,3.78e-05
1889,5,0.25469157,3.78e-05
1890,5,0.25260711,3.784e-05
1891,5,0.25635481,3.784e-05
1892,5,0.27462849,3.788e-05
1893,5,0.26534551,3.788e-05
1894,5,0.26237255,3.792e-05
1895,5,0.25253734,3.792e-05
1896,5,0.28488863,3.796e-05
1897,5,0.24701481,3.796e-05
1898,5,0.25358421,3.8e-05
1899,5,0.23294955,3.8e-05
1900,5,0.23824804,3.804e-05
1901,5,0.27441671,3.804e-05
1902,5,0.24520335,3.808e-05
1903,5,0.23968709,3.808e-05
1904,5,0.26293224,3.812e-05
1905,5,0.26387209,3.812e-05
1906,5,0.25719547,3.816e-05
1907,5,0.24106419,3.816e-05
1908,5,0.27132690,3.82e-05
1909,5,0.24895847,3.82e-05
1910,5,0.25490963,3.824e-05
1911,5,0.28573048,3.824e-05
1912,5,0.22723764,3.828e-05
1913,5,0.24926338,3.828e-05
1914,5,0.29110667,3.832e-05
1915,5,0.27001441,3.832e-05
1916,5,0.25763404,3.836e-05
1917,5,0.25255662,3.836e-05
1918,5,0.25005531,3.84e-05
1919,5,0.25033247,3.84e-05
1920,5,0.25408411,3.844e-05
1921,5,0.23999098,3.844e-05
1922,5,0.24679190,3.848e-05
1923,5,0.26150745,3.848e-05
1924,5,0.25639814,3.852e-05
1925,5,0.26817971,3.852e-05
1926,5,0.25198442,3.856e-05
1927,5,0.27853036,3.856e-05
1928,5,0.25080889,3.86e-05
1929,5,0.24684501,3.86e-05
1930,5,0.22666423,3.864e-05
1931,5,0.24573803,3.864e-05
1932,5,0.25801814,3.868e-05
1933,5,0.26770127,3.868e-05
1934,5,0.25290933,3.872e-05
1935,5,0.24963687,3.872e-05
1936,5,0.24480492,3.876e-05
1937,5,0.28465161,3.876e-05
1938,5,0.26196915,3.88e-05
1939,5,0.25117093,3.88e-05
1940,5,0.25105113,3.884e-05
1941,5,0.24714105,3.884e-05
1942,5,0.23377427,3.888e-05
1943,5,0.23482999,3.888e-05
1944,5,0.24155264,3.892e-05
1945,5,0.26545531,3.892e-05
1946,5,0.24694803,3.896e-05
1947,5,0.23440248,3.896e-05
1948,5,0.25160608,3.9e-05
1949,5,0.26491275,3.9e-05
1950,5,0.25134638,3.904e-05
1951,6,0.25218746,3.904e-05
1952,6,0.23587835,3.908e-05
1953,6,0.23269163,3.908e-05
1954,6,0.24896416,3.912e-05
1955,6,0.22687773,3.912e-05
1956,6,0.23651540,3.916e-05
1957,6,0.24640885,3.916e-05
1958,6,0.26456136,3.92e-05
1959,6,0.25651675,3.92e-05
1960,6,0.25821859,3.924e-05
1961,6,0.24154541,3.924e-05
1962,6,0.26216537,3.928e-05
1963,6,0.24726610,3.928e-05
1964,6,0.29572868,3.932e-05
1965,6,0.25318408,3.932e-05
1966,6,0.25318468,3.936e-05
1967,6,0.25210452,3.936e-05
1968,6,0.26230350,3.94e-05
1969,6,0.27341157,3.94e-05
1970,6,0.24422467,3.944e-05
1971,6,0.23836528,3.944e-05
1972,6,0.23325288,3.948e-05
1973,6,0.22331107,3.948e-05
1974,6,0.23147106,3.952e-05
1975,6,0.24762921,3.952e-05
1976,6,0.26042020,3.956e-05
1977,6,0.26749158,3.956e-05
1978,6,0.24642470,3.96e-05
1979,6,0.24807131,3.96e-05
1980,6,0.26472551,3.964e-05
1981,6,0.23997419,3.964e-05
1982,6,0.24945247,3.968e-05
1983,6,0.27778590,3.968e-05
1984,6,0.26876608,3.972e-05
1985,6,0.25841534,3.972e-05
1986,6,0.24828371,3.976e-05
1987,6,0.24817006,3.976e-05
1988,6,0.26383254,3.98e-05
1989,6,0.23770717,3.98e-05
1990,6,0.23420271,3.984e-05
1991,6,0.24502349,3.984e-05
1992,6,0.28299636,3.988e-05
1993,6,0.26617697,3.988e-05
1994,6,0.24307156,3.992e-05
1995,6,0.25778341,3.992e-05
1996,6,0.23446473,3.996e-05
1997,6,0.26971239,3.996e-05
1998,6,0.23927531,4e-05
1999,6,0.25669518,4e-05
2000,6,0.24200833,4.004e-05
2001,6,0.23919058,4.004e-05
2002,6,0.24279784,4.008e-05
2003,6,0.25101745,4.008e-05
2004,6,0.23324494,4.012e-05
2005,6,0.24216518,4.012e-05
2006,6,0.25682276,4.016e-05
2007,6,0.24068758,4.016e-05
2008,6,0.24792531,4.02e-05
2009,6,0.22067183,4.02e-05
2010,6,0.26161861,4.024e-05
2011,6,0.23670438,4.024e-05
2012,6,0.26065740,4.028e-05
2013,6,0.24247658,4.028e-05
2014,6,0.26437804,4.032e-05
2015,6,0.26161915,4.032e-05
2016,6,0.23324880,4.036e-05
2017,6,0.26429617,4.036e-05
2018,6,0.24173236,4.04e-05
2019,6,0.25991100,4.04e-05
2020,6,0.24439424,4.044e-05
2021,6,0.24278206,4.044e-05
2022,6,0.24246898,4.048e-05
2023,6,0.24005455,4.048e-05
2024,6,0.23302171,4.052e-05
2025,6,0.25208402,4.052e-05
2026,6,0.25110772,4.056e-05
2027,6,0.25619555,4.056e-05
2028,6,0.24622214,4.06e-05
2029,6,0.27745214,4.06e-05
2030,6,0.24115798,4.064e-05
2031,6,0.25328916,4.064e-05
2032,6,0.23168957,4.068e-05
2033,6,0.23112325,4.068e-05
2034,6,0.23231757,4.072e-05
2035,6,0.23927143,4.072e-05
2036,6,0.24244305,4.076e-05
2037,6,0.22816430,4.076e-05
2038,6,0.22395834,4.08e-05
2039,6,0.26457536,4.08e-05
2040,6,0.23845415,4.084e-05
2041,6,0.22035989,4.084e-05
2042,6,0.22705373,4.088e-05
2043,6,0.25485334,4.088e-05
2044,6,0.25925705,4.092e-05
2045,6,0.23820981,4.092e-05
2046,6,0.25102100,4.096e-05
2047,6,0.25873548,4.096e-05
2048,6,0.24815950,4.1e-05
2049,6,0.25571758,4.1e-05
2050,6,0.22306073,4.104e-05
2051,6,0.25765082,4.104e-05
2052,6,0.22943351,4.108e-05
2053,6,0.25404832,4.108e-05
2054,6,0.24575001,4.112e-05
2055,6,0.26941654,4.112e-05
2056,6,0.26402533,4.116e-05
2057,6,0.23148206,4.116e-05
2058,6,0.25157100,4.12e-05
2059,6,0.24308044,4.12e-05
2060,6,0.23150349,4.124e-05
2061,6,0.24026267,4.124e-05
2062,6,0.26973161,4.128e-05
2063,6,0.23074350,4.128e-05
2064,6,0.21587890,4.132e-05
2065,6,0.23582700,4.132e-05
2066,6,0.25851738,4.136e-05
2067,6,0.23655471,4.136e-05
2068,6,0.23672441,4.14e-05
2069,6,0.23885588,4.14e-05
2070,6,0.28573501,4.144e-05
2071,6,0.23508547,4.144e-05
2072,6,0.25022474,4.148e-05
2073,6,0.24684899,4.148e-05
2074,6,0.25292405,4.152e-05
2075,6,0.25664473,4.152e-05
2076,6,0.26523837,4.156e-05
2077,6,0.24728458,4.156e-05
2078,6,0.23497692,4.16e-05
2079,6,0.25059825,4.16e-05
2080,6,0.23768494,4.164e-05
2081,6,0.27356249,4.164e-05
2082,6,0.26416245,4.168e-05
2083,6,0.24036954,4.168e-05
2084,6,0.24961242,4.172e-05
2085,6,0.26135287,4.172e-05
2086,6,0.26314533,4.176e-05
2087,6,0.22582144,4.176e-05
2088,6,0.26460740,4.18e-05
2089,6,0.23547833,4.18e-05
2090,6,0.25358683,4.184e-05
2091,6,0.26166889,4.184e-05
2092,6,0.25495785,4.188e-05
2093,6,0.25586632,4.188e-05
2094,6,0.23678476,4.192e-05
2095,6,0.21429250,4.192e-05
2096,6,0.21818154,4.196e-05
2097,6,0.24057126,4.196e-05
2098,6,0.24801402,4.2e-05
2099,6,0.24469578,4.2e-05
2100,6,0.25021064,4.204e-05
2101,6,0.25293338,4.204e-05
2102,6,0.22747062,4.208e-05
2103,6,0.24100313,4.208e-05
2104,6,0.24680242,4.212e-05
2105,6,0.25653303,4.212e-05
2106,6,0.25678587,4.216e-05
2107,6,0.23015088,4.216e-05
2108,6,0.26318449,4.22e-05
2109,6,0.22875667,4.22e-05
2110,6,0.24558882,4.224e-05
2111,6,0.23924242,4.224e-05
2112,6,0.26995972,4.228e-05
2113,6,0.24281280,4.228e-05
2114,6,0.24282539,4.232e-05
2115,6,0.23520723,4.232e-05
2116,6,0.25040036,4.236e-05
2117,6,0.27224991,4.236e-05
2118,6,0.25402528,4.24e-05
2119,6,0.26514131,4.24e-05
2120,6,0.25666764,4.244e-05
2121,6,0.25567341,4.244e-05
2122,6,0.22888169,4.248e-05
2123,6,0.23170608,4.248e-05
2124,6,0.24806651,4.252e-05
2125,6,0.25261807,4.252e-05
2126,6,0.25662610,4.256e-05
2127,6,0.23997915,4.256e-05
2128,6,0.23073100,4.26e-05
2129,6,0.24099433,4.26e-05
2130,6,0.24645555,4.264e-05
2131,6,0.22773039,4.264e-05
2132,6,0.23147085,4.268e-05
2133,6,0.23552850,4.268e-05
2134,6,0.25262910,4.272e-05
2135,6,0.22424492,4.272e-05
2136,6,0.27100906,4.276e-05
2137,6,0.25978109,4.276e-05
2138,6,0.25710094,4.28e-05
2139,6,0.25003177,4.28e-05
2140,6,0.24524610,4.284e-05
2141,6,0.23354428,4.284e-05
2142,6,0.25566518,4.288e-05
2143,6,0.24186063,4.288e-05
2144,6,0.27317390,4.292e-05
2145,6,0.24646322,4.292e-05
2146,6,0.25438535,4.296e-05
2147,6,0.26837718,4.296e-05
2148,6,0.25769609,4.3e-05
2149,6,0.24152884,4.3e-05
2150,6,0.24963610,4.304e-05
2151,6,0.24651091,4.304e-05
2152,6,0.24146616,4.308e-05
2153,6,0.25606269,4.308e-05
2154,6,0.22930853,4.312e-05
2155,6,0.23173177,4.312e-05
2156,6,0.24617898,4.316e-05
2157,6,0.26003608,4.316e-05
2158,6,0.27032062,4.32e-05
2159,6,0.21993344,4.32e-05
2160,6,0.25862443,4.324e-05
2161,6,0.26708329,4.324e-05
2162,6,0.24723071,4.328e-05
2163,6,0.24080226,4.328e-05
2164,6,0.25315726,4.332e-05
2165,6,0.24453047,4.332e-05
2166,6,0.25343925,4.336e-05
2167,6,0.23927733,4.336e-05
2168,6,0.22046289,4.34e-05
2169,6,0.22214365,4.34e-05
2170,6,0.22831880,4.344e-05
2171,6,0.24833471,4.344e-05
2172,6,0.24024951,4.348e-05
2173,6,0.25110531,4.348e-05
2174,6,0.23031625,4.352e-05
2175,6,0.24809483,4.352e-05
2176,6,0.24113505,4.356e-05
2177,6,0.23195927,4.356e-05
2178,6,0.25720379,4.36e-05
2179,6,0.24174473,4.36e-05
2180,6,0.23108366,4.364e-05
2181,6,0.23661765,4.364e-05
2182,6,0.27405310,4.368e-05
2183,6,0.24867061,4.368e-05
2184,6,0.23611127,4.372e-05
2185,6,0.21201603,4.372e-05
2186,6,0.25144655,4.376e-05
2187,6,0.23002344,4.376e-05
2188,6,0.24281470,4.38e-05
2189,6,0.25724572,4.38e-05
2190,6,0.26659334,4.384e-05
2191,6,0.23599085,4.384e-05
2192,6,0.25602686,4.388e-05
2193,6,0.25224838,4.388e-05
2194,6,0.25396597,4.392e-05
2195,6,0.23198092,4.392e-05
2196,6,0.23311137,4.396e-05
2197,6,0.22970293,4.396e-05
2198,6,0.24874482,4.4e-05
2199,6,0.23909359,4.4e-05
2200,6,0.23198533,4.404e-05
2201,6,0.23186907,4.404e-05
2202,6,0.24505806,4.408e-05
2203,6,0.23793733,4.408e-05
2204,6,0.25013265,4.412e-05
2205,6,0.24135797,4.412e-05
2206,6,0.25493866,4.416e-05
2207,6,0.25698787,4.416e-05
2208,6,0.24496201,4.42e-05
2209,6,0.22991803,4.42e-05
2210,6,0.26219922,4.424e-05
2211,6,0.23336884,4.424e-05
2212,6,0.24466126,4.428e-05
2213,6,0.25235701,4.428e-05
2214,6,0.24641073,4.432e-05
2215,6,0.25429597,4.432e-05
2216,6,0.25136209,4.436e-05
2217,6,0.24134022,4.436e-05
2218,6,0.24759340,4.44e-05
2219,6,0.24328969,4.44e-05
2220,6,0.23813581,4.444e-05
2221,6,0.27549729,4.444e-05
2222,6,0.26767123,4.448e-05
2223,6,0.22380725,4.448e-05
2224,6,0.24341266,4.452e-05
2225,6,0.24836454,4.452e-05
2226,6,0.23193583,4.456e-05
2227,6,0.25047830,4.456e-05
2228,6,0.25936866,4.46e-05
2229,6,0.20666733,4.46e-05
2230,6,0.25393540,4.464e-05
2231,6,0.24121474,4.464e-05
2232,6,0.22997060,4.468e-05
2233,6,0.22329009,4.468e-05
2234,6,0.23437789,4.472e-05
2235,6,0.24893580,4.472e-05
2236,6,0.24411003,4.476e-05
2237,6,0.24436355,4.476e-05
2238,6,0.24581341,4.48e-05
2239,6,0.28764200,4.48e-05
2240,6,0.21853080,4.484e-05
2241,6,0.24370480,4.484e-05
2242,6,0.24187259,4.488e-05
2243,6,0.22035062,4.488e-05
2244,6,0.24808988,4.492e-05
2245,6,0.24228767,4.492e-05
2246,6,0.24592766,4.496e-05
2247,6,0.24022239,4.496e-05
2248,6,0.23497650,4.5e-05
2249,6,0.25089023,4.5e-05
2250,6,0.21664011,4.504e-05
2251,6,0.21805346,4.504e-05
2252,6,0.23908651,4.508e-05
2253,6,0.25927612,4.508e-05
2254,6,0.23901337,4.512e-05
2255,6,0.26783621,4.512e-05
2256,6,0.24776265,4.516e-05
2257,6,0.25493377,4.516e-05
2258,6,0.23564869,4.52e-05
2259,6,0.24857986,4.52e-05
2260,6,0.24441066,4.524e-05
2261,6,0.24303985,4.524e-05
2262,6,0.23857236,4.528e-05
2263,6,0.23676495,4.528e-05
2264,6,0.22651902,4.532e-05
2265,6,0.25608656,4.532e-05
2266,6,0.22783419,4.536e-05
2267,6,0.22130206,4.536e-05
2268,6,0.27303106,4.54e-05
2269,6,0.25182864,4.54e-05
2270,6,0.22769007,4.544e-05
2271,6,0.23231006,4.544e-05
2272,6,0.23082392,4.548e-05
2273,6,0.26608193,4.548e-05
2274,6,0.22546105,4.552e-05
2275,6,0.24162567,4.552e-05
2276,6,0.27205223,4.556e-05
2277,6,0.23758686,4.556e-05
2278,6,0.24584052,4.56e-05
2279,6,0.24745247,4.56e-05
2280,6,0.25551033,4.564e-05
2281,6,0.23068893,4.564e-05
2282,6,0.22761330,4.568e-05
2283,6,0.27210158,4.568e-05
2284,6,0.24639112,4.572e-05
2285,6,0.23746181,4.572e-05
2286,6,0.24556212,4.576e-05
2287,6,0.25914490,4.576e-05
2288,6,0.25099301,4.58e-05
2289,6,0.24690627,4.58e-05
2290,6,0.24593246,4.584e-05
2291,6,0.24256305,4.584e-05
2292,6,0.23896959,4.588e-05
2293,6,0.23803458,4.588e-05
2294,6,0.23015344,4.592e-05
2295,6,0.21938702,4.592e-05
2296,6,0.23293948,4.596e-05
2297,6,0.24011241,4.596e-05
2298,6,0.22881025,4.6e-05
2299,6,0.23320004,4.6e-05
2300,6,0.23558792,4.604e-05
2301,6,0.23926286,4.604e-05
2302,6,0.25024784,4.608e-05
2303,6,0.25132710,4.608e-05
2304,6,0.22829151,4.612e-05
2305,6,0.25989050,4.612e-05
2306,6,0.23787823,4.616e-05
2307,6,0.23238669,4.616e-05
2308,6,0.25668228,4.62e-05
2309,6,0.25484839,4.62e-05
2310,6,0.23149168,4.624e-05
2311,6,0.26402086,4.624e-05
2312,6,0.22516418,4.628e-05
2313,6,0.25297642,4.628e-05
2314,6,0.23372214,4.632e-05
2315,6,0.24049500,4.632e-05
2316,6,0.22613981,4.636e-05
2317,6,0.24480943,4.636e-05
2318,6,0.23160200,4.64e-05
2319,6,0.23560247,4.64e-05
2320,6,0.23015365,4.644e-05
2321,6,0.22724077,4.644e-05
2322,6,0.25827056,4.648e-05
2323,6,0.23539707,4.648e-05
2324,6,0.24387483,4.652e-05
2325,6,0.22528934,4.652e-05
2326,6,0.23203236,4.656e-05
2327,6,0.24107105,4.656e-05
2328,6,0.20522976,4.66e-05
2329,6,0.24621300,4.66e-05
2330,6,0.23304579,4.664e-05
2331,6,0.23590355,4.664e-05
2332,6,0.23756716,4.668e-05
2333,6,0.23335466,4.668e-05
2334,6,0.24173963,4.672e-05
2335,6,0.23478495,4.672e-05
2336,6,0.23495668,4.676e-05
2337,6,0.23776627,4.676e-05
2338,6,0.22989833,4.68e-05
2339,6,0.23770641,4.68e-05
2340,6,0.23446438,4.684e-05
2341,7,0.22768280,4.684e-05
2342,7,0.25273561,4.688e-05
2343,7,0.23274069,4.688e-05
2344,7,0.24047010,4.692e-05
2345,7,0.22881332,4.692e-05
2346,7,0.24548797,4.696e-05
2347,7,0.25517508,4.696e-05
2348,7,0.23088333,4.7e-05
2349,7,0.25655067,4.7e-05
2350,7,0.24524677,4.704e-05
2351,7,0.25971255,4.704e-05
2352,7,0.24823913,4.708e-05
2353,7,0.23353350,4.708e-05
2354,7,0.25400519,4.712e-05
2355,7,0.23571336,4.712e-05
2356,7,0.24813859,4.716e-05
2357,7,0.24629220,4.716e-05
2358,7,0.22293374,4.72e-05
2359,7,0.25114471,4.72e-05
2360,7,0.23978779,4.724e-05
2361,7,0.26314968,4.724e-05
2362,7,0.26585695,4.728e-05
2363,7,0.24474201,4.728e-05
2364,7,0.23146138,4.732e-05
2365,7,0.21786240,4.732e-05
2366,7,0.24120788,4.736e-05
2367,7,0.27190608,4.736e-05
2368,7,0.21790528,4.74e-05
2369,7,0.23431602,4.74e-05
2370,7,0.24619304,4.744e-05
2371,7,0.22553408,4.744e-05
2372,7,0.22919938,4.748e-05
2373,7,0.25069982,4.748e-05
2374,7,0.25047955,4.752e-05
2375,7,0.23449519,4.752e-05
2376,7,0.24659678,4.756e-05
2377,7,0.22490436,4.756e-05
2378,7,0.23810725,4.76e-05
2379,7,0.25586104,4.76e-05
2380,7,0.23176470,4.764e-05
2381,7,0.25436324,4.764e-05
2382,7,0.25616658,4.768e-05
2383,7,0.22180204,4.768e-05
2384,7,0.23646608,4.772e-05
2385,7,0.24638049,4.772e-05
2386,7,0.20389831,4.776e-05
2387,7,0.23172359,4.776e-05
2388,7,0.25643963,4.78e-05
2389,7,0.25505739,4.78e-05
2390,7,0.23477468,4.784e-05
2391,7,0.24566928,4.784e-05
2392,7,0.25993541,4.788e-05
2393,7,0.22691163,4.788e-05
2394,7,0.22466950,4.792e-05
2395,7,0.22343646,4.792e-05
2396,7,0.22431061,4.796e-05
2397,7,0.23321062,4.796e-05
2398,7,0.23469350,4.8e-05
2399,7,0.22418424,4.8e-05
2400,7,0.25823814,4.804e-05
2401,7,0.25174320,4.804e-05
2402,7,0.23564570,4.808e-05
2403,7,0.25913414,4.808e-05
2404,7,0.21611445,4.812e-05
2405,7,0.24439213,4.812e-05
2406,7,0.24539950,4.816e-05
2407,7,0.24803743,4.816e-05
2408,7,0.22463083,4.82e-05
2409,7,0.21750490,4.82e-05
2410,7,0.22845834,4.824e-05
2411,7,0.24552429,4.824e-05
2412,7,0.24595270,4.828e-05
2413,7,0.26122549,4.828e-05
2414,7,0.22890250,4.832e-05
2415,7,0.22949879,4.832e-05
2416,7,0.25812137,4.836e-05
2417,7,0.22757630,4.836e-05
2418,7,0.22879049,4.84e-05
2419,7,0.24550325,4.84e-05
2420,7,0.23874848,4.844e-05
2421,7,0.23753636,4.844e-05
2422,7,0.21712607,4.848e-05
2423,7,0.25863868,4.848e-05
2424,7,0.24992137,4.852e-05
2425,7,0.23665898,4.852e-05
2426,7,0.26186585,4.856e-05
2427,7,0.23767021,4.856e-05
2428,7,0.24635796,4.86e-05
2429,7,0.26596260,4.86e-05
2430,7,0.24438867,4.864e-05
2431,7,0.23534459,4.864e-05
2432,7,0.27121097,4.868e-05
2433,7,0.22180590,4.868e-05
2434,7,0.22925115,4.872e-05
2435,7,0.23025987,4.872e-05
2436,7,0.24377021,4.876e-05
2437,7,0.22490036,4.876e-05
2438,7,0.23578393,4.88e-05
2439,7,0.25308916,4.88e-05
2440,7,0.20731971,4.884e-05
2441,7,0.23726802,4.884e-05
2442,7,0.22832315,4.888e-05
2443,7,0.22966385,4.888e-05
2444,7,0.23247424,4.892e-05
2445,7,0.26268882,4.892e-05
2446,7,0.23157178,4.896e-05
2447,7,0.25461361,4.896e-05
2448,7,0.23205137,4.9e-05
2449,7,0.21924917,4.9e-05
2450,7,0.22938788,4.904e-05
2451,7,0.24850462,4.904e-05
2452,7,0.24058084,4.908e-05
2453,7,0.23885280,4.908e-05
2454,7,0.21570641,4.912e-05
2455,7,0.22691636,4.912e-05
2456,7,0.24167946,4.916e-05
2457,7,0.22778790,4.916e-05
2458,7,0.24507567,4.92e-05
2459,7,0.23285502,4.92e-05
2460,7,0.23782788,4.924e-05
2461,7,0.23866670,4.924e-05
2462,7,0.23619311,4.928e-05
2463,7,0.22307652,4.928e-05
2464,7,0.22410630,4.932e-05
2465,7,0.21852586,4.932e-05
2466,7,0.28100735,4.936e-05
2467,7,0.23331112,4.936e-05
2468,7,0.27275106,4.94e-05
2469,7,0.23731923,4.94e-05
2470,7,0.23931031,4.944e-05
2471,7,0.24148792,4.944e-05
2472,7,0.23969653,4.948e-05
2473,7,0.21564317,4.948e-05
2474,7,0.23569390,4.952e-05
2475,7,0.24394123,4.952e-05
2476,7,0.23982398,4.956e-05
2477,7,0.23121034,4.956e-05
2478,7,0.25682727,4.96e-05
2479,7,0.23999137,4.96e-05
2480,7,0.24506032,4.964e-05
2481,7,0.26167879,4.964e-05
2482,7,0.21701328,4.968e-05
2483,7,0.27088803,4.968e-05
2484,7,0.29241073,4.972e-05
2485,7,0.25988257,4.972e-05
2486,7,0.23246799,4.976e-05
2487,7,0.22561567,4.976e-05
2488,7,0.22453871,4.98e-05
2489,7,0.26431018,4.98e-05
2490,7,0.22580831,4.984e-05
2491,7,0.24547979,4.984e-05
2492,7,0.22027406,4.988e-05
2493,7,0.25055516,4.988e-05
2494,7,0.22305357,4.992e-05
2495,7,0.23311293,4.992e-05
2496,7,0.25328583,4.996e-05
2497,7,0.22663860,4.996e-05
2498,7,0.23128328,5e-05
2499,7,0.25359550,5e-05
2500,7,0.23898928,5.004e-05
2501,7,0.24710438,5.004e-05
2502,7,0.26070449,5.008e-05
2503,7,0.22998390,5.008e-05
2504,7,0.24615507,5.012e-05
2505,7,0.24261642,5.012e-05
2506,7,0.22022121,5.016e-05
2507,7,0.26350200,5.016e-05
2508,7,0.21734247,5.02e-05
2509,7,0.24107704,5.02e-05
2510,7,0.25252849,5.024e-05
2511,7,0.21031985,5.024e-05
2512,7,0.23694706,5.028e-05
2513,7,0.22045127,5.028e-05
2514,7,0.22819683,5.032e-05
2515,7,0.22938947,5.032e-05
2516,7,0.24663520,5.036e-05
2517,7,0.24445817,5.036e-05
2518,7,0.22825770,5.04e-05
2519,7,0.23165247,5.04e-05
2520,7,0.24892357,5.044e-05
2521,7,0.21173453,5.044e-05
2522,7,0.21396486,5.048e-05
2523,7,0.23550007,5.048e-05
2524,7,0.21163318,5.052e-05
2525,7,0.24948964,5.052e-05
2526,7,0.24464940,5.056e-05
2527,7,0.21369581,5.056e-05
2528,7,0.22955184,5.06e-05
2529,7,0.22395062,5.06e-05
2530,7,0.22927336,5.064e-05
2531,7,0.23223597,5.064e-05
2532,7,0.23379230,5.068e-05
2533,7,0.20874374,5.068e-05
2534,7,0.25105903,5.072e-05
2535,7,0.23865366,5.072e-05
2536,7,0.24330764,5.076e-05
2537,7,0.22706133,5.076e-05
2538,7,0.23774897,5.08e-05
2539,7,0.23296952,5.08e-05
2540,7,0.22134411,5.084e-05
2541,7,0.26632777,5.084e-05
2542,7,0.25829145,5.088e-05
2543,7,0.24087775,5.088e-05
2544,7,0.23617250,5.092e-05
2545,7,0.22145723,5.092e-05
2546,7,0.21525413,5.096e-05
2547,7,0.24840784,5.096e-05
2548,7,0.21605971,5.1e-05
2549,7,0.26663974,5.1e-05
2550,7,0.22070822,5.104e-05
2551,7,0.22175071,5.104e-05
2552,7,0.21973473,5.108e-05
2553,7,0.23944156,5.108e-05
2554,7,0.21428370,5.112e-05
2555,7,0.24177706,5.112e-05
2556,7,0.23756616,5.116e-05
2557,7,0.23887300,5.116e-05
2558,7,0.19660506,5.12e-05
2559,7,0.23042631,5.12e-05
2560,7,0.22132397,5.124e-05
2561,7,0.24126339,5.124e-05
2562,7,0.21821123,5.128e-05
2563,7,0.24129276,5.128e-05
2564,7,0.23419702,5.132e-05
2565,7,0.22419111,5.132e-05
2566,7,0.25184679,5.136e-05
2567,7,0.22198257,5.136e-05
2568,7,0.22683311,5.14e-05
2569,7,0.21650657,5.14e-05
2570,7,0.23349807,5.144e-05
2571,7,0.24158555,5.144e-05
2572,7,0.25287187,5.148e-05
2573,7,0.24675940,5.148e-05
2574,7,0.22060804,5.152e-05
2575,7,0.22819817,5.152e-05
2576,7,0.22139025,5.156e-05
2577,7,0.23393917,5.156e-05
2578,7,0.24450967,5.16e-05
2579,7,0.23942046,5.16e-05
2580,7,0.23413965,5.164e-05
2581,7,0.22242075,5.164e-05
2582,7,0.27735400,5.168e-05
2583,7,0.26267678,5.168e-05
2584,7,0.21749705,5.172e-05
2585,7,0.24904025,5.172e-05
2586,7,0.25892943,5.176e-05
2587,7,0.23989724,5.176e-05
2588,7,0.26118824,5.18e-05
2589,7,0.22951487,5.18e-05
2590,7,0.23561791,5.184e-05
2591,7,0.24229598,5.184e-05
2592,7,0.24400994,5.188e-05
2593,7,0.24858785,5.188e-05
2594,7,0.23818868,5.192e-05
2595,7,0.23952755,5.192e-05
2596,7,0.25068986,5.196e-05
2597,7,0.26749212,5.196e-05
2598,7,0.23658285,5.2e-05
2599,7,0.23071745,5.2e-05
2600,7,0.24321799,5.204e-05
2601,7,0.24899888,5.204e-05
2602,7,0.23533857,5.208e-05
2603,7,0.24935207,5.208e-05
2604,7,0.23134637,5.212e-05
2605,7,0.24463002,5.212e-05
2606,7,0.21301697,5.216e-05
2607,7,0.25768530,5.216e-05
2608,7,0.22666180,5.22e-05
2609,7,0.24334630,5.22e-05
2610,7,0.26260209,5.224e-05
2611,7,0.24838138,5.224e-05
2612,7,0.21103208,5.228e-05
2613,7,0.24615031,5.228e-05
2614,7,0.23536353,5.232e-05
2615,7,0.26116294,5.232e-05
2616,7,0.24422103,5.236e-05
2617,7,0.24079049,5.236e-05
2618,7,0.24173944,5.24e-05
2619,7,0.23014830,5.24e-05
2620,7,0.23791383,5.244e-05
2621,7,0.21143836,5.244e-05
2622,7,0.23150727,5.248e-05
2623,7,0.24335489,5.248e-05
2624,7,0.27666792,5.252e-05
2625,7,0.24327569,5.252e-05
2626,7,0.23487568,5.256e-05
2627,7,0.22306883,5.256e-05
2628,7,0.23357239,5.26e-05
2629,7,0.23428307,5.26e-05
2630,7,0.21541798,5.264e-05
2631,7,0.22619133,5.264e-05
2632,7,0.22909245,5.268e-05
2633,7,0.22694254,5.268e-05
2634,7,0.22645909,5.272e-05
2635,7,0.24497966,5.272e-05
2636,7,0.22369540,5.276e-05
2637,7,0.21806052,5.276e-05
2638,7,0.22721140,5.28e-05
2639,7,0.22240244,5.28e-05
2640,7,0.24869995,5.284e-05
2641,7,0.22394173,5.284e-05
2642,7,0.20820038,5.288e-05
2643,7,0.23391132,5.288e-05
2644,7,0.23673785,5.292e-05
2645,7,0.22871493,5.292e-05
2646,7,0.22296628,5.296e-05
2647,7,0.22833964,5.296e-05
2648,7,0.21169899,5.3e-05
2649,7,0.24805093,5.3e-05
2650,7,0.21671407,5.304e-05
2651,7,0.22553955,5.304e-05
2652,7,0.24405593,5.308e-05
2653,7,0.21404779,5.308e-05
2654,7,0.24328992,5.312e-05
2655,7,0.23795420,5.312e-05
2656,7,0.22840902,5.316e-05
2657,7,0.23916706,5.316e-05
2658,7,0.22116433,5.32e-05
2659,7,0.23462968,5.32e-05
2660,7,0.23039941,5.324e-05
2661,7,0.26852804,5.324e-05
2662,7,0.24251056,5.328e-05
2663,7,0.25537592,5.328e-05
2664,7,0.23110227,5.332e-05
2665,7,0.24124472,5.332e-05
2666,7,0.23610376,5.336e-05
2667,7,0.24595341,5.336e-05
2668,7,0.21471922,5.34e-05
2669,7,0.23842315,5.34e-05
2670,7,0.23711407,5.344e-05
2671,7,0.22732954,5.344e-05
2672,7,0.24349868,5.348e-05
2673,7,0.22626404,5.348e-05
2674,7,0.21787171,5.352e-05
2675,7,0.28047022,5.352e-05
2676,7,0.25780368,5.356e-05
2677,7,0.22771898,5.356e-05
2678,7,0.25186047,5.36e-05
2679,7,0.23387241,5.36e-05
2680,7,0.21564947,5.364e-05
2681,7,0.23187646,5.364e-05
2682,7,0.22841653,5.368e-05
2683,7,0.24188229,5.368e-05
2684,7,0.22750056,5.372e-05
2685,7,0.22199087,5.372e-05
2686,7,0.25100082,5.376e-05
2687,7,0.21140628,5.376e-05
2688,7,0.23074362,5.38e-05
2689,7,0.21895675,5.38e-05
2690,7,0.21979365,5.384e-05
2691,7,0.27295208,5.384e-05
2692,7,0.21093976,5.388e-05
2693,7,0.23007707,5.388e-05
2694,7,0.26727319,5.392e-05
2695,7,0.24094108,5.392e-05
2696,7,0.21270820,5.396e-05
2697,7,0.22199146,5.396e-05
2698,7,0.23805426,5.4e-05
2699,7,0.24373029,5.4e-05
2700,7,0.21857426,5.404e-05
2701,7,0.23705356,5.404e-05
2702,7,0.22620371,5.408e-05
2703,7,0.25712892,5.408e-05
2704,7,0.22978792,5.412e-05
2705,7,0.22706410,5.412e-05
2706,7,0.21577053,5.416e-05
2707,7,0.22811750,5.416e-05
2708,7,0.24930334,5.42e-05
2709,7,0.27016115,5.42e-05
2710,7,0.24144503,5.424e-05
2711,7,0.22903404,5.424e-05
2712,7,0.21810846,5.428e-05
2713,7,0.23797959,5.428e-05
2714,7,0.24003640,5.432e-05
2715,7,0.23688911,5.432e-05
2716,7,0.23727731,5.436e-05
2717,7,0.21262734,5.436e-05
2718,7,0.25444776,5.44e-05
2719,7,0.21075058,5.44e-05
2720,7,0.24063979,5.444e-05
2721,7,0.25287089,5.444e-05
2722,7,0.22389123,5.448e-05
2723,7,0.22291791,5.448e-05
2724,7,0.23878250,5.452e-05
2725,7,0.21446554,5.452e-05
2726,7,0.22293660,5.456e-05
2727,7,0.24377027,5.456e-05
2728,7,0.24825490,5.46e-05
2729,7,0.22611713,5.46e-05
2730,7,0.23157036,5.464e-05
2731,8,0.21958737,5.464e-05
2732,8,0.23051125,5.468e-05
2733,8,0.23045890,5.468e-05
2734,8,0.20278387,5.472e-05
2735,8,0.23557943,5.472e-05
2736,8,0.23552345,5.476e-05
2737,8,0.22304404,5.476e-05
2738,8,0.22585782,5.48e-05
2739,8,0.22347438,5.48e-05
2740,8,0.24409437,5.484e-05
2741,8,0.23360257,5.484e-05
2742,8,0.23409371,5.488e-05
2743,8,0.23174861,5.488e-05
2744,8,0.24099688,5.492e-05
2745,8,0.23286907,5.492e-05
2746,8,0.22807169,5.496e-05
2747,8,0.20709598,5.496e-05
2748,8,0.21866378,5.5e-05
2749,8,0.22821698,5.5e-05
2750,8,0.23453121,5.504e-05
2751,8,0.22222075,5.504e-05
2752,8,0.22210190,5.508e-05
2753,8,0.22833368,5.508e-05
2754,8,0.22657126,5.512e-05
2755,8,0.20775162,5.512e-05
2756,8,0.22170417,5.516e-05
2757,8,0.25228602,5.516e-05
2758,8,0.23517089,5.52e-05
2759,8,0.23095259,5.52e-05
2760,8,0.23546879,5.524e-05
2761,8,0.22415273,5.524e-05
2762,8,0.23260090,5.528e-05
2763,8,0.21914749,5.528e-05
2764,8,0.21734068,5.532e-05
2765,8,0.23178732,5.532e-05
2766,8,0.23952109,5.536e-05
2767,8,0.20270407,5.536e-05
2768,8,0.24248970,5.54e-05
2769,8,0.22925866,5.54e-05
2770,8,0.22691977,5.544e-05
2771,8,0.22179084,5.544e-05
2772,8,0.22230315,5.548e-05
2773,8,0.23714688,5.548e-05
2774,8,0.24039686,5.552e-05
2775,8,0.23737213,5.552e-05
2776,8,0.22279529,5.556e-05
2777,8,0.24069862,5.556e-05
2778,8,0.23408422,5.56e-05
2779,8,0.22949627,5.56e-05
2780,8,0.21625078,5.564e-05
2781,8,0.25487861,5.564e-05
2782,8,0.26095366,5.568e-05
2783,8,0.22139518,5.568e-05
2784,8,0.25062996,5.572e-05
2785,8,0.21974087,5.572e-05
2786,8,0.22530258,5.576e-05
2787,8,0.23195955,5.576e-05
2788,8,0.22625916,5.58e-05
2789,8,0.23886481,5.58e-05
2790,8,0.21729490,5.584e-05
2791,8,0.22030678,5.584e-05
2792,8,0.22764020,5.588e-05
2793,8,0.21150252,5.588e-05
2794,8,0.22749802,5.592e-05
2795,8,0.21360466,5.592e-05
2796,8,0.22779779,5.596e-05
2797,8,0.21713828,5.596e-05
2798,8,0.25369745,5.6e-05
2799,8,0.24689882,5.6e-05
2800,8,0.25009742,5.604e-05
2801,8,0.21589129,5.604e-05
2802,8,0.22336853,5.608e-05
2803,8,0.21123186,5.608e-05
2804,8,0.22113590,5.612e-05
2805,8,0.24457793,5.612e-05
2806,8,0.24633723,5.616e-05
2807,8,0.21912800,5.616e-05
2808,8,0.24364612,5.62e-05
2809,8,0.23187867,5.62e-05
2810,8,0.21821623,5.624e-05
2811,8,0.23083358,5.624e-05
2812,8,0.23879060,5.628e-05
2813,8,0.24734077,5.628e-05
2814,8,0.23578581,5.632e-05
2815,8,0.20534536,5.632e-05
2816,8,0.21591124,5.636e-05
2817,8,0.21343827,5.636e-05
2818,8,0.22715776,5.64e-05
2819,8,0.20563696,5.64e-05
2820,8,0.22235084,5.644e-05
2821,8,0.24165516,5.644e-05
2822,8,0.22186625,5.648e-05
2823,8,0.24470381,5.648e-05
2824,8,0.22184202,5.652e-05
2825,8,0.23153846,5.652e-05
2826,8,0.23037133,5.656e-05
2827,8,0.24434638,5.656e-05
2828,8,0.22301388,5.66e-05
2829,8,0.23734300,5.66e-05
2830,8,0.22975425,5.664e-05
2831,8,0.23860538,5.664e-05
2832,8,0.19058073,5.668e-05
2833,8,0.22900435,5.668e-05
2834,8,0.21584770,5.672e-05
2835,8,0.20033483,5.672e-05
2836,8,0.20057127,5.676e-05
2837,8,0.22953755,5.676e-05
2838,8,0.20932828,5.68e-05
2839,8,0.23296134,5.68e-05
2840,8,0.23012200,5.684e-05
2841,8,0.26360124,5.684e-05
2842,8,0.21495055,5.688e-05
2843,8,0.21715347,5.688e-05
2844,8,0.22641395,5.692e-05
2845,8,0.23272809,5.692e-05
2846,8,0.23259310,5.696e-05
2847,8,0.21066654,5.696e-05
2848,8,0.24174428,5.7e-05
2849,8,0.24627948,5.7e-05
2850,8,0.22145316,5.704e-05
2851,8,0.21686196,5.704e-05
2852,8,0.20937493,5.708e-05
2853,8,0.25426337,5.708e-05
2854,8,0.21738759,5.712e-05
2855,8,0.23493223,5.712e-05
2856,8,0.24802315,5.716e-05
2857,8,0.20229732,5.716e-05
2858,8,0.23391418,5.72e-05
2859,8,0.21646631,5.72e-05
2860,8,0.22867334,5.724e-05
2861,8,0.23113868,5.724e-05
2862,8,0.22811872,5.728e-05
2863,8,0.24181744,5.728e-05
2864,8,0.20866089,5.732e-05
2865,8,0.23073892,5.732e-05
2866,8,0.22908759,5.736e-05
2867,8,0.22676983,5.736e-05
2868,8,0.23148093,5.74e-05
2869,8,0.24723428,5.74e-05
2870,8,0.22842376,5.744e-05
2871,8,0.21734217,5.744e-05
2872,8,0.22072755,5.748e-05
2873,8,0.24572754,5.748e-05
2874,8,0.24513060,5.752e-05
2875,8,0.22316581,5.752e-05
2876,8,0.22283004,5.756e-05
2877,8,0.23226511,5.756e-05
2878,8,0.24350882,5.76e-05
2879,8,0.23726551,5.76e-05
2880,8,0.21148805,5.764e-05
2881,8,0.21693742,5.764e-05
2882,8,0.25108141,5.768e-05
2883,8,0.21138239,5.768e-05
2884,8,0.23742115,5.772e-05
2885,8,0.19054405,5.772e-05
2886,8,0.20475483,5.776e-05
2887,8,0.24892509,5.776e-05
2888,8,0.24319097,5.78e-05
2889,8,0.23583943,5.78e-05
2890,8,0.21850884,5.784e-05
2891,8,0.22073166,5.784e-05
2892,8,0.22248970,5.788e-05
2893,8,0.23752812,5.788e-05
2894,8,0.22275233,5.792e-05
2895,8,0.22006980,5.792e-05
2896,8,0.22820607,5.796e-05
2897,8,0.23526876,5.796e-05
2898,8,0.22002023,5.8e-05
2899,8,0.23594320,5.8e-05
2900,8,0.22640871,5.804e-05
2901,8,0.21919243,5.804e-05
2902,8,0.21522662,5.808e-05
2903,8,0.23867381,5.808e-05
2904,8,0.23870616,5.812e-05
2905,8,0.19538331,5.812e-05
2906,8,0.21770969,5.816e-05
2907,8,0.23924899,5.816e-05
2908,8,0.24124768,5.82e-05
2909,8,0.21104643,5.82e-05
2910,8,0.22112679,5.824e-05
2911,8,0.21541701,5.824e-05
2912,8,0.22744446,5.828e-05
2913,8,0.23545134,5.828e-05
2914,8,0.21600871,5.832e-05
2915,8,0.23575819,5.832e-05
2916,8,0.24455409,5.836e-05
2917,8,0.22116129,5.836e-05
2918,8,0.20630670,5.84e-05
2919,8,0.21572265,5.84e-05
2920,8,0.22343004,5.844e-05
2921,8,0.22044003,5.844e-05
2922,8,0.24277422,5.848e-05
2923,8,0.23285143,5.848e-05
2924,8,0.22360611,5.852e-05
2925,8,0.20386736,5.852e-05
2926,8,0.22976606,5.856e-05
2927,8,0.19319347,5.856e-05
2928,8,0.21398012,5.86e-05
2929,8,0.22137341,5.86e-05
2930,8,0.21778861,5.864e-05
2931,8,0.21114647,5.864e-05
2932,8,0.21690294,5.868e-05
2933,8,0.22410838,5.868e-05
2934,8,0.22718504,5.872e-05
2935,8,0.22807884,5.872e-05
2936,8,0.26262334,5.876e-05
2937,8,0.23815107,5.876e-05
2938,8,0.20853856,5.88e-05
2939,8,0.22444312,5.88e-05
2940,8,0.23885719,5.884e-05
2941,8,0.20013213,5.884e-05
2942,8,0.23043579,5.888e-05
2943,8,0.21322271,5.888e-05
2944,8,0.21651945,5.892e-05
2945,8,0.21968964,5.892e-05
2946,8,0.22648303,5.896e-05
2947,8,0.22551060,5.896e-05
2948,8,0.20405641,5.9e-05
2949,8,0.23019759,5.9e-05
2950,8,0.23832302,5.904e-05
2951,8,0.22189102,5.904e-05
2952,8,0.23690757,5.908e-05
2953,8,0.21376058,5.908e-05
2954,8,0.24836394,5.912e-05
2955,8,0.22581857,5.912e-05
2956,8,0.23689395,5.916e-05
2957,8,0.23850070,5.916e-05
2958,8,0.22006148,5.92e-05
2959,8,0.20898005,5.92e-05
2960,8,0.21634623,5.924e-05
2961,8,0.23435561,5.924e-05
2962,8,0.21826211,5.928e-05
2963,8,0.21881783,5.928e-05
2964,8,0.23658025,5.932e-05
2965,8,0.22261220,5.932e-05
2966,8,0.25124168,5.936e-05
2967,8,0.21893266,5.936e-05
2968,8,0.22806847,5.94e-05
2969,8,0.22520983,5.94e-05
2970,8,0.20756535,5.944e-05
2971,8,0.21480304,5.944e-05
2972,8,0.20158033,5.948e-05
2973,8,0.21461493,5.948e-05
2974,8,0.24714729,5.952e-05
2975,8,0.22779721,5.952e-05
2976,8,0.22684555,5.956e-05
2977,8,0.20949233,5.956e-05
2978,8,0.23953319,5.96e-05
2979,8,0.20691675,5.96e-05
2980,8,0.21877703,5.964e-05
2981,8,0.22420648,5.964e-05
2982,8,0.23474249,5.968e-05
2983,8,0.23806053,5.968e-05
2984,8,0.24805155,5.972e-05
2985,8,0.21902606,5.972e-05
2986,8,0.23928273,5.976e-05
2987,8,0.22513705,5.976e-05
2988,8,0.22290471,5.98e-05
2989,8,0.21192507,5.98e-05
2990,8,0.23741871,5.984e-05
2991,8,0.22637281,5.984e-05
2992,8,0.22389261,5.988e-05
2993,8,0.20719771,5.988e-05
2994,8,0.23383138,5.992e-05
2995,8,0.23315237,5.992e-05
2996,8,0.19991414,5.996e-05
2997,8,0.21943419,5.996e-05
2998,8,0.23499474,6e-05
2999,8,0.23431537,6e-05
3000,8,0.23443326,6.004e-05
3001,8,0.25744808,6.004e-05
3002,8,0.21897629,6.008e-05
3003,8,0.23962681,6.008e-05
3004,8,0.23599653,6.012e-05
3005,8,0.23331937,6.012e-05
3006,8,0.21965757,6.016e-05
3007,8,0.22685912,6.016e-05
3008,8,0.23624182,6.02e-05
3009,8,0.23095825,6.02e-05
3010,8,0.22051480,6.024e-05
3011,8,0.20782743,6.024e-05
3012,8,0.26072130,6.028e-05
3013,8,0.21301830,6.028e-05
3014,8,0.20736365,6.032e-05
3015,8,0.21951360,6.032e-05
3016,8,0.21506822,6.036e-05
3017,8,0.21546322,6.036e-05
3018,8,0.24040064,6.04e-05
3019,8,0.21803723,6.04e-05
3020,8,0.23552637,6.044e-05
3021,8,0.21891472,6.044e-05
3022,8,0.22308490,6.048e-05
3023,8,0.20802143,6.048e-05
3024,8,0.23197387,6.052e-05
3025,8,0.25183320,6.052e-05
3026,8,0.23714975,6.056e-05
3027,8,0.23307578,6.056e-05
3028,8,0.20645432,6.06e-05
3029,8,0.21825354,6.06e-05
3030,8,0.22817168,6.064e-05
3031,8,0.21996945,6.064e-05
3032,8,0.21400368,6.068e-05
3033,8,0.21516316,6.068e-05
3034,8,0.22757602,6.072e-05
3035,8,0.25408924,6.072e-05
3036,8,0.24347353,6.076e-05
3037,8,0.20560490,6.076e-05
3038,8,0.24049646,6.08e-05
3039,8,0.25331947,6.08e-05
3040,8,0.23522964,6.084e-05
3041,8,0.22402334,6.084e-05
3042,8,0.21214817,6.088e-05
3043,8,0.23145542,6.088e-05
3044,8,0.22556576,6.092e-05
3045,8,0.21863484,6.092e-05
3046,8,0.21479964,6.096e-05
3047,8,0.22783136,6.096e-05
3048,8,0.24535897,6.1e-05
3049,8,0.21793833,6.1e-05
3050,8,0.24296026,6.104e-05
3051,8,0.21669436,6.104e-05
3052,8,0.21141422,6.108e-05
3053,8,0.21664725,6.108e-05
3054,8,0.22661547,6.112e-05
3055,8,0.23494475,6.112e-05
3056,8,0.22864465,6.116e-05
3057,8,0.22581071,6.116e-05
3058,8,0.20296320,6.12e-05
3059,8,0.23007314,6.12e-05
3060,8,0.21091452,6.124e-05
3061,8,0.22742063,6.124e-05
3062,8,0.21379459,6.128e-05
3063,8,0.22468901,6.128e-05
3064,8,0.20676768,6.132e-05
3065,8,0.24176060,6.132e-05
3066,8,0.20890693,6.136e-05
3067,8,0.20289460,6.136e-05
3068,8,0.21001720,6.14e-05
3069,8,0.21411961,6.14e-05
3070,8,0.24338686,6.144e-05
3071,8,0.19301054,6.144e-05
3072,8,0.18962064,6.148e-05
3073,8,0.23092195,6.148e-05
3074,8,0.22201592,6.152e-05
3075,8,0.23545828,6.152e-05
3076,8,0.22741428,6.156e-05
3077,8,0.21623468,6.156e-05
3078,8,0.22505996,6.16e-05
3079,8,0.24288289,6.16e-05
3080,8,0.23245120,6.164e-05
3081,8,0.22295427,6.164e-05
3082,8,0.22812766,6.168e-05
3083,8,0.22582571,6.168e-05
3084,8,0.22673875,6.172e-05
3085,8,0.20876025,6.172e-05
3086,8,0.21829006,6.176e-05
3087,8,0.19826017,6.176e-05
3088,8,0.23240235,6.18e-05
3089,8,0.20599751,6.18e-05
3090,8,0.20800523,6.184e-05
3091,8,0.25731289,6.184e-05
3092,8,0.23042405,6.188e-05
3093,8,0.20900002,6.188e-05
3094,8,0.21830267,6.192e-05
3095,8,0.22241019,6.192e-05
3096,8,0.22476053,6.196e-05
3097,8,0.20612234,6.196e-05
3098,8,0.26359332,6.2e-05
3099,8,0.22966552,6.2e-05
3100,8,0.21337424,6.204e-05
3101,8,0.21387914,6.204e-05
3102,8,0.22453335,6.208e-05
3103,8,0.22202329,6.208e-05
3104,8,0.23427951,6.212e-05
3105,8,0.20219323,6.212e-05
3106,8,0.21332256,6.216e-05
3107,8,0.20817523,6.216e-05
3108,8,0.21663541,6.22e-05
3109,8,0.22672260,6.22e-05
3110,8,0.20364508,6.224e-05
3111,8,0.21680349,6.224e-05
3112,8,0.25919616,6.228e-05
3113,8,0.19742498,6.228e-05
3114,8,0.23755221,6.232e-05
3115,8,0.23258261,6.232e-05
3116,8,0.22982310,6.236e-05
3117,8,0.25350994,6.236e-05
3118,8,0.22733006,6.24e-05
3119,8,0.21048400,6.24e-05
3120,8,0.23086405,6.244e-05
3121,9,0.21758923,6.244e-05
3122,9,0.21883711,6.248e-05
3123,9,0.21651825,6.248e-05
3124,9,0.24053717,6.252e-05
3125,9,0.24906361,6.252e-05
3126,9,0.23245913,6.256e-05
3127,9,0.21419291,6.256e-05
3128,9,0.21291548,6.26e-05
3129,9,0.21472012,6.26e-05
3130,9,0.22676918,6.264e-05
3131,9,0.22180486,6.264e-05
3132,9,0.21077380,6.268e-05
3133,9,0.22689037,6.268e-05
3134,9,0.26334941,6.272e-05
3135,9,0.22308907,6.272e-05
3136,9,0.24196117,6.276e-05
3137,9,0.19429819,6.276e-05
3138,9,0.21492064,6.28e-05
3139,9,0.20280814,6.28e-05
3140,9,0.23959002,6.284e-05
3141,9,0.21033242,6.284e-05
3142,9,0.23784706,6.288e-05
3143,9,0.21763997,6.288e-05
3144,9,0.24795870,6.292e-05
3145,9,0.23483524,6.292e-05
3146,9,0.23161441,6.296e-05
3147,9,0.21750745,6.296e-05
3148,9,0.21358284,6.3e-05
3149,9,0.26201686,6.3e-05
3150,9,0.21196155,6.304e-05
3151,9,0.22733521,6.304e-05
3152,9,0.20917623,6.308e-05
3153,9,0.20685515,6.308e-05
3154,9,0.22530499,6.312e-05
3155,9,0.21718568,6.312e-05
3156,9,0.21575271,6.316e-05
3157,9,0.21546945,6.316e-05
3158,9,0.22112404,6.32e-05
3159,9,0.22250238,6.32e-05
3160,9,0.21745972,6.324e-05
3161,9,0.20982906,6.324e-05
3162,9,0.22384493,6.328e-05
3163,9,0.24132538,6.328e-05
3164,9,0.24285255,6.332e-05
3165,9,0.22033498,6.332e-05
3166,9,0.23492461,6.336e-05
3167,9,0.23954068,6.336e-05
3168,9,0.21245977,6.34e-05
3169,9,0.23229617,6.34e-05
3170,9,0.21026292,6.344e-05
3171,9,0.20611469,6.344e-05
3172,9,0.25085208,6.348e-05
3173,9,0.22750650,6.348e-05
3174,9,0.22221440,6.352e-05
3175,9,0.22715712,6.352e-05
3176,9,0.21795022,6.356e-05
3177,9,0.23432374,6.356e-05
3178,9,0.23307399,6.36e-05
3179,9,0.21587503,6.36e-05
3180,9,0.24603164,6.364e-05
3181,9,0.23189858,6.364e-05
3182,9,0.24139014,6.368e-05
3183,9,0.23660323,6.368e-05
3184,9,0.24923460,6.372e-05
3185,9,0.22019933,6.372e-05
3186,9,0.23019718,6.376e-05
3187,9,0.22547898,6.376e-05
3188,9,0.20905527,6.38e-05
3189,9,0.22660224,6.38e-05
3190,9,0.24027690,6.384e-05
3191,9,0.23318808,6.384e-05
3192,9,0.23165695,6.388e-05
3193,9,0.22443604,6.388e-05
3194,9,0.20152721,6.392e-05
3195,9,0.21600372,6.392e-05
3196,9,0.22295432,6.396e-05
3197,9,0.23949306,6.396e-05
3198,9,0.24711101,6.4e-05
3199,9,0.21637414,6.4e-05
3200,9,0.22628932,6.404e-05
3201,9,0.22004864,6.404e-05
3202,9,0.21235828,6.408e-05
3203,9,0.21260850,6.408e-05
3204,9,0.21943323,6.412e-05
3205,9,0.22640841,6.412e-05
3206,9,0.22407827,6.416e-05
3207,9,0.23898956,6.416e-05
3208,9,0.21635133,6.42e-05
3209,9,0.21333000,6.42e-05
3210,9,0.20620762,6.424e-05
3211,9,0.22203386,6.424e-05
3212,9,0.20003776,6.428e-05
3213,9,0.21972267,6.428e-05
3214,9,0.20671926,6.432e-05
3215,9,0.23106360,6.432e-05
3216,9,0.23397893,6.436e-05
3217,9,0.19882570,6.436e-05
3218,9,0.21094713,6.44e-05
3219,9,0.22469318,6.44e-05
3220,9,0.20601785,6.444e-05
3221,9,0.22359419,6.444e-05
3222,9,0.24520850,6.448e-05
3223,9,0.24055073,6.448e-05
3224,9,0.19590330,6.452e-05
3225,9,0.22375545,6.452e-05
3226,9,0.22875616,6.456e-05
3227,9,0.22691470,6.456e-05
3228,9,0.22081792,6.46e-05
3229,9,0.22279370,6.46e-05
3230,9,0.21982193,6.464e-05
3231,9,0.21178961,6.464e-05
3232,9,0.22031757,6.468e-05
3233,9,0.21602002,6.468e-05
3234,9,0.21906166,6.472e-05
3235,9,0.24365437,6.472e-05
3236,9,0.22285828,6.476e-05
3237,9,0.22634241,6.476e-05
3238,9,0.23982370,6.48e-05
3239,9,0.22145234,6.48e-05
3240,9,0.23117714,6.484e-05
3241,9,0.21932423,6.484e-05
3242,9,0.21604477,6.488e-05
3243,9,0.26724821,6.488e-05
3244,9,0.20981964,6.492e-05
3245,9,0.22866324,6.492e-05
3246,9,0.22662942,6.496e-05
3247,9,0.22243619,6.496e-05
3248,9,0.20734338,6.5e-05
3249,9,0.22472063,6.5e-05
3250,9,0.22523683,6.504e-05
3251,9,0.23806509,6.504e-05
3252,9,0.22495660,6.508e-05
3253,9,0.21215531,6.508e-05
3254,9,0.22134304,6.512e-05
3255,9,0.22774212,6.512e-05
3256,9,0.20722151,6.516e-05
3257,9,0.19206890,6.516e-05
3258,9,0.22819170,6.52e-05
3259,9,0.21781689,6.52e-05
3260,9,0.20687291,6.524e-05
3261,9,0.21310189,6.524e-05
3262,9,0.23824677,6.528e-05
3263,9,0.21676980,6.528e-05
3264,9,0.23184130,6.532e-05
3265,9,0.19749808,6.532e-05
3266,9,0.20919017,6.536e-05
3267,9,0.20756587,6.536e-05
3268,9,0.20744292,6.54e-05
3269,9,0.21028313,6.54e-05
3270,9,0.19615261,6.544e-05
3271,9,0.22358194,6.544e-05
3272,9,0.21081427,6.548e-05
3273,9,0.21974885,6.548e-05
3274,9,0.22019844,6.552e-05
3275,9,0.21777713,6.552e-05
3276,9,0.19766557,6.556e-05
3277,9,0.19740927,6.556e-05
3278,9,0.23226225,6.56e-05
3279,9,0.21796672,6.56e-05
3280,9,0.20118299,6.564e-05
3281,9,0.23983076,6.564e-05
3282,9,0.25372121,6.568e-05
3283,9,0.23342520,6.568e-05
3284,9,0.22597826,6.572e-05
3285,9,0.20565127,6.572e-05
3286,9,0.23648500,6.576e-05
3287,9,0.21141621,6.576e-05
3288,9,0.21466659,6.58e-05
3289,9,0.22487263,6.58e-05
3290,9,0.20713799,6.584e-05
3291,9,0.21413729,6.584e-05
3292,9,0.22769955,6.588e-05
3293,9,0.23640808,6.588e-05
3294,9,0.23204789,6.592e-05
3295,9,0.21749179,6.592e-05
3296,9,0.21557835,6.596e-05
3297,9,0.21261942,6.596e-05
3298,9,0.19246531,6.6e-05
3299,9,0.23661473,6.6e-05
3300,9,0.21918845,6.604e-05
3301,9,0.24243902,6.604e-05
3302,9,0.21567635,6.608e-05
3303,9,0.21576747,6.608e-05
3304,9,0.21384823,6.612e-05
3305,9,0.21509425,6.612e-05
3306,9,0.22339663,6.616e-05
3307,9,0.22016242,6.616e-05
3308,9,0.20537518,6.62e-05
3309,9,0.20691395,6.62e-05
3310,9,0.23695686,6.624e-05
3311,9,0.23106274,6.624e-05
3312,9,0.20815365,6.628e-05
3313,9,0.21660797,6.628e-05
3314,9,0.20859419,6.632e-05
3315,9,0.24706972,6.632e-05
3316,9,0.23096606,6.636e-05
3317,9,0.23302794,6.636e-05
3318,9,0.24065682,6.64e-05
3319,9,0.24674547,6.64e-05
3320,9,0.22844605,6.644e-05
3321,9,0.24287121,6.644e-05
3322,9,0.21632650,6.648e-05
3323,9,0.21638148,6.648e-05
3324,9,0.20643274,6.652e-05
3325,9,0.21715115,6.652e-05
3326,9,0.21542487,6.656e-05
3327,9,0.23922929,6.656e-05
3328,9,0.22880614,6.66e-05
3329,9,0.22534554,6.66e-05
3330,9,0.23879485,6.664e-05
3331,9,0.21211450,6.664e-05
3332,9,0.21582393,6.668e-05
3333,9,0.21865445,6.668e-05
3334,9,0.20254652,6.672e-05
3335,9,0.21309632,6.672e-05
3336,9,0.23357865,6.676e-05
3337,9,0.22430822,6.676e-05
3338,9,0.19724964,6.68e-05
3339,9,0.20835161,6.68e-05
3340,9,0.24291509,6.684e-05
3341,9,0.22117457,6.684e-05
3342,9,0.24682581,6.688e-05
3343,9,0.20125511,6.688e-05
3344,9,0.22735052,6.692e-05
3345,9,0.23558049,6.692e-05
3346,9,0.20349240,6.696e-05
3347,9,0.21795842,6.696e-05
3348,9,0.22278121,6.7e-05
3349,9,0.23733884,6.7e-05
3350,9,0.22480643,6.704e-05
3351,9,0.21104285,6.704e-05
3352,9,0.25491232,6.708e-05
3353,9,0.21927166,6.708e-05
3354,9,0.22098486,6.712e-05
3355,9,0.22733812,6.712e-05
3356,9,0.22239237,6.716e-05
3357,9,0.22906685,6.716e-05
3358,9,0.22094655,6.72e-05
3359,9,0.22569828,6.72e-05
3360,9,0.20928042,6.724e-05
3361,9,0.22453617,6.724e-05
3362,9,0.23145655,6.728e-05
3363,9,0.20325685,6.728e-05
3364,9,0.21639405,6.732e-05
3365,9,0.20600222,6.732e-05
3366,9,0.20726073,6.736e-05
3367,9,0.23560868,6.736e-05
3368,9,0.25260979,6.74e-05
3369,9,0.21550536,6.74e-05
3370,9,0.22113913,6.744e-05
3371,9,0.23475961,6.744e-05
3372,9,0.20892370,6.748e-05
3373,9,0.22937188,6.748e-05
3374,9,0.24395363,6.752e-05
3375,9,0.22889468,6.752e-05
3376,9,0.21036804,6.756e-05
3377,9,0.23824850,6.756e-05
3378,9,0.21234456,6.76e-05
3379,9,0.21222925,6.76e-05
3380,9,0.21598205,6.764e-05
3381,9,0.19757897,6.764e-05
3382,9,0.22468130,6.768e-05
3383,9,0.22321719,6.768e-05
3384,9,0.20694196,6.772e-05
3385,9,0.20948617,6.772e-05
3386,9,0.22611454,6.776e-05
3387,9,0.21810779,6.776e-05
3388,9,0.24743418,6.78e-05
3389,9,0.22081289,6.78e-05
3390,9,0.21416566,6.784e-05
3391,9,0.22476736,6.784e-05
3392,9,0.21771674,6.788e-05
3393,9,0.19875392,6.788e-05
3394,9,0.22737949,6.792e-05
3395,9,0.21343750,6.792e-05
3396,9,0.21041779,6.796e-05
3397,9,0.23445171,6.796e-05
3398,9,0.23930109,6.8e-05
3399,9,0.20960563,6.8e-05
3400,9,0.20796864,6.804e-05
3401,9,0.23121791,6.804e-05
3402,9,0.20657711,6.808e-05
3403,9,0.20314723,6.808e-05
3404,9,0.20469046,6.812e-05
3405,9,0.22376542,6.812e-05
3406,9,0.21062136,6.816e-05
3407,9,0.25126979,6.816e-05
3408,9,0.23883979,6.82e-05
3409,9,0.22438525,6.82e-05
3410,9,0.21279471,6.824e-05
3411,9,0.22127652,6.824e-05
3412,9,0.24421963,6.828e-05
3413,9,0.20448309,6.828e-05
3414,9,0.22126202,6.832e-05
3415,9,0.21089852,6.832e-05
3416,9,0.24632454,6.836e-05
3417,9,0.22578302,6.836e-05
3418,9,0.22622482,6.84e-05
3419,9,0.22207189,6.84e-05
3420,9,0.20299095,6.844e-05
3421,9,0.21764998,6.844e-05
3422,9,0.22553074,6.848e-05
3423,9,0.21568185,6.848e-05
3424,9,0.21776208,6.852e-05
3425,9,0.23612019,6.852e-05
3426,9,0.21694522,6.856e-05
3427,9,0.22723231,6.856e-05
3428,9,0.23655240,6.86e-05
3429,9,0.21896550,6.86e-05
3430,9,0.22042643,6.864e-05
3431,9,0.22184901,6.864e-05
3432,9,0.21594244,6.868e-05
3433,9,0.22744480,6.868e-05
3434,9,0.21257100,6.872e-05
3435,9,0.20168886,6.872e-05
3436,9,0.21273629,6.876e-05
3437,9,0.21299613,6.876e-05
3438,9,0.23725228,6.88e-05
3439,9,0.20452482,6.88e-05
3440,9,0.21660903,6.884e-05
3441,9,0.21069449,6.884e-05
3442,9,0.20493989,6.888e-05
3443,9,0.19717769,6.888e-05
3444,9,0.22076087,6.892e-05
3445,9,0.21470290,6.892e-05
3446,9,0.22444353,6.896e-05
3447,9,0.21595237,6.896e-05
3448,9,0.23702687,6.9e-05
3449,9,0.21310759,6.9e-05
3450,9,0.21075563,6.904e-05
3451,9,0.22398737,6.904e-05
3452,9,0.21582612,6.908e-05
3453,9,0.22786266,6.908e-05
3454,9,0.20663920,6.912e-05
3455,9,0.23357877,6.912e-05
3456,9,0.20413348,6.916e-05
3457,9,0.22447351,6.916e-05
3458,9,0.21006779,6.92e-05
3459,9,0.21803157,6.92e-05
3460,9,0.22421162,6.924e-05
3461,9,0.21410583,6.924e-05
3462,9,0.19774765,6.928e-05
3463,9,0.24344611,6.928e-05
3464,9,0.20752278,6.932e-05
3465,9,0.22860834,6.932e-05
3466,9,0.22848356,6.936e-05
3467,9,0.20150408,6.936e-05
3468,9,0.20857784,6.94e-05
3469,9,0.23969328,6.94e-05
3470,9,0.21027289,6.944e-05
3471,9,0.22778353,6.944e-05
3472,9,0.22996780,6.948e-05
3473,9,0.21576016,6.948e-05
3474,9,0.24903695,6.952e-05
3475,9,0.24743204,6.952e-05
3476,9,0.25026169,6.956e-05
3477,9,0.20851091,6.956e-05
3478,9,0.19979291,6.96e-05
3479,9,0.23674178,6.96e-05
3480,9,0.22842950,6.964e-05
3481,9,0.22301733,6.964e-05
3482,9,0.21420524,6.968e-05
3483,9,0.22310655,6.968e-05
3484,9,0.19206963,6.972e-05
3485,9,0.21382135,6.972e-05
3486,9,0.21027808,6.976e-05
3487,9,0.22791812,6.976e-05
3488,9,0.20450930,6.98e-05
3489,9,0.20416944,6.98e-05
3490,9,0.21521479,6.984e-05
3491,9,0.22325407,6.984e-05
3492,9,0.21839130,6.988e-05
3493,9,0.20771603,6.988e-05
3494,9,0.22226141,6.992e-05
3495,9,0.20155017,6.992e-05
3496,9,0.21019456,6.996e-05
3497,9,0.23196146,6.996e-05
3498,9,0.21017483,7e-05
3499,9,0.20674531,7e-05
3500,9,0.21685624,7.004e-05
3501,9,0.21999133,7.004e-05
3502,9,0.22285935,7.008e-05
3503,9,0.20561939,7.008e-05
3504,9,0.22469985,7.012e-05
3505,9,0.20337084,7.012e-05
3506,9,0.23728691,7.016e-05
3507,9,0.23741767,7.016e-05
3508,9,0.20955633,7.02e-05
3509,9,0.22460023,7.02e-05
3510,9,0.22636819,7.024e-05
3511,10,0.19917099,7.024e-05
3512,10,0.22273195,7.028e-05
3513,10,0.24127829,7.028e-05
3514,10,0.24592762,7.032e-05
3515,10,0.20626812,7.032e-05
3516,10,0.22242787,7.036e-05
3517,10,0.21412008,7.036e-05
3518,10,0.19542605,7.04e-05
3519,10,0.23258851,7.04e-05
3520,10,0.22946522,7.044e-05
3521,10,0.21210508,7.044e-05
3522,10,0.20962456,7.048e-05
3523,10,0.20628184,7.048e-05
3524,10,0.20963702,7.052e-05
3525,10,0.18825798,7.052e-05
3526,10,0.21298563,7.056e-05
3527,10,0.21061972,7.056e-05
3528,10,0.21208718,7.06e-05
3529,10,0.21380234,7.06e-05
3530,10,0.22674775,7.064e-05
3531,10,0.23213802,7.064e-05
3532,10,0.21696025,7.068e-05
3533,10,0.20344990,7.068e-05
3534,10,0.19850251,7.072e-05
3535,10,0.22745638,7.072e-05
3536,10,0.23488852,7.076e-05
3537,10,0.21724443,7.076e-05
3538,10,0.20014086,7.08e-05
3539,10,0.22891401,7.08e-05
3540,10,0.23936233,7.084e-05
3541,10,0.22231507,7.084e-05
3542,10,0.20190160,7.088e-05
3543,10,0.22586660,7.088e-05
3544,10,0.22812216,7.092e-05
3545,10,0.22172517,7.092e-05
3546,10,0.20385158,7.096e-05
3547,10,0.21372657,7.096e-05
3548,10,0.20947216,7.1e-05
3549,10,0.22097842,7.1e-05
3550,10,0.20825574,7.104e-05
3551,10,0.21926527,7.104e-05
3552,10,0.21798331,7.108e-05
3553,10,0.22628474,7.108e-05
3554,10,0.21934883,7.112e-05
3555,10,0.18874735,7.112e-05
3556,10,0.22612600,7.116e-05
3557,10,0.21800786,7.116e-05
3558,10,0.21951070,7.12e-05
3559,10,0.21821301,7.12e-05
3560,10,0.24353527,7.124e-05
3561,10,0.19333582,7.124e-05
3562,10,0.20229773,7.128e-05
3563,10,0.21092138,7.128e-05
3564,10,0.21839938,7.132e-05
3565,10,0.21225572,7.132e-05
3566,10,0.20953518,7.136e-05
3567,10,0.22036731,7.136e-05
3568,10,0.22190230,7.14e-05
3569,10,0.21899304,7.14e-05
3570,10,0.22493964,7.144e-05
3571,10,0.22027199,7.144e-05
3572,10,0.21337485,7.148e-05
3573,10,0.23326382,7.148e-05
3574,10,0.24016151,7.152e-05
3575,10,0.21256557,7.152e-05
3576,10,0.20573166,7.156e-05
3577,10,0.18919656,7.156e-05
3578,10,0.22624449,7.16e-05
3579,10,0.22843304,7.16e-05
3580,10,0.21029358,7.164e-05
3581,10,0.20977330,7.164e-05
3582,10,0.20857558,7.168e-05
3583,10,0.21659523,7.168e-05
3584,10,0.21911633,7.172e-05
3585,10,0.23456773,7.172e-05
3586,10,0.20351969,7.176e-05
3587,10,0.22850382,7.176e-05
3588,10,0.20481448,7.18e-05
3589,10,0.20911007,7.18e-05
3590,10,0.21342117,7.184e-05
3591,10,0.20250426,7.184e-05
3592,10,0.21791503,7.188e-05
3593,10,0.21981624,7.188e-05
3594,10,0.23419431,7.192e-05
3595,10,0.19498318,7.192e-05
3596,10,0.19361281,7.196e-05
3597,10,0.22770165,7.196e-05
3598,10,0.22246735,7.2e-05
3599,10,0.20627403,7.2e-05
3600,10,0.22327869,7.204e-05
3601,10,0.23370194,7.204e-05
3602,10,0.22521040,7.208e-05
3603,10,0.19473241,7.208e-05
3604,10,0.22974783,7.212e-05
3605,10,0.20236978,7.212e-05
3606,10,0.24685709,7.216e-05
3607,10,0.21574031,7.216e-05
3608,10,0.20843463,7.22e-05
3609,10,0.20313856,7.22e-05
3610,10,0.19545114,7.224e-05
3611,10,0.20710951,7.224e-05
3612,10,0.21176593,7.228e-05
3613,10,0.21289393,7.228e-05
3614,10,0.24331248,7.232e-05
3615,10,0.22117588,7.232e-05
3616,10,0.20766863,7.236e-05
3617,10,0.21971266,7.236e-05
3618,10,0.21521243,7.24e-05
3619,10,0.18095002,7.24e-05
3620,10,0.22884426,7.244e-05
3621,10,0.22846600,7.244e-05
3622,10,0.21990900,7.248e-05
3623,10,0.20869708,7.248e-05
3624,10,0.21625715,7.252e-05
3625,10,0.21627030,7.252e-05
3626,10,0.21081290,7.256e-05
3627,10,0.25583121,7.256e-05
3628,10,0.22479165,7.26e-05
3629,10,0.20532362,7.26e-05
3630,10,0.21519229,7.264e-05
3631,10,0.24464302,7.264e-05
3632,10,0.23628716,7.268e-05
3633,10,0.22778717,7.268e-05
3634,10,0.22166751,7.272e-05
3635,10,0.22741263,7.272e-05
3636,10,0.22371469,7.276e-05
3637,10,0.23686938,7.276e-05
3638,10,0.21918850,7.28e-05
3639,10,0.21943186,7.28e-05
3640,10,0.20542710,7.284e-05
3641,10,0.22280154,7.284e-05
3642,10,0.21910143,7.288e-05
3643,10,0.19476724,7.288e-05
3644,10,0.21209589,7.292e-05
3645,10,0.22130200,7.292e-05
3646,10,0.19582908,7.296e-05
3647,10,0.24185424,7.296e-05
3648,10,0.22500810,7.3e-05
3649,10,0.21975344,7.3e-05
3650,10,0.21552300,7.304e-05
3651,10,0.22048926,7.304e-05
3652,10,0.21745357,7.308e-05
3653,10,0.24358903,7.308e-05
3654,10,0.22074735,7.312e-05
3655,10,0.22074160,7.312e-05
3656,10,0.21758990,7.316e-05
3657,10,0.20469877,7.316e-05
3658,10,0.23105179,7.32e-05
3659,10,0.23074973,7.32e-05
3660,10,0.21314046,7.324e-05
3661,10,0.23056494,7.324e-05
3662,10,0.21846390,7.328e-05
3663,10,0.20594123,7.328e-05
3664,10,0.22053210,7.332e-05
3665,10,0.21652490,7.332e-05
3666,10,0.22395575,7.336e-05
3667,10,0.20134813,7.336e-05
3668,10,0.19751923,7.34e-05
3669,10,0.21264152,7.34e-05
3670,10,0.22831421,7.344e-05
3671,10,0.20729457,7.344e-05
3672,10,0.22138906,7.348e-05
3673,10,0.21026596,7.348e-05
3674,10,0.21828537,7.352e-05
3675,10,0.21037816,7.352e-05
3676,10,0.21946365,7.356e-05
3677,10,0.19706091,7.356e-05
3678,10,0.21931414,7.36e-05
3679,10,0.21648078,7.36e-05
3680,10,0.23348367,7.364e-05
3681,10,0.22024307,7.364e-05
3682,10,0.21216516,7.368e-05
3683,10,0.20875578,7.368e-05
3684,10,0.21460801,7.372e-05
3685,10,0.20485298,7.372e-05
3686,10,0.18934266,7.376e-05
3687,10,0.20150022,7.376e-05
3688,10,0.22652683,7.38e-05
3689,10,0.22001807,7.38e-05
3690,10,0.22776364,7.384e-05
3691,10,0.20016126,7.384e-05
3692,10,0.22445321,7.388e-05
3693,10,0.20427570,7.388e-05
3694,10,0.20610623,7.392e-05
3695,10,0.20637165,7.392e-05
3696,10,0.22461423,7.396e-05
3697,10,0.18543921,7.396e-05
3698,10,0.22189844,7.4e-05
3699,10,0.22981195,7.4e-05
3700,10,0.22054921,7.404e-05
3701,10,0.23907034,7.404e-05
3702,10,0.22036061,7.408e-05
3703,10,0.22704256,7.408e-05
3704,10,0.21555327,7.412e-05
3705,10,0.22532102,7.412e-05
3706,10,0.22747150,7.416e-05
3707,10,0.20362791,7.416e-05
3708,10,0.20645146,7.42e-05
3709,10,0.21577600,7.42e-05
3710,10,0.20527980,7.424e-05
3711,10,0.18633406,7.424e-05
3712,10,0.20833665,7.428e-05
3713,10,0.21314792,7.428e-05
3714,10,0.20611736,7.432e-05
3715,10,0.23400831,7.432e-05
3716,10,0.21262288,7.436e-05
3717,10,0.23071143,7.436e-05
3718,10,0.21902439,7.44e-05
3719,10,0.20057106,7.44e-05
3720,10,0.19571012,7.444e-05
3721,10,0.22457871,7.444e-05
3722,10,0.20408571,7.448e-05
3723,10,0.22205663,7.448e-05
3724,10,0.18877068,7.452e-05
3725,10,0.21317661,7.452e-05
3726,10,0.24300085,7.456e-05
3727,10,0.21646941,7.456e-05
3728,10,0.19881533,7.46e-05
3729,10,0.20585608,7.46e-05
3730,10,0.20399617,7.464e-05
3731,10,0.21797526,7.464e-05
3732,10,0.21147566,7.468e-05
3733,10,0.22049999,7.468e-05
3734,10,0.20654643,7.472e-05
3735,10,0.21458793,7.472e-05
3736,10,0.21656424,7.476e-05
3737,10,0.21877822,7.476e-05
3738,10,0.22684518,7.48e-05
3739,10,0.22521934,7.48e-05
3740,10,0.23119518,7.484e-05
3741,10,0.23262069,7.484e-05
3742,10,0.22409718,7.488e-05
3743,10,0.22869545,7.488e-05
3744,10,0.20494555,7.492e-05
3745,10,0.22310881,7.492e-05
3746,10,0.21981549,7.496e-05
3747,10,0.20328693,7.496e-05
3748,10,0.21172349,7.5e-05
3749,10,0.20154727,7.5e-05
3750,10,0.23333113,7.504e-05
3751,10,0.21241975,7.504e-05
3752,10,0.20317420,7.508e-05
3753,10,0.22677526,7.508e-05
3754,10,0.17570427,7.512e-05
3755,10,0.20054691,7.512e-05
3756,10,0.20987479,7.516e-05
3757,10,0.21765599,7.516e-05
3758,10,0.22040121,7.52e-05
3759,10,0.18769729,7.52e-05
3760,10,0.20782487,7.524e-05
3761,10,0.20689598,7.524e-05
3762,10,0.23273250,7.528e-05
3763,10,0.20763573,7.528e-05
3764,10,0.21025527,7.532e-05
3765,10,0.21115208,7.532e-05
3766,10,0.21562430,7.536e-05
3767,10,0.19462775,7.536e-05
3768,10,0.22000849,7.54e-05
3769,10,0.22234103,7.54e-05
3770,10,0.20764837,7.544e-05
3771,10,0.20648703,7.544e-05
3772,10,0.20620143,7.548e-05
3773,10,0.20656693,7.548e-05
3774,10,0.20316780,7.552e-05
3775,10,0.22086737,7.552e-05
3776,10,0.21488635,7.556e-05
3777,10,0.19210401,7.556e-05
3778,10,0.23353937,7.56e-05
3779,10,0.20922005,7.56e-05
3780,10,0.21727967,7.564e-05
3781,10,0.22455280,7.564e-05
3782,10,0.22164993,7.568e-05
3783,10,0.21828115,7.568e-05
3784,10,0.21244054,7.572e-05
3785,10,0.19813979,7.572e-05
3786,10,0.21149242,7.576e-05
3787,10,0.21993582,7.576e-05
3788,10,0.22769797,7.58e-05
3789,10,0.21708146,7.58e-05
3790,10,0.19355279,7.584e-05
3791,10,0.22520655,7.584e-05
3792,10,0.22406268,7.588e-05
3793,10,0.19992946,7.588e-05
3794,10,0.23355159,7.592e-05
3795,10,0.20396599,7.592e-05
3796,10,0.21674475,7.596e-05
3797,10,0.19957463,7.596e-05
3798,10,0.20107409,7.6e-05
3799,10,0.23969039,7.6e-05
3800,10,0.20434320,7.604e-05
3801,10,0.19799650,7.604e-05
3802,10,0.22352794,7.608e-05
3803,10,0.22758260,7.608e-05
3804,10,0.20160912,7.612e-05
3805,10,0.20889203,7.612e-05
3806,10,0.20188026,7.616e-05
3807,10,0.19855672,7.616e-05
3808,10,0.22056088,7.62e-05
3809,10,0.22322440,7.62e-05
3810,10,0.22941624,7.624e-05
3811,10,0.22379339,7.624e-05
3812,10,0.22396272,7.628e-05
3813,10,0.20698676,7.628e-05
3814,10,0.19509932,7.632e-05
3815,10,0.21561460,7.632e-05
3816,10,0.22326648,7.636e-05
3817,10,0.20506534,7.636e-05
3818,10,0.21324484,7.64e-05
3819,10,0.22008523,7.64e-05
3820,10,0.20189600,7.644e-05
3821,10,0.20367460,7.644e-05
3822,10,0.21424799,7.648e-05
3823,10,0.21635740,7.648e-05
3824,10,0.21798500,7.652e-05
3825,10,0.19364443,7.652e-05
3826,10,0.22677796,7.656e-05
3827,10,0.19226365,7.656e-05
3828,10,0.21086705,7.66e-05
3829,10,0.22439778,7.66e-05
3830,10,0.20993507,7.664e-05
3831,10,0.20874433,7.664e-05
3832,10,0.21472511,7.668e-05
3833,10,0.20556805,7.668e-05
3834,10,0.21097797,7.672e-05
3835,10,0.22562329,7.672e-05
3836,10,0.21299601,7.676e-05
3837,10,0.21267280,7.676e-05
3838,10,0.20682018,7.68e-05
3839,10,0.20088701,7.68e-05
3840,10,0.20914738,7.684e-05
3841,10,0.21976125,7.684e-05
3842,10,0.19601581,7.688e-05
3843,10,0.19139211,7.688e-05
3844,10,0.23952004,7.692e-05
3845,10,0.21321258,7.692e-05
3846,10,0.22102994,7.696e-05
3847,10,0.22599559,7.696e-05
3848,10,0.20984486,7.7e-05
3849,10,0.21245983,7.7e-05
3850,10,0.21968415,7.704e-05
3851,10,0.21382844,7.704e-05
3852,10,0.20508717,7.708e-05
3853,10,0.20684658,7.708e-05
3854,10,0.20820093,7.712e-05
3855,10,0.21042499,7.712e-05
3856,10,0.20256540,7.716e-05
3857,10,0.20892946,7.716e-05
3858,10,0.23770937,7.72e-05
3859,10,0.21912083,7.72e-05
3860,10,0.22237310,7.724e-05
3861,10,0.20270702,7.724e-05
3862,10,0.22656471,7.728e-05
3863,10,0.21619380,7.728e-05
3864,10,0.20390038,7.732e-05
3865,10,0.20844766,7.732e-05
3866,10,0.20160210,7.736e-05
3867,10,0.21246241,7.736e-05
3868,10,0.20043075,7.74e-05
3869,10,0.20617852,7.74e-05
3870,10,0.19585606,7.744e-05
3871,10,0.23994693,7.744e-05
3872,10,0.21186352,7.748e-05
3873,10,0.21203873,7.748e-05
3874,10,0.20216428,7.752e-05
3875,10,0.21085267,7.752e-05
3876,10,0.20108700,7.756e-05
3877,10,0.24312064,7.756e-05
3878,10,0.20767930,7.76e-05
3879,10,0.24455249,7.76e-05
3880,10,0.20448749,7.764e-05
3881,10,0.22908777,7.764e-05
3882,10,0.20128295,7.768e-05
3883,10,0.21100578,7.768e-05
3884,10,0.19935781,7.772e-05
3885,10,0.20112589,7.772e-05
3886,10,0.21372083,7.776e-05
3887,10,0.20259920,7.776e-05
3888,10,0.22283038,7.78e-05
3889,10,0.24414492,7.78e-05
3890,10,0.22768542,7.784e-05
3891,10,0.22678928,7.784e-05
3892,10,0.21821496,7.788e-05
3893,10,0.20399064,7.788e-05
3894,10,0.20910090,7.792e-05
3895,10,0.19460663,7.792e-05
3896,10,0.21729867,7.796e-05
3897,10,0.20973197,7.796e-05
3898,10,0.21845309,7.8e-05
3899,10,0.20952758,7.8e-05
3900,10,0.20594983,7.804e-05
3901,11,0.21317869,7.804e-05
3902,11,0.19779921,7.808e-05
3903,11,0.22278759,7.808e-05
3904,11,0.21437150,7.812e-05
3905,11,0.22710857,7.812e-05
3906,11,0.21426594,7.816e-05
3907,11,0.21896446,7.816e-05
3908,11,0.23175013,7.82e-05
3909,11,0.20027938,7.82e-05
3910,11,0.24463874,7.824e-05
3911,11,0.20118938,7.824e-05
3912,11,0.21658945,7.828e-05
3913,11,0.18743196,7.828e-05
3914,11,0.19788799,7.832e-05
3915,11,0.23671329,7.832e-05
3916,11,0.21318579,7.836e-05
3917,11,0.20395991,7.836e-05
3918,11,0.20764276,7.84e-05
3919,11,0.23458159,7.84e-05
3920,11,0.20356762,7.844e-05
3921,11,0.24411771,7.844e-05
3922,11,0.22088325,7.848e-05
3923,11,0.20706403,7.848e-05
3924,11,0.20672148,7.852e-05
3925,11,0.23139827,7.852e-05
3926,11,0.22279195,7.856e-05
3927,11,0.23072033,7.856e-05
3928,11,0.20129442,7.86e-05
3929,11,0.19187276,7.86e-05
3930,11,0.22867565,7.864e-05
3931,11,0.24650042,7.864e-05
3932,11,0.20538360,7.868e-05
3933,11,0.21023297,7.868e-05
3934,11,0.23175251,7.872e-05
3935,11,0.21712172,7.872e-05
3936,11,0.21835946,7.876e-05
3937,11,0.21612978,7.876e-05
3938,11,0.21076584,7.88e-05
3939,11,0.21082416,7.88e-05
3940,11,0.20199160,7.884e-05
3941,11,0.22582006,7.884e-05
3942,11,0.20686571,7.888e-05
3943,11,0.21875630,7.888e-05
3944,11,0.22029988,7.892e-05
3945,11,0.20096788,7.892e-05
3946,11,0.21314955,7.896e-05
3947,11,0.20793948,7.896e-05
3948,11,0.20066053,7.9e-05
3949,11,0.21081786,7.9e-05
3950,11,0.20130304,7.904e-05
3951,11,0.20483617,7.904e-05
3952,11,0.23335761,7.908e-05
3953,11,0.19721246,7.908e-05
3954,11,0.23575005,7.912e-05
3955,11,0.21672955,7.912e-05
3956,11,0.20513925,7.916e-05
3957,11,0.20937899,7.916e-05
3958,11,0.23753306,7.92e-05
3959,11,0.22178671,7.92e-05
3960,11,0.21428952,7.924e-05
3961,11,0.21959417,7.924e-05
3962,11,0.22504938,7.928e-05
3963,11,0.21626985,7.928e-05
3964,11,0.21151361,7.932e-05
3965,11,0.21548247,7.932e-05
3966,11,0.20984356,7.936e-05
3967,11,0.21904808,7.936e-05
3968,11,0.21241415,7.94e-05
3969,11,0.21357696,7.94e-05
3970,11,0.23376596,7.944e-05
3971,11,0.23359001,7.944e-05
3972,11,0.20473705,7.948e-05
3973,11,0.21029088,7.948e-05
3974,11,0.23765251,7.952e-05
3975,11,0.22137341,7.952e-05
3976,11,0.21590316,7.956e-05
3977,11,0.22344014,7.956e-05
3978,11,0.21969330,7.96e-05
3979,11,0.21473198,7.96e-05
3980,11,0.24571870,7.964e-05
3981,11,0.22982115,7.964e-05
3982,11,0.22372991,7.968e-05
3983,11,0.22684914,7.968e-05
3984,11,0.21281666,7.972e-05
3985,11,0.20421875,7.972e-05
3986,11,0.19547996,7.976e-05
3987,11,0.23684065,7.976e-05
3988,11,0.22579138,7.98e-05
3989,11,0.19374757,7.98e-05
3990,11,0.20285039,7.984e-05
3991,11,0.21688966,7.984e-05
3992,11,0.20782253,7.988e-05
3993,11,0.23286405,7.988e-05
3994,11,0.23152076,7.992e-05
3995,11,0.22961287,7.992e-05
3996,11,0.23370719,7.996e-05
3997,11,0.20920520,7.996e-05
3998,11,0.18640792,8e-05
3999,11,0.21058607,8e-05
4000,11,0.22204506,8.004e-05
4001,11,0.19765040,8.004e-05
4002,11,0.21359172,8.008e-05
4003,11,0.20441213,8.008e-05
4004,11,0.26979810,8.012e-05
4005,11,0.20710084,8.012e-05
4006,11,0.21582603,8.016e-05
4007,11,0.20699182,8.016e-05
4008,11,0.22566955,8.02e-05
4009,11,0.21354043,8.02e-05
4010,11,0.21255784,8.024e-05
4011,11,0.23308063,8.024e-05
4012,11,0.21480107,8.028e-05
4013,11,0.21481520,8.028e-05
4014,11,0.19633858,8.032e-05
4015,11,0.18217325,8.032e-05
4016,11,0.20636088,8.036e-05
4017,11,0.20387749,8.036e-05
4018,11,0.21810161,8.04e-05
4019,11,0.21743238,8.04e-05
4020,11,0.22252807,8.044e-05
4021,11,0.23560993,8.044e-05
4022,11,0.20522285,8.048e-05
4023,11,0.20754151,8.048e-05
4024,11,0.21686757,8.052e-05
4025,11,0.22800183,8.052e-05
4026,11,0.21635728,8.056e-05
4027,11,0.20398399,8.056e-05
4028,11,0.21005253,8.06e-05
4029,11,0.21814418,8.06e-05
4030,11,0.21732274,8.064e-05
4031,11,0.20693618,8.064e-05
4032,11,0.19189982,8.068e-05
4033,11,0.18402240,8.068e-05
4034,11,0.22184482,8.072e-05
4035,11,0.19246030,8.072e-05
4036,11,0.22708830,8.076e-05
4037,11,0.24574137,8.076e-05
4038,11,0.18421023,8.08e-05
4039,11,0.21482512,8.08e-05
4040,11,0.20604770,8.084e-05
4041,11,0.20768869,8.084e-05
4042,11,0.23192891,8.088e-05
4043,11,0.21181008,8.088e-05
4044,11,0.19805884,8.092e-05
4045,11,0.21091983,8.092e-05
4046,11,0.20549183,8.096e-05
4047,11,0.22549526,8.096e-05
4048,11,0.20648830,8.1e-05
4049,11,0.23991472,8.1e-05
4050,11,0.19986495,8.104e-05
4051,11,0.20678458,8.104e-05
4052,11,0.19884434,8.108e-05
4053,11,0.20079318,8.108e-05
4054,11,0.20456296,8.112e-05
4055,11,0.22159237,8.112e-05
4056,11,0.22568183,8.116e-05
4057,11,0.20173115,8.116e-05
4058,11,0.21246374,8.12e-05
4059,11,0.22130267,8.12e-05
4060,11,0.20698446,8.124e-05
4061,11,0.20509200,8.124e-05
4062,11,0.20731787,8.128e-05
4063,11,0.21618007,8.128e-05
4064,11,0.20362966,8.132e-05
4065,11,0.22903435,8.132e-05
4066,11,0.21919923,8.136e-05
4067,11,0.19035321,8.136e-05
4068,11,0.21123841,8.14e-05
4069,11,0.19848600,8.14e-05
4070,11,0.20260012,8.144e-05
4071,11,0.20871119,8.144e-05
4072,11,0.23181438,8.148e-05
4073,11,0.20958391,8.148e-05
4074,11,0.20443706,8.152e-05
4075,11,0.19662532,8.152e-05
4076,11,0.21820168,8.156e-05
4077,11,0.18424401,8.156e-05
4078,11,0.21288991,8.16e-05
4079,11,0.20932190,8.16e-05
4080,11,0.21090025,8.164e-05
4081,11,0.21726072,8.164e-05
4082,11,0.19824553,8.168e-05
4083,11,0.19499800,8.168e-05
4084,11,0.20153376,8.172e-05
4085,11,0.20146251,8.172e-05
4086,11,0.21725297,8.176e-05
4087,11,0.22753899,8.176e-05
4088,11,0.20795408,8.18e-05
4089,11,0.21536587,8.18e-05
4090,11,0.20867918,8.184e-05
4091,11,0.21823207,8.184e-05
4092,11,0.21417010,8.188e-05
4093,11,0.21455356,8.188e-05
4094,11,0.21064857,8.192e-05
4095,11,0.20954579,8.192e-05
4096,11,0.20804197,8.196e-05
4097,11,0.19750874,8.196e-05
4098,11,0.21758488,8.2e-05
4099,11,0.20698944,8.2e-05
4100,11,0.18269086,8.204e-05
4101,11,0.21271399,8.204e-05
4102,11,0.22379622,8.208e-05
4103,11,0.20201084,8.208e-05
4104,11,0.20704238,8.212e-05
4105,11,0.21608007,8.212e-05
4106,11,0.19649564,8.216e-05
4107,11,0.20947063,8.216e-05
4108,11,0.22690098,8.22e-05
4109,11,0.21117890,8.22e-05
4110,11,0.22396842,8.224e-05
4111,11,0.21742046,8.224e-05
4112,11,0.20296995,8.228e-05
4113,11,0.22313485,8.228e-05
4114,11,0.22289300,8.232e-05
4115,11,0.20073760,8.232e-05
4116,11,0.22383645,8.236e-05
4117,11,0.18918741,8.236e-05
4118,11,0.21806049,8.24e-05
4119,11,0.20244661,8.24e-05
4120,11,0.21409261,8.244e-05
4121,11,0.20916605,8.244e-05
4122,11,0.21865183,8.248e-05
4123,11,0.23469530,8.248e-05
4124,11,0.20268241,8.252e-05
4125,11,0.22306488,8.252e-05
4126,11,0.22634465,8.256e-05
4127,11,0.20440465,8.256e-05
4128,11,0.23345935,8.26e-05
4129,11,0.22076103,8.26e-05
4130,11,0.21693715,8.264e-05
4131,11,0.19758396,8.264e-05
4132,11,0.21340811,8.268e-05
4133,11,0.20588315,8.268e-05
4134,11,0.19935569,8.272e-05
4135,11,0.21375066,8.272e-05
4136,11,0.20956719,8.276e-05
4137,11,0.21387343,8.276e-05
4138,11,0.20574020,8.28e-05
4139,11,0.22331868,8.28e-05
4140,11,0.22085683,8.284e-05
4141,11,0.20618322,8.284e-05
4142,11,0.21701674,8.288e-05
4143,11,0.20335948,8.288e-05
4144,11,0.23807055,8.292e-05
4145,11,0.21238588,8.292e-05
4146,11,0.19433773,8.296e-05
4147,11,0.19376960,8.296e-05
4148,11,0.20616007,8.3e-05
4149,11,0.21778265,8.3e-05
4150,11,0.21267691,8.304e-05
4151,11,0.23181775,8.304e-05
4152,11,0.20083451,8.308e-05
4153,11,0.20716028,8.308e-05
4154,11,0.19911622,8.312e-05
4155,11,0.19015342,8.312e-05
4156,11,0.21057400,8.316e-05
4157,11,0.20535338,8.316e-05
4158,11,0.20621893,8.32e-05
4159,11,0.23223077,8.32e-05
4160,11,0.21753320,8.324e-05
4161,11,0.22916023,8.324e-05
4162,11,0.20359275,8.328e-05
4163,11,0.21503000,8.328e-05
4164,11,0.21386604,8.332e-05
4165,11,0.23481731,8.332e-05
4166,11,0.20254998,8.336e-05
4167,11,0.19649947,8.336e-05
4168,11,0.20113578,8.34e-05
4169,11,0.22383115,8.34e-05
4170,11,0.20544976,8.344e-05
4171,11,0.19678131,8.344e-05
4172,11,0.22023949,8.348e-05
4173,11,0.23159221,8.348e-05
4174,11,0.20874074,8.352e-05
4175,11,0.21614790,8.352e-05
4176,11,0.20027122,8.356e-05
4177,11,0.20049641,8.356e-05
4178,11,0.19571297,8.36e-05
4179,11,0.21288769,8.36e-05
4180,11,0.21466509,8.364e-05
4181,11,0.22168368,8.364e-05
4182,11,0.18768565,8.368e-05
4183,11,0.23013400,8.368e-05
4184,11,0.21541791,8.372e-05
4185,11,0.21423066,8.372e-05
4186,11,0.19425857,8.376e-05
4187,11,0.20970333,8.376e-05
4188,11,0.22884600,8.38e-05
4189,11,0.21971470,8.38e-05
4190,11,0.20409903,8.384e-05
4191,11,0.19870341,8.384e-05
4192,11,0.20255592,8.388e-05
4193,11,0.20688260,8.388e-05
4194,11,0.21758619,8.392e-05
4195,11,0.19658081,8.392e-05
4196,11,0.20937601,8.396e-05
4197,11,0.19845960,8.396e-05
4198,11,0.21448825,8.4e-05
4199,11,0.21303795,8.4e-05
4200,11,0.20693207,8.404e-05
4201,11,0.21058933,8.404e-05
4202,11,0.19722502,8.408e-05
4203,11,0.21694705,8.408e-05
4204,11,0.20704040,8.412e-05
4205,11,0.21766517,8.412e-05
4206,11,0.20925939,8.416e-05
4207,11,0.21201548,8.416e-05
4208,11,0.21595892,8.42e-05
4209,11,0.21720967,8.42e-05
4210,11,0.21648583,8.424e-05
4211,11,0.21395844,8.424e-05
4212,11,0.21678197,8.428e-05
4213,11,0.22660458,8.428e-05
4214,11,0.20280489,8.432e-05
4215,11,0.19576102,8.432e-05
4216,11,0.22255328,8.436e-05
4217,11,0.20644061,8.436e-05
4218,11,0.22208759,8.44e-05
4219,11,0.21016316,8.44e-05
4220,11,0.22671096,8.444e-05
4221,11,0.21475577,8.444e-05
4222,11,0.21766627,8.448e-05
4223,11,0.22219992,8.448e-05
4224,11,0.21797857,8.452e-05
4225,11,0.20313790,8.452e-05
4226,11,0.19421092,8.456e-05
4227,11,0.23862839,8.456e-05
4228,11,0.19352607,8.46e-05
4229,11,0.20366447,8.46e-05
4230,11,0.20376489,8.464e-05
4231,11,0.19200167,8.464e-05
4232,11,0.22729811,8.468e-05
4233,11,0.21471918,8.468e-05
4234,11,0.20764059,8.472e-05
4235,11,0.21227881,8.472e-05
4236,11,0.21016920,8.476e-05
4237,11,0.22291121,8.476e-05
4238,11,0.23616910,8.48e-05
4239,11,0.20908849,8.48e-05
4240,11,0.22898774,8.484e-05
4241,11,0.19238660,8.484e-05
4242,11,0.21558592,8.488e-05
4243,11,0.20267621,8.488e-05
4244,11,0.21573399,8.492e-05
4245,11,0.20234561,8.492e-05
4246,11,0.20021713,8.496e-05
4247,11,0.19421434,8.496e-05
4248,11,0.19045222,8.5e-05
4249,11,0.21942833,8.5e-05
4250,11,0.19255364,8.504e-05
4251,11,0.22109042,8.504e-05
4252,11,0.20360604,8.508e-05
4253,11,0.21801198,8.508e-05
4254,11,0.20051658,8.512e-05
4255,11,0.21105218,8.512e-05
4256,11,0.23392114,8.516e-05
4257,11,0.22323892,8.516e-05
4258,11,0.23531716,8.52e-05
4259,11,0.19578031,8.52e-05
4260,11,0.20126943,8.524e-05
4261,11,0.22203419,8.524e-05
4262,11,0.20418334,8.528e-05
4263,11,0.20872423,8.528e-05
4264,11,0.21694538,8.532e-05
4265,11,0.21673582,8.532e-05
4266,11,0.21305589,8.536e-05
4267,11,0.20477562,8.536e-05
4268,11,0.19906215,8.54e-05
4269,11,0.20646879,8.54e-05
4270,11,0.21512040,8.544e-05
4271,11,0.21916625,8.544e-05
4272,11,0.20331191,8.548e-05
4273,11,0.21538685,8.548e-05
4274,11,0.21014479,8.552e-05
4275,11,0.20002648,8.552e-05
4276,11,0.21844105,8.556e-05
4277,11,0.20112073,8.556e-05
4278,11,0.21940655,8.56e-05
4279,11,0.22454366,8.56e-05
4280,11,0.20499794,8.564e-05
4281,11,0.22147191,8.564e-05
4282,11,0.19043164,8.568e-05
4283,11,0.20307240,8.568e-05
4284,11,0.19816598,8.572e-05
4285,11,0.21522614,8.572e-05
4286,11,0.21853721,8.576e-05
4287,11,0.20554690,8.576e-05
4288,11,0.20611510,8.58e-05
4289,11,0.20344834,8.58e-05
4290,11,0.19886546,8.584e-05
4291,12,0.19980228,8.584e-05
4292,12,0.22579366,8.588e-05
4293,12,0.20777819,8.588e-05
4294,12,0.20005107,8.592e-05
4295,12,0.22798459,8.592e-05
4296,12,0.21463792,8.596e-05
4297,12,0.20812216,8.596e-05
4298,12,0.20742273,8.6e-05
4299,12,0.21335039,8.6e-05
4300,12,0.20334589,8.604e-05
4301,12,0.19656806,8.604e-05
4302,12,0.19912502,8.608e-05
4303,12,0.21189861,8.608e-05
4304,12,0.21809629,8.612e-05
4305,12,0.22419068,8.612e-05
4306,12,0.21385953,8.616e-05
4307,12,0.21660435,8.616e-05
4308,12,0.19182383,8.62e-05
4309,12,0.22393823,8.62e-05
4310,12,0.21047783,8.624e-05
4311,12,0.20071964,8.624e-05
4312,12,0.21545935,8.628e-05
4313,12,0.21910954,8.628e-05
4314,12,0.19340532,8.632e-05
4315,12,0.21195531,8.632e-05
4316,12,0.19834481,8.636e-05
4317,12,0.21326242,8.636e-05
4318,12,0.20491754,8.64e-05
4319,12,0.20877230,8.64e-05
4320,12,0.20623329,8.644e-05
4321,12,0.20545292,8.644e-05
4322,12,0.21629213,8.648e-05
4323,12,0.21083741,8.648e-05
4324,12,0.20919822,8.652e-05
4325,12,0.22176519,8.652e-05
4326,12,0.21743177,8.656e-05
4327,12,0.21438000,8.656e-05
4328,12,0.21132044,8.66e-05
4329,12,0.19545817,8.66e-05
4330,12,0.20877945,8.664e-05
4331,12,0.23279366,8.664e-05
4332,12,0.22593090,8.668e-05
4333,12,0.19584577,8.668e-05
4334,12,0.22524290,8.672e-05
4335,12,0.19736120,8.672e-05
4336,12,0.20975849,8.676e-05
4337,12,0.20912258,8.676e-05
4338,12,0.21776995,8.68e-05
4339,12,0.20509337,8.68e-05
4340,12,0.19793150,8.684e-05
4341,12,0.21247089,8.684e-05
4342,12,0.22410020,8.688e-05
4343,12,0.21266219,8.688e-05
4344,12,0.22248237,8.692e-05
4345,12,0.20530951,8.692e-05
4346,12,0.20434731,8.696e-05
4347,12,0.24311861,8.696e-05
4348,12,0.18666741,8.7e-05
4349,12,0.21908820,8.7e-05
4350,12,0.20849502,8.704e-05
4351,12,0.19937710,8.704e-05
4352,12,0.20621285,8.708e-05
4353,12,0.20965677,8.708e-05
4354,12,0.21452150,8.712e-05
4355,12,0.20246699,8.712e-05
4356,12,0.21003681,8.716e-05
4357,12,0.20133619,8.716e-05
4358,12,0.21553764,8.72e-05
4359,12,0.20216733,8.72e-05
4360,12,0.23529115,8.724e-05
4361,12,0.20164196,8.724e-05
4362,12,0.20574290,8.728e-05
4363,12,0.21995467,8.728e-05
4364,12,0.21273816,8.732e-05
4365,12,0.20494287,8.732e-05
4366,12,0.21407358,8.736e-05
4367,12,0.20641421,8.736e-05
4368,12,0.23183541,8.74e-05
4369,12,0.21265750,8.74e-05
4370,12,0.19466142,8.744e-05
4371,12,0.20034163,8.744e-05
4372,12,0.21827731,8.748e-05
4373,12,0.20603153,8.748e-05
4374,12,0.18955696,8.752e-05
4375,12,0.21626863,8.752e-05
4376,12,0.21592009,8.756e-05
4377,12,0.22125509,8.756e-05
4378,12,0.22505629,8.76e-05
4379,12,0.20801750,8.76e-05
4380,12,0.21886253,8.764e-05
4381,12,0.20635214,8.764e-05
4382,12,0.19508094,8.768e-05
4383,12,0.23193583,8.768e-05
4384,12,0.21519718,8.772e-05
4385,12,0.20371078,8.772e-05
4386,12,0.21888408,8.776e-05
4387,12,0.23865359,8.776e-05
4388,12,0.20884393,8.78e-05
4389,12,0.20357959,8.78e-05
4390,12,0.20268354,8.784e-05
4391,12,0.21513078,8.784e-05
4392,12,0.20791209,8.788e-05
4393,12,0.19882409,8.788e-05
4394,12,0.19642329,8.792e-05
4395,12,0.22273436,8.792e-05
4396,12,0.20872208,8.796e-05
4397,12,0.19124517,8.796e-05
4398,12,0.20696092,8.8e-05
4399,12,0.18679154,8.8e-05
4400,12,0.21609466,8.804e-05
4401,12,0.20121174,8.804e-05
4402,12,0.19821224,8.808e-05
4403,12,0.20129107,8.808e-05
4404,12,0.21233335,8.812e-05
4405,12,0.20307493,8.812e-05
4406,12,0.21470183,8.816e-05
4407,12,0.21496964,8.816e-05
4408,12,0.20686333,8.82e-05
4409,12,0.20739046,8.82e-05
4410,12,0.24835376,8.824e-05
4411,12,0.21200609,8.824e-05
4412,12,0.22078487,8.828e-05
4413,12,0.19070821,8.828e-05
4414,12,0.19511305,8.832e-05
4415,12,0.22100243,8.832e-05
4416,12,0.21765402,8.836e-05
4417,12,0.20664200,8.836e-05
4418,12,0.21107619,8.84e-05
4419,12,0.21491830,8.84e-05
4420,12,0.20783705,8.844e-05
4421,12,0.22320545,8.844e-05
4422,12,0.19918439,8.848e-05
4423,12,0.20510487,8.848e-05
4424,12,0.21811056,8.852e-05
4425,12,0.19472639,8.852e-05
4426,12,0.21644703,8.856e-05
4427,12,0.22572419,8.856e-05
4428,12,0.19488251,8.86e-05
4429,12,0.22950093,8.86e-05
4430,12,0.19205642,8.864e-05
4431,12,0.20469074,8.864e-05
4432,12,0.18405876,8.868e-05
4433,12,0.21761654,8.868e-05
4434,12,0.21770661,8.872e-05
4435,12,0.22314647,8.872e-05
4436,12,0.20902841,8.876e-05
4437,12,0.21082735,8.876e-05
4438,12,0.23027238,8.88e-05
4439,12,0.19980335,8.88e-05
4440,12,0.20422135,8.884e-05
4441,12,0.19292800,8.884e-05
4442,12,0.19759834,8.888e-05
4443,12,0.20289740,8.888e-05
4444,12,0.19375913,8.892e-05
4445,12,0.21435051,8.892e-05
4446,12,0.19081399,8.896e-05
4447,12,0.21105263,8.896e-05
4448,12,0.21998873,8.9e-05
4449,12,0.21499702,8.9e-05
4450,12,0.20674801,8.904e-05
4451,12,0.21271601,8.904e-05
4452,12,0.22400026,8.908e-05
4453,12,0.22047114,8.908e-05
4454,12,0.20087489,8.912e-05
4455,12,0.21437101,8.912e-05
4456,12,0.19210456,8.916e-05
4457,12,0.20791271,8.916e-05
4458,12,0.19040859,8.92e-05
4459,12,0.21722531,8.92e-05
4460,12,0.21385106,8.924e-05
4461,12,0.20504639,8.924e-05
4462,12,0.20840088,8.928e-05
4463,12,0.21666585,8.928e-05
4464,12,0.20467231,8.932e-05
4465,12,0.19326839,8.932e-05
4466,12,0.20604418,8.936e-05
4467,12,0.21587603,8.936e-05
4468,12,0.21028244,8.94e-05
4469,12,0.21157855,8.94e-05
4470,12,0.22375923,8.944e-05
4471,12,0.20286074,8.944e-05
4472,12,0.20933947,8.948e-05
4473,12,0.22476690,8.948e-05
4474,12,0.21088569,8.952e-05
4475,12,0.22717862,8.952e-05
4476,12,0.21549162,8.956e-05
4477,12,0.21523397,8.956e-05
4478,12,0.22648570,8.96e-05
4479,12,0.22614627,8.96e-05
4480,12,0.20854269,8.964e-05
4481,12,0.18373469,8.964e-05
4482,12,0.21300530,8.968e-05
4483,12,0.19566187,8.968e-05
4484,12,0.22140342,8.972e-05
4485,12,0.21941772,8.972e-05
4486,12,0.22620487,8.976e-05
4487,12,0.21457922,8.976e-05
4488,12,0.22320566,8.98e-05
4489,12,0.20849401,8.98e-05
4490,12,0.20440724,8.984e-05
4491,12,0.22601649,8.984e-05
4492,12,0.21690434,8.988e-05
4493,12,0.22381523,8.988e-05
4494,12,0.19272959,8.992e-05
4495,12,0.21476279,8.992e-05
4496,12,0.20821404,8.996e-05
4497,12,0.19881789,8.996e-05
4498,12,0.20640826,9e-05
4499,12,0.19077906,9e-05
4500,12,0.20309675,9.004e-05
4501,12,0.20668361,9.004e-05
4502,12,0.25633752,9.008e-05
4503,12,0.20714876,9.008e-05
4504,12,0.22524729,9.012e-05
4505,12,0.22446214,9.012e-05
4506,12,0.19131458,9.016e-05
4507,12,0.18702576,9.016e-05
4508,12,0.20872812,9.02e-05
4509,12,0.20149258,9.02e-05
4510,12,0.21333170,9.024e-05
4511,12,0.21798870,9.024e-05
4512,12,0.20967421,9.028e-05
4513,12,0.21769223,9.028e-05
4514,12,0.21994385,9.032e-05
4515,12,0.20291917,9.032e-05
4516,12,0.19279099,9.036e-05
4517,12,0.20950016,9.036e-05
4518,12,0.19793436,9.04e-05
4519,12,0.21192072,9.04e-05
4520,12,0.21497607,9.044e-05
4521,12,0.20680849,9.044e-05
4522,12,0.20998061,9.048e-05
4523,12,0.20514445,9.048e-05
4524,12,0.23022106,9.052e-05
4525,12,0.22059290,9.052e-05
4526,12,0.20443408,9.056e-05
4527,12,0.21586704,9.056e-05
4528,12,0.20643222,9.06e-05
4529,12,0.20544165,9.06e-05
4530,12,0.22960794,9.064e-05
4531,12,0.22950761,9.064e-05
4532,12,0.19962852,9.068e-05
4533,12,0.21569130,9.068e-05
4534,12,0.19975290,9.072e-05
4535,12,0.23309734,9.072e-05
4536,12,0.20381245,9.076e-05
4537,12,0.19924816,9.076e-05
4538,12,0.18646261,9.08e-05
4539,12,0.20000874,9.08e-05
4540,12,0.17318241,9.084e-05
4541,12,0.22577876,9.084e-05
4542,12,0.21830951,9.088e-05
4543,12,0.19752565,9.088e-05
4544,12,0.18810582,9.092e-05
4545,12,0.21031992,9.092e-05
4546,12,0.20390210,9.096e-05
4547,12,0.21432070,9.096e-05
4548,12,0.20236957,9.1e-05
4549,12,0.21852314,9.1e-05
4550,12,0.19417708,9.104e-05
4551,12,0.19935060,9.104e-05
4552,12,0.21600768,9.108e-05
4553,12,0.21250717,9.108e-05
4554,12,0.21076596,9.112e-05
4555,12,0.21931279,9.112e-05
4556,12,0.21582797,9.116e-05
4557,12,0.23502633,9.116e-05
4558,12,0.20437181,9.12e-05
4559,12,0.21822736,9.12e-05
4560,12,0.23204911,9.124e-05
4561,12,0.21066985,9.124e-05
4562,12,0.18773124,9.128e-05
4563,12,0.20640093,9.128e-05
4564,12,0.19907925,9.132e-05
4565,12,0.19551139,9.132e-05
4566,12,0.20961587,9.136e-05
4567,12,0.21688072,9.136e-05
4568,12,0.18687026,9.14e-05
4569,12,0.20367914,9.14e-05
4570,12,0.19232468,9.144e-05
4571,12,0.22321281,9.144e-05
4572,12,0.19893405,9.148e-05
4573,12,0.19937336,9.148e-05
4574,12,0.20106983,9.152e-05
4575,12,0.22102153,9.152e-05
4576,12,0.22337496,9.156e-05
4577,12,0.21769004,9.156e-05
4578,12,0.20214801,9.16e-05
4579,12,0.19837186,9.16e-05
4580,12,0.20615637,9.164e-05
4581,12,0.21459016,9.164e-05
4582,12,0.21588188,9.168e-05
4583,12,0.19209258,9.168e-05
4584,12,0.23459779,9.172e-05
4585,12,0.21270701,9.172e-05
4586,12,0.20643327,9.176e-05
4587,12,0.21282724,9.176e-05
4588,12,0.21042554,9.18e-05
4589,12,0.18257746,9.18e-05
4590,12,0.21428156,9.184e-05
4591,12,0.22029018,9.184e-05
4592,12,0.19014095,9.188e-05
4593,12,0.21979520,9.188e-05
4594,12,0.22391456,9.192e-05
4595,12,0.19086689,9.192e-05
4596,12,0.18279606,9.196e-05
4597,12,0.21195841,9.196e-05
4598,12,0.21152775,9.2e-05
4599,12,0.21213001,9.2e-05
4600,12,0.19683658,9.204e-05
4601,12,0.19514236,9.204e-05
4602,12,0.19774982,9.208e-05
4603,12,0.22454596,9.208e-05
4604,12,0.20675729,9.212e-05
4605,12,0.22573483,9.212e-05
4606,12,0.20410544,9.216e-05
4607,12,0.22502097,9.216e-05
4608,12,0.21619718,9.22e-05
4609,12,0.19811782,9.22e-05
4610,12,0.20282666,9.224e-05
4611,12,0.19275574,9.224e-05
4612,12,0.19528079,9.228e-05
4613,12,0.17576301,9.228e-05
4614,12,0.20686820,9.232e-05
4615,12,0.20510972,9.232e-05
4616,12,0.20028464,9.236e-05
4617,12,0.23048940,9.236e-05
4618,12,0.19882473,9.24e-05
4619,12,0.21378285,9.24e-05
4620,12,0.19845673,9.244e-05
4621,12,0.21563777,9.244e-05
4622,12,0.20820829,9.248e-05
4623,12,0.20016181,9.248e-05
4624,12,0.22147393,9.252e-05
4625,12,0.20515814,9.252e-05
4626,12,0.21382372,9.256e-05
4627,12,0.20770729,9.256e-05
4628,12,0.21427611,9.26e-05
4629,12,0.21202251,9.26e-05
4630,12,0.20931742,9.264e-05
4631,12,0.22510879,9.264e-05
4632,12,0.22911444,9.268e-05
4633,12,0.20835134,9.268e-05
4634,12,0.22779217,9.272e-05
4635,12,0.21913350,9.272e-05
4636,12,0.19317245,9.276e-05
4637,12,0.19855440,9.276e-05
4638,12,0.21818857,9.28e-05
4639,12,0.20364213,9.28e-05
4640,12,0.20101188,9.284e-05
4641,12,0.19792008,9.284e-05
4642,12,0.19921005,9.288e-05
4643,12,0.19930021,9.288e-05
4644,12,0.20870189,9.292e-05
4645,12,0.20766991,9.292e-05
4646,12,0.20704000,9.296e-05
4647,12,0.20639038,9.296e-05
4648,12,0.20651379,9.3e-05
4649,12,0.18959913,9.3e-05
4650,12,0.20311348,9.304e-05
4651,12,0.21512787,9.304e-05
4652,12,0.21172306,9.308e-05
4653,12,0.20571846,9.308e-05
4654,12,0.20170580,9.312e-05
4655,12,0.22191016,9.312e-05
4656,12,0.20095202,9.316e-05
4657,12,0.19209754,9.316e-05
4658,12,0.21412322,9.32e-05
4659,12,0.19526498,9.32e-05
4660,12,0.21781373,9.324e-05
4661,12,0.22335693,9.324e-05
4662,12,0.21835634,9.328e-05
4663,12,0.19774377,9.328e-05
4664,12,0.21157780,9.332e-05
4665,12,0.17810392,9.332e-05
4666,12,0.19433546,9.336e-05
4667,12,0.21196371,9.336e-05
4668,12,0.17513666,9.34e-05
4669,12,0.19283502,9.34e-05
4670,12,0.19392195,9.344e-05
4671,12,0.22751597,9.344e-05
4672,12,0.19386582,9.348e-05
4673,12,0.22999775,9.348e-05
4674,12,0.23562759,9.352e-05
4675,12,0.21606299,9.352e-05
4676,12,0.20828828,9.356e-05
4677,12,0.21457438,9.356e-05
4678,12,0.20516491,9.36e-05
4679,12,0.20098935,9.36e-05
4680,12,0.20518756,9.364e-05
4681,13,0.20954096,9.364e-05
4682,13,0.21487539,9.368e-05
4683,13,0.21280870,9.368e-05
4684,13,0.21913564,9.372e-05
4685,13,0.20809142,9.372e-05
4686,13,0.20665845,9.376e-05
4687,13,0.20928280,9.376e-05
4688,13,0.22038993,9.38e-05
4689,13,0.19085455,9.38e-05
4690,13,0.21666294,9.384e-05
4691,13,0.22148189,9.384e-05
4692,13,0.21438520,9.388e-05
4693,13,0.20747960,9.388e-05
4694,13,0.22022197,9.392e-05
4695,13,0.20919815,9.392e-05
4696,13,0.18777883,9.396e-05
4697,13,0.20466498,9.396e-05
4698,13,0.20754075,9.4e-05
4699,13,0.18353164,9.4e-05
4700,13,0.19427076,9.404e-05
4701,13,0.21805927,9.404e-05
4702,13,0.18174574,9.408e-05
4703,13,0.19622990,9.408e-05
4704,13,0.20228860,9.412e-05
4705,13,0.19407700,9.412e-05
4706,13,0.20482211,9.416e-05
4707,13,0.18621737,9.416e-05
4708,13,0.19951139,9.42e-05
4709,13,0.21991305,9.42e-05
4710,13,0.20487051,9.424e-05
4711,13,0.20306449,9.424e-05
4712,13,0.21164744,9.428e-05
4713,13,0.18802099,9.428e-05
4714,13,0.20034137,9.432e-05
4715,13,0.19602053,9.432e-05
4716,13,0.22272211,9.436e-05
4717,13,0.19838926,9.436e-05
4718,13,0.22179779,9.44e-05
4719,13,0.19013235,9.44e-05
4720,13,0.19988117,9.444e-05
4721,13,0.22915678,9.444e-05
4722,13,0.22212276,9.448e-05
4723,13,0.22761983,9.448e-05
4724,13,0.21197794,9.452e-05
4725,13,0.20739214,9.452e-05
4726,13,0.20011418,9.456e-05
4727,13,0.20598368,9.456e-05
4728,13,0.20902698,9.46e-05
4729,13,0.22839783,9.46e-05
4730,13,0.19744733,9.464e-05
4731,13,0.21025634,9.464e-05
4732,13,0.21140973,9.468e-05
4733,13,0.19634533,9.468e-05
4734,13,0.20774631,9.472e-05
4735,13,0.19831841,9.472e-05
4736,13,0.20074454,9.476e-05
4737,13,0.20531917,9.476e-05
4738,13,0.21406548,9.48e-05
4739,13,0.19318032,9.48e-05
4740,13,0.21046166,9.484e-05
4741,13,0.21557721,9.484e-05
4742,13,0.17878227,9.488e-05
4743,13,0.20838356,9.488e-05
4744,13,0.20311889,9.492e-05
4745,13,0.22799836,9.492e-05
4746,13,0.20707619,9.496e-05
4747,13,0.18849492,9.496e-05
4748,13,0.21705675,9.5e-05
4749,13,0.19914901,9.5e-05
4750,13,0.20021296,9.504e-05
4751,13,0.19857882,9.504e-05
4752,13,0.20677666,9.508e-05
4753,13,0.19102129,9.508e-05
4754,13,0.21750188,9.512e-05
4755,13,0.19010663,9.512e-05
4756,13,0.22562435,9.516e-05
4757,13,0.22922365,9.516e-05
4758,13,0.21095681,9.52e-05
4759,13,0.19691226,9.52e-05
4760,13,0.19733390,9.524e-05
4761,13,0.18786900,9.524e-05
4762,13,0.18604824,9.528e-05
4763,13,0.19243918,9.528e-05
4764,13,0.21923175,9.532e-05
4765,13,0.22762528,9.532e-05
4766,13,0.19616900,9.536e-05
4767,13,0.21443203,9.536e-05
4768,13,0.22049761,9.54e-05
4769,13,0.23053102,9.54e-05
4770,13,0.21099071,9.544e-05
4771,13,0.19982819,9.544e-05
4772,13,0.22244570,9.548e-05
4773,13,0.21453199,9.548e-05
4774,13,0.20060170,9.552e-05
4775,13,0.21314880,9.552e-05
4776,13,0.20789485,9.556e-05
4777,13,0.20555024,9.556e-05
4778,13,0.20522821,9.56e-05
4779,13,0.20435485,9.56e-05
4780,13,0.21619433,9.564e-05
4781,13,0.21423636,9.564e-05
4782,13,0.21624371,9.568e-05
4783,13,0.22647965,9.568e-05
4784,13,0.20248294,9.572e-05
4785,13,0.20212328,9.572e-05
4786,13,0.20804028,9.576e-05
4787,13,0.19513039,9.576e-05
4788,13,0.24646592,9.58e-05
4789,13,0.20620269,9.58e-05
4790,13,0.20480275,9.584e-05
4791,13,0.20636150,9.584e-05
4792,13,0.20351052,9.588e-05
4793,13,0.21415889,9.588e-05
4794,13,0.20675325,9.592e-05
4795,13,0.20023815,9.592e-05
4796,13,0.21228282,9.596e-05
4797,13,0.19724528,9.596e-05
4798,13,0.18882178,9.6e-05
4799,13,0.22472662,9.6e-05
4800,13,0.21307020,9.604e-05
4801,13,0.20252028,9.604e-05
4802,13,0.19656071,9.608e-05
4803,13,0.20818374,9.608e-05
4804,13,0.21742988,9.612e-05
4805,13,0.20821242,9.612e-05
4806,13,0.19901614,9.616e-05
4807,13,0.20184112,9.616e-05
4808,13,0.20015113,9.62e-05
4809,13,0.20516889,9.62e-05
4810,13,0.18771058,9.624e-05
4811,13,0.19660196,9.624e-05
4812,13,0.23075655,9.628e-05
4813,13,0.21947908,9.628e-05
4814,13,0.22883803,9.632e-05
4815,13,0.19889216,9.632e-05
4816,13,0.22325459,9.636e-05
4817,13,0.20788126,9.636e-05
4818,13,0.21987772,9.64e-05
4819,13,0.21838796,9.64e-05
4820,13,0.21337408,9.644e-05
4821,13,0.18848166,9.644e-05
4822,13,0.19750950,9.648e-05
4823,13,0.22136614,9.648e-05
4824,13,0.22398190,9.652e-05
4825,13,0.19417191,9.652e-05
4826,13,0.23238473,9.656e-05
4827,13,0.19993109,9.656e-05
4828,13,0.20058045,9.66e-05
4829,13,0.22901353,9.66e-05
4830,13,0.18234949,9.664e-05
4831,13,0.21371341,9.664e-05
4832,13,0.19494855,9.668e-05
4833,13,0.19570927,9.668e-05
4834,13,0.21431832,9.672e-05
4835,13,0.21037142,9.672e-05
4836,13,0.21507971,9.676e-05
4837,13,0.20451862,9.676e-05
4838,13,0.21060988,9.68e-05
4839,13,0.20093730,9.68e-05
4840,13,0.20431648,9.684e-05
4841,13,0.19540624,9.684e-05
4842,13,0.19018035,9.688e-05
4843,13,0.20936100,9.688e-05
4844,13,0.19467738,9.692e-05
4845,13,0.23399673,9.692e-05
4846,13,0.22182737,9.696e-05
4847,13,0.20076796,9.696e-05
4848,13,0.20653859,9.7e-05
4849,13,0.20333612,9.7e-05
4850,13,0.20556480,9.704e-05
4851,13,0.18120506,9.704e-05
4852,13,0.19648167,9.708e-05
4853,13,0.17937092,9.708e-05
4854,13,0.22875081,9.712e-05
4855,13,0.20030114,9.712e-05
4856,13,0.18665421,9.716e-05
4857,13,0.20218103,9.716e-05
4858,13,0.22276351,9.72e-05
4859,13,0.19543594,9.72e-05
4860,13,0.19207239,9.724e-05
4861,13,0.22210562,9.724e-05
4862,13,0.18356165,9.728e-05
4863,13,0.20645729,9.728e-05
4864,13,0.21084926,9.732e-05
4865,13,0.23833740,9.732e-05
4866,13,0.20272867,9.736e-05
4867,13,0.20584087,9.736e-05
4868,13,0.19364640,9.74e-05
4869,13,0.21201931,9.74e-05
4870,13,0.21658969,9.744e-05
4871,13,0.19530714,9.744e-05
4872,13,0.20970175,9.748e-05
4873,13,0.22284147,9.748e-05
4874,13,0.19875690,9.752e-05
4875,13,0.20278698,9.752e-05
4876,13,0.18812051,9.756e-05
4877,13,0.19783589,9.756e-05
4878,13,0.19723192,9.76e-05
4879,13,0.21573846,9.76e-05
4880,13,0.19356525,9.764e-05
4881,13,0.19930588,9.764e-05
4882,13,0.18254027,9.768e-05
4883,13,0.20608668,9.768e-05
4884,13,0.20910761,9.772e-05
4885,13,0.20701814,9.772e-05
4886,13,0.20701461,9.776e-05
4887,13,0.22042605,9.776e-05
4888,13,0.19392757,9.78e-05
4889,13,0.19346955,9.78e-05
4890,13,0.19578308,9.784e-05
4891,13,0.21493994,9.784e-05
4892,13,0.20162162,9.788e-05
4893,13,0.20776084,9.788e-05
4894,13,0.23018801,9.792e-05
4895,13,0.18543999,9.792e-05
4896,13,0.22011927,9.796e-05
4897,13,0.19423485,9.796e-05
4898,13,0.19637176,9.8e-05
4899,13,0.20827138,9.8e-05
4900,13,0.20196041,9.804e-05
4901,13,0.21465537,9.804e-05
4902,13,0.20795219,9.808e-05
4903,13,0.21597546,9.808e-05
4904,13,0.19535783,9.812e-05
4905,13,0.19689524,9.812e-05
4906,13,0.21718544,9.816e-05
4907,13,0.19799000,9.816e-05
4908,13,0.20716833,9.82e-05
4909,13,0.21290147,9.82e-05
4910,13,0.20460263,9.824e-05
4911,13,0.20831332,9.824e-05
4912,13,0.21103430,9.828e-05
4913,13,0.20214495,9.828e-05
4914,13,0.20296109,9.832e-05
4915,13,0.23030464,9.832e-05
4916,13,0.20055597,9.836e-05
4917,13,0.18439448,9.836e-05
4918,13,0.20208064,9.84e-05
4919,13,0.20828089,9.84e-05
4920,13,0.20648710,9.844e-05
4921,13,0.20069620,9.844e-05
4922,13,0.19746843,9.848e-05
4923,13,0.20791984,9.848e-05
4924,13,0.19611339,9.852e-05
4925,13,0.21286254,9.852e-05
4926,13,0.23752086,9.856e-05
4927,13,0.21599345,9.856e-05
4928,13,0.23122564,9.86e-05
4929,13,0.19190553,9.86e-05
4930,13,0.20267563,9.864e-05
4931,13,0.19118738,9.864e-05
4932,13,0.20916747,9.868e-05
4933,13,0.21813409,9.868e-05
4934,13,0.20376921,9.872e-05
4935,13,0.21924572,9.872e-05
4936,13,0.20127037,9.876e-05
4937,13,0.21266195,9.876e-05
4938,13,0.21567866,9.88e-05
4939,13,0.20158121,9.88e-05
4940,13,0.19817105,9.884e-05
4941,13,0.21242210,9.884e-05
4942,13,0.20377371,9.888e-05
4943,13,0.18689367,9.888e-05
4944,13,0.20572123,9.892e-05
4945,13,0.21722603,9.892e-05
4946,13,0.19426107,9.896e-05
4947,13,0.22294402,9.896e-05
4948,13,0.20216623,9.9e-05
4949,13,0.20458484,9.9e-05
4950,13,0.21695153,9.904e-05
4951,13,0.20167735,9.904e-05
4952,13,0.20869629,9.908e-05
4953,13,0.22320168,9.908e-05
4954,13,0.21766943,9.912e-05
4955,13,0.21898678,9.912e-05
4956,13,0.21126412,9.916e-05
4957,13,0.20602624,9.916e-05
4958,13,0.20183913,9.92e-05
4959,13,0.22407095,9.92e-05
4960,13,0.20611438,9.924e-05
4961,13,0.22904769,9.924e-05
4962,13,0.18952605,9.928e-05
4963,13,0.20839368,9.928e-05
4964,13,0.21047270,9.932e-05
4965,13,0.21179323,9.932e-05
4966,13,0.18889289,9.936e-05
4967,13,0.20538244,9.936e-05
4968,13,0.20499071,9.94e-05
4969,13,0.22086179,9.94e-05
4970,13,0.20066449,9.944e-05
4971,13,0.19264922,9.944e-05
4972,13,0.21975467,9.948e-05
4973,13,0.19055855,9.948e-05
4974,13,0.19194317,9.952e-05
4975,13,0.20763311,9.952e-05
4976,13,0.20890288,9.956e-05
4977,13,0.20516530,9.956e-05
4978,13,0.20133333,9.96e-05
4979,13,0.20903699,9.96e-05
4980,13,0.23171613,9.964e-05
4981,13,0.18110514,9.964e-05
4982,13,0.18934070,9.968e-05
4983,13,0.20799166,9.968e-05
4984,13,0.21373618,9.972e-05
4985,13,0.20254612,9.972e-05
4986,13,0.20145755,9.976e-05
4987,13,0.22309995,9.976e-05
4988,13,0.21400368,9.98e-05
4989,13,0.22034423,9.98e-05
4990,13,0.19569151,9.984e-05
4991,13,0.20479052,9.984e-05
4992,13,0.22814953,9.988e-05
4993,13,0.20233671,9.988e-05
4994,13,0.21259084,9.992e-05
4995,13,0.20757787,9.992e-05
4996,13,0.20624050,9.996e-05
4997,13,0.22430818,9.996e-05
4998,13,0.18918243,0.0001
4999,13,0.20594296,0.0001
5000,13,0.19918267,0.00010004
5001,13,0.20098619,0.00010004
5002,13,0.18933015,0.00010008
5003,13,0.20330113,0.00010008
5004,13,0.21559095,0.00010012
5005,13,0.21219644,0.00010012
5006,13,0.20503452,0.00010016
5007,13,0.19866525,0.00010016
5008,13,0.18147570,0.0001002
5009,13,0.21574804,0.0001002
5010,13,0.19973712,0.00010024
5011,13,0.21126269,0.00010024
5012,13,0.21110299,0.00010028
5013,13,0.20120136,0.00010028
5014,13,0.20146553,0.00010032
5015,13,0.21298778,0.00010032
5016,13,0.20083398,0.00010036
5017,13,0.21314311,0.00010036
5018,13,0.22567169,0.0001004
5019,13,0.20892501,0.0001004
5020,13,0.19657755,0.00010044
5021,13,0.18774480,0.00010044
5022,13,0.20429999,0.00010048
5023,13,0.21078560,0.00010048
5024,13,0.21472427,0.00010052
5025,13,0.19898723,0.00010052
5026,13,0.19921967,0.00010056
5027,13,0.21119069,0.00010056
5028,13,0.20176683,0.0001006
5029,13,0.19678883,0.0001006
5030,13,0.22536403,0.00010064
5031,13,0.20833492,0.00010064
5032,13,0.21578774,0.00010068
5033,13,0.18986839,0.00010068
5034,13,0.18432626,0.00010072
5035,13,0.18206105,0.00010072
5036,13,0.20687340,0.00010076
5037,13,0.19378746,0.00010076
5038,13,0.19161782,0.0001008
5039,13,0.23322937,0.0001008
5040,13,0.21062219,0.00010084
5041,13,0.18840095,0.00010084
5042,13,0.20792350,0.00010088
5043,13,0.20366073,0.00010088
5044,13,0.21131983,0.00010092
5045,13,0.20274577,0.00010092
5046,13,0.21507281,0.00010096
5047,13,0.18684463,0.00010096
5048,13,0.20251942,0.000101
5049,13,0.20570938,0.000101
5050,13,0.19661933,0.00010104
5051,13,0.22228210,0.00010104
5052,13,0.19415180,0.00010108
5053,13,0.19351628,0.00010108
5054,13,0.19572513,0.00010112
5055,13,0.20490199,0.00010112
5056,13,0.21465442,0.00010116
5057,13,0.20484518,0.00010116
5058,13,0.18545799,0.0001012
5059,13,0.20113544,0.0001012
5060,13,0.21927989,0.00010124
5061,13,0.23510945,0.00010124
5062,13,0.20525774,0.00010128
5063,13,0.18827978,0.00010128
5064,13,0.21016565,0.00010132
5065,13,0.20124821,0.00010132
5066,13,0.19918165,0.00010136
5067,13,0.20260207,0.00010136
5068,13,0.19874489,0.0001014
5069,13,0.19706747,0.0001014
5070,13,0.20957729,0.00010144
5071,14,0.21089928,0.00010144
5072,14,0.19586186,0.00010148
5073,14,0.21078372,0.00010148
5074,14,0.20018122,0.00010152
5075,14,0.21915519,0.00010152
5076,14,0.21555007,0.00010156
5077,14,0.19760302,0.00010156
5078,14,0.19171892,0.0001016
5079,14,0.20610008,0.0001016
5080,14,0.21084630,0.00010164
5081,14,0.20898402,0.00010164
5082,14,0.19866085,0.00010168
5083,14,0.19521593,0.00010168
5084,14,0.21608067,0.00010172
5085,14,0.22021207,0.00010172
5086,14,0.22951889,0.00010176
5087,14,0.19449954,0.00010176
5088,14,0.19463615,0.0001018
5089,14,0.19748561,0.0001018
5090,14,0.18719289,0.00010184
5091,14,0.23047403,0.00010184
5092,14,0.21909502,0.00010188
5093,14,0.18823898,0.00010188
5094,14,0.21914057,0.00010192
5095,14,0.20742488,0.00010192
5096,14,0.20464508,0.00010196
5097,14,0.22319490,0.00010196
5098,14,0.20542048,0.000102
5099,14,0.23581241,0.000102
5100,14,0.21166179,0.00010204
5101,14,0.20074394,0.00010204
5102,14,0.23202944,0.00010208
5103,14,0.21791208,0.00010208
5104,14,0.20683178,0.00010212
5105,14,0.21362512,0.00010212
5106,14,0.20743334,0.00010216
5107,14,0.20034854,0.00010216
5108,14,0.19947267,0.0001022
5109,14,0.18454388,0.0001022
5110,14,0.19174993,0.00010224
5111,14,0.21386692,0.00010224
5112,14,0.20427433,0.00010228
5113,14,0.20719039,0.00010228
5114,14,0.20604333,0.00010232
5115,14,0.19358639,0.00010232
5116,14,0.20373110,0.00010236
5117,14,0.20529012,0.00010236
5118,14,0.18642502,0.0001024
5119,14,0.20569961,0.0001024
5120,14,0.20083044,0.00010244
5121,14,0.22327873,0.00010244
5122,14,0.21235478,0.00010248
5123,14,0.21168587,0.00010248
5124,14,0.20803718,0.00010252
5125,14,0.20497105,0.00010252
5126,14,0.21772426,0.00010256
5127,14,0.19895706,0.00010256
5128,14,0.20057242,0.0001026
5129,14,0.20551609,0.0001026
5130,14,0.21073160,0.00010264
5131,14,0.22287959,0.00010264
5132,14,0.19076619,0.00010268
5133,14,0.20215023,0.00010268
5134,14,0.20654860,0.00010272
5135,14,0.21660900,0.00010272
5136,14,0.20135671,0.00010276
5137,14,0.19797361,0.00010276
5138,14,0.19801514,0.0001028
5139,14,0.19725204,0.0001028
5140,14,0.20545904,0.00010284
5141,14,0.21032521,0.00010284
5142,14,0.20614409,0.00010288
5143,14,0.22532904,0.00010288
5144,14,0.21311168,0.00010292
5145,14,0.20242152,0.00010292
5146,14,0.20349406,0.00010296
5147,14,0.21304488,0.00010296
5148,14,0.20944469,0.000103
5149,14,0.21959054,0.000103
5150,14,0.19352525,0.00010304
5151,14,0.21931484,0.00010304
5152,14,0.21353392,0.00010308
5153,14,0.21194902,0.00010308
5154,14,0.19720110,0.00010312
5155,14,0.21467462,0.00010312
5156,14,0.20856890,0.00010316
5157,14,0.21306871,0.00010316
5158,14,0.20147261,0.0001032
5159,14,0.20715342,0.0001032
5160,14,0.21125762,0.00010324
5161,14,0.22018149,0.00010324
5162,14,0.17664185,0.00010328
5163,14,0.20180409,0.00010328
5164,14,0.20699053,0.00010332
5165,14,0.20245969,0.00010332
5166,14,0.20714042,0.00010336
5167,14,0.20453915,0.00010336
5168,14,0.20508091,0.0001034
5169,14,0.18219452,0.0001034
5170,14,0.19635753,0.00010344
5171,14,0.19972202,0.00010344
5172,14,0.20677321,0.00010348
5173,14,0.20084617,0.00010348
5174,14,0.20284113,0.00010352
5175,14,0.21647124,0.00010352
5176,14,0.19524905,0.00010356
5177,14,0.21738076,0.00010356
5178,14,0.22240555,0.0001036
5179,14,0.18577723,0.0001036
5180,14,0.21421480,0.00010364
5181,14,0.21845329,0.00010364
5182,14,0.20282780,0.00010368
5183,14,0.20724750,0.00010368
5184,14,0.20900314,0.00010372
5185,14,0.17591426,0.00010372
5186,14,0.20755601,0.00010376
5187,14,0.22543246,0.00010376
5188,14,0.18767345,0.0001038
5189,14,0.21315011,0.0001038
5190,14,0.20858401,0.00010384
5191,14,0.22223511,0.00010384
5192,14,0.19345479,0.00010388
5193,14,0.21244836,0.00010388
5194,14,0.19957356,0.00010392
5195,14,0.22316712,0.00010392
5196,14,0.19038741,0.00010396
5197,14,0.19356927,0.00010396
5198,14,0.20879363,0.000104
5199,14,0.20478305,0.000104
5200,14,0.20900357,0.00010404
5201,14,0.20839703,0.00010404
5202,14,0.19412583,0.00010408
5203,14,0.22142896,0.00010408
5204,14,0.20156643,0.00010412
5205,14,0.19481453,0.00010412
5206,14,0.18968433,0.00010416
5207,14,0.21038833,0.00010416
5208,14,0.18862383,0.0001042
5209,14,0.19532213,0.0001042
5210,14,0.21413553,0.00010424
5211,14,0.20383492,0.00010424
5212,14,0.19943982,0.00010428
5213,14,0.20306329,0.00010428
5214,14,0.20255065,0.00010432
5215,14,0.18873595,0.00010432
5216,14,0.17788601,0.00010436
5217,14,0.21029904,0.00010436
5218,14,0.20778346,0.0001044
5219,14,0.20652561,0.0001044
5220,14,0.20742333,0.00010444
5221,14,0.20324954,0.00010444
5222,14,0.20557663,0.00010448
5223,14,0.18518817,0.00010448
5224,14,0.20264113,0.00010452
5225,14,0.20538078,0.00010452
5226,14,0.20342165,0.00010456
5227,14,0.21368329,0.00010456
5228,14,0.21979892,0.0001046
5229,14,0.21472129,0.0001046
5230,14,0.20583944,0.00010464
5231,14,0.18882458,0.00010464
5232,14,0.19285497,0.00010468
5233,14,0.19861341,0.00010468
5234,14,0.19908260,0.00010472
5235,14,0.19865152,0.00010472
5236,14,0.19699828,0.00010476
5237,14,0.22208434,0.00010476
5238,14,0.20370725,0.0001048
5239,14,0.20004925,0.0001048
5240,14,0.20490095,0.00010484
5241,14,0.21786742,0.00010484
5242,14,0.23305234,0.00010488
5243,14,0.21316230,0.00010488
5244,14,0.21153907,0.00010492
5245,14,0.18632770,0.00010492
5246,14,0.20654497,0.00010496
5247,14,0.20239788,0.00010496
5248,14,0.19539189,0.000105
5249,14,0.18075442,0.000105
5250,14,0.22852586,0.00010504
5251,14,0.23289135,0.00010504
5252,14,0.20280753,0.00010508
5253,14,0.21262419,0.00010508
5254,14,0.20510356,0.00010512
5255,14,0.21721922,0.00010512
5256,14,0.18934980,0.00010516
5257,14,0.19380781,0.00010516
5258,14,0.21320187,0.0001052
5259,14,0.17972569,0.0001052
5260,14,0.21850090,0.00010524
5261,14,0.21018887,0.00010524
5262,14,0.18956456,0.00010528
5263,14,0.22950119,0.00010528
5264,14,0.20733011,0.00010532
5265,14,0.19713855,0.00010532
5266,14,0.19599257,0.00010536
5267,14,0.21281944,0.00010536
5268,14,0.18937354,0.0001054
5269,14,0.20176145,0.0001054
5270,14,0.21700755,0.00010544
5271,14,0.22953653,0.00010544
5272,14,0.20552826,0.00010548
5273,14,0.21877322,0.00010548
5274,14,0.20810542,0.00010552
5275,14,0.22409692,0.00010552
5276,14,0.19537947,0.00010556
5277,14,0.18610454,0.00010556
5278,14,0.18901077,0.0001056
5279,14,0.21491775,0.0001056
5280,14,0.20116034,0.00010564
5281,14,0.21452324,0.00010564
5282,14,0.18216240,0.00010568
5283,14,0.21265970,0.00010568
5284,14,0.19551167,0.00010572
5285,14,0.17835218,0.00010572
5286,14,0.18938109,0.00010576
5287,14,0.23229504,0.00010576
5288,14,0.17717312,0.0001058
5289,14,0.21380195,0.0001058
5290,14,0.21708493,0.00010584
5291,14,0.20482175,0.00010584
5292,14,0.18239364,0.00010588
5293,14,0.20546828,0.00010588
5294,14,0.21481723,0.00010592
5295,14,0.21138921,0.00010592
5296,14,0.20928614,0.00010596
5297,14,0.21200049,0.00010596
5298,14,0.20514643,0.000106
5299,14,0.19143909,0.000106
5300,14,0.19381061,0.00010604
5301,14,0.22236936,0.00010604
5302,14,0.19225399,0.00010608
5303,14,0.20039704,0.00010608
5304,14,0.21156797,0.00010612
5305,14,0.21451627,0.00010612
5306,14,0.19419782,0.00010616
5307,14,0.21403274,0.00010616
5308,14,0.19441053,0.0001062
5309,14,0.19723719,0.0001062
5310,14,0.19123356,0.00010624
5311,14,0.19685487,0.00010624
5312,14,0.20281643,0.00010628
5313,14,0.20088708,0.00010628
5314,14,0.19836879,0.00010632
5315,14,0.18969691,0.00010632
5316,14,0.21193197,0.00010636
5317,14,0.19029534,0.00010636
5318,14,0.20238146,0.0001064
5319,14,0.20060146,0.0001064
5320,14,0.20778194,0.00010644
5321,14,0.19804618,0.00010644
5322,14,0.20859048,0.00010648
5323,14,0.21212940,0.00010648
5324,14,0.19650581,0.00010652
5325,14,0.20968103,0.00010652
5326,14,0.23289970,0.00010656
5327,14,0.21823965,0.00010656
5328,14,0.18297295,0.0001066
5329,14,0.18766347,0.0001066
5330,14,0.21046758,0.00010664
5331,14,0.21051221,0.00010664
5332,14,0.20718986,0.00010668
5333,14,0.21607165,0.00010668
5334,14,0.21058822,0.00010672
5335,14,0.19651601,0.00010672
5336,14,0.19847393,0.00010676
5337,14,0.18592797,0.00010676
5338,14,0.19256291,0.0001068
5339,14,0.20345947,0.0001068
5340,14,0.18198995,0.00010684
5341,14,0.20266855,0.00010684
5342,14,0.19370984,0.00010688
5343,14,0.20277488,0.00010688
5344,14,0.23694764,0.00010692
5345,14,0.19528161,0.00010692
5346,14,0.19665858,0.00010696
5347,14,0.19951817,0.00010696
5348,14,0.19545434,0.000107
5349,14,0.18472385,0.000107
5350,14,0.21264875,0.00010704
5351,14,0.20117079,0.00010704
5352,14,0.18597572,0.00010708
5353,14,0.19497329,0.00010708
5354,14,0.19222216,0.00010712
5355,14,0.21273044,0.00010712
5356,14,0.20133185,0.00010716
5357,14,0.20748332,0.00010716
5358,14,0.20649359,0.0001072
5359,14,0.21115260,0.0001072
5360,14,0.20698576,0.00010724
5361,14,0.20459378,0.00010724
5362,14,0.20736971,0.00010728
5363,14,0.19448268,0.00010728
5364,14,0.20748512,0.00010732
5365,14,0.20351148,0.00010732
5366,14,0.21005611,0.00010736
5367,14,0.21267429,0.00010736
5368,14,0.19371442,0.0001074
5369,14,0.20906994,0.0001074
5370,14,0.20284292,0.00010744
5371,14,0.18796301,0.00010744
5372,14,0.20173511,0.00010748
5373,14,0.20659201,0.00010748
5374,14,0.21010303,0.00010752
5375,14,0.19408989,0.00010752
5376,14,0.21368419,0.00010756
5377,14,0.17449391,0.00010756
5378,14,0.19530921,0.0001076
5379,14,0.20999873,0.0001076
5380,14,0.19736946,0.00010764
5381,14,0.19435129,0.00010764
5382,14,0.21246931,0.00010768
5383,14,0.20880088,0.00010768
5384,14,0.21459952,0.00010772
5385,14,0.19369394,0.00010772
5386,14,0.21903411,0.00010776
5387,14,0.23091444,0.00010776
5388,14,0.21804684,0.0001078
5389,14,0.19458215,0.0001078
5390,14,0.19999132,0.00010784
5391,14,0.20563754,0.00010784
5392,14,0.19984064,0.00010788
5393,14,0.19006692,0.00010788
5394,14,0.18907356,0.00010792
5395,14,0.21048652,0.00010792
5396,14,0.19982904,0.00010796
5397,14,0.21397178,0.00010796
5398,14,0.19839188,0.000108
5399,14,0.19957244,0.000108
5400,14,0.20558684,0.00010804
5401,14,0.19384217,0.00010804
5402,14,0.19140056,0.00010808
5403,14,0.18685150,0.00010808
5404,14,0.21657988,0.00010812
5405,14,0.20323879,0.00010812
5406,14,0.20217077,0.00010816
5407,14,0.21873173,0.00010816
5408,14,0.20709388,0.0001082
5409,14,0.20352101,0.0001082
5410,14,0.18822846,0.00010824
5411,14,0.20210151,0.00010824
5412,14,0.20844373,0.00010828
5413,14,0.20004198,0.00010828
5414,14,0.18460767,0.00010832
5415,14,0.20537220,0.00010832
5416,14,0.22210434,0.00010836
5417,14,0.17544231,0.00010836
5418,14,0.20582788,0.0001084
5419,14,0.19436643,0.0001084
5420,14,0.18252230,0.00010844
5421,14,0.21114938,0.00010844
5422,14,0.21454358,0.00010848
5423,14,0.22196099,0.00010848
5424,14,0.19977644,0.00010852
5425,14,0.21897922,0.00010852
5426,14,0.20497116,0.00010856
5427,14,0.21305192,0.00010856
5428,14,0.19004387,0.0001086
5429,14,0.21645004,0.0001086
5430,14,0.20717351,0.00010864
5431,14,0.18739620,0.00010864
5432,14,0.19493547,0.00010868
5433,14,0.19696002,0.00010868
5434,14,0.18580985,0.00010872
5435,14,0.19943963,0.00010872
5436,14,0.19211182,0.00010876
5437,14,0.19920181,0.00010876
5438,14,0.19255476,0.0001088
5439,14,0.20367250,0.0001088
5440,14,0.21538334,0.00010884
5441,14,0.20508194,0.00010884
5442,14,0.20056471,0.00010888
5443,14,0.20027342,0.00010888
5444,14,0.18195650,0.00010892
5445,14,0.19737622,0.00010892
5446,14,0.20898132,0.00010896
5447,14,0.19760692,0.00010896
5448,14,0.20207474,0.000109
5449,14,0.21006104,0.000109
5450,14,0.20489466,0.00010904
5451,14,0.18816942,0.00010904
5452,14,0.20229220,0.00010908
5453,14,0.21779606,0.00010908
5454,14,0.23197341,0.00010912
5455,14,0.21210109,0.00010912
5456,14,0.20635381,0.00010916
5457,14,0.22408029,0.00010916
5458,14,0.19872701,0.0001092
5459,14,0.21383822,0.0001092
5460,14,0.21905762,0.00010924
5461,15,0.21833113,0.00010924
5462,15,0.19773421,0.00010928
5463,15,0.18744883,0.00010928
5464,15,0.20443319,0.00010932
5465,15,0.18732890,0.00010932
5466,15,0.18691516,0.00010936
5467,15,0.19220446,0.00010936
5468,15,0.19032097,0.0001094
5469,15,0.21383813,0.0001094
5470,15,0.19478342,0.00010944
5471,15,0.21437693,0.00010944
5472,15,0.20024419,0.00010948
5473,15,0.20353620,0.00010948
5474,15,0.19569871,0.00010952
5475,15,0.20016508,0.00010952
5476,15,0.21634619,0.00010956
5477,15,0.21077344,0.00010956
5478,15,0.19333971,0.0001096
5479,15,0.20294504,0.0001096
5480,15,0.18925345,0.00010964
5481,15,0.22570448,0.00010964
5482,15,0.20518975,0.00010968
5483,15,0.21261060,0.00010968
5484,15,0.20836368,0.00010972
5485,15,0.18253124,0.00010972
5486,15,0.19840424,0.00010976
5487,15,0.19162224,0.00010976
5488,15,0.20878315,0.0001098
5489,15,0.20536014,0.0001098
5490,15,0.20623563,0.00010984
5491,15,0.19098970,0.00010984
5492,15,0.18267016,0.00010988
5493,15,0.21618795,0.00010988
5494,15,0.20888893,0.00010992
5495,15,0.21783006,0.00010992
5496,15,0.20351908,0.00010996
5497,15,0.21971980,0.00010996
5498,15,0.20709351,0.00011
5499,15,0.20160261,0.00011
5500,15,0.18494777,0.00011004
5501,15,0.19040760,0.00011004
5502,15,0.20699184,0.00011008
5503,15,0.22120856,0.00011008
5504,15,0.19515257,0.00011012
5505,15,0.18924201,0.00011012
5506,15,0.19828966,0.00011016
5507,15,0.22071838,0.00011016
5508,15,0.20500074,0.0001102
5509,15,0.19003713,0.0001102
5510,15,0.19519663,0.00011024
5511,15,0.20733306,0.00011024
5512,15,0.19814424,0.00011028
5513,15,0.17856972,0.00011028
5514,15,0.21310471,0.00011032
5515,15,0.20120339,0.00011032
5516,15,0.21503514,0.00011036
5517,15,0.20558786,0.00011036
5518,15,0.21163797,0.0001104
5519,15,0.19987772,0.0001104
5520,15,0.19833718,0.00011044
5521,15,0.19747297,0.00011044
5522,15,0.19225173,0.00011048
5523,15,0.19082706,0.00011048
5524,15,0.22346982,0.00011052
5525,15,0.20258734,0.00011052
5526,15,0.22319579,0.00011056
5527,15,0.21727058,0.00011056
5528,15,0.18028049,0.0001106
5529,15,0.20226067,0.0001106
5530,15,0.19724421,0.00011064
5531,15,0.19810733,0.00011064
5532,15,0.19545250,0.00011068
5533,15,0.20989585,0.00011068
5534,15,0.20071161,0.00011072
5535,15,0.21054637,0.00011072
5536,15,0.17986986,0.00011076
5537,15,0.21126887,0.00011076
5538,15,0.22761980,0.0001108
5539,15,0.21159235,0.0001108
5540,15,0.18997441,0.00011084
5541,15,0.20345107,0.00011084
5542,15,0.20480800,0.00011088
5543,15,0.21733555,0.00011088
5544,15,0.19834767,0.00011092
5545,15,0.19917551,0.00011092
5546,15,0.20538363,0.00011096
5547,15,0.21107244,0.00011096
5548,15,0.18659037,0.000111
5549,15,0.21110915,0.000111
5550,15,0.19063005,0.00011104
5551,15,0.18417655,0.00011104
5552,15,0.20786080,0.00011108
5553,15,0.19615832,0.00011108
5554,15,0.19341116,0.00011112
5555,15,0.21018642,0.00011112
5556,15,0.19662333,0.00011116
5557,15,0.19451408,0.00011116
5558,15,0.22415757,0.0001112
5559,15,0.21419168,0.0001112
5560,15,0.19459191,0.00011124
5561,15,0.19853124,0.00011124
5562,15,0.17874943,0.00011128
5563,15,0.19847724,0.00011128
5564,15,0.19299553,0.00011132
5565,15,0.20901053,0.00011132
5566,15,0.19379902,0.00011136
5567,15,0.21297187,0.00011136
5568,15,0.21124452,0.0001114
5569,15,0.18968335,0.0001114
5570,15,0.21108708,0.00011144
5571,15,0.21978515,0.00011144
5572,15,0.20402932,0.00011148
5573,15,0.20107448,0.00011148
5574,15,0.20756432,0.00011152
5575,15,0.19703293,0.00011152
5576,15,0.19316539,0.00011156
5577,15,0.20508401,0.00011156
5578,15,0.17538697,0.0001116
5579,15,0.20639440,0.0001116
5580,15,0.20725369,0.00011164
5581,15,0.18702209,0.00011164
5582,15,0.19446401,0.00011168
5583,15,0.21326928,0.00011168
5584,15,0.21462040,0.00011172
5585,15,0.20524848,0.00011172
5586,15,0.19953845,0.00011176
5587,15,0.19735597,0.00011176
5588,15,0.20446175,0.0001118
5589,15,0.20597577,0.0001118
5590,15,0.18681738,0.00011184
5591,15,0.19881895,0.00011184
5592,15,0.19821212,0.00011188
5593,15,0.20544598,0.00011188
5594,15,0.20547983,0.00011192
5595,15,0.20701537,0.00011192
5596,15,0.22384831,0.00011196
5597,15,0.18697715,0.00011196
5598,15,0.21757191,0.000112
5599,15,0.19988512,0.000112
5600,15,0.22177458,0.00011204
5601,15,0.18986604,0.00011204
5602,15,0.20919773,0.00011208
5603,15,0.19642806,0.00011208
5604,15,0.20297742,0.00011212
5605,15,0.19832836,0.00011212
5606,15,0.21210043,0.00011216
5607,15,0.20499134,0.00011216
5608,15,0.20792340,0.0001122
5609,15,0.21998757,0.0001122
5610,15,0.20288271,0.00011224
5611,15,0.19736800,0.00011224
5612,15,0.22688949,0.00011228
5613,15,0.19013147,0.00011228
5614,15,0.20073923,0.00011232
5615,15,0.21588063,0.00011232
5616,15,0.18831269,0.00011236
5617,15,0.19581339,0.00011236
5618,15,0.20805657,0.0001124
5619,15,0.19112889,0.0001124
5620,15,0.19884634,0.00011244
5621,15,0.20473108,0.00011244
5622,15,0.21253991,0.00011248
5623,15,0.22120428,0.00011248
5624,15,0.19360098,0.00011252
5625,15,0.20173454,0.00011252
5626,15,0.20720869,0.00011256
5627,15,0.20997846,0.00011256
5628,15,0.20375562,0.0001126
5629,15,0.20398223,0.0001126
5630,15,0.20942764,0.00011264
5631,15,0.21391499,0.00011264
5632,15,0.20281276,0.00011268
5633,15,0.20454602,0.00011268
5634,15,0.19455837,0.00011272
5635,15,0.20003542,0.00011272
5636,15,0.19614238,0.00011276
5637,15,0.21213874,0.00011276
5638,15,0.20927888,0.0001128
5639,15,0.18899065,0.0001128
5640,15,0.21243791,0.00011284
5641,15,0.20616028,0.00011284
5642,15,0.21349519,0.00011288
5643,15,0.20076680,0.00011288
5644,15,0.19348848,0.00011292
5645,15,0.21228491,0.00011292
5646,15,0.21226494,0.00011296
5647,15,0.20397101,0.00011296
5648,15,0.20482056,0.000113
5649,15,0.19390200,0.000113
5650,15,0.18569504,0.00011304
5651,15,0.19884193,0.00011304
5652,15,0.22260001,0.00011308
5653,15,0.19344079,0.00011308
5654,15,0.20723782,0.00011312
5655,15,0.19825821,0.00011312
5656,15,0.19950187,0.00011316
5657,15,0.21314010,0.00011316
5658,15,0.20920527,0.0001132
5659,15,0.19188091,0.0001132
5660,15,0.19286823,0.00011324
5661,15,0.22211501,0.00011324
5662,15,0.20457503,0.00011328
5663,15,0.17787808,0.00011328
5664,15,0.21172003,0.00011332
5665,15,0.20982485,0.00011332
5666,15,0.21778539,0.00011336
5667,15,0.18723148,0.00011336
5668,15,0.20432818,0.0001134
5669,15,0.19516245,0.0001134
5670,15,0.19375396,0.00011344
5671,15,0.18634754,0.00011344
5672,15,0.19473766,0.00011348
5673,15,0.20887938,0.00011348
5674,15,0.18823324,0.00011352
5675,15,0.20721480,0.00011352
5676,15,0.19564031,0.00011356
5677,15,0.20535724,0.00011356
5678,15,0.20469663,0.0001136
5679,15,0.20787606,0.0001136
5680,15,0.18840125,0.00011364
5681,15,0.19660398,0.00011364
5682,15,0.19995567,0.00011368
5683,15,0.19274187,0.00011368
5684,15,0.20919071,0.00011372
5685,15,0.22695175,0.00011372
5686,15,0.20271549,0.00011376
5687,15,0.20201010,0.00011376
5688,15,0.19561934,0.0001138
5689,15,0.20829698,0.0001138
5690,15,0.20403478,0.00011384
5691,15,0.19644210,0.00011384
5692,15,0.17946252,0.00011388
5693,15,0.19342105,0.00011388
5694,15,0.20347629,0.00011392
5695,15,0.19939587,0.00011392
5696,15,0.19502139,0.00011396
5697,15,0.20508575,0.00011396
5698,15,0.21382436,0.000114
5699,15,0.20997933,0.000114
5700,15,0.21702521,0.00011404
5701,15,0.19227771,0.00011404
5702,15,0.20195153,0.00011408
5703,15,0.20946674,0.00011408
5704,15,0.21520093,0.00011412
5705,15,0.21048701,0.00011412
5706,15,0.20247975,0.00011416
5707,15,0.17579393,0.00011416
5708,15,0.18373176,0.0001142
5709,15,0.21456873,0.0001142
5710,15,0.19847748,0.00011424
5711,15,0.21745694,0.00011424
5712,15,0.19607830,0.00011428
5713,15,0.20648029,0.00011428
5714,15,0.20465021,0.00011432
5715,15,0.19636536,0.00011432
5716,15,0.17844948,0.00011436
5717,15,0.19543830,0.00011436
5718,15,0.21252833,0.0001144
5719,15,0.21067607,0.0001144
5720,15,0.19592080,0.00011444
5721,15,0.20806646,0.00011444
5722,15,0.19152538,0.00011448
5723,15,0.19955319,0.00011448
5724,15,0.19569544,0.00011452
5725,15,0.19993362,0.00011452
5726,15,0.22375619,0.00011456
5727,15,0.19307509,0.00011456
5728,15,0.18950328,0.0001146
5729,15,0.19040084,0.0001146
5730,15,0.18875432,0.00011464
5731,15,0.20256281,0.00011464
5732,15,0.20185888,0.00011468
5733,15,0.20799595,0.00011468
5734,15,0.19171977,0.00011472
5735,15,0.18639362,0.00011472
5736,15,0.21585707,0.00011476
5737,15,0.18228042,0.00011476
5738,15,0.19869284,0.0001148
5739,15,0.19532125,0.0001148
5740,15,0.20289147,0.00011484
5741,15,0.20449632,0.00011484
5742,15,0.22085673,0.00011488
5743,15,0.21277647,0.00011488
5744,15,0.19208619,0.00011492
5745,15,0.20165652,0.00011492
5746,15,0.20322780,0.00011496
5747,15,0.18260674,0.00011496
5748,15,0.21599618,0.000115
5749,15,0.22134571,0.000115
5750,15,0.19809401,0.00011504
5751,15,0.18600073,0.00011504
5752,15,0.21496773,0.00011508
5753,15,0.21600555,0.00011508
5754,15,0.18795781,0.00011512
5755,15,0.19476891,0.00011512
5756,15,0.23052059,0.00011516
5757,15,0.18479130,0.00011516
5758,15,0.19463146,0.0001152
5759,15,0.19168822,0.0001152
5760,15,0.20829922,0.00011524
5761,15,0.21184012,0.00011524
5762,15,0.20083509,0.00011528
5763,15,0.18198161,0.00011528
5764,15,0.21974115,0.00011532
5765,15,0.19879644,0.00011532
5766,15,0.19689155,0.00011536
5767,15,0.19348530,0.00011536
5768,15,0.20477615,0.0001154
5769,15,0.21942046,0.0001154
5770,15,0.20439212,0.00011544
5771,15,0.19063732,0.00011544
5772,15,0.21856311,0.00011548
5773,15,0.18798026,0.00011548
5774,15,0.19071476,0.00011552
5775,15,0.20331673,0.00011552
5776,15,0.20140684,0.00011556
5777,15,0.19220594,0.00011556
5778,15,0.19023669,0.0001156
5779,15,0.19799295,0.0001156
5780,15,0.19868571,0.00011564
5781,15,0.20483862,0.00011564
5782,15,0.20103750,0.00011568
5783,15,0.19925937,0.00011568
5784,15,0.17486373,0.00011572
5785,15,0.18262891,0.00011572
5786,15,0.20982617,0.00011576
5787,15,0.19961172,0.00011576
5788,15,0.19199595,0.0001158
5789,15,0.20981257,0.0001158
5790,15,0.20008603,0.00011584
5791,15,0.20180160,0.00011584
5792,15,0.19303255,0.00011588
5793,15,0.19655338,0.00011588
5794,15,0.18438843,0.00011592
5795,15,0.21574198,0.00011592
5796,15,0.20996206,0.00011596
5797,15,0.18288223,0.00011596
5798,15,0.19301701,0.000116
5799,15,0.20646375,0.000116
5800,15,0.21876413,0.00011604
5801,15,0.19858263,0.00011604
5802,15,0.17642502,0.00011608
5803,15,0.21196459,0.00011608
5804,15,0.20655581,0.00011612
5805,15,0.20886436,0.00011612
5806,15,0.20060401,0.00011616
5807,15,0.21929601,0.00011616
5808,15,0.20985827,0.0001162
5809,15,0.20220469,0.0001162
5810,15,0.21855617,0.00011624
5811,15,0.20802073,0.00011624
5812,15,0.20775482,0.00011628
5813,15,0.20526633,0.00011628
5814,15,0.19807822,0.00011632
5815,15,0.18380818,0.00011632
5816,15,0.19106679,0.00011636
5817,15,0.19726649,0.00011636
5818,15,0.18807618,0.0001164
5819,15,0.19690320,0.0001164
5820,15,0.19116633,0.00011644
5821,15,0.20729284,0.00011644
5822,15,0.18803096,0.00011648
5823,15,0.20479232,0.00011648
5824,15,0.18788132,0.00011652
5825,15,0.20300078,0.00011652
5826,15,0.20590077,0.00011656
5827,15,0.18922266,0.00011656
5828,15,0.18961719,0.0001166
5829,15,0.21288598,0.0001166
5830,15,0.21297741,0.00011664
5831,15,0.20690888,0.00011664
5832,15,0.20195353,0.00011668
5833,15,0.22128849,0.00011668
5834,15,0.19835782,0.00011672
5835,15,0.20729707,0.00011672
5836,15,0.21146195,0.00011676
5837,15,0.21182254,0.00011676
5838,15,0.20142362,0.0001168
5839,15,0.21770231,0.0001168
5840,15,0.20027879,0.00011684
5841,15,0.20770328,0.00011684
5842,15,0.20542419,0.00011688
5843,15,0.19788384,0.00011688
5844,15,0.22470364,0.00011692
5845,15,0.20011322,0.00011692
5846,15,0.22196648,0.00011696
5847,15,0.19717634,0.00011696
5848,15,0.20135348,0.000117
5849,15,0.21803325,0.000117
5850,15,0.18216518,0.00011704
5851,16,0.21508190,0.00011704
5852,16,0.20686206,0.00011708
5853,16,0.20867547,0.00011708
5854,16,0.20079009,0.00011712
5855,16,0.21209916,0.00011712
5856,16,0.22481887,0.00011716
5857,16,0.20714724,0.00011716
5858,16,0.17163089,0.0001172
5859,16,0.19035983,0.0001172
5860,16,0.21471739,0.00011724
5861,16,0.21335763,0.00011724
5862,16,0.21850666,0.00011728
5863,16,0.18495063,0.00011728
5864,16,0.19469997,0.00011732
5865,16,0.17903054,0.00011732
5866,16,0.19306850,0.00011736
5867,16,0.18397340,0.00011736
5868,16,0.20042783,0.0001174
5869,16,0.18828218,0.0001174
5870,16,0.20377706,0.00011744
5871,16,0.18865609,0.00011744
5872,16,0.20170879,0.00011748
5873,16,0.21214305,0.00011748
5874,16,0.18891993,0.00011752
5875,16,0.20140839,0.00011752
5876,16,0.20779425,0.00011756
5877,16,0.20618328,0.00011756
5878,16,0.17996812,0.0001176
5879,16,0.22372077,0.0001176
5880,16,0.19411401,0.00011764
5881,16,0.21090959,0.00011764
5882,16,0.19081506,0.00011768
5883,16,0.20007348,0.00011768
5884,16,0.20263588,0.00011772
5885,16,0.20776758,0.00011772
5886,16,0.19454615,0.00011776
5887,16,0.20390069,0.00011776
5888,16,0.18882768,0.0001178
5889,16,0.17964584,0.0001178
5890,16,0.19847655,0.00011784
5891,16,0.19008315,0.00011784
5892,16,0.21255732,0.00011788
5893,16,0.19558296,0.00011788
5894,16,0.20534047,0.00011792
5895,16,0.19850278,0.00011792
5896,16,0.21429431,0.00011796
5897,16,0.20384046,0.00011796
5898,16,0.19030067,0.000118
5899,16,0.20259874,0.000118
5900,16,0.20162492,0.00011804
5901,16,0.19996201,0.00011804
5902,16,0.21032707,0.00011808
5903,16,0.19041723,0.00011808
5904,16,0.17916775,0.00011812
5905,16,0.20621312,0.00011812
5906,16,0.20158064,0.00011816
5907,16,0.20308515,0.00011816
5908,16,0.20654973,0.0001182
5909,16,0.18341164,0.0001182
5910,16,0.19795480,0.00011824
5911,16,0.20167117,0.00011824
5912,16,0.20863359,0.00011828
5913,16,0.20095050,0.00011828
5914,16,0.20182115,0.00011832
5915,16,0.19460872,0.00011832
5916,16,0.21243541,0.00011836
5917,16,0.22133021,0.00011836
5918,16,0.22209150,0.0001184
5919,16,0.21712112,0.0001184
5920,16,0.19218390,0.00011844
5921,16,0.19749448,0.00011844
5922,16,0.19835685,0.00011848
5923,16,0.21507961,0.00011848
5924,16,0.21829617,0.00011852
5925,16,0.18186252,0.00011852
5926,16,0.21566741,0.00011856
5927,16,0.19518599,0.00011856
5928,16,0.21603112,0.0001186
5929,16,0.21111834,0.0001186
5930,16,0.19183469,0.00011864
5931,16,0.20748757,0.00011864
5932,16,0.19222018,0.00011868
5933,16,0.18860333,0.00011868
5934,16,0.19091836,0.00011872
5935,16,0.19396023,0.00011872
5936,16,0.20853643,0.00011876
5937,16,0.20283394,0.00011876
5938,16,0.20428404,0.0001188
5939,16,0.20401351,0.0001188
5940,16,0.20453966,0.00011884
5941,16,0.21180843,0.00011884
5942,16,0.19893959,0.00011888
5943,16,0.20549583,0.00011888
5944,16,0.20094845,0.00011892
5945,16,0.22572348,0.00011892
5946,16,0.19653678,0.00011896
5947,16,0.20184252,0.00011896
5948,16,0.18905997,0.000119
5949,16,0.22553703,0.000119
5950,16,0.20973699,0.00011904
5951,16,0.18871424,0.00011904
5952,16,0.19809115,0.00011908
5953,16,0.21021330,0.00011908
5954,16,0.21769369,0.00011912
5955,16,0.19559996,0.00011912
5956,16,0.17235553,0.00011916
5957,16,0.18921861,0.00011916
5958,16,0.17831318,0.0001192
5959,16,0.20877865,0.0001192
5960,16,0.20010233,0.00011924
5961,16,0.19206589,0.00011924
5962,16,0.17977190,0.00011928
5963,16,0.20221323,0.00011928
5964,16,0.21086626,0.00011932
5965,16,0.18275782,0.00011932
5966,16,0.19909665,0.00011936
5967,16,0.17567527,0.00011936
5968,16,0.19756663,0.0001194
5969,16,0.19468503,0.0001194
5970,16,0.18305686,0.00011944
5971,16,0.19153371,0.00011944
5972,16,0.21067655,0.00011948
5973,16,0.21022098,0.00011948
5974,16,0.20517902,0.00011952
5975,16,0.20143656,0.00011952
5976,16,0.19446513,0.00011956
5977,16,0.17958066,0.00011956
5978,16,0.18875277,0.0001196
5979,16,0.18588701,0.0001196
5980,16,0.18866162,0.00011964
5981,16,0.20851740,0.00011964
5982,16,0.21303707,0.00011968
5983,16,0.19988090,0.00011968
5984,16,0.18952832,0.00011972
5985,16,0.20472598,0.00011972
5986,16,0.19052005,0.00011976
5987,16,0.18834178,0.00011976
5988,16,0.20218837,0.0001198
5989,16,0.17298405,0.0001198
5990,16,0.20171016,0.00011984
5991,16,0.19987202,0.00011984
5992,16,0.18784128,0.00011988
5993,16,0.19851886,0.00011988
5994,16,0.18641815,0.00011992
5995,16,0.20810501,0.00011992
5996,16,0.18853757,0.00011996
5997,16,0.19531086,0.00011996
5998,16,0.18879335,0.00012
5999,16,0.20758924,0.00012
6000,16,0.20159321,0.00012004
6001,16,0.20263922,0.00012004
6002,16,0.20449655,0.00012008
6003,16,0.19930887,0.00012008
6004,16,0.22513334,0.00012012
6005,16,0.18901531,0.00012012
6006,16,0.21639255,0.00012016
6007,16,0.19350128,0.00012016
6008,16,0.17748933,0.0001202
6009,16,0.19526693,0.0001202
6010,16,0.19250053,0.00012024
6011,16,0.20609933,0.00012024
6012,16,0.18205512,0.00012028
6013,16,0.20146911,0.00012028
6014,16,0.21132359,0.00012032
6015,16,0.20859294,0.00012032
6016,16,0.18623543,0.00012036
6017,16,0.20476036,0.00012036
6018,16,0.18335268,0.0001204
6019,16,0.19688854,0.0001204
6020,16,0.19786844,0.00012044
6021,16,0.19588137,0.00012044
6022,16,0.18784651,0.00012048
6023,16,0.19702822,0.00012048
6024,16,0.20085797,0.00012052
6025,16,0.18922530,0.00012052
6026,16,0.20040399,0.00012056
6027,16,0.21520042,0.00012056
6028,16,0.22200704,0.0001206
6029,16,0.18606655,0.0001206
6030,16,0.18209133,0.00012064
6031,16,0.22423294,0.00012064
6032,16,0.21396002,0.00012068
6033,16,0.19812489,0.00012068
6034,16,0.19519727,0.00012072
6035,16,0.19198930,0.00012072
6036,16,0.20022345,0.00012076
6037,16,0.19024059,0.00012076
6038,16,0.18132386,0.0001208
6039,16,0.20315921,0.0001208
6040,16,0.20859513,0.00012084
6041,16,0.20986097,0.00012084
6042,16,0.19887987,0.00012088
6043,16,0.21234870,0.00012088
6044,16,0.22163638,0.00012092
6045,16,0.18565886,0.00012092
6046,16,0.19194774,0.00012096
6047,16,0.20681763,0.00012096
6048,16,0.20377003,0.000121
6049,16,0.19887316,0.000121
6050,16,0.19821534,0.00012104
6051,16,0.20692238,0.00012104
6052,16,0.18586108,0.00012108
6053,16,0.18838160,0.00012108
6054,16,0.19725820,0.00012112
6055,16,0.19087005,0.00012112
6056,16,0.19121802,0.00012116
6057,16,0.19138162,0.00012116
6058,16,0.18002860,0.0001212
6059,16,0.20341937,0.0001212
6060,16,0.19432406,0.00012124
6061,16,0.20157808,0.00012124
6062,16,0.19080763,0.00012128
6063,16,0.18704234,0.00012128
6064,16,0.19099014,0.00012132
6065,16,0.21347444,0.00012132
6066,16,0.18613383,0.00012136
6067,16,0.18377993,0.00012136
6068,16,0.18831074,0.0001214
6069,16,0.20609701,0.0001214
6070,16,0.18269888,0.00012144
6071,16,0.18900035,0.00012144
6072,16,0.20850931,0.00012148
6073,16,0.21135871,0.00012148
6074,16,0.19559562,0.00012152
6075,16,0.19184968,0.00012152
6076,16,0.20908570,0.00012156
6077,16,0.17862326,0.00012156
6078,16,0.20608954,0.0001216
6079,16,0.19152384,0.0001216
6080,16,0.21912798,0.00012164
6081,16,0.19696534,0.00012164
6082,16,0.21589898,0.00012168
6083,16,0.21483664,0.00012168
6084,16,0.20140904,0.00012172
6085,16,0.17633323,0.00012172
6086,16,0.19763908,0.00012176
6087,16,0.20651707,0.00012176
6088,16,0.20830576,0.0001218
6089,16,0.21677105,0.0001218
6090,16,0.20288911,0.00012184
6091,16,0.19252443,0.00012184
6092,16,0.19275230,0.00012188
6093,16,0.18052465,0.00012188
6094,16,0.21020880,0.00012192
6095,16,0.21209781,0.00012192
6096,16,0.20319903,0.00012196
6097,16,0.18437354,0.00012196
6098,16,0.20890771,0.000122
6099,16,0.19375861,0.000122
6100,16,0.21035528,0.00012204
6101,16,0.19239238,0.00012204
6102,16,0.17821591,0.00012208
6103,16,0.19690244,0.00012208
6104,16,0.18869059,0.00012212
6105,16,0.19847064,0.00012212
6106,16,0.18513986,0.00012216
6107,16,0.20645571,0.00012216
6108,16,0.21694140,0.0001222
6109,16,0.20179969,0.0001222
6110,16,0.19429809,0.00012224
6111,16,0.20776621,0.00012224
6112,16,0.19619668,0.00012228
6113,16,0.20056531,0.00012228
6114,16,0.21308653,0.00012232
6115,16,0.20110875,0.00012232
6116,16,0.20696342,0.00012236
6117,16,0.19388485,0.00012236
6118,16,0.21998778,0.0001224
6119,16,0.19406283,0.0001224
6120,16,0.19476470,0.00012244
6121,16,0.20268534,0.00012244
6122,16,0.21204910,0.00012248
6123,16,0.21975271,0.00012248
6124,16,0.18815255,0.00012252
6125,16,0.19910839,0.00012252
6126,16,0.17857687,0.00012256
6127,16,0.20767038,0.00012256
6128,16,0.21166381,0.0001226
6129,16,0.19992474,0.0001226
6130,16,0.19995832,0.00012264
6131,16,0.20803313,0.00012264
6132,16,0.19774508,0.00012268
6133,16,0.21113931,0.00012268
6134,16,0.19124763,0.00012272
6135,16,0.18944183,0.00012272
6136,16,0.19170539,0.00012276
6137,16,0.20347556,0.00012276
6138,16,0.17764339,0.0001228
6139,16,0.21120426,0.0001228
6140,16,0.22289932,0.00012284
6141,16,0.19232041,0.00012284
6142,16,0.20263466,0.00012288
6143,16,0.20464186,0.00012288
6144,16,0.19890690,0.00012292
6145,16,0.19836152,0.00012292
6146,16,0.18899724,0.00012296
6147,16,0.19062284,0.00012296
6148,16,0.20284331,0.000123
6149,16,0.21297483,0.000123
6150,16,0.16989850,0.00012304
6151,16,0.19048870,0.00012304
6152,16,0.19944006,0.00012308
6153,16,0.19475326,0.00012308
6154,16,0.20742080,0.00012312
6155,16,0.20071757,0.00012312
6156,16,0.20176753,0.00012316
6157,16,0.20192645,0.00012316
6158,16,0.22575340,0.0001232
6159,16,0.21818638,0.0001232
6160,16,0.20873940,0.00012324
6161,16,0.19329546,0.00012324
6162,16,0.20559025,0.00012328
6163,16,0.19139782,0.00012328
6164,16,0.20359728,0.00012332
6165,16,0.20504266,0.00012332
6166,16,0.20929456,0.00012336
6167,16,0.19061254,0.00012336
6168,16,0.19047734,0.0001234
6169,16,0.22085124,0.0001234
6170,16,0.16949540,0.00012344
6171,16,0.18196408,0.00012344
6172,16,0.20911872,0.00012348
6173,16,0.19860220,0.00012348
6174,16,0.21494257,0.00012352
6175,16,0.20448017,0.00012352
6176,16,0.19567785,0.00012356
6177,16,0.19980161,0.00012356
6178,16,0.19780689,0.0001236
6179,16,0.22106121,0.0001236
6180,16,0.18113625,0.00012364
6181,16,0.21111393,0.00012364
6182,16,0.20394479,0.00012368
6183,16,0.23000447,0.00012368
6184,16,0.19611125,0.00012372
6185,16,0.18799023,0.00012372
6186,16,0.21130371,0.00012376
6187,16,0.19249272,0.00012376
6188,16,0.18906781,0.0001238
6189,16,0.18361664,0.0001238
6190,16,0.19755670,0.00012384
6191,16,0.19660281,0.00012384
6192,16,0.20599127,0.00012388
6193,16,0.19253522,0.00012388
6194,16,0.19240353,0.00012392
6195,16,0.19985688,0.00012392
6196,16,0.19321188,0.00012396
6197,16,0.19626004,0.00012396
6198,16,0.19380987,0.000124
6199,16,0.18701565,0.000124
6200,16,0.18765152,0.00012404
6201,16,0.18944198,0.00012404
6202,16,0.20215395,0.00012408
6203,16,0.21197438,0.00012408
6204,16,0.18718658,0.00012412
6205,16,0.21300253,0.00012412
6206,16,0.19809657,0.00012416
6207,16,0.18561253,0.00012416
6208,16,0.19062804,0.0001242
6209,16,0.21127960,0.0001242
6210,16,0.19640861,0.00012424
6211,16,0.20660996,0.00012424
6212,16,0.20235568,0.00012428
6213,16,0.19698158,0.00012428
6214,16,0.19171642,0.00012432
6215,16,0.19475643,0.00012432
6216,16,0.21019784,0.00012436
6217,16,0.19091547,0.00012436
6218,16,0.19033727,0.0001244
6219,16,0.19065015,0.0001244
6220,16,0.19647431,0.00012444
6221,16,0.18012321,0.00012444
6222,16,0.21890961,0.00012448
6223,16,0.20141952,0.00012448
6224,16,0.20974767,0.00012452
6225,16,0.19079213,0.00012452
6226,16,0.19573860,0.00012456
6227,16,0.18933487,0.00012456
6228,16,0.20276324,0.0001246
6229,16,0.19103518,0.0001246
6230,16,0.21099210,0.00012464
6231,16,0.18929136,0.00012464
6232,16,0.17864256,0.00012468
6233,16,0.21056482,0.00012468
6234,16,0.19811678,0.00012472
6235,16,0.17911564,0.00012472
6236,16,0.20942685,0.00012476
6237,16,0.18962619,0.00012476
6238,16,0.19529200,0.0001248
6239,16,0.19332337,0.0001248
6240,16,0.21047646,0.00012484
6241,17,0.18077499,0.00012484
6242,17,0.18235533,0.00012488
6243,17,0.18859127,0.00012488
6244,17,0.20236614,0.00012492
6245,17,0.18220884,0.00012492
6246,17,0.20493893,0.00012496
6247,17,0.20677243,0.00012496
6248,17,0.20082603,0.000125
6249,17,0.21134123,0.000125
6250,17,0.19677553,0.00012504
6251,17,0.23551850,0.00012504
6252,17,0.19279706,0.00012508
6253,17,0.20688319,0.00012508
6254,17,0.20559677,0.00012512
6255,17,0.19007549,0.00012512
6256,17,0.20647404,0.00012516
6257,17,0.20025764,0.00012516
6258,17,0.18911128,0.0001252
6259,17,0.22728562,0.0001252
6260,17,0.22447650,0.00012524
6261,17,0.18701705,0.00012524
6262,17,0.18677245,0.00012528
6263,17,0.20299254,0.00012528
6264,17,0.19723210,0.00012532
6265,17,0.20054844,0.00012532
6266,17,0.20536229,0.00012536
6267,17,0.22911291,0.00012536
6268,17,0.19727957,0.0001254
6269,17,0.19768350,0.0001254
6270,17,0.22515649,0.00012544
6271,17,0.19544666,0.00012544
6272,17,0.18727742,0.00012548
6273,17,0.18849331,0.00012548
6274,17,0.21611238,0.00012552
6275,17,0.21218994,0.00012552
6276,17,0.19977525,0.00012556
6277,17,0.20353162,0.00012556
6278,17,0.20904207,0.0001256
6279,17,0.21304035,0.0001256
6280,17,0.19364946,0.00012564
6281,17,0.20929889,0.00012564
6282,17,0.19052181,0.00012568
6283,17,0.19575052,0.00012568
6284,17,0.18184321,0.00012572
6285,17,0.19130991,0.00012572
6286,17,0.18224078,0.00012576
6287,17,0.18222368,0.00012576
6288,17,0.19141261,0.0001258
6289,17,0.18809089,0.0001258
6290,17,0.22912437,0.00012584
6291,17,0.20536463,0.00012584
6292,17,0.18686609,0.00012588
6293,17,0.22327840,0.00012588
6294,17,0.19123599,0.00012592
6295,17,0.20064577,0.00012592
6296,17,0.20008957,0.00012596
6297,17,0.20742306,0.00012596
6298,17,0.18405938,0.000126
6299,17,0.20074837,0.000126
6300,17,0.19282639,0.00012604
6301,17,0.18475990,0.00012604
6302,17,0.20064491,0.00012608
6303,17,0.21136539,0.00012608
6304,17,0.20838809,0.00012612
6305,17,0.20143139,0.00012612
6306,17,0.18169074,0.00012616
6307,17,0.20111585,0.00012616
6308,17,0.20943016,0.0001262
6309,17,0.19751549,0.0001262
6310,17,0.19227850,0.00012624
6311,17,0.19066402,0.00012624
6312,17,0.20158307,0.00012628
6313,17,0.18236747,0.00012628
6314,17,0.16678333,0.00012632
6315,17,0.20114128,0.00012632
6316,17,0.18647966,0.00012636
6317,17,0.21740794,0.00012636
6318,17,0.19857931,0.0001264
6319,17,0.19307220,0.0001264
6320,17,0.18709472,0.00012644
6321,17,0.19486937,0.00012644
6322,17,0.20991528,0.00012648
6323,17,0.20163904,0.00012648
6324,17,0.18756533,0.00012652
6325,17,0.19813786,0.00012652
6326,17,0.19750211,0.00012656
6327,17,0.19960830,0.00012656
6328,17,0.21626411,0.0001266
6329,17,0.19390535,0.0001266
6330,17,0.20949885,0.00012664
6331,17,0.23078436,0.00012664
6332,17,0.20971684,0.00012668
6333,17,0.20713505,0.00012668
6334,17,0.20996468,0.00012672
6335,17,0.19351611,0.00012672
6336,17,0.19103560,0.00012676
6337,17,0.20640664,0.00012676
6338,17,0.19805142,0.0001268
6339,17,0.19970904,0.0001268
6340,17,0.18865874,0.00012684
6341,17,0.18124783,0.00012684
6342,17,0.21006164,0.00012688
6343,17,0.18143749,0.00012688
6344,17,0.20713584,0.00012692
6345,17,0.22012278,0.00012692
6346,17,0.18843356,0.00012696
6347,17,0.19555870,0.00012696
6348,17,0.21524601,0.000127
6349,17,0.18586463,0.000127
6350,17,0.20210728,0.00012704
6351,17,0.19438100,0.00012704
6352,17,0.21671669,0.00012708
6353,17,0.21042165,0.00012708
6354,17,0.19185412,0.00012712
6355,17,0.20305035,0.00012712
6356,17,0.18731570,0.00012716
6357,17,0.18741322,0.00012716
6358,17,0.22283290,0.0001272
6359,17,0.20140398,0.0001272
6360,17,0.19453298,0.00012724
6361,17,0.21244609,0.00012724
6362,17,0.19621783,0.00012728
6363,17,0.20970635,0.00012728
6364,17,0.20592603,0.00012732
6365,17,0.19171767,0.00012732
6366,17,0.18537164,0.00012736
6367,17,0.19724378,0.00012736
6368,17,0.20619681,0.0001274
6369,17,0.20963407,0.0001274
6370,17,0.18762192,0.00012744
6371,17,0.19629657,0.00012744
6372,17,0.20855647,0.00012748
6373,17,0.22215614,0.00012748
6374,17,0.19428954,0.00012752
6375,17,0.18821371,0.00012752
6376,17,0.20578209,0.00012756
6377,17,0.18033358,0.00012756
6378,17,0.18062918,0.0001276
6379,17,0.19614792,0.0001276
6380,17,0.20800945,0.00012764
6381,17,0.21644489,0.00012764
6382,17,0.17243138,0.00012768
6383,17,0.20143674,0.00012768
6384,17,0.20082831,0.00012772
6385,17,0.22279593,0.00012772
6386,17,0.21377349,0.00012776
6387,17,0.19165915,0.00012776
6388,17,0.22159390,0.0001278
6389,17,0.19719391,0.0001278
6390,17,0.21205591,0.00012784
6391,17,0.18448448,0.00012784
6392,17,0.20433609,0.00012788
6393,17,0.18851399,0.00012788
6394,17,0.18569559,0.00012792
6395,17,0.19868541,0.00012792
6396,17,0.20613472,0.00012796
6397,17,0.19177006,0.00012796
6398,17,0.19303533,0.000128
6399,17,0.18720464,0.000128
6400,17,0.20071493,0.00012804
6401,17,0.17807381,0.00012804
6402,17,0.19880164,0.00012808
6403,17,0.19089565,0.00012808
6404,17,0.18589744,0.00012812
6405,17,0.21348864,0.00012812
6406,17,0.20209627,0.00012816
6407,17,0.18552017,0.00012816
6408,17,0.19188426,0.0001282
6409,17,0.20471844,0.0001282
6410,17,0.18230295,0.00012824
6411,17,0.20353734,0.00012824
6412,17,0.19045627,0.00012828
6413,17,0.18232739,0.00012828
6414,17,0.18958180,0.00012832
6415,17,0.18582296,0.00012832
6416,17,0.19441628,0.00012836
6417,17,0.18443577,0.00012836
6418,17,0.18943438,0.0001284
6419,17,0.20415944,0.0001284
6420,17,0.21528998,0.00012844
6421,17,0.19491097,0.00012844
6422,17,0.18837762,0.00012848
6423,17,0.18791673,0.00012848
6424,17,0.17703836,0.00012852
6425,17,0.19198357,0.00012852
6426,17,0.23523544,0.00012856
6427,17,0.19796324,0.00012856
6428,17,0.19824922,0.0001286
6429,17,0.18995962,0.0001286
6430,17,0.21936515,0.00012864
6431,17,0.19851923,0.00012864
6432,17,0.19283879,0.00012868
6433,17,0.19262874,0.00012868
6434,17,0.20670927,0.00012872
6435,17,0.18320315,0.00012872
6436,17,0.20388031,0.00012876
6437,17,0.19170225,0.00012876
6438,17,0.19427817,0.0001288
6439,17,0.18514781,0.0001288
6440,17,0.19532788,0.00012884
6441,17,0.20117007,0.00012884
6442,17,0.19314335,0.00012888
6443,17,0.19345695,0.00012888
6444,17,0.20359312,0.00012892
6445,17,0.17806892,0.00012892
6446,17,0.19552204,0.00012896
6447,17,0.18481305,0.00012896
6448,17,0.20904939,0.000129
6449,17,0.22049093,0.000129
6450,17,0.21825889,0.00012904
6451,17,0.19329970,0.00012904
6452,17,0.19638789,0.00012908
6453,17,0.19582927,0.00012908
6454,17,0.21138468,0.00012912
6455,17,0.20067482,0.00012912
6456,17,0.21728705,0.00012916
6457,17,0.18547335,0.00012916
6458,17,0.19499967,0.0001292
6459,17,0.19715188,0.0001292
6460,17,0.20550589,0.00012924
6461,17,0.18744886,0.00012924
6462,17,0.19863062,0.00012928
6463,17,0.17356984,0.00012928
6464,17,0.18020019,0.00012932
6465,17,0.19015977,0.00012932
6466,17,0.17910549,0.00012936
6467,17,0.18951337,0.00012936
6468,17,0.18923002,0.0001294
6469,17,0.21031192,0.0001294
6470,17,0.19900118,0.00012944
6471,17,0.20264491,0.00012944
6472,17,0.20363876,0.00012948
6473,17,0.18890093,0.00012948
6474,17,0.20366769,0.00012952
6475,17,0.21062736,0.00012952
6476,17,0.20961165,0.00012956
6477,17,0.20601730,0.00012956
6478,17,0.19180498,0.0001296
6479,17,0.18098864,0.0001296
6480,17,0.20019625,0.00012964
6481,17,0.19979160,0.00012964
6482,17,0.21108052,0.00012968
6483,17,0.19258313,0.00012968
6484,17,0.18161802,0.00012972
6485,17,0.18833995,0.00012972
6486,17,0.22436945,0.00012976
6487,17,0.17621040,0.00012976
6488,17,0.20655482,0.0001298
6489,17,0.18998775,0.0001298
6490,17,0.20203209,0.00012984
6491,17,0.22691803,0.00012984
6492,17,0.18973362,0.00012988
6493,17,0.19300017,0.00012988
6494,17,0.20633136,0.00012992
6495,17,0.19805858,0.00012992
6496,17,0.19498979,0.00012996
6497,17,0.19122408,0.00012996
6498,17,0.18216507,0.00013
6499,17,0.19384113,0.00013
6500,17,0.18887627,0.00013004
6501,17,0.20209920,0.00013004
6502,17,0.18103170,0.00013008
6503,17,0.18588285,0.00013008
6504,17,0.19089836,0.00013012
6505,17,0.20278673,0.00013012
6506,17,0.20003128,0.00013016
6507,17,0.20308277,0.00013016
6508,17,0.21477394,0.0001302
6509,17,0.19740246,0.0001302
6510,17,0.19163370,0.00013024
6511,17,0.17800824,0.00013024
6512,17,0.21812925,0.00013028
6513,17,0.20046437,0.00013028
6514,17,0.20133977,0.00013032
6515,17,0.21266437,0.00013032
6516,17,0.18800670,0.00013036
6517,17,0.18322501,0.00013036
6518,17,0.21319664,0.0001304
6519,17,0.18735349,0.0001304
6520,17,0.19371378,0.00013044
6521,17,0.19564757,0.00013044
6522,17,0.19107251,0.00013048
6523,17,0.21573782,0.00013048
6524,17,0.19623351,0.00013052
6525,17,0.21825507,0.00013052
6526,17,0.20018499,0.00013056
6527,17,0.19651960,0.00013056
6528,17,0.20036387,0.0001306
6529,17,0.19784242,0.0001306
6530,17,0.20116799,0.00013064
6531,17,0.20974359,0.00013064
6532,17,0.20245801,0.00013068
6533,17,0.20145416,0.00013068
6534,17,0.20211279,0.00013072
6535,17,0.18789594,0.00013072
6536,17,0.19820654,0.00013076
6537,17,0.18140572,0.00013076
6538,17,0.19044393,0.0001308
6539,17,0.19063711,0.0001308
6540,17,0.19523945,0.00013084
6541,17,0.20325428,0.00013084
6542,17,0.19168258,0.00013088
6543,17,0.19976294,0.00013088
6544,17,0.20935106,0.00013092
6545,17,0.18760937,0.00013092
6546,17,0.21227887,0.00013096
6547,17,0.20833807,0.00013096
6548,17,0.20715511,0.000131
6549,17,0.21211205,0.000131
6550,17,0.20434663,0.00013104
6551,17,0.17938092,0.00013104
6552,17,0.18934679,0.00013108
6553,17,0.20634352,0.00013108
6554,17,0.21020651,0.00013112
6555,17,0.19964181,0.00013112
6556,17,0.19799829,0.00013116
6557,17,0.19357944,0.00013116
6558,17,0.19717905,0.0001312
6559,17,0.18729964,0.0001312
6560,17,0.18781066,0.00013124
6561,17,0.18379292,0.00013124
6562,17,0.19825608,0.00013128
6563,17,0.19737141,0.00013128
6564,17,0.18387334,0.00013132
6565,17,0.20154974,0.00013132
6566,17,0.19814599,0.00013136
6567,17,0.21798170,0.00013136
6568,17,0.20984280,0.0001314
6569,17,0.21899532,0.0001314
6570,17,0.17665581,0.00013144
6571,17,0.21165484,0.00013144
6572,17,0.20273706,0.00013148
6573,17,0.20223121,0.00013148
6574,17,0.20183429,0.00013152
6575,17,0.20236485,0.00013152
6576,17,0.21362987,0.00013156
6577,17,0.19832759,0.00013156
6578,17,0.20533174,0.0001316
6579,17,0.18887667,0.0001316
6580,17,0.21502101,0.00013164
6581,17,0.17660773,0.00013164
6582,17,0.18835318,0.00013168
6583,17,0.19914469,0.00013168
6584,17,0.20041399,0.00013172
6585,17,0.19530648,0.00013172
6586,17,0.21599469,0.00013176
6587,17,0.19024013,0.00013176
6588,17,0.21947786,0.0001318
6589,17,0.17996189,0.0001318
6590,17,0.19050097,0.00013184
6591,17,0.19763778,0.00013184
6592,17,0.20603459,0.00013188
6593,17,0.18913190,0.00013188
6594,17,0.19842348,0.00013192
6595,17,0.20269787,0.00013192
6596,17,0.19743583,0.00013196
6597,17,0.21195333,0.00013196
6598,17,0.20134950,0.000132
6599,17,0.18698514,0.000132
6600,17,0.18150465,0.00013204
6601,17,0.21737859,0.00013204
6602,17,0.20550661,0.00013208
6603,17,0.19530189,0.00013208
6604,17,0.19060192,0.00013212
6605,17,0.19918865,0.00013212
6606,17,0.18527636,0.00013216
6607,17,0.19354916,0.00013216
6608,17,0.18657979,0.0001322
6609,17,0.18762431,0.0001322
6610,17,0.18869901,0.00013224
6611,17,0.19678168,0.00013224
6612,17,0.19259211,0.00013228
6613,17,0.21418425,0.00013228
6614,17,0.19827881,0.00013232
6615,17,0.17274576,0.00013232
6616,17,0.20561969,0.00013236
6617,17,0.20305905,0.00013236
6618,17,0.19460027,0.0001324
6619,17,0.20469677,0.0001324
6620,17,0.18676256,0.00013244
6621,17,0.19764659,0.00013244
6622,17,0.19569695,0.00013248
6623,17,0.20265895,0.00013248
6624,17,0.19607346,0.00013252
6625,17,0.18671516,0.00013252
6626,17,0.19715771,0.00013256
6627,17,0.21484941,0.00013256
6628,17,0.22256503,0.0001326
6629,17,0.18278822,0.0001326
6630,17,0.19779372,0.00013264
6631,18,0.20057684,0.00013264
6632,18,0.19545057,0.00013268
6633,18,0.19130968,0.00013268
6634,18,0.21443240,0.00013272
6635,18,0.19617914,0.00013272
6636,18,0.21040013,0.00013276
6637,18,0.18520626,0.00013276
6638,18,0.20711826,0.0001328
6639,18,0.20253417,0.0001328
6640,18,0.18641143,0.00013284
6641,18,0.19168258,0.00013284
6642,18,0.19453317,0.00013288
6643,18,0.18624243,0.00013288
6644,18,0.18179774,0.00013292
6645,18,0.18992352,0.00013292
6646,18,0.21534154,0.00013296
6647,18,0.20713618,0.00013296
6648,18,0.18515174,0.000133
6649,18,0.20029780,0.000133
6650,18,0.20780903,0.00013304
6651,18,0.21057135,0.00013304
6652,18,0.22430366,0.00013308
6653,18,0.19537024,0.00013308
6654,18,0.18509984,0.00013312
6655,18,0.18882972,0.00013312
6656,18,0.22168601,0.00013316
6657,18,0.18332323,0.00013316
6658,18,0.19292784,0.0001332
6659,18,0.19829194,0.0001332
6660,18,0.18831059,0.00013324
6661,18,0.20565479,0.00013324
6662,18,0.18563893,0.00013328
6663,18,0.21543658,0.00013328
6664,18,0.21620712,0.00013332
6665,18,0.19625859,0.00013332
6666,18,0.19588280,0.00013336
6667,18,0.18486965,0.00013336
6668,18,0.21040052,0.0001334
6669,18,0.21062045,0.0001334
6670,18,0.18749747,0.00013344
6671,18,0.19356194,0.00013344
6672,18,0.20417657,0.00013348
6673,18,0.18608993,0.00013348
6674,18,0.21148199,0.00013352
6675,18,0.18641244,0.00013352
6676,18,0.21887407,0.00013356
6677,18,0.20603165,0.00013356
6678,18,0.21051276,0.0001336
6679,18,0.19399671,0.0001336
6680,18,0.20247839,0.00013364
6681,18,0.19258702,0.00013364
6682,18,0.18611205,0.00013368
6683,18,0.19317412,0.00013368
6684,18,0.20702533,0.00013372
6685,18,0.19847402,0.00013372
6686,18,0.19855946,0.00013376
6687,18,0.19282264,0.00013376
6688,18,0.21126878,0.0001338
6689,18,0.19863431,0.0001338
6690,18,0.21503596,0.00013384
6691,18,0.21305645,0.00013384
6692,18,0.20508024,0.00013388
6693,18,0.20750856,0.00013388
6694,18,0.19969855,0.00013392
6695,18,0.19511181,0.00013392
6696,18,0.22213408,0.00013396
6697,18,0.18550467,0.00013396
6698,18,0.20041697,0.000134
6699,18,0.19566727,0.000134
6700,18,0.19759578,0.00013404
6701,18,0.19055641,0.00013404
6702,18,0.19628952,0.00013408
6703,18,0.18297961,0.00013408
6704,18,0.19363996,0.00013412
6705,18,0.18776326,0.00013412
6706,18,0.17671975,0.00013416
6707,18,0.20816034,0.00013416
6708,18,0.17682353,0.0001342
6709,18,0.20623408,0.0001342
6710,18,0.20426969,0.00013424
6711,18,0.19041495,0.00013424
6712,18,0.20147416,0.00013428
6713,18,0.20744002,0.00013428
6714,18,0.19842713,0.00013432
6715,18,0.19584386,0.00013432
6716,18,0.18202049,0.00013436
6717,18,0.18843785,0.00013436
6718,18,0.18566233,0.0001344
6719,18,0.20153296,0.0001344
6720,18,0.20368752,0.00013444
6721,18,0.19043079,0.00013444
6722,18,0.19422083,0.00013448
6723,18,0.18268088,0.00013448
6724,18,0.18860579,0.00013452
6725,18,0.18590020,0.00013452
6726,18,0.20714113,0.00013456
6727,18,0.19170105,0.00013456
6728,18,0.18807070,0.0001346
6729,18,0.20160174,0.0001346
6730,18,0.20246917,0.00013464
6731,18,0.19260466,0.00013464
6732,18,0.17068624,0.00013468
6733,18,0.20899668,0.00013468
6734,18,0.20854490,0.00013472
6735,18,0.19864982,0.00013472
6736,18,0.20108561,0.00013476
6737,18,0.19038326,0.00013476
6738,18,0.19436634,0.0001348
6739,18,0.19376402,0.0001348
6740,18,0.18829194,0.00013484
6741,18,0.19583623,0.00013484
6742,18,0.19604294,0.00013488
6743,18,0.21503901,0.00013488
6744,18,0.22085106,0.00013492
6745,18,0.19728082,0.00013492
6746,18,0.19991189,0.00013496
6747,18,0.20471607,0.00013496
6748,18,0.20407639,0.000135
6749,18,0.20097840,0.000135
6750,18,0.20433024,0.00013504
6751,18,0.20203888,0.00013504
6752,18,0.20443597,0.00013508
6753,18,0.18030250,0.00013508
6754,18,0.20454320,0.00013512
6755,18,0.18735807,0.00013512
6756,18,0.17845103,0.00013516
6757,18,0.19360811,0.00013516
6758,18,0.21335706,0.0001352
6759,18,0.19392650,0.0001352
6760,18,0.21182823,0.00013524
6761,18,0.17774658,0.00013524
6762,18,0.19142500,0.00013528
6763,18,0.18600905,0.00013528
6764,18,0.19681242,0.00013532
6765,18,0.20219037,0.00013532
6766,18,0.23618200,0.00013536
6767,18,0.19490640,0.00013536
6768,18,0.17315900,0.0001354
6769,18,0.21340081,0.0001354
6770,18,0.19879323,0.00013544
6771,18,0.18563835,0.00013544
6772,18,0.20376287,0.00013548
6773,18,0.19165002,0.00013548
6774,18,0.18312292,0.00013552
6775,18,0.19456667,0.00013552
6776,18,0.19357018,0.00013556
6777,18,0.20504503,0.00013556
6778,18,0.18896657,0.0001356
6779,18,0.21104956,0.0001356
6780,18,0.20961116,0.00013564
6781,18,0.17603830,0.00013564
6782,18,0.18362844,0.00013568
6783,18,0.17407426,0.00013568
6784,18,0.19118266,0.00013572
6785,18,0.19790742,0.00013572
6786,18,0.19758157,0.00013576
6787,18,0.19778767,0.00013576
6788,18,0.21355543,0.0001358
6789,18,0.19070765,0.0001358
6790,18,0.19330800,0.00013584
6791,18,0.18773115,0.00013584
6792,18,0.21208096,0.00013588
6793,18,0.20851927,0.00013588
6794,18,0.19414525,0.00013592
6795,18,0.21122734,0.00013592
6796,18,0.18099725,0.00013596
6797,18,0.18916270,0.00013596
6798,18,0.19475111,0.000136
6799,18,0.21806769,0.000136
6800,18,0.19248840,0.00013604
6801,18,0.19268236,0.00013604
6802,18,0.17391311,0.00013608
6803,18,0.20173177,0.00013608
6804,18,0.20963685,0.00013612
6805,18,0.20742312,0.00013612
6806,18,0.18853752,0.00013616
6807,18,0.18731666,0.00013616
6808,18,0.17515513,0.0001362
6809,18,0.20817935,0.0001362
6810,18,0.19649434,0.00013624
6811,18,0.18196115,0.00013624
6812,18,0.18831435,0.00013628
6813,18,0.19432932,0.00013628
6814,18,0.22300844,0.00013632
6815,18,0.20372796,0.00013632
6816,18,0.18791348,0.00013636
6817,18,0.19087927,0.00013636
6818,18,0.19888675,0.0001364
6819,18,0.19388738,0.0001364
6820,18,0.16925004,0.00013644
6821,18,0.19333181,0.00013644
6822,18,0.18534105,0.00013648
6823,18,0.19733122,0.00013648
6824,18,0.20063870,0.00013652
6825,18,0.18571363,0.00013652
6826,18,0.17554192,0.00013656
6827,18,0.18818533,0.00013656
6828,18,0.17925809,0.0001366
6829,18,0.20966218,0.0001366
6830,18,0.20034079,0.00013664
6831,18,0.20664720,0.00013664
6832,18,0.20350766,0.00013668
6833,18,0.19260268,0.00013668
6834,18,0.18082264,0.00013672
6835,18,0.19202733,0.00013672
6836,18,0.19714049,0.00013676
6837,18,0.19981246,0.00013676
6838,18,0.19650297,0.0001368
6839,18,0.20970504,0.0001368
6840,18,0.19701394,0.00013684
6841,18,0.20490150,0.00013684
6842,18,0.19188003,0.00013688
6843,18,0.18556677,0.00013688
6844,18,0.20465724,0.00013692
6845,18,0.18356058,0.00013692
6846,18,0.21894929,0.00013696
6847,18,0.18862116,0.00013696
6848,18,0.21630380,0.000137
6849,18,0.19620097,0.000137
6850,18,0.20981288,0.00013704
6851,18,0.21301162,0.00013704
6852,18,0.20014215,0.00013708
6853,18,0.18595210,0.00013708
6854,18,0.19799894,0.00013712
6855,18,0.20097403,0.00013712
6856,18,0.19673181,0.00013716
6857,18,0.17685746,0.00013716
6858,18,0.18890035,0.0001372
6859,18,0.18728182,0.0001372
6860,18,0.20289811,0.00013724
6861,18,0.18572399,0.00013724
6862,18,0.19093272,0.00013728
6863,18,0.19437429,0.00013728
6864,18,0.18506484,0.00013732
6865,18,0.18305902,0.00013732
6866,18,0.19752383,0.00013736
6867,18,0.18176866,0.00013736
6868,18,0.17962569,0.0001374
6869,18,0.18605489,0.0001374
6870,18,0.18292928,0.00013744
6871,18,0.23179632,0.00013744
6872,18,0.19669847,0.00013748
6873,18,0.20210326,0.00013748
6874,18,0.17636417,0.00013752
6875,18,0.18488941,0.00013752
6876,18,0.19814956,0.00013756
6877,18,0.22612481,0.00013756
6878,18,0.20168142,0.0001376
6879,18,0.18309113,0.0001376
6880,18,0.20504420,0.00013764
6881,18,0.18102759,0.00013764
6882,18,0.19292805,0.00013768
6883,18,0.18970083,0.00013768
6884,18,0.19124714,0.00013772
6885,18,0.19248959,0.00013772
6886,18,0.18260109,0.00013776
6887,18,0.20399770,0.00013776
6888,18,0.19379090,0.0001378
6889,18,0.19804864,0.0001378
6890,18,0.19490492,0.00013784
6891,18,0.20112483,0.00013784
6892,18,0.18468356,0.00013788
6893,18,0.21629426,0.00013788
6894,18,0.20474645,0.00013792
6895,18,0.18579152,0.00013792
6896,18,0.18863913,0.00013796
6897,18,0.21030894,0.00013796
6898,18,0.19140480,0.000138
6899,18,0.21408121,0.000138
6900,18,0.21489714,0.00013804
6901,18,0.18287919,0.00013804
6902,18,0.21760261,0.00013808
6903,18,0.20778376,0.00013808
6904,18,0.17726122,0.00013812
6905,18,0.19495329,0.00013812
6906,18,0.20008235,0.00013816
6907,18,0.20257151,0.00013816
6908,18,0.20971934,0.0001382
6909,18,0.20904729,0.0001382
6910,18,0.21270439,0.00013824
6911,18,0.19678569,0.00013824
6912,18,0.18598852,0.00013828
6913,18,0.18615699,0.00013828
6914,18,0.18191779,0.00013832
6915,18,0.18442681,0.00013832
6916,18,0.17808263,0.00013836
6917,18,0.20863490,0.00013836
6918,18,0.20271653,0.0001384
6919,18,0.20316100,0.0001384
6920,18,0.19164126,0.00013844
6921,18,0.22456810,0.00013844
6922,18,0.20088296,0.00013848
6923,18,0.19547018,0.00013848
6924,18,0.19010852,0.00013852
6925,18,0.20117049,0.00013852
6926,18,0.20208225,0.00013856
6927,18,0.18648569,0.00013856
6928,18,0.19312087,0.0001386
6929,18,0.20613229,0.0001386
6930,18,0.18638533,0.00013864
6931,18,0.19174933,0.00013864
6932,18,0.19260040,0.00013868
6933,18,0.18209246,0.00013868
6934,18,0.19714284,0.00013872
6935,18,0.21237153,0.00013872
6936,18,0.19702846,0.00013876
6937,18,0.20249361,0.00013876
6938,18,0.19615839,0.0001388
6939,18,0.20156065,0.0001388
6940,18,0.18120544,0.00013884
6941,18,0.18439333,0.00013884
6942,18,0.21174908,0.00013888
6943,18,0.20751107,0.00013888
6944,18,0.21915478,0.00013892
6945,18,0.19405268,0.00013892
6946,18,0.18436889,0.00013896
6947,18,0.20259869,0.00013896
6948,18,0.17341149,0.000139
6949,18,0.19064319,0.000139
6950,18,0.19515817,0.00013904
6951,18,0.19717942,0.00013904
6952,18,0.19490269,0.00013908
6953,18,0.22610459,0.00013908
6954,18,0.17234242,0.00013912
6955,18,0.19018576,0.00013912
6956,18,0.21080655,0.00013916
6957,18,0.18051974,0.00013916
6958,18,0.19470534,0.0001392
6959,18,0.20035955,0.0001392
6960,18,0.18897139,0.00013924
6961,18,0.20443484,0.00013924
6962,18,0.18550289,0.00013928
6963,18,0.19289097,0.00013928
6964,18,0.19159600,0.00013932
6965,18,0.20069091,0.00013932
6966,18,0.18411538,0.00013936
6967,18,0.18943833,0.00013936
6968,18,0.17895567,0.0001394
6969,18,0.21382241,0.0001394
6970,18,0.18777363,0.00013944
6971,18,0.19018719,0.00013944
6972,18,0.17554545,0.00013948
6973,18,0.18607813,0.00013948
6974,18,0.19004510,0.00013952
6975,18,0.18662402,0.00013952
6976,18,0.19985092,0.00013956
6977,18,0.19865185,0.00013956
6978,18,0.18911108,0.0001396
6979,18,0.19233605,0.0001396
6980,18,0.20427029,0.00013964
6981,18,0.18382370,0.00013964
6982,18,0.20169055,0.00013968
6983,18,0.21766019,0.00013968
6984,18,0.19687168,0.00013972
6985,18,0.23390046,0.00013972
6986,18,0.18876776,0.00013976
6987,18,0.18823527,0.00013976
6988,18,0.21187600,0.0001398
6989,18,0.21685979,0.0001398
6990,18,0.21518055,0.00013984
6991,18,0.19937897,0.00013984
6992,18,0.19517349,0.00013988
6993,18,0.20147519,0.00013988
6994,18,0.18950215,0.00013992
6995,18,0.19848987,0.00013992
6996,18,0.17936474,0.00013996
6997,18,0.19435382,0.00013996
6998,18,0.18492393,0.00014
6999,18,0.19511569,0.00014
7000,18,0.18908177,0.00014004
7001,18,0.19305611,0.00014004
7002,18,0.18114263,0.00014008
7003,18,0.19683850,0.00014008
7004,18,0.20518184,0.00014012
7005,18,0.18268810,0.00014012
7006,18,0.20348726,0.00014016
7007,18,0.18268721,0.00014016
7008,18,0.21424183,0.0001402
7009,18,0.19643670,0.0001402
7010,18,0.19045454,0.00014024
7011,18,0.19477808,0.00014024
7012,18,0.18790185,0.00014028
7013,18,0.19087134,0.00014028
7014,18,0.18248573,0.00014032
7015,18,0.18991983,0.00014032
7016,18,0.19221900,0.00014036
7017,18,0.19865546,0.00014036
7018,18,0.21307129,0.0001404
7019,18,0.18579885,0.0001404
7020,18,0.19814488,0.00014044
7021,19,0.18942937,0.00014044
7022,19,0.17797607,0.00014048
7023,19,0.18860483,0.00014048
7024,19,0.18247139,0.00014052
7025,19,0.20447019,0.00014052
7026,19,0.19522873,0.00014056
7027,19,0.17786646,0.00014056
7028,19,0.20365152,0.0001406
7029,19,0.17667481,0.0001406
7030,19,0.19263582,0.00014064
7031,19,0.18717951,0.00014064
7032,19,0.19910595,0.00014068
7033,19,0.20139550,0.00014068
7034,19,0.19789875,0.00014072
7035,19,0.18702662,0.00014072
7036,19,0.18205988,0.00014076
7037,19,0.20539075,0.00014076
7038,19,0.18181249,0.0001408
7039,19,0.19425985,0.0001408
7040,19,0.16747257,0.00014084
7041,19,0.18967494,0.00014084
7042,19,0.19783823,0.00014088
7043,19,0.19215696,0.00014088
7044,19,0.20276836,0.00014092
7045,19,0.19215477,0.00014092
7046,19,0.18322286,0.00014096
7047,19,0.20075504,0.00014096
7048,19,0.18231502,0.000141
7049,19,0.20080563,0.000141
7050,19,0.21358132,0.00014104
7051,19,0.21025777,0.00014104
7052,19,0.20097700,0.00014108
7053,19,0.21494624,0.00014108
7054,19,0.18661594,0.00014112
7055,19,0.19266562,0.00014112
7056,19,0.17211354,0.00014116
7057,19,0.18835592,0.00014116
7058,19,0.19723974,0.0001412
7059,19,0.16651344,0.0001412
7060,19,0.20017873,0.00014124
7061,19,0.20398192,0.00014124
7062,19,0.20126987,0.00014128
7063,19,0.20629820,0.00014128
7064,19,0.18302128,0.00014132
7065,19,0.22189075,0.00014132
7066,19,0.19946200,0.00014136
7067,19,0.18993562,0.00014136
7068,19,0.22121394,0.0001414
7069,19,0.18374972,0.0001414
7070,19,0.18831716,0.00014144
7071,19,0.19254991,0.00014144
7072,19,0.17864530,0.00014148
7073,19,0.18118607,0.00014148
7074,19,0.17146131,0.00014152
7075,19,0.19852810,0.00014152
7076,19,0.18638343,0.00014156
7077,19,0.19593960,0.00014156
7078,19,0.20591506,0.0001416
7079,19,0.19581065,0.0001416
7080,19,0.20845823,0.00014164
7081,19,0.20837176,0.00014164
7082,19,0.19660458,0.00014168
7083,19,0.19187371,0.00014168
7084,19,0.20911181,0.00014172
7085,19,0.18287024,0.00014172
7086,19,0.18859884,0.00014176
7087,19,0.18544029,0.00014176
7088,19,0.21446888,0.0001418
7089,19,0.19385920,0.0001418
7090,19,0.20068660,0.00014184
7091,19,0.20668373,0.00014184
7092,19,0.19687995,0.00014188
7093,19,0.20640942,0.00014188
7094,19,0.18305808,0.00014192
7095,19,0.19051675,0.00014192
7096,19,0.18096587,0.00014196
7097,19,0.19994733,0.00014196
7098,19,0.18895571,0.000142
7099,19,0.17661226,0.000142
7100,19,0.19400454,0.00014204
7101,19,0.18468818,0.00014204
7102,19,0.20605426,0.00014208
7103,19,0.18903778,0.00014208
7104,19,0.19352242,0.00014212
7105,19,0.20212680,0.00014212
7106,19,0.20190999,0.00014216
7107,19,0.19696045,0.00014216
7108,19,0.20359974,0.0001422
7109,19,0.19709629,0.0001422
7110,19,0.18731922,0.00014224
7111,19,0.19079851,0.00014224
7112,19,0.18270588,0.00014228
7113,19,0.20073371,0.00014228
7114,19,0.20659940,0.00014232
7115,19,0.18490121,0.00014232
7116,19,0.19012952,0.00014236
7117,19,0.20085387,0.00014236
7118,19,0.22137456,0.0001424
7119,19,0.18976313,0.0001424
7120,19,0.18559025,0.00014244
7121,19,0.18006006,0.00014244
7122,19,0.21953490,0.00014248
7123,19,0.18956891,0.00014248
7124,19,0.18693106,0.00014252
7125,19,0.18804482,0.00014252
7126,19,0.20273554,0.00014256
7127,19,0.19890253,0.00014256
7128,19,0.18268999,0.0001426
7129,19,0.19019029,0.0001426
7130,19,0.19281004,0.00014264
7131,19,0.20692788,0.00014264
7132,19,0.20105797,0.00014268
7133,19,0.19710243,0.00014268
7134,19,0.21382132,0.00014272
7135,19,0.18379168,0.00014272
7136,19,0.18390004,0.00014276
7137,19,0.19836293,0.00014276
7138,19,0.19376847,0.0001428
7139,19,0.20563602,0.0001428
7140,19,0.18116325,0.00014284
7141,19,0.20573613,0.00014284
7142,19,0.18566716,0.00014288
7143,19,0.18719617,0.00014288
7144,19,0.18610728,0.00014292
7145,19,0.19228640,0.00014292
7146,19,0.18500797,0.00014296
7147,19,0.19210801,0.00014296
7148,19,0.18558978,0.000143
7149,19,0.18858080,0.000143
7150,19,0.19166338,0.00014304
7151,19,0.19833659,0.00014304
7152,19,0.19372860,0.00014308
7153,19,0.17514354,0.00014308
7154,19,0.17863832,0.00014312
7155,19,0.18819839,0.00014312
7156,19,0.20013134,0.00014316
7157,19,0.17774174,0.00014316
7158,19,0.18601488,0.0001432
7159,19,0.18983226,0.0001432
7160,19,0.19268815,0.00014324
7161,19,0.18664706,0.00014324
7162,19,0.17411177,0.00014328
7163,19,0.17995250,0.00014328
7164,19,0.20482048,0.00014332
7165,19,0.18716392,0.00014332
7166,19,0.21277384,0.00014336
7167,19,0.18495569,0.00014336
7168,19,0.21021532,0.0001434
7169,19,0.20231429,0.0001434
7170,19,0.18636253,0.00014344
7171,19,0.17791152,0.00014344
7172,19,0.17643803,0.00014348
7173,19,0.21329626,0.00014348
7174,19,0.20097828,0.00014352
7175,19,0.20185131,0.00014352
7176,19,0.18313345,0.00014356
7177,19,0.19824944,0.00014356
7178,19,0.17663038,0.0001436
7179,19,0.19596249,0.0001436
7180,19,0.19181576,0.00014364
7181,19,0.22243808,0.00014364
7182,19,0.17815787,0.00014368
7183,19,0.19570772,0.00014368
7184,19,0.17861888,0.00014372
7185,19,0.17984071,0.00014372
7186,19,0.20144606,0.00014376
7187,19,0.18912587,0.00014376
7188,19,0.18126178,0.0001438
7189,19,0.17466456,0.0001438
7190,19,0.21289513,0.00014384
7191,19,0.18252048,0.00014384
7192,19,0.16882990,0.00014388
7193,19,0.21471453,0.00014388
7194,19,0.20202875,0.00014392
7195,19,0.20066050,0.00014392
7196,19,0.18004444,0.00014396
7197,19,0.20467757,0.00014396
7198,19,0.19757740,0.000144
7199,19,0.18581037,0.000144
7200,19,0.18075721,0.00014404
7201,19,0.18318564,0.00014404
7202,19,0.17597899,0.00014408
7203,19,0.18768124,0.00014408
7204,19,0.17693898,0.00014412
7205,19,0.19942266,0.00014412
7206,19,0.19068441,0.00014416
7207,19,0.20715436,0.00014416
7208,19,0.21314979,0.0001442
7209,19,0.19567828,0.0001442
7210,19,0.20411009,0.00014424
7211,19,0.18168025,0.00014424
7212,19,0.19447063,0.00014428
7213,19,0.18428224,0.00014428
7214,19,0.20177197,0.00014432
7215,19,0.17214891,0.00014432
7216,19,0.20800786,0.00014436
7217,19,0.17456043,0.00014436
7218,19,0.17710333,0.0001444
7219,19,0.20209979,0.0001444
7220,19,0.20004921,0.00014444
7221,19,0.20065495,0.00014444
7222,19,0.18636462,0.00014448
7223,19,0.19400460,0.00014448
7224,19,0.21823147,0.00014452
7225,19,0.19186673,0.00014452
7226,19,0.19139349,0.00014456
7227,19,0.21069966,0.00014456
7228,19,0.20358783,0.0001446
7229,19,0.19759397,0.0001446
7230,19,0.20959917,0.00014464
7231,19,0.21036828,0.00014464
7232,19,0.19964007,0.00014468
7233,19,0.17462865,0.00014468
7234,19,0.19162136,0.00014472
7235,19,0.18680447,0.00014472
7236,19,0.21299505,0.00014476
7237,19,0.22306284,0.00014476
7238,19,0.20428753,0.0001448
7239,19,0.19418554,0.0001448
7240,19,0.18554366,0.00014484
7241,19,0.21008782,0.00014484
7242,19,0.18614314,0.00014488
7243,19,0.20051041,0.00014488
7244,19,0.20151886,0.00014492
7245,19,0.21339844,0.00014492
7246,19,0.19995627,0.00014496
7247,19,0.17297933,0.00014496
7248,19,0.18906605,0.000145
7249,19,0.18909888,0.000145
7250,19,0.19612989,0.00014504
7251,19,0.17781208,0.00014504
7252,19,0.18625554,0.00014508
7253,19,0.18841970,0.00014508
7254,19,0.18433909,0.00014512
7255,19,0.19270965,0.00014512
7256,19,0.19491176,0.00014516
7257,19,0.20070255,0.00014516
7258,19,0.19696145,0.0001452
7259,19,0.18060581,0.0001452
7260,19,0.20133901,0.00014524
7261,19,0.18623576,0.00014524
7262,19,0.19236660,0.00014528
7263,19,0.20663202,0.00014528
7264,19,0.19617628,0.00014532
7265,19,0.18868929,0.00014532
7266,19,0.18609270,0.00014536
7267,19,0.19694452,0.00014536
7268,19,0.21931235,0.0001454
7269,19,0.20596990,0.0001454
7270,19,0.18294279,0.00014544
7271,19,0.18648492,0.00014544
7272,19,0.20262340,0.00014548
7273,19,0.18636176,0.00014548
7274,19,0.18373536,0.00014552
7275,19,0.19245470,0.00014552
7276,19,0.18517415,0.00014556
7277,19,0.19121227,0.00014556
7278,19,0.18748191,0.0001456
7279,19,0.19272599,0.0001456
7280,19,0.18436325,0.00014564
7281,19,0.18983154,0.00014564
7282,19,0.20178413,0.00014568
7283,19,0.17860034,0.00014568
7284,19,0.20700458,0.00014572
7285,19,0.20807564,0.00014572
7286,19,0.19408099,0.00014576
7287,19,0.20682910,0.00014576
7288,19,0.18639165,0.0001458
7289,19,0.20074050,0.0001458
7290,19,0.19732365,0.00014584
7291,19,0.18011752,0.00014584
7292,19,0.20957518,0.00014588
7293,19,0.19782874,0.00014588
7294,19,0.18779746,0.00014592
7295,19,0.21289620,0.00014592
7296,19,0.17865872,0.00014596
7297,19,0.18976206,0.00014596
7298,19,0.20499663,0.000146
7299,19,0.20951667,0.000146
7300,19,0.22141993,0.00014604
7301,19,0.19272155,0.00014604
7302,19,0.19036727,0.00014608
7303,19,0.18100856,0.00014608
7304,19,0.18431020,0.00014612
7305,19,0.19128554,0.00014612
7306,19,0.18237953,0.00014616
7307,19,0.20658688,0.00014616
7308,19,0.17800300,0.0001462
7309,19,0.20344095,0.0001462
7310,19,0.18642984,0.00014624
7311,19,0.18726847,0.00014624
7312,19,0.18596253,0.00014628
7313,19,0.18462281,0.00014628
7314,19,0.19472472,0.00014632
7315,19,0.19984189,0.00014632
7316,19,0.20884976,0.00014636
7317,19,0.19230369,0.00014636
7318,19,0.19158053,0.0001464
7319,19,0.21116483,0.0001464
7320,19,0.16772819,0.00014644
7321,19,0.18778506,0.00014644
7322,19,0.19232605,0.00014648
7323,19,0.17287068,0.00014648
7324,19,0.19824779,0.00014652
7325,19,0.18841879,0.00014652
7326,19,0.18758154,0.00014656
7327,19,0.18124306,0.00014656
7328,19,0.19100821,0.0001466
7329,19,0.17563474,0.0001466
7330,19,0.19079357,0.00014664
7331,19,0.22222638,0.00014664
7332,19,0.20893399,0.00014668
7333,19,0.19316530,0.00014668
7334,19,0.19097626,0.00014672
7335,19,0.18430072,0.00014672
7336,19,0.19644830,0.00014676
7337,19,0.17476849,0.00014676
7338,19,0.19585645,0.0001468
7339,19,0.18989258,0.0001468
7340,19,0.19325642,0.00014684
7341,19,0.21180265,0.00014684
7342,19,0.20260683,0.00014688
7343,19,0.20246886,0.00014688
7344,19,0.18746345,0.00014692
7345,19,0.19762085,0.00014692
7346,19,0.19675431,0.00014696
7347,19,0.18583612,0.00014696
7348,19,0.20239797,0.000147
7349,19,0.20762902,0.000147
7350,19,0.21601431,0.00014704
7351,19,0.18242684,0.00014704
7352,19,0.18069129,0.00014708
7353,19,0.21781704,0.00014708
7354,19,0.19026688,0.00014712
7355,19,0.18520567,0.00014712
7356,19,0.18987279,0.00014716
7357,19,0.18507141,0.00014716
7358,19,0.19561815,0.0001472
7359,19,0.20276372,0.0001472
7360,19,0.18434185,0.00014724
7361,19,0.20302403,0.00014724
7362,19,0.18861288,0.00014728
7363,19,0.17972144,0.00014728
7364,19,0.19809489,0.00014732
7365,19,0.19786361,0.00014732
7366,19,0.19298470,0.00014736
7367,19,0.21277237,0.00014736
7368,19,0.19141650,0.0001474
7369,19,0.19341287,0.0001474
7370,19,0.18372202,0.00014744
7371,19,0.19885373,0.00014744
7372,19,0.16195372,0.00014748
7373,19,0.19874799,0.00014748
7374,19,0.19053182,0.00014752
7375,19,0.18975477,0.00014752
7376,19,0.22019905,0.00014756
7377,19,0.18946385,0.00014756
7378,19,0.19722968,0.0001476
7379,19,0.19693798,0.0001476
7380,19,0.18595132,0.00014764
7381,19,0.19632392,0.00014764
7382,19,0.18370986,0.00014768
7383,19,0.20838758,0.00014768
7384,19,0.18575555,0.00014772
7385,19,0.20356183,0.00014772
7386,19,0.20209500,0.00014776
7387,19,0.18567064,0.00014776
7388,19,0.19869320,0.0001478
7389,19,0.19670972,0.0001478
7390,19,0.17528588,0.00014784
7391,19,0.19075167,0.00014784
7392,19,0.20082188,0.00014788
7393,19,0.20482251,0.00014788
7394,19,0.19558713,0.00014792
7395,19,0.18611944,0.00014792
7396,19,0.18817244,0.00014796
7397,19,0.19258188,0.00014796
7398,19,0.18986285,0.000148
7399,19,0.19254915,0.000148
7400,19,0.20342509,0.00014804
7401,19,0.20691803,0.00014804
7402,19,0.20053673,0.00014808
7403,19,0.18768156,0.00014808
7404,19,0.19361024,0.00014812
7405,19,0.19394641,0.00014812
7406,19,0.18436122,0.00014816
7407,19,0.20889473,0.00014816
7408,19,0.19761774,0.0001482
7409,19,0.18665946,0.0001482
7410,19,0.19865529,0.00014824
7411,20,0.18881142,0.00014824
7412,20,0.19510803,0.00014828
7413,20,0.19981369,0.00014828
7414,20,0.19140434,0.00014832
7415,20,0.19187276,0.00014832
7416,20,0.19297546,0.00014836
7417,20,0.20676637,0.00014836
7418,20,0.17758107,0.0001484
7419,20,0.19630091,0.0001484
7420,20,0.18786708,0.00014844
7421,20,0.18208468,0.00014844
7422,20,0.18338346,0.00014848
7423,20,0.18270075,0.00014848
7424,20,0.20052747,0.00014852
7425,20,0.18817735,0.00014852
7426,20,0.19335461,0.00014856
7427,20,0.19237141,0.00014856
7428,20,0.19687830,0.0001486
7429,20,0.17765069,0.0001486
7430,20,0.18100397,0.00014864
7431,20,0.19103783,0.00014864
7432,20,0.19513679,0.00014868
7433,20,0.19721675,0.00014868
7434,20,0.19609711,0.00014872
7435,20,0.18895647,0.00014872
7436,20,0.17490730,0.00014876
7437,20,0.18784563,0.00014876
7438,20,0.18003413,0.0001488
7439,20,0.20688835,0.0001488
7440,20,0.19744639,0.00014884
7441,20,0.18348247,0.00014884
7442,20,0.19305979,0.00014888
7443,20,0.18385795,0.00014888
7444,20,0.18744874,0.00014892
7445,20,0.18972105,0.00014892
7446,20,0.19009706,0.00014896
7447,20,0.20715401,0.00014896
7448,20,0.21211712,0.000149
7449,20,0.18929341,0.000149
7450,20,0.18938939,0.00014904
7451,20,0.19445059,0.00014904
7452,20,0.20901303,0.00014908
7453,20,0.17566079,0.00014908
7454,20,0.17753357,0.00014912
7455,20,0.18630299,0.00014912
7456,20,0.20157325,0.00014916
7457,20,0.17816246,0.00014916
7458,20,0.17911093,0.0001492
7459,20,0.19613020,0.0001492
7460,20,0.21232305,0.00014924
7461,20,0.20095596,0.00014924
7462,20,0.23070672,0.00014928
7463,20,0.19135737,0.00014928
7464,20,0.20787792,0.00014932
7465,20,0.18547790,0.00014932
7466,20,0.19608891,0.00014936
7467,20,0.19977640,0.00014936
7468,20,0.20429221,0.0001494
7469,20,0.20194416,0.0001494
7470,20,0.18817149,0.00014944
7471,20,0.21000674,0.00014944
7472,20,0.18197182,0.00014948
7473,20,0.18261532,0.00014948
7474,20,0.20509994,0.00014952
7475,20,0.19726710,0.00014952
7476,20,0.19698510,0.00014956
7477,20,0.20502609,0.00014956
7478,20,0.18205392,0.0001496
7479,20,0.19608960,0.0001496
7480,20,0.20309186,0.00014964
7481,20,0.18678293,0.00014964
7482,20,0.17819142,0.00014968
7483,20,0.20779076,0.00014968
7484,20,0.20286743,0.00014972
7485,20,0.18282068,0.00014972
7486,20,0.18517658,0.00014976
7487,20,0.20897727,0.00014976
7488,20,0.18871200,0.0001498
7489,20,0.20921622,0.0001498
7490,20,0.18070281,0.00014984
7491,20,0.18837814,0.00014984
7492,20,0.18568188,0.00014988
7493,20,0.21644926,0.00014988
7494,20,0.19222328,0.00014992
7495,20,0.20101771,0.00014992
7496,20,0.20715153,0.00014996
7497,20,0.20946801,0.00014996
7498,20,0.18534422,0.00015
7499,20,0.19774413,0.00015
7500,20,0.18314409,0.00015004
7501,20,0.17053406,0.00015004
7502,20,0.19233990,0.00015008
7503,20,0.18460481,0.00015008
7504,20,0.20607704,0.00015012
7505,20,0.19613372,0.00015012
7506,20,0.20177989,0.00015016
7507,20,0.18872589,0.00015016
7508,20,0.19979982,0.0001502
7509,20,0.18512432,0.0001502
7510,20,0.21021323,0.00015024
7511,20,0.19738579,0.00015024
7512,20,0.19573097,0.00015028
7513,20,0.19137946,0.00015028
7514,20,0.18270259,0.00015032
7515,20,0.17574143,0.00015032
7516,20,0.18823181,0.00015036
7517,20,0.19957930,0.00015036
7518,20,0.18998259,0.0001504
7519,20,0.18766701,0.0001504
7520,20,0.18424766,0.00015044
7521,20,0.19626379,0.00015044
7522,20,0.19209163,0.00015048
7523,20,0.17664224,0.00015048
7524,20,0.19723669,0.00015052
7525,20,0.19991747,0.00015052
7526,20,0.18820427,0.00015056
7527,20,0.19480240,0.00015056
7528,20,0.17855470,0.0001506
7529,20,0.17540900,0.0001506
7530,20,0.19005172,0.00015064
7531,20,0.20452373,0.00015064
7532,20,0.17782176,0.00015068
7533,20,0.18127541,0.00015068
7534,20,0.18908909,0.00015072
7535,20,0.20383546,0.00015072
7536,20,0.20378199,0.00015076
7537,20,0.20028621,0.00015076
7538,20,0.19299158,0.0001508
7539,20,0.20276034,0.0001508
7540,20,0.19798027,0.00015084
7541,20,0.21021532,0.00015084
7542,20,0.20550656,0.00015088
7543,20,0.19541049,0.00015088
7544,20,0.18061189,0.00015092
7545,20,0.18606782,0.00015092
7546,20,0.18805432,0.00015096
7547,20,0.20417821,0.00015096
7548,20,0.19634426,0.000151
7549,20,0.18219873,0.000151
7550,20,0.20802459,0.00015104
7551,20,0.19314000,0.00015104
7552,20,0.18640935,0.00015108
7553,20,0.20557033,0.00015108
7554,20,0.20180374,0.00015112
7555,20,0.18814608,0.00015112
7556,20,0.20904884,0.00015116
7557,20,0.20323019,0.00015116
7558,20,0.18767047,0.0001512
7559,20,0.18091694,0.0001512
7560,20,0.17540142,0.00015124
7561,20,0.18618517,0.00015124
7562,20,0.18793748,0.00015128
7563,20,0.19099829,0.00015128
7564,20,0.19841993,0.00015132
7565,20,0.18764941,0.00015132
7566,20,0.19288664,0.00015136
7567,20,0.20194271,0.00015136
7568,20,0.19696486,0.0001514
7569,20,0.19448966,0.0001514
7570,20,0.19940922,0.00015144
7571,20,0.19499931,0.00015144
7572,20,0.18113475,0.00015148
7573,20,0.18772677,0.00015148
7574,20,0.20701119,0.00015152
7575,20,0.21802025,0.00015152
7576,20,0.18171474,0.00015156
7577,20,0.18986797,0.00015156
7578,20,0.19931301,0.0001516
7579,20,0.17735779,0.0001516
7580,20,0.19757405,0.00015164
7581,20,0.18656266,0.00015164
7582,20,0.21701191,0.00015168
7583,20,0.19521439,0.00015168
7584,20,0.19319618,0.00015172
7585,20,0.20239863,0.00015172
7586,20,0.18256167,0.00015176
7587,20,0.18892178,0.00015176
7588,20,0.22436419,0.0001518
7589,20,0.19121918,0.0001518
7590,20,0.20183024,0.00015184
7591,20,0.18951003,0.00015184
7592,20,0.19299194,0.00015188
7593,20,0.20489311,0.00015188
7594,20,0.19348690,0.00015192
7595,20,0.19690728,0.00015192
7596,20,0.20040672,0.00015196
7597,20,0.19532363,0.00015196
7598,20,0.17963555,0.000152
7599,20,0.17754874,0.000152
7600,20,0.21015202,0.00015204
7601,20,0.20476048,0.00015204
7602,20,0.17444906,0.00015208
7603,20,0.18414561,0.00015208
7604,20,0.19113617,0.00015212
7605,20,0.21478474,0.00015212
7606,20,0.21586010,0.00015216
7607,20,0.18741462,0.00015216
7608,20,0.21826534,0.0001522
7609,20,0.18995164,0.0001522
7610,20,0.20445946,0.00015224
7611,20,0.18774939,0.00015224
7612,20,0.20224452,0.00015228
7613,20,0.17603543,0.00015228
7614,20,0.19835114,0.00015232
7615,20,0.20416662,0.00015232
7616,20,0.19849402,0.00015236
7617,20,0.18911722,0.00015236
7618,20,0.19036511,0.0001524
7619,20,0.20090982,0.0001524
7620,20,0.19762032,0.00015244
7621,20,0.17781632,0.00015244
7622,20,0.17894283,0.00015248
7623,20,0.18746500,0.00015248
7624,20,0.20852026,0.00015252
7625,20,0.18726341,0.00015252
7626,20,0.18092720,0.00015256
7627,20,0.19238096,0.00015256
7628,20,0.19221020,0.0001526
7629,20,0.19548719,0.0001526
7630,20,0.19334547,0.00015264
7631,20,0.18372282,0.00015264
7632,20,0.20174217,0.00015268
7633,20,0.20231113,0.00015268
7634,20,0.19806185,0.00015272
7635,20,0.20707196,0.00015272
7636,20,0.19412065,0.00015276
7637,20,0.20036452,0.00015276
7638,20,0.19089721,0.0001528
7639,20,0.21348141,0.0001528
7640,20,0.20072299,0.00015284
7641,20,0.18704212,0.00015284
7642,20,0.18874554,0.00015288
7643,20,0.18328786,0.00015288
7644,20,0.20866033,0.00015292
7645,20,0.20676577,0.00015292
7646,20,0.20436995,0.00015296
7647,20,0.19971584,0.00015296
7648,20,0.19260725,0.000153
7649,20,0.19699386,0.000153
7650,20,0.18691024,0.00015304
7651,20,0.18746804,0.00015304
7652,20,0.17954253,0.00015308
7653,20,0.20996112,0.00015308
7654,20,0.17650887,0.00015312
7655,20,0.19164053,0.00015312
7656,20,0.18551713,0.00015316
7657,20,0.18904476,0.00015316
7658,20,0.18904847,0.0001532
7659,20,0.19585356,0.0001532
7660,20,0.19862841,0.00015324
7661,20,0.19329274,0.00015324
7662,20,0.21063608,0.00015328
7663,20,0.20669191,0.00015328
7664,20,0.21765201,0.00015332
7665,20,0.18516688,0.00015332
7666,20,0.18547747,0.00015336
7667,20,0.17837256,0.00015336
7668,20,0.20477556,0.0001534
7669,20,0.18900564,0.0001534
7670,20,0.20334300,0.00015344
7671,20,0.18974304,0.00015344
7672,20,0.20323178,0.00015348
7673,20,0.20780739,0.00015348
7674,20,0.19623427,0.00015352
7675,20,0.18090734,0.00015352
7676,20,0.19904193,0.00015356
7677,20,0.23121998,0.00015356
7678,20,0.16971450,0.0001536
7679,20,0.20252180,0.0001536
7680,20,0.20290312,0.00015364
7681,20,0.21119460,0.00015364
7682,20,0.19960594,0.00015368
7683,20,0.19787513,0.00015368
7684,20,0.18466994,0.00015372
7685,20,0.18453507,0.00015372
7686,20,0.20759550,0.00015376
7687,20,0.18222737,0.00015376
7688,20,0.19607386,0.0001538
7689,20,0.19211519,0.0001538
7690,20,0.18133935,0.00015384
7691,20,0.21435152,0.00015384
7692,20,0.20432286,0.00015388
7693,20,0.21271560,0.00015388
7694,20,0.19158858,0.00015392
7695,20,0.20293009,0.00015392
7696,20,0.19902888,0.00015396
7697,20,0.21253365,0.00015396
7698,20,0.19404733,0.000154
7699,20,0.18970177,0.000154
7700,20,0.18268844,0.00015404
7701,20,0.18410629,0.00015404
7702,20,0.19523327,0.00015408
7703,20,0.19337343,0.00015408
7704,20,0.19857112,0.00015412
7705,20,0.22501223,0.00015412
7706,20,0.18342572,0.00015416
7707,20,0.18776505,0.00015416
7708,20,0.19093303,0.0001542
7709,20,0.19886154,0.0001542
7710,20,0.18589392,0.00015424
7711,20,0.18369393,0.00015424
7712,20,0.20268783,0.00015428
7713,20,0.19952554,0.00015428
7714,20,0.18337898,0.00015432
7715,20,0.18065116,0.00015432
7716,20,0.18725751,0.00015436
7717,20,0.20019262,0.00015436
7718,20,0.16638136,0.0001544
7719,20,0.20230579,0.0001544
7720,20,0.16631871,0.00015444
7721,20,0.18500808,0.00015444
7722,20,0.18430595,0.00015448
7723,20,0.21275191,0.00015448
7724,20,0.17375788,0.00015452
7725,20,0.20195149,0.00015452
7726,20,0.19204232,0.00015456
7727,20,0.17955725,0.00015456
7728,20,0.19949108,0.0001546
7729,20,0.17777137,0.0001546
7730,20,0.19016120,0.00015464
7731,20,0.18740684,0.00015464
7732,20,0.18269607,0.00015468
7733,20,0.19132775,0.00015468
7734,20,0.18802905,0.00015472
7735,20,0.19176643,0.00015472
7736,20,0.20622925,0.00015476
7737,20,0.18371975,0.00015476
7738,20,0.19840646,0.0001548
7739,20,0.18323724,0.0001548
7740,20,0.19589806,0.00015484
7741,20,0.17527997,0.00015484
7742,20,0.20443672,0.00015488
7743,20,0.19295403,0.00015488
7744,20,0.18041627,0.00015492
7745,20,0.19012830,0.00015492
7746,20,0.20006651,0.00015496
7747,20,0.19868049,0.00015496
7748,20,0.18958327,0.000155
7749,20,0.17893767,0.000155
7750,20,0.19939721,0.00015504
7751,20,0.20347008,0.00015504
7752,20,0.21169327,0.00015508
7753,20,0.17155191,0.00015508
7754,20,0.18367752,0.00015512
7755,20,0.18778443,0.00015512
7756,20,0.20470804,0.00015516
7757,20,0.19069386,0.00015516
7758,20,0.20133905,0.0001552
7759,20,0.18214342,0.0001552
7760,20,0.21063422,0.00015524
7761,20,0.21107654,0.00015524
7762,20,0.19654992,0.00015528
7763,20,0.18535224,0.00015528
7764,20,0.19202951,0.00015532
7765,20,0.17865196,0.00015532
7766,20,0.20035426,0.00015536
7767,20,0.20332460,0.00015536
7768,20,0.17588437,0.0001554
7769,20,0.22100496,0.0001554
7770,20,0.17979483,0.00015544
7771,20,0.19665232,0.00015544
7772,20,0.20385599,0.00015548
7773,20,0.18754606,0.00015548
7774,20,0.18777268,0.00015552
7775,20,0.18971631,0.00015552
7776,20,0.17367898,0.00015556
7777,20,0.18041043,0.00015556
7778,20,0.19518778,0.0001556
7779,20,0.19231014,0.0001556
7780,20,0.20363753,0.00015564
7781,20,0.17627136,0.00015564
7782,20,0.20696205,0.00015568
7783,20,0.19149475,0.00015568
7784,20,0.18310362,0.00015572
7785,20,0.20176074,0.00015572
7786,20,0.21116441,0.00015576
7787,20,0.17921853,0.00015576
7788,20,0.20444036,0.0001558
7789,20,0.22133496,0.0001558
7790,20,0.19157062,0.00015584
7791,20,0.18487382,0.00015584
7792,20,0.20250309,0.00015588
7793,20,0.18694741,0.00015588
7794,20,0.20492283,0.00015592
7795,20,0.20085768,0.00015592
7796,20,0.18286632,0.00015596
7797,20,0.17600583,0.00015596
7798,20,0.18979770,0.000156
7799,20,0.20823240,0.000156
7800,20,0.17261708,0.00015604
