step,epoch,loss,lr
1,1,1.08005381,4e-08
2,1,1.16953921,8e-08
3,1,1.16090882,8e-08
4,1,1.09054434,1.2e-07
5,1,1.14782894,1.2e-07
6,1,1.15028656,1.6e-07
7,1,1.14352429,1.6e-07
8,1,1.11094320,2e-07
9,1,1.13793278,2e-07
10,1,1.12499046,2.4e-07
11,1,1.17825258,2.4e-07
12,1,1.14294946,2.8e-07
13,1,1.12534428,2.8e-07
14,1,1.10478222,3.2e-07
15,1,1.09713387,3.2e-07
16,1,1.17154109,3.6e-07
17,1,1.10764849,3.6e-07
18,1,1.14094031,4e-07
19,1,1.08957779,4e-07
20,1,1.13834214,4.4e-07
21,1,1.08995330,4.4e-07
22,1,1.14376986,4.8e-07
23,1,1.14534724,4.8e-07
24,1,1.08056772,5.2e-07
25,1,1.13474131,5.2e-07
26,1,1.15255141,5.6e-07
27,1,1.13776743,5.6e-07
28,1,1.12288535,6e-07
29,1,1.09641707,6e-07
30,1,1.14906585,6.4e-07
31,1,1.06763816,6.4e-07
32,1,1.07213557,6.8e-07
33,1,1.13580287,6.8e-07
34,1,1.10888350,7.2e-07
35,1,1.08044326,7.2e-07
36,1,1.10995018,7.6e-07
37,1,1.12987387,7.6e-07
38,1,1.05822694,8e-07
39,1,1.08212793,8e-07
40,1,1.13286459,8.4e-07
41,1,1.07974327,8.4e-07
42,1,1.11487031,8.8e-07
43,1,1.11146772,8.8e-07
44,1,1.10101402,9.2e-07
45,1,1.11205554,9.2e-07
46,1,1.11919570,9.6e-07
47,1,1.08764517,9.6e-07
48,1,1.06312668,1e-06
49,1,1.03581381,1e-06
50,1,1.08073568,1.04e-06
51,1,1.11413550,1.04e-06
52,1,1.10753107,1.08e-06
53,1,1.10317314,1.08e-06
54,1,1.09157836,1.12e-06
55,1,1.09393942,1.12e-06
56,1,1.07600868,1.16e-06
57,1,1.06974852,1.16e-06
58,1,1.08639145,1.2e-06
59,1,1.10345805,1.2e-06
60,1,1.05552208,1.24e-06
61,1,1.06739700,1.24e-06
62,1,1.06570601,1.28e-06
63,1,1.03188062,1.28e-06
64,1,1.03752482,1.32e-06
65,1,0.99538082,1.32e-06
66,1,0.99544907,1.36e-06
67,1,1.03798842,1.36e-06
68,1,1.06124580,1.4e-06
69,1,1.02141464,1.4e-06
70,1,1.01138854,1.44e-06
71,1,1.01962578,1.44e-06
72,1,0.99735206,1.48e-06
73,1,1.06032419,1.48e-06
74,1,0.98115182,1.52e-06
75,1,1.03115821,1.52e-06
76,1,1.07663429,1.56e-06
77,1,1.03596199,1.56e-06
78,1,1.00749314,1.6e-06
79,1,0.98906368,1.6e-06
80,1,1.00765038,1.64e-06
81,1,0.96791905,1.64e-06
82,1,0.99802876,1.68e-06
83,1,1.03140211,1.68e-06
84,1,0.98364758,1.72e-06
85,1,0.97722137,1.72e-06
86,1,0.96614617,1.76e-06
87,1,0.96247196,1.76e-06
88,1,0.98769486,1.8e-06
89,1,1.00501311,1.8e-06
90,1,0.97392547,1.84e-06
91,1,0.97945869,1.84e-06
92,1,0.94648170,1.88e-06
93,1,0.94289953,1.88e-06
94,1,0.95164192,1.92e-06
95,1,0.97126049,1.92e-06
96,1,0.94425309,1.96e-06
97,1,0.96837699,1.96e-06
98,1,0.93811077,2e-06
99,1,0.94766599,2e-06
100,1,0.96531910,2.04e-06
101,1,0.94158632,2.04e-06
102,1,0.98488373,2.08e-06
103,1,0.94652587,2.08e-06
104,1,0.93453771,2.12e-06
105,1,0.94148171,2.12e-06
106,1,0.97481656,2.16e-06
107,1,0.94211251,2.16e-06
108,1,0.95782077,2.2e-06
109,1,0.91936809,2.2e-06
110,1,0.88523126,2.24e-06
111,1,0.95818883,2.24e-06
112,1,0.92890197,2.28e-06
113,1,0.87706786,2.28e-06
114,1,0.92628658,2.32e-06
115,1,0.95001000,2.32e-06
116,1,0.93901485,2.36e-06
117,1,0.93710124,2.36e-06
118,1,0.90932488,2.4e-06
119,1,0.88429195,2.4e-06
120,1,0.90121156,2.44e-06
121,1,0.96027881,2.44e-06
122,1,0.91386116,2.48e-06
123,1,0.91732913,2.48e-06
124,1,0.91027176,2.52e-06
125,1,0.91160285,2.52e-06
126,1,0.92998189,2.56e-06
127,1,0.93269646,2.56e-06
128,1,0.92467052,2.6e-06
129,1,0.90016377,2.6e-06
130,1,0.89387661,2.64e-06
131,1,0.92512661,2.64e-06
132,1,0.90670216,2.68e-06
133,1,0.92066890,2.68e-06
134,1,0.92397648,2.72e-06
135,1,0.88676351,2.72e-06
136,1,0.87106216,2.76e-06
137,1,0.86273789,2.76e-06
138,1,0.89070469,2.8e-06
139,1,0.87994587,2.8e-06
140,1,0.90790296,2.84e-06
141,1,0.87325698,2.84e-06
142,1,0.82575494,2.88e-06
143,1,0.91374886,2.88e-06
144,1,0.91003007,2.92e-06
145,1,0.86919683,2.92e-06
146,1,0.86585736,2.96e-06
147,1,0.89675564,2.96e-06
148,1,0.90145862,3e-06
149,1,0.88977838,3e-06
150,1,0.91032791,3.04e-06
151,1,0.90484548,3.04e-06
152,1,0.86615574,3.08e-06
153,1,0.87737876,3.08e-06
154,1,0.84996438,3.12e-06
155,1,0.91889936,3.12e-06
156,1,0.88050973,3.16e-06
157,1,0.85025156,3.16e-06
158,1,0.85036832,3.2e-06
159,1,0.82947159,3.2e-06
160,1,0.83508259,3.24e-06
161,1,0.87318248,3.24e-06
162,1,0.87564510,3.28e-06
163,1,0.85487998,3.28e-06
164,1,0.86446613,3.32e-06
165,1,0.88035190,3.32e-06
166,1,0.84271795,3.36e-06
167,1,0.84987080,3.36e-06
168,1,0.86425668,3.4e-06
169,1,0.87700921,3.4e-06
170,1,0.81288505,3.44e-06
171,1,0.83434659,3.44e-06
172,1,0.83034444,3.48e-06
173,1,0.84938568,3.48e-06
174,1,0.83105397,3.52e-06
175,1,0.89774936,3.52e-06
176,1,0.85441124,3.56e-06
177,1,0.82624668,3.56e-06
178,1,0.81485277,3.6e-06
179,1,0.88041735,3.6e-06
180,1,0.82974565,3.64e-06
181,1,0.82204133,3.64e-06
182,1,0.83050281,3.68e-06
183,1,0.86540943,3.68e-06
184,1,0.82160497,3.72e-06
185,1,0.86597264,3.72e-06
186,1,0.80872190,3.76e-06
187,1,0.81350273,3.76e-06
188,1,0.81123149,3.8e-06
189,1,0.85649705,3.8e-06
190,1,0.79970533,3.84e-06
191,1,0.82804519,3.84e-06
192,1,0.86085349,3.88e-06
193,1,0.81270683,3.88e-06
194,1,0.80751246,3.92e-06
195,1,0.79639643,3.92e-06
196,1,0.79218638,3.96e-06
197,1,0.79653615,3.96e-06
198,1,0.82475036,4e-06
199,1,0.77614748,4e-06
200,1,0.80609685,4.04e-06
201,1,0.86181247,4.04e-06
202,1,0.82935047,4.08e-06
203,1,0.86848187,4.08e-06
204,1,0.77799100,4.12e-06
205,1,0.82326603,4.12e-06
206,1,0.83895695,4.16e-06
207,1,0.81441146,4.16e-06
208,1,0.77870232,4.2e-06
209,1,0.82722688,4.2e-06
210,1,0.79355395,4.24e-06
211,1,0.77847713,4.24e-06
212,1,0.81493920,4.28e-06
213,1,0.78797990,4.28e-06
214,1,0.79122686,4.32e-06
215,1,0.76400346,4.32e-06
216,1,0.78358412,4.36e-06
217,1,0.80915624,4.36e-06
218,1,0.79647171,4.4e-06
219,1,0.82220858,4.4e-06
220,1,0.79490066,4.44e-06
221,1,0.75962347,4.44e-06
222,1,0.83998811,4.48e-06
223,1,0.79872501,4.48e-06
224,1,0.80459946,4.52e-06
225,1,0.82989460,4.52e-06
226,1,0.79912537,4.56e-06
227,1,0.83767253,4.56e-06
228,1,0.76741850,4.6e-06
229,1,0.77745759,4.6e-06
230,1,0.79517823,4.64e-06
231,1,0.75637364,4.64e-06
232,1,0.83165157,4.68e-06
233,1,0.76421571,4.68e-06
234,1,0.78252399,4.72e-06
235,1,0.77468991,4.72e-06
236,1,0.76247025,4.76e-06
237,1,0.80067116,4.76e-06
238,1,0.78513646,4.8e-06
239,1,0.75596124,4.8e-06
240,1,0.75580078,4.84e-06
241,1,0.72705656,4.84e-06
242,1,0.76630747,4.88e-06
243,1,0.80010456,4.88e-06
244,1,0.81647533,4.92e-06
245,1,0.72266948,4.92e-06
246,1,0.78505617,4.96e-06
247,1,0.77882856,4.96e-06
248,1,0.76245105,5e-06
249,1,0.72356850,5e-06
250,1,0.74115616,5.04e-06
251,1,0.75784123,5.04e-06
252,1,0.74707496,5.08e-06
253,1,0.74040735,5.08e-06
254,1,0.74231786,5.12e-06
255,1,0.73859745,5.12e-06
256,1,0.76487279,5.16e-06
257,1,0.76257390,5.16e-06
258,1,0.74168396,5.2e-06
259,1,0.75141352,5.2e-06
260,1,0.76367080,5.24e-06
261,1,0.70227575,5.24e-06
262,1,0.72547203,5.28e-06
263,1,0.78776050,5.28e-06
264,1,0.72148114,5.32e-06
265,1,0.72378004,5.32e-06
266,1,0.72165871,5.36e-06
267,1,0.72528046,5.36e-06
268,1,0.76427633,5.4e-06
269,1,0.75891864,5.4e-06
270,1,0.74393004,5.44e-06
271,1,0.71047789,5.44e-06
272,1,0.74389786,5.48e-06
273,1,0.74054837,5.48e-06
274,1,0.74147207,5.52e-06
275,1,0.77456307,5.52e-06
276,1,0.75080645,5.56e-06
277,1,0.69826835,5.56e-06
278,1,0.72925556,5.6e-06
279,1,0.73432064,5.6e-06
280,1,0.74601215,5.64e-06
281,1,0.71325427,5.64e-06
282,1,0.74074286,5.68e-06
283,1,0.71018356,5.68e-06
284,1,0.72814447,5.72e-06
285,1,0.69185144,5.72e-06
286,1,0.74571437,5.76e-06
287,1,0.72169018,5.76e-06
288,1,0.72466302,5.8e-06
289,1,0.74241650,5.8e-06
290,1,0.71970206,5.84e-06
291,1,0.70318633,5.84e-06
292,1,0.70182747,5.88e-06
293,1,0.69941777,5.88e-06
294,1,0.71679187,5.92e-06
295,1,0.66094178,5.92e-06
296,1,0.69812518,5.96e-06
297,1,0.71693045,5.96e-06
298,1,0.70726568,6e-06
299,1,0.67249584,6e-06
300,1,0.70886755,6.04e-06
301,1,0.68685067,6.04e-06
302,1,0.71122181,6.08e-06
303,1,0.72531605,6.08e-06
304,1,0.72341198,6.12e-06
305,1,0.68218833,6.12e-06
306,1,0.68762857,6.16e-06
307,1,0.63058239,6.16e-06
308,1,0.68696809,6.2e-06
309,1,0.70380956,6.2e-06
310,1,0.66758388,6.24e-06
311,1,0.71036690,6.24e-06
312,1,0.67905068,6.28e-06
313,1,0.71802837,6.28e-06
314,1,0.73533541,6.32e-06
315,1,0.67157519,6.32e-06
316,1,0.69073886,6.36e-06
317,1,0.69611818,6.36e-06
318,1,0.63889116,6.4e-06
319,1,0.67608815,6.4e-06
320,1,0.66667473,6.44e-06
321,1,0.68012166,6.44e-06
322,1,0.59531838,6.48e-06
323,1,0.67827600,6.48e-06
324,1,0.65803462,6.52e-06
325,1,0.69574040,6.52e-06
326,1,0.62915093,6.56e-06
327,1,0.59594488,6.56e-06
328,1,0.66261357,6.6e-06
329,1,0.68589371,6.6e-06
330,1,0.67214900,6.64e-06
331,1,0.67514020,6.64e-06
332,1,0.67861688,6.68e-06
333,1,0.65944296,6.68e-06
334,1,0.66715688,6.72e-06
335,1,0.67271245,6.72e-06
336,1,0.63431537,6.76e-06
337,1,0.63151491,6.76e-06
338,1,0.62045354,6.8e-06
339,1,0.65800941,6.8e-06
340,1,0.71251172,6.84e-06
341,1,0.63325620,6.84e-06
342,1,0.64541924,6.88e-06
343,1,0.65869397,6.88e-06
344,1,0.68183750,6.92e-06
345,1,0.60415620,6.92e-06
346,1,0.65399039,6.96e-06
347,1,0.59416038,6.96e-06
348,1,0.63205403,7e-06
349,1,0.63475281,7e-06
350,1,0.66586995,7.04e-06
351,1,0.62767422,7.04e-06
352,1,0.59786999,7.08e-06
353,1,0.59855735,7.08e-06
354,1,0.63512200,7.12e-06
355,1,0.60508662,7.12e-06
356,1,0.63902432,7.16e-06
357,1,0.59531444,7.16e-06
358,1,0.60276258,7.2e-06
359,1,0.61695683,7.2e-06
360,1,0.64865559,7.24e-06
361,1,0.64506614,7.24e-06
362,1,0.66940731,7.28e-06
363,1,0.65528095,7.28e-06
364,1,0.62967968,7.32e-06
365,1,0.63274527,7.32e-06
366,1,0.60343724,7.36e-06
367,1,0.63257629,7.36e-06
368,1,0.66159290,7.4e-06
369,1,0.62197798,7.4e-06
370,1,0.61254078,7.44e-06
371,1,0.59435439,7.44e-06
372,1,0.60328555,7.48e-06
373,1,0.62985879,7.48e-06
374,1,0.61309457,7.52e-06
375,1,0.65342617,7.52e-06
376,1,0.60820049,7.56e-06
377,1,0.57088667,7.56e-06
378,1,0.62812817,7.6e-06
379,1,0.57519943,7.6e-06
380,1,0.60882479,7.64e-06
381,1,0.56693095,7.64e-06
382,1,0.62624842,7.68e-06
383,1,0.58802438,7.68e-06
384,1,0.66370571,7.72e-06
385,1,0.61272508,7.72e-06
386,1,0.63171202,7.76e-06
387,1,0.54858524,7.76e-06
388,1,0.58996803,7.8e-06
389,1,0.58024758,7.8e-06
390,1,0.54561734,7.84e-06
391,1,0.61014932,7.84e-06
392,1,0.60469025,7.88e-06
393,1,0.54451180,7.88e-06
394,1,0.61534238,7.92e-06
395,1,0.56249201,7.92e-06
396,1,0.57769936,7.96e-06
397,1,0.57946014,7.96e-06
398,1,0.59340286,8e-06
399,1,0.56550628,8e-06
400,1,0.57645732,8.04e-06
401,1,0.63046563,8.04e-06
402,1,0.55617756,8.08e-06
403,1,0.62231916,8.08e-06
404,1,0.63169026,8.12e-06
405,1,0.61862808,8.12e-06
406,1,0.57126886,8.16e-06
407,1,0.57737970,8.16e-06
408,1,0.55822903,8.2e-06
409,1,0.57278848,8.2e-06
410,1,0.58254170,8.24e-06
411,1,0.56001663,8.24e-06
412,1,0.57644093,8.28e-06
413,1,0.53713185,8.28e-06
414,1,0.61794168,8.32e-06
415,1,0.57983041,8.32e-06
416,1,0.56102699,8.36e-06
417,1,0.57665235,8.36e-06
418,1,0.60631967,8.4e-06
419,1,0.58279192,8.4e-06
420,1,0.55494606,8.44e-06
421,1,0.57381874,8.44e-06
422,1,0.56155556,8.48e-06
423,1,0.59496617,8.48e-06
424,1,0.52725834,8.52e-06
425,1,0.52675653,8.52e-06
426,1,0.56300265,8.56e-06
427,1,0.57122296,8.56e-06
428,1,0.56471837,8.6e-06
429,1,0.57671285,8.6e-06
430,1,0.57817030,8.64e-06
431,1,0.55849278,8.64e-06
432,1,0.60250539,8.68e-06
433,1,0.53019756,8.68e-06
434,1,0.53537464,8.72e-06
435,1,0.59129930,8.72e-06
436,1,0.55689865,8.76e-06
437,1,0.54590935,8.76e-06
438,1,0.55390877,8.8e-06
439,1,0.53243780,8.8e-06
440,1,0.49867281,8.84e-06
441,1,0.55295563,8.84e-06
442,1,0.56072545,8.88e-06
443,1,0.55665970,8.88e-06
444,1,0.56586492,8.92e-06
445,1,0.51576298,8.92e-06
446,1,0.53350741,8.96e-06
447,1,0.55864090,8.96e-06
448,1,0.52013981,9e-06
449,1,0.54817140,9e-06
450,1,0.56480992,9.04e-06
451,1,0.57120889,9.04e-06
452,1,0.50805801,9.08e-06
453,1,0.51835591,9.08e-06
454,1,0.55661190,9.12e-06
455,1,0.58136100,9.12e-06
456,1,0.53393573,9.16e-06
457,1,0.53343862,9.16e-06
458,1,0.56206530,9.2e-06
459,1,0.50387317,9.2e-06
460,1,0.50153458,9.24e-06
461,1,0.51969886,9.24e-06
462,1,0.49810547,9.28e-06
463,1,0.55176568,9.28e-06
464,1,0.52751130,9.32e-06
465,1,0.58630091,9.32e-06
466,1,0.48521191,9.36e-06
467,1,0.50633854,9.36e-06
468,1,0.52757204,9.4e-06
469,1,0.52722955,9.4e-06
470,1,0.50402617,9.44e-06
471,1,0.51597619,9.44e-06
472,1,0.47163814,9.48e-06
473,1,0.52661026,9.48e-06
474,1,0.52754635,9.52e-06
475,1,0.50869727,9.52e-06
476,1,0.48521641,9.56e-06
477,1,0.52135330,9.56e-06
478,1,0.48900446,9.6e-06
479,1,0.49324575,9.6e-06
480,1,0.51104504,9.64e-06
481,1,0.49676928,9.64e-06
482,1,0.54084414,9.68e-06
483,1,0.47382775,9.68e-06
484,1,0.46021715,9.72e-06
485,1,0.52615488,9.72e-06
486,1,0.48921549,9.76e-06
487,1,0.46207693,9.76e-06
488,1,0.46815369,9.8e-06
489,1,0.46944162,9.8e-06
490,1,0.55569005,9.84e-06
491,1,0.54406428,9.84e-06
492,1,0.50326699,9.88e-06
493,1,0.50950646,9.88e-06
494,1,0.49088743,9.92e-06
495,1,0.49758974,9.92e-06
496,1,0.53155136,9.96e-06
497,1,0.50532931,9.96e-06
498,1,0.49332994,1e-05
499,1,0.49520302,1e-05
500,1,0.48099199,1.004e-05
501,1,0.51034480,1.004e-05
502,1,0.50665432,1.008e-05
503,1,0.48689249,1.008e-05
504,1,0.49802917,1.012e-05
505,1,0.45363072,1.012e-05
506,1,0.47406802,1.016e-05
507,1,0.49687472,1.016e-05
508,1,0.47311464,1.02e-05
509,1,0.48133373,1.02e-05
510,1,0.47876540,1.024e-05
511,1,0.49326187,1.024e-05
512,1,0.46366405,1.028e-05
513,1,0.49849054,1.028e-05
514,1,0.43086848,1.032e-05
515,1,0.49803057,1.032e-05
516,1,0.46768114,1.036e-05
517,1,0.49830756,1.036e-05
518,1,0.50400555,1.04e-05
519,1,0.48904023,1.04e-05
520,1,0.46988112,1.044e-05
521,2,0.47942963,1.044e-05
522,2,0.48148665,1.048e-05
523,2,0.44701609,1.048e-05
524,2,0.48863491,1.052e-05
525,2,0.49415970,1.052e-05
526,2,0.43018124,1.056e-05
527,2,0.45034748,1.056e-05
528,2,0.45236132,1.06e-05
529,2,0.43730155,1.06e-05
530,2,0.45310441,1.064e-05
531,2,0.43355057,1.064e-05
532,2,0.45134026,1.068e-05
533,2,0.45337147,1.068e-05
534,2,0.46501604,1.072e-05
535,2,0.49771923,1.072e-05
536,2,0.43662369,1.076e-05
537,2,0.43688035,1.076e-05
538,2,0.48727354,1.08e-05
539,2,0.48456442,1.08e-05
540,2,0.43202722,1.084e-05
541,2,0.44646242,1.084e-05
542,2,0.47395697,1.088e-05
543,2,0.46983624,1.088e-05
544,2,0.43936056,1.092e-05
545,2,0.47825751,1.092e-05
546,2,0.43137863,1.096e-05
547,2,0.45654345,1.096e-05
548,2,0.42378080,1.1e-05
549,2,0.46011248,1.1e-05
550,2,0.44535357,1.104e-05
551,2,0.49215329,1.104e-05
552,2,0.47327477,1.108e-05
553,2,0.42921010,1.108e-05
554,2,0.45274121,1.112e-05
555,2,0.45900562,1.112e-05
556,2,0.43218890,1.116e-05
557,2,0.45611879,1.116e-05
558,2,0.43184015,1.12e-05
559,2,0.42156121,1.12e-05
560,2,0.43688121,1.124e-05
561,2,0.43550494,1.124e-05
562,2,0.45558941,1.128e-05
563,2,0.41483536,1.128e-05
564,2,0.43039602,1.132e-05
565,2,0.44731140,1.132e-05
566,2,0.47223622,1.136e-05
567,2,0.41023505,1.136e-05
568,2,0.43388548,1.14e-05
569,2,0.46013546,1.14e-05
570,2,0.44708920,1.144e-05
571,2,0.43727913,1.144e-05
572,2,0.43587172,1.148e-05
573,2,0.48902723,1.148e-05
574,2,0.50457078,1.152e-05
575,2,0.44916147,1.152e-05
576,2,0.40672466,1.156e-05
577,2,0.41958979,1.156e-05
578,2,0.46845552,1.16e-05
579,2,0.43759564,1.16e-05
580,2,0.41309795,1.164e-05
581,2,0.44124821,1.164e-05
582,2,0.40954947,1.168e-05
583,2,0.43628985,1.168e-05
584,2,0.43717071,1.172e-05
585,2,0.44403470,1.172e-05
586,2,0.44225854,1.176e-05
587,2,0.46243668,1.176e-05
588,2,0.40340227,1.18e-05
589,2,0.42511615,1.18e-05
590,2,0.45458996,1.184e-05
591,2,0.40648779,1.184e-05
592,2,0.40030423,1.188e-05
593,2,0.37464613,1.188e-05
594,2,0.43004879,1.192e-05
595,2,0.40924302,1.192e-05
596,2,0.47179466,1.196e-05
597,2,0.39524254,1.196e-05
598,2,0.43905446,1.2e-05
599,2,0.39729330,1.2e-05
600,2,0.43695846,1.204e-05
601,2,0.40934208,1.204e-05
602,2,0.41204363,1.208e-05
603,2,0.40508360,1.208e-05
604,2,0.41851500,1.212e-05
605,2,0.42921221,1.212e-05
606,2,0.48090640,1.216e-05
607,2,0.43217644,1.216e-05
608,2,0.43686318,1.22e-05
609,2,0.41454333,1.22e-05
610,2,0.37203667,1.224e-05
611,2,0.42316839,1.224e-05
612,2,0.41217175,1.228e-05
613,2,0.41437891,1.228e-05
614,2,0.41662866,1.232e-05
615,2,0.40437829,1.232e-05
616,2,0.44138733,1.236e-05
617,2,0.42638689,1.236e-05
618,2,0.42013183,1.24e-05
619,2,0.38980126,1.24e-05
620,2,0.38671914,1.244e-05
621,2,0.41515192,1.244e-05
622,2,0.43101344,1.248e-05
623,2,0.37975729,1.248e-05
624,2,0.40207377,1.252e-05
625,2,0.38771784,1.252e-05
626,2,0.39115250,1.256e-05
627,2,0.39092171,1.256e-05
628,2,0.43443918,1.26e-05
629,2,0.43095788,1.26e-05
630,2,0.42602870,1.264e-05
631,2,0.38023350,1.264e-05
632,2,0.44793406,1.268e-05
633,2,0.39138916,1.268e-05
634,2,0.40160009,1.272e-05
635,2,0.42957693,1.272e-05
636,2,0.38922921,1.276e-05
637,2,0.40326670,1.276e-05
638,2,0.40134817,1.28e-05
639,2,0.43013346,1.28e-05
640,2,0.39455548,1.284e-05
641,2,0.40904084,1.284e-05
642,2,0.40001169,1.288e-05
643,2,0.40693742,1.288e-05
644,2,0.41450608,1.292e-05
645,2,0.38902009,1.292e-05
646,2,0.39531720,1.296e-05
647,2,0.35897771,1.296e-05
648,2,0.39554009,1.3e-05
649,2,0.37806526,1.3e-05
650,2,0.35891894,1.304e-05
651,2,0.41748059,1.304e-05
652,2,0.41512501,1.308e-05
653,2,0.39571822,1.308e-05
654,2,0.42342961,1.312e-05
655,2,0.40798858,1.312e-05
656,2,0.40082428,1.316e-05
657,2,0.35864940,1.316e-05
658,2,0.34832457,1.32e-05
659,2,0.37774360,1.32e-05
660,2,0.37526074,1.324e-05
661,2,0.41450289,1.324e-05
662,2,0.40476078,1.328e-05
663,2,0.41225737,1.328e-05
664,2,0.37996277,1.332e-05
665,2,0.38873693,1.332e-05
666,2,0.36268106,1.336e-05
667,2,0.36669296,1.336e-05
668,2,0.36348751,1.34e-05
669,2,0.41323879,1.34e-05
670,2,0.37788528,1.344e-05
671,2,0.40326300,1.344e-05
672,2,0.36429384,1.348e-05
673,2,0.43121195,1.348e-05
674,2,0.40624863,1.352e-05
675,2,0.40619677,1.352e-05
676,2,0.36564711,1.356e-05
677,2,0.35964075,1.356e-05
678,2,0.38802296,1.36e-05
679,2,0.37962830,1.36e-05
680,2,0.36400127,1.364e-05
681,2,0.39331150,1.364e-05
682,2,0.40472314,1.368e-05
683,2,0.37165141,1.368e-05
684,2,0.40191254,1.372e-05
685,2,0.40341917,1.372e-05
686,2,0.41979548,1.376e-05
687,2,0.39153287,1.376e-05
688,2,0.42415917,1.38e-05
689,2,0.42354396,1.38e-05
690,2,0.37635434,1.384e-05
691,2,0.40396225,1.384e-05
692,2,0.36808684,1.388e-05
693,2,0.38237980,1.388e-05
694,2,0.42235890,1.392e-05
695,2,0.36233577,1.392e-05
696,2,0.39103213,1.396e-05
697,2,0.35640770,1.396e-05
698,2,0.40931016,1.4e-05
699,2,0.35934681,1.4e-05
700,2,0.37863368,1.404e-05
701,2,0.36246866,1.404e-05
702,2,0.39510971,1.408e-05
703,2,0.36518744,1.408e-05
704,2,0.39266294,1.412e-05
705,2,0.35514942,1.412e-05
706,2,0.36994287,1.416e-05
707,2,0.34712666,1.416e-05
708,2,0.37400517,1.42e-05
709,2,0.39299589,1.42e-05
710,2,0.37952960,1.424e-05
711,2,0.41480380,1.424e-05
712,2,0.36568207,1.428e-05
713,2,0.39929703,1.428e-05
714,2,0.35058424,1.432e-05
715,2,0.37446028,1.432e-05
716,2,0.39476544,1.436e-05
717,2,0.38372856,1.436e-05
718,2,0.36828655,1.44e-05
719,2,0.42502519,1.44e-05
720,2,0.39269513,1.444e-05
721,2,0.36791366,1.444e-05
722,2,0.38933602,1.448e-05
723,2,0.40429857,1.448e-05
724,2,0.36072016,1.452e-05
725,2,0.42830291,1.452e-05
726,2,0.36934659,1.456e-05
727,2,0.39059183,1.456e-05
728,2,0.39222044,1.46e-05
729,2,0.36909655,1.46e-05
730,2,0.35039908,1.464e-05
731,2,0.34531254,1.464e-05
732,2,0.38544735,1.468e-05
733,2,0.36295223,1.468e-05
734,2,0.39130974,1.472e-05
735,2,0.38935032,1.472e-05
736,2,0.36920977,1.476e-05
737,2,0.34825808,1.476e-05
738,2,0.39075905,1.48e-05
739,2,0.37518057,1.48e-05
740,2,0.35497910,1.484e-05
741,2,0.41239575,1.484e-05
742,2,0.40770283,1.488e-05
743,2,0.38368428,1.488e-05
744,2,0.37939897,1.492e-05
745,2,0.37125301,1.492e-05
746,2,0.37152559,1.496e-05
747,2,0.37753159,1.496e-05
748,2,0.37418380,1.5e-05
749,2,0.39686173,1.5e-05
750,2,0.36762986,1.504e-05
751,2,0.38725600,1.504e-05
752,2,0.36378947,1.508e-05
753,2,0.37622738,1.508e-05
754,2,0.32426021,1.512e-05
755,2,0.33087477,1.512e-05
756,2,0.36043754,1.516e-05
757,2,0.39503676,1.516e-05
758,2,0.38665926,1.52e-05
759,2,0.32580400,1.52e-05
760,2,0.37492743,1.524e-05
761,2,0.36751392,1.524e-05
762,2,0.37368843,1.528e-05
763,2,0.38480058,1.528e-05
764,2,0.37749764,1.532e-05
765,2,0.33968270,1.532e-05
766,2,0.36835283,1.536e-05
767,2,0.37037748,1.536e-05
768,2,0.37597767,1.54e-05
769,2,0.35789868,1.54e-05
770,2,0.37021482,1.544e-05
771,2,0.39177313,1.544e-05
772,2,0.36733666,1.548e-05
773,2,0.36126673,1.548e-05
774,2,0.37364456,1.552e-05
775,2,0.36653325,1.552e-05
776,2,0.37314790,1.556e-05
777,2,0.38460124,1.556e-05
778,2,0.36477694,1.56e-05
779,2,0.36515284,1.56e-05
780,2,0.37620804,1.564e-05
781,2,0.38576880,1.564e-05
782,2,0.38320246,1.568e-05
783,2,0.37951231,1.568e-05
784,2,0.34449473,1.572e-05
785,2,0.35445866,1.572e-05
786,2,0.37008271,1.576e-05
787,2,0.36012283,1.576e-05
788,2,0.36394966,1.58e-05
789,2,0.34687170,1.58e-05
790,2,0.36111102,1.584e-05
791,2,0.37031037,1.584e-05
792,2,0.35993052,1.588e-05
793,2,0.33635083,1.588e-05
794,2,0.35023248,1.592e-05
795,2,0.38067156,1.592e-05
796,2,0.38112250,1.596e-05
797,2,0.35376766,1.596e-05
798,2,0.33183071,1.6e-05
799,2,0.35662392,1.6e-05
800,2,0.37810931,1.604e-05
801,2,0.35900667,1.604e-05
802,2,0.37128249,1.608e-05
803,2,0.32848418,1.608e-05
804,2,0.37405840,1.612e-05
805,2,0.35403100,1.612e-05
806,2,0.34198222,1.616e-05
807,2,0.35537758,1.616e-05
808,2,0.35344720,1.62e-05
809,2,0.33809084,1.62e-05
810,2,0.37850153,1.624e-05
811,2,0.35677406,1.624e-05
812,2,0.34899327,1.628e-05
813,2,0.33935139,1.628e-05
814,2,0.35897103,1.632e-05
815,2,0.35502583,1.632e-05
816,2,0.36218223,1.636e-05
817,2,0.35185328,1.636e-05
818,2,0.38542110,1.64e-05
819,2,0.35073239,1.64e-05
820,2,0.32449299,1.644e-05
821,2,0.36450288,1.644e-05
822,2,0.34553346,1.648e-05
823,2,0.34289086,1.648e-05
824,2,0.37157798,1.652e-05
825,2,0.33082142,1.652e-05
826,2,0.34945059,1.656e-05
827,2,0.36086783,1.656e-05
828,2,0.35827246,1.66e-05
829,2,0.38257647,1.66e-05
830,2,0.36107409,1.664e-05
831,2,0.38755724,1.664e-05
832,2,0.39217386,1.668e-05
833,2,0.33942297,1.668e-05
834,2,0.37570783,1.672e-05
835,2,0.32361263,1.672e-05
836,2,0.35653248,1.676e-05
837,2,0.38764316,1.676e-05
838,2,0.35599265,1.68e-05
839,2,0.37290972,1.68e-05
840,2,0.35968795,1.684e-05
841,2,0.31319541,1.684e-05
842,2,0.37923256,1.688e-05
843,2,0.34171098,1.688e-05
844,2,0.33479744,1.692e-05
845,2,0.35559380,1.692e-05
846,2,0.31101593,1.696e-05
847,2,0.36580515,1.696e-05
848,2,0.34752464,1.7e-05
849,2,0.37051773,1.7e-05
850,2,0.34972060,1.704e-05
851,2,0.36994350,1.704e-05
852,2,0.35706496,1.708e-05
853,2,0.36932269,1.708e-05
854,2,0.35099554,1.712e-05
855,2,0.40715259,1.712e-05
856,2,0.34059387,1.716e-05
857,2,0.34900850,1.716e-05
858,2,0.35072604,1.72e-05
859,2,0.34709030,1.72e-05
860,2,0.31888688,1.724e-05
861,2,0.36082059,1.724e-05
862,2,0.34399787,1.728e-05
863,2,0.34597659,1.728e-05
864,2,0.36216733,1.732e-05
865,2,0.36626583,1.732e-05
866,2,0.35239390,1.736e-05
867,2,0.34056178,1.736e-05
868,2,0.38032120,1.74e-05
869,2,0.37084812,1.74e-05
870,2,0.33529308,1.744e-05
871,2,0.32164574,1.744e-05
872,2,0.33647698,1.748e-05
873,2,0.33030018,1.748e-05
874,2,0.34448713,1.752e-05
875,2,0.35911328,1.752e-05
876,2,0.35256058,1.756e-05
877,2,0.35688853,1.756e-05
878,2,0.36135307,1.76e-05
879,2,0.36329582,1.76e-05
880,2,0.32366267,1.764e-05
881,2,0.33013645,1.764e-05
882,2,0.33502346,1.768e-05
883,2,0.34862137,1.768e-05
884,2,0.34955943,1.772e-05
885,2,0.31400442,1.772e-05
886,2,0.34126180,1.776e-05
887,2,0.39353424,1.776e-05
888,2,0.33882374,1.78e-05
889,2,0.33348250,1.78e-05
890,2,0.36796257,1.784e-05
891,2,0.35174054,1.784e-05
892,2,0.35074234,1.788e-05
893,2,0.33462778,1.788e-05
894,2,0.32191873,1.792e-05
895,2,0.33868361,1.792e-05
896,2,0.35145521,1.796e-05
897,2,0.35769480,1.796e-05
898,2,0.30464092,1.8e-05
899,2,0.34448475,1.8e-05
900,2,0.39918309,1.804e-05
901,2,0.34677023,1.804e-05
902,2,0.32185626,1.808e-05
903,2,0.33670872,1.808e-05
904,2,0.32307550,1.812e-05
905,2,0.36903647,1.812e-05
906,2,0.38275281,1.816e-05
907,2,0.36501467,1.816e-05
908,2,0.35059765,1.82e-05
909,2,0.33623639,1.82e-05
910,2,0.40022364,1.824e-05
911,2,0.33180216,1.824e-05
912,2,0.30964279,1.828e-05
913,2,0.32852370,1.828e-05
914,2,0.34373692,1.832e-05
915,2,0.33901221,1.832e-05
916,2,0.36309388,1.836e-05
917,2,0.31401715,1.836e-05
918,2,0.34031498,1.84e-05
919,2,0.33727646,1.84e-05
920,2,0.33861861,1.844e-05
921,2,0.30918884,1.844e-05
922,2,0.35113022,1.848e-05
923,2,0.34884730,1.848e-05
924,2,0.37668908,1.852e-05
925,2,0.35739115,1.852e-05
926,2,0.35531077,1.856e-05
927,2,0.36830989,1.856e-05
928,2,0.34729323,1.86e-05
929,2,0.39425373,1.86e-05
930,2,0.33962923,1.864e-05
931,2,0.33226785,1.864e-05
932,2,0.32267597,1.868e-05
933,2,0.35183260,1.868e-05
934,2,0.34459609,1.872e-05
935,2,0.38231400,1.872e-05
936,2,0.32475916,1.876e-05
937,2,0.36810315,1.876e-05
938,2,0.33450881,1.88e-05
939,2,0.35183251,1.88e-05
940,2,0.33028185,1.884e-05
941,2,0.32643259,1.884e-05
942,2,0.34798041,1.888e-05
943,2,0.34955022,1.888e-05
944,2,0.31179142,1.892e-05
945,2,0.33634290,1.892e-05
946,2,0.31808132,1.896e-05
947,2,0.34240857,1.896e-05
948,2,0.32464686,1.9e-05
949,2,0.36127421,1.9e-05
950,2,0.35991243,1.904e-05
951,2,0.32897568,1.904e-05
952,2,0.32169676,1.908e-05
953,2,0.32986552,1.908e-05
954,2,0.33552471,1.912e-05
955,2,0.33546799,1.912e-05
956,2,0.32262960,1.916e-05
957,2,0.32102349,1.916e-05
958,2,0.32674512,1.92e-05
959,2,0.29556635,1.92e-05
960,2,0.35369411,1.924e-05
961,2,0.32518452,1.924e-05
962,2,0.35716337,1.928e-05
963,2,0.35183784,1.928e-05
964,2,0.32753077,1.932e-05
965,2,0.32784817,1.932e-05
966,2,0.33743080,1.936e-05
967,2,0.36462319,1.936e-05
968,2,0.33829150,1.94e-05
969,2,0.35624406,1.94e-05
970,2,0.35839254,1.944e-05
971,2,0.35102490,1.944e-05
972,2,0.34308037,1.948e-05
973,2,0.35995626,1.948e-05
974,2,0.31030479,1.952e-05
975,2,0.34282103,1.952e-05
976,2,0.31062761,1.956e-05
977,2,0.34306517,1.956e-05
978,2,0.34550840,1.96e-05
979,2,0.34191436,1.96e-05
980,2,0.35375473,1.964e-05
981,2,0.33913091,1.964e-05
982,2,0.33482695,1.968e-05
983,2,0.35723963,1.968e-05
984,2,0.31725624,1.972e-05
985,2,0.34081417,1.972e-05
986,2,0.31709790,1.976e-05
987,2,0.32934687,1.976e-05
988,2,0.34959581,1.98e-05
989,2,0.33437064,1.98e-05
990,2,0.34326449,1.984e-05
991,2,0.30881464,1.984e-05
992,2,0.33721429,1.988e-05
993,2,0.34001130,1.988e-05
994,2,0.34290704,1.992e-05
995,2,0.33234501,1.992e-05
996,2,0.32247177,1.996e-05
997,2,0.31101936,1.996e-05
998,2,0.34162670,2e-05
999,2,0.34476426,2e-05
1000,2,0.37331709,2.004e-05
1001,2,0.32438856,2.004e-05
1002,2,0.29902053,2.008e-05
1003,2,0.32447931,2.008e-05
1004,2,0.32925811,2.012e-05
1005,2,0.33500353,2.012e-05
1006,2,0.38196748,2.016e-05
1007,2,0.31158116,2.016e-05
1008,2,0.36081329,2.02e-05
1009,2,0.37611893,2.02e-05
1010,2,0.31380829,2.024e-05
1011,2,0.31063166,2.024e-05
1012,2,0.34565338,2.028e-05
1013,2,0.35278395,2.028e-05
1014,2,0.30549112,2.032e-05
1015,2,0.34481928,2.032e-05
1016,2,0.34267870,2.036e-05
1017,2,0.32719144,2.036e-05
1018,2,0.37877455,2.04e-05
1019,2,0.35742584,2.04e-05
1020,2,0.33964622,2.044e-05
1021,2,0.34717110,2.044e-05
1022,2,0.33239999,2.048e-05
1023,2,0.38065940,2.048e-05
1024,2,0.34018528,2.052e-05
1025,2,0.33239248,2.052e-05
1026,2,0.32409683,2.056e-05
1027,2,0.34057841,2.056e-05
1028,2,0.30900681,2.06e-05
1029,2,0.31054407,2.06e-05
1030,2,0.32427880,2.064e-05
1031,2,0.33240789,2.064e-05
1032,2,0.33334452,2.068e-05
1033,2,0.33069924,2.068e-05
1034,2,0.34897953,2.072e-05
1035,2,0.33851162,2.072e-05
1036,2,0.35926655,2.076e-05
1037,2,0.34141445,2.076e-05
1038,2,0.29512188,2.08e-05
1039,2,0.32800516,2.08e-05
1040,2,0.32659844,2.084e-05
1041,3,0.32721889,2.084e-05
1042,3,0.34930339,2.088e-05
1043,3,0.35613230,2.088e-05
1044,3,0.33285943,2.092e-05
1045,3,0.32759517,2.092e-05
1046,3,0.33171129,2.096e-05
1047,3,0.36016464,2.096e-05
1048,3,0.31405696,2.1e-05
1049,3,0.33046943,2.1e-05
1050,3,0.30478966,2.104e-05
1051,3,0.33783570,2.104e-05
1052,3,0.33947417,2.108e-05
1053,3,0.33414045,2.108e-05
1054,3,0.35696188,2.112e-05
1055,3,0.31032589,2.112e-05
1056,3,0.30571434,2.116e-05
1057,3,0.31678739,2.116e-05
1058,3,0.35424608,2.12e-05
1059,3,0.33486739,2.12e-05
1060,3,0.32859585,2.124e-05
1061,3,0.32198277,2.124e-05
1062,3,0.36375999,2.128e-05
1063,3,0.31180492,2.128e-05
1064,3,0.31698194,2.132e-05
1065,3,0.34152001,2.132e-05
1066,3,0.31055081,2.136e-05
1067,3,0.33749342,2.136e-05
1068,3,0.31391388,2.14e-05
1069,3,0.31698999,2.14e-05
1070,3,0.35036162,2.144e-05
1071,3,0.36777234,2.144e-05
1072,3,0.31427777,2.148e-05
1073,3,0.32712427,2.148e-05
1074,3,0.32013473,2.152e-05
1075,3,0.32551304,2.152e-05
1076,3,0.30052382,2.156e-05
1077,3,0.31139460,2.156e-05
1078,3,0.30123383,2.16e-05
1079,3,0.33317742,2.16e-05
1080,3,0.32552388,2.164e-05
1081,3,0.33373091,2.164e-05
1082,3,0.30014983,2.168e-05
1083,3,0.29998773,2.168e-05
1084,3,0.32261494,2.172e-05
1085,3,0.31853575,2.172e-05
1086,3,0.31590047,2.176e-05
1087,3,0.33189815,2.176e-05
1088,3,0.31680024,2.18e-05
1089,3,0.29167691,2.18e-05
1090,3,0.31740350,2.184e-05
1091,3,0.34328803,2.184e-05
1092,3,0.31487370,2.188e-05
1093,3,0.29992405,2.188e-05
1094,3,0.29054040,2.192e-05
1095,3,0.35101405,2.192e-05
1096,3,0.32162926,2.196e-05
1097,3,0.32238904,2.196e-05
1098,3,0.32502314,2.2e-05
1099,3,0.32229120,2.2e-05
1100,3,0.32229877,2.204e-05
1101,3,0.35028660,2.204e-05
1102,3,0.30784017,2.208e-05
1103,3,0.33344406,2.208e-05
1104,3,0.34132841,2.212e-05
1105,3,0.31751767,2.212e-05
1106,3,0.31145790,2.216e-05
1107,3,0.29854789,2.216e-05
1108,3,0.32534555,2.22e-05
1109,3,0.29105866,2.22e-05
1110,3,0.34460419,2.224e-05
1111,3,0.31979716,2.224e-05
1112,3,0.28717571,2.228e-05
1113,3,0.32909387,2.228e-05
1114,3,0.32390147,2.232e-05
1115,3,0.30718127,2.232e-05
1116,3,0.32256359,2.236e-05
1117,3,0.35594097,2.236e-05
1118,3,0.33053213,2.24e-05
1119,3,0.34621927,2.24e-05
1120,3,0.32529205,2.244e-05
1121,3,0.32960024,2.244e-05
1122,3,0.31582370,2.248e-05
1123,3,0.30174848,2.248e-05
1124,3,0.31342813,2.252e-05
1125,3,0.32696602,2.252e-05
1126,3,0.32567999,2.256e-05
1127,3,0.39012977,2.256e-05
1128,3,0.35316604,2.26e-05
1129,3,0.33557579,2.26e-05
1130,3,0.35240644,2.264e-05
1131,3,0.34195030,2.264e-05
1132,3,0.31336227,2.268e-05
1133,3,0.33488098,2.268e-05
1134,3,0.30296236,2.272e-05
1135,3,0.35471982,2.272e-05
1136,3,0.32895637,2.276e-05
1137,3,0.30611634,2.276e-05
1138,3,0.32304978,2.28e-05
1139,3,0.35834795,2.28e-05
1140,3,0.30377188,2.284e-05
1141,3,0.35497764,2.284e-05
1142,3,0.35237986,2.288e-05
1143,3,0.32685286,2.288e-05
1144,3,0.32941547,2.292e-05
1145,3,0.32136306,2.292e-05
1146,3,0.36547065,2.296e-05
1147,3,0.32459694,2.296e-05
1148,3,0.33350578,2.3e-05
1149,3,0.31878221,2.3e-05
1150,3,0.33620703,2.304e-05
1151,3,0.32080528,2.304e-05
1152,3,0.32949454,2.308e-05
1153,3,0.30750716,2.308e-05
1154,3,0.29087755,2.312e-05
1155,3,0.31387421,2.312e-05
1156,3,0.34162989,2.316e-05
1157,3,0.33377567,2.316e-05
1158,3,0.33081698,2.32e-05
1159,3,0.32079622,2.32e-05
1160,3,0.33123127,2.324e-05
1161,3,0.30722517,2.324e-05
1162,3,0.31753150,2.328e-05
1163,3,0.33887926,2.328e-05
1164,3,0.33100802,2.332e-05
1165,3,0.30711356,2.332e-05
1166,3,0.32341480,2.336e-05
1167,3,0.32607096,2.336e-05
1168,3,0.32925478,2.34e-05
1169,3,0.32674021,2.34e-05
1170,3,0.31639889,2.344e-05
1171,3,0.30545202,2.344e-05
1172,3,0.30644763,2.348e-05
1173,3,0.30174404,2.348e-05
1174,3,0.32206658,2.352e-05
1175,3,0.32653156,2.352e-05
1176,3,0.33659825,2.356e-05
1177,3,0.32154018,2.356e-05
1178,3,0.32021165,2.36e-05
1179,3,0.28581664,2.36e-05
1180,3,0.29908341,2.364e-05
1181,3,0.32525787,2.364e-05
1182,3,0.36836433,2.368e-05
1183,3,0.33239412,2.368e-05
1184,3,0.30481306,2.372e-05
1185,3,0.29933748,2.372e-05
1186,3,0.33728424,2.376e-05
1187,3,0.30470508,2.376e-05
1188,3,0.35152760,2.38e-05
1189,3,0.30691057,2.38e-05
1190,3,0.30345356,2.384e-05
1191,3,0.34723592,2.384e-05
1192,3,0.30141205,2.388e-05
1193,3,0.32589850,2.388e-05
1194,3,0.31531680,2.392e-05
1195,3,0.33085752,2.392e-05
1196,3,0.32486576,2.396e-05
1197,3,0.32398298,2.396e-05
1198,3,0.36949858,2.4e-05
1199,3,0.30570820,2.4e-05
1200,3,0.35443655,2.404e-05
1201,3,0.33516017,2.404e-05
1202,3,0.33387148,2.408e-05
1203,3,0.30266565,2.408e-05
1204,3,0.32073760,2.412e-05
1205,3,0.31743425,2.412e-05
1206,3,0.32637981,2.416e-05
1207,3,0.30238310,2.416e-05
1208,3,0.31682968,2.42e-05
1209,3,0.33721042,2.42e-05
1210,3,0.32476982,2.424e-05
1211,3,0.32994351,2.424e-05
1212,3,0.29933271,2.428e-05
1213,3,0.32528356,2.428e-05
1214,3,0.30431071,2.432e-05
1215,3,0.32806391,2.432e-05
1216,3,0.33402935,2.436e-05
1217,3,0.31532335,2.436e-05
1218,3,0.30110168,2.44e-05
1219,3,0.30763650,2.44e-05
1220,3,0.33439431,2.444e-05
1221,3,0.32755524,2.444e-05
1222,3,0.35055941,2.448e-05
1223,3,0.34364724,2.448e-05
1224,3,0.30223581,2.452e-05
1225,3,0.28059521,2.452e-05
1226,3,0.34701434,2.456e-05
1227,3,0.31562629,2.456e-05
1228,3,0.30419981,2.46e-05
1229,3,0.32468155,2.46e-05
1230,3,0.30681497,2.464e-05
1231,3,0.30352440,2.464e-05
1232,3,0.34531382,2.468e-05
1233,3,0.32608324,2.468e-05
1234,3,0.34396616,2.472e-05
1235,3,0.32049534,2.472e-05
1236,3,0.32337603,2.476e-05
1237,3,0.30675486,2.476e-05
1238,3,0.32571179,2.48e-05
1239,3,0.30631095,2.48e-05
1240,3,0.32220426,2.484e-05
1241,3,0.31786579,2.484e-05
1242,3,0.31377894,2.488e-05
1243,3,0.28735214,2.488e-05
1244,3,0.28386360,2.492e-05
1245,3,0.34123352,2.492e-05
1246,3,0.32372048,2.496e-05
1247,3,0.30626398,2.496e-05
1248,3,0.33605522,2.5e-05
1249,3,0.29408202,2.5e-05
1250,3,0.31943941,2.504e-05
1251,3,0.33856267,2.504e-05
1252,3,0.30824679,2.508e-05
1253,3,0.29919925,2.508e-05
1254,3,0.31961653,2.512e-05
1255,3,0.33339295,2.512e-05
1256,3,0.29031458,2.516e-05
1257,3,0.32680440,2.516e-05
1258,3,0.31406361,2.52e-05
1259,3,0.31954867,2.52e-05
1260,3,0.31131008,2.524e-05
1261,3,0.33689934,2.524e-05
1262,3,0.30973235,2.528e-05
1263,3,0.30741248,2.528e-05
1264,3,0.31705040,2.532e-05
1265,3,0.28879464,2.532e-05
1266,3,0.30743018,2.536e-05
1267,3,0.30199137,2.536e-05
1268,3,0.33611143,2.54e-05
1269,3,0.33085299,2.54e-05
1270,3,0.31990847,2.544e-05
1271,3,0.31295109,2.544e-05
1272,3,0.32479078,2.548e-05
1273,3,0.30710834,2.548e-05
1274,3,0.35401288,2.552e-05
1275,3,0.30474207,2.552e-05
1276,3,0.30124870,2.556e-05
1277,3,0.29337201,2.556e-05
1278,3,0.30428287,2.56e-05
1279,3,0.30433655,2.56e-05
1280,3,0.30700165,2.564e-05
1281,3,0.28178465,2.564e-05
1282,3,0.28774640,2.568e-05
1283,3,0.30146986,2.568e-05
1284,3,0.29011711,2.572e-05
1285,3,0.31355172,2.572e-05
1286,3,0.33866790,2.576e-05
1287,3,0.32679722,2.576e-05
1288,3,0.31126839,2.58e-05
1289,3,0.31717041,2.58e-05
1290,3,0.32159865,2.584e-05
1291,3,0.32556668,2.584e-05
1292,3,0.29713753,2.588e-05
1293,3,0.31428254,2.588e-05
1294,3,0.31888920,2.592e-05
1295,3,0.32539707,2.592e-05
1296,3,0.30324128,2.596e-05
1297,3,0.33305809,2.596e-05
1298,3,0.35140118,2.6e-05
1299,3,0.31750968,2.6e-05
1300,3,0.31164739,2.604e-05
1301,3,0.31517836,2.604e-05
1302,3,0.32639182,2.608e-05
1303,3,0.29660818,2.608e-05
1304,3,0.32843363,2.612e-05
1305,3,0.30143145,2.612e-05
1306,3,0.27006283,2.616e-05
1307,3,0.32643735,2.616e-05
1308,3,0.33026287,2.62e-05
1309,3,0.30857462,2.62e-05
1310,3,0.30984822,2.624e-05
1311,3,0.29990917,2.624e-05
1312,3,0.32690123,2.628e-05
1313,3,0.28737491,2.628e-05
1314,3,0.30009380,2.632e-05
1315,3,0.32279477,2.632e-05
1316,3,0.30316815,2.636e-05
1317,3,0.31955135,2.636e-05
1318,3,0.31446600,2.64e-05
1319,3,0.32820553,2.64e-05
1320,3,0.28802502,2.644e-05
1321,3,0.29397956,2.644e-05
1322,3,0.31540290,2.648e-05
1323,3,0.29922783,2.648e-05
1324,3,0.32539207,2.652e-05
1325,3,0.29962966,2.652e-05
1326,3,0.31756687,2.656e-05
1327,3,0.31422943,2.656e-05
1328,3,0.32463536,2.66e-05
1329,3,0.32153055,2.66e-05
1330,3,0.30832535,2.664e-05
1331,3,0.30419731,2.664e-05
1332,3,0.29072878,2.668e-05
1333,3,0.32592890,2.668e-05
1334,3,0.29062796,2.672e-05
1335,3,0.32246199,2.672e-05
1336,3,0.30463454,2.676e-05
1337,3,0.33149719,2.676e-05
1338,3,0.29863730,2.68e-05
1339,3,0.30804724,2.68e-05
1340,3,0.28270561,2.684e-05
1341,3,0.29525581,2.684e-05
1342,3,0.32160419,2.688e-05
1343,3,0.29016349,2.688e-05
1344,3,0.31656456,2.692e-05
1345,3,0.33445492,2.692e-05
1346,3,0.31585360,2.696e-05
1347,3,0.31586072,2.696e-05
1348,3,0.31751600,2.7e-05
1349,3,0.30661106,2.7e-05
1350,3,0.32597992,2.704e-05
1351,3,0.30817428,2.704e-05
1352,3,0.29955351,2.708e-05
1353,3,0.31870663,2.708e-05
1354,3,0.30420581,2.712e-05
1355,3,0.30511954,2.712e-05
1356,3,0.31904614,2.716e-05
1357,3,0.30899158,2.716e-05
1358,3,0.33383620,2.72e-05
1359,3,0.30414766,2.72e-05
1360,3,0.32256112,2.724e-05
1361,3,0.31618357,2.724e-05
1362,3,0.28811896,2.728e-05
1363,3,0.28770968,2.728e-05
1364,3,0.30552277,2.732e-05
1365,3,0.31393209,2.732e-05
1366,3,0.30312634,2.736e-05
1367,3,0.34357268,2.736e-05
1368,3,0.30928284,2.74e-05
1369,3,0.32128826,2.74e-05
1370,3,0.33853537,2.744e-05
1371,3,0.31248799,2.744e-05
1372,3,0.30775809,2.748e-05
1373,3,0.30919561,2.748e-05
1374,3,0.29745829,2.752e-05
1375,3,0.34002241,2.752e-05
1376,3,0.34956068,2.756e-05
1377,3,0.29653397,2.756e-05
1378,3,0.32417277,2.76e-05
1379,3,0.31034362,2.76e-05
1380,3,0.31605059,2.764e-05
1381,3,0.30777216,2.764e-05
1382,3,0.32090542,2.768e-05
1383,3,0.31262654,2.768e-05
1384,3,0.30358347,2.772e-05
1385,3,0.30494109,2.772e-05
1386,3,0.31036243,2.776e-05
1387,3,0.32849231,2.776e-05
1388,3,0.34949085,2.78e-05
1389,3,0.32073191,2.78e-05
1390,3,0.29565585,2.784e-05
1391,3,0.28501174,2.784e-05
1392,3,0.29102162,2.788e-05
1393,3,0.29283229,2.788e-05
1394,3,0.28796843,2.792e-05
1395,3,0.32581058,2.792e-05
1396,3,0.32558617,2.796e-05
1397,3,0.29744059,2.796e-05
1398,3,0.33024603,2.8e-05
1399,3,0.32117796,2.8e-05
1400,3,0.31393591,2.804e-05
1401,3,0.32882637,2.804e-05
1402,3,0.27508250,2.808e-05
1403,3,0.31448480,2.808e-05
1404,3,0.31360924,2.812e-05
1405,3,0.32314408,2.812e-05
1406,3,0.31789592,2.816e-05
1407,3,0.27800077,2.816e-05
1408,3,0.27572751,2.82e-05
1409,3,0.30035526,2.82e-05
1410,3,0.30449969,2.824e-05
1411,3,0.30316845,2.824e-05
1412,3,0.30548677,2.828e-05
1413,3,0.28454745,2.828e-05
1414,3,0.33231777,2.832e-05
1415,3,0.33033541,2.832e-05
1416,3,0.32591814,2.836e-05
1417,3,0.32405594,2.836e-05
1418,3,0.27047613,2.84e-05
1419,3,0.29790446,2.84e-05
1420,3,0.27876154,2.844e-05
1421,3,0.30614322,2.844e-05
1422,3,0.34495413,2.848e-05
1423,3,0.33347061,2.848e-05
1424,3,0.29280189,2.852e-05
1425,3,0.31430185,2.852e-05
1426,3,0.30426803,2.856e-05
1427,3,0.31410351,2.856e-05
1428,3,0.28910750,2.86e-05
1429,3,0.29829800,2.86e-05
1430,3,0.30287537,2.864e-05
1431,3,0.30736357,2.864e-05
1432,3,0.30862227,2.868e-05
1433,3,0.29106534,2.868e-05
1434,3,0.28067783,2.872e-05
1435,3,0.29525599,2.872e-05
1436,3,0.29131579,2.876e-05
1437,3,0.28694433,2.876e-05
1438,3,0.28836933,2.88e-05
1439,3,0.29638624,2.88e-05
1440,3,0.30330953,2.884e-05
1441,3,0.30038702,2.884e-05
1442,3,0.28845644,2.888e-05
1443,3,0.29750171,2.888e-05
1444,3,0.30361342,2.892e-05
1445,3,0.29138342,2.892e-05
1446,3,0.28079334,2.896e-05
1447,3,0.31353351,2.896e-05
1448,3,0.29276562,2.9e-05
1449,3,0.28188637,2.9e-05
1450,3,0.28688523,2.904e-05
1451,3,0.31505752,2.904e-05
1452,3,0.29720640,2.908e-05
1453,3,0.31697485,2.908e-05
1454,3,0.30752650,2.912e-05
1455,3,0.28782028,2.912e-05
1456,3,0.30147627,2.916e-05
1457,3,0.33256114,2.916e-05
1458,3,0.28856111,2.92e-05
1459,3,0.31101826,2.92e-05
1460,3,0.29592374,2.924e-05
1461,3,0.29034680,2.924e-05
1462,3,0.28009650,2.928e-05
1463,3,0.32889637,2.928e-05
1464,3,0.35154632,2.932e-05
1465,3,0.27865675,2.932e-05
1466,3,0.29152116,2.936e-05
1467,3,0.29980719,2.936e-05
1468,3,0.33061966,2.94e-05
1469,3,0.29864329,2.94e-05
1470,3,0.31591713,2.944e-05
1471,3,0.29171851,2.944e-05
1472,3,0.31881931,2.948e-05
1473,3,0.26223454,2.948e-05
1474,3,0.29079655,2.952e-05
1475,3,0.27098984,2.952e-05
1476,3,0.27724245,2.956e-05
1477,3,0.31460994,2.956e-05
1478,3,0.31045049,2.96e-05
1479,3,0.30660796,2.96e-05
1480,3,0.28504699,2.964e-05
1481,3,0.32724121,2.964e-05
1482,3,0.32701984,2.968e-05
1483,3,0.32861573,2.968e-05
1484,3,0.28459549,2.972e-05
1485,3,0.29261747,2.972e-05
1486,3,0.33173630,2.976e-05
1487,3,0.29620355,2.976e-05
1488,3,0.29657710,2.98e-05
1489,3,0.28508770,2.98e-05
1490,3,0.32545561,2.984e-05
1491,3,0.30567873,2.984e-05
1492,3,0.30981439,2.988e-05
1493,3,0.31395584,2.988e-05
1494,3,0.29143667,2.992e-05
1495,3,0.32324433,2.992e-05
1496,3,0.28636986,2.996e-05
1497,3,0.32897222,2.996e-05
1498,3,0.29609320,3e-05
1499,3,0.31067520,3e-05
1500,3,0.30706117,3.004e-05
1501,3,0.31198487,3.004e-05
1502,3,0.30645981,3.008e-05
1503,3,0.31778315,3.008e-05
1504,3,0.30956247,3.012e-05
1505,3,0.30570617,3.012e-05
1506,3,0.29742295,3.016e-05
1507,3,0.29294991,3.016e-05
1508,3,0.30786002,3.02e-05
1509,3,0.30917436,3.02e-05
1510,3,0.29244366,3.024e-05
1511,3,0.29384312,3.024e-05
1512,3,0.26383102,3.028e-05
1513,3,0.27251783,3.028e-05
1514,3,0.29185215,3.032e-05
1515,3,0.29536062,3.032e-05
1516,3,0.30796805,3.036e-05
1517,3,0.30383116,3.036e-05
1518,3,0.29539916,3.04e-05
1519,3,0.30365822,3.04e-05
1520,3,0.30724335,3.044e-05
1521,3,0.29193020,3.044e-05
1522,3,0.28563833,3.048e-05
1523,3,0.30000803,3.048e-05
1524,3,0.29768944,3.052e-05
1525,3,0.29674068,3.052e-05
1526,3,0.29209030,3.056e-05
1527,3,0.28739560,3.056e-05
1528,3,0.27582875,3.06e-05
1529,3,0.30448663,3.06e-05
1530,3,0.28384712,3.064e-05
1531,3,0.27450064,3.064e-05
1532,3,0.27386132,3.068e-05
1533,3,0.32221419,3.068e-05
1534,3,0.30592272,3.072e-05
1535,3,0.31677353,3.072e-05
1536,3,0.28503862,3.076e-05
1537,3,0.30021912,3.076e-05
1538,3,0.29439059,3.08e-05
1539,3,0.28906599,3.08e-05
1540,3,0.30036679,3.084e-05
1541,3,0.29591048,3.084e-05
1542,3,0.28515366,3.088e-05
1543,3,0.31284121,3.088e-05
1544,3,0.28042650,3.092e-05
1545,3,0.28809303,3.092e-05
1546,3,0.26863018,3.096e-05
1547,3,0.29415464,3.096e-05
1548,3,0.31901789,3.1e-05
1549,3,0.31661192,3.1e-05
1550,3,0.30083287,3.104e-05
1551,3,0.29642424,3.104e-05
1552,3,0.30536216,3.108e-05
1553,3,0.33000293,3.108e-05
1554,3,0.29246971,3.112e-05
1555,3,0.28992549,3.112e-05
1556,3,0.28282261,3.116e-05
1557,3,0.31844339,3.116e-05
1558,3,0.28866282,3.12e-05
1559,3,0.25099471,3.12e-05
1560,3,0.27645117,3.124e-05
1561,4,0.30005339,3.124e-05
1562,4,0.28724781,3.128e-05
1563,4,0.27229118,3.128e-05
1564,4,0.30210501,3.132e-05
1565,4,0.28732714,3.132e-05
1566,4,0.32566506,3.136e-05
1567,4,0.28890625,3.136e-05
1568,4,0.27567175,3.14e-05
1569,4,0.32167360,3.14e-05
1570,4,0.29359141,3.144e-05
1571,4,0.29198232,3.144e-05
1572,4,0.28437558,3.148e-05
1573,4,0.29868206,3.148e-05
1574,4,0.31417850,3.152e-05
1575,4,0.28777614,3.152e-05
1576,4,0.31924289,3.156e-05
1577,4,0.30331802,3.156e-05
1578,4,0.29571685,3.16e-05
1579,4,0.29125622,3.16e-05
1580,4,0.28320408,3.164e-05
1581,4,0.32448870,3.164e-05
1582,4,0.27974573,3.168e-05
1583,4,0.31109953,3.168e-05
1584,4,0.30297598,3.172e-05
1585,4,0.26105270,3.172e-05
1586,4,0.31648061,3.176e-05
1587,4,0.27892813,3.176e-05
1588,4,0.28632826,3.18e-05
1589,4,0.30604330,3.18e-05
1590,4,0.31035301,3.184e-05
1591,4,0.29529652,3.184e-05
1592,4,0.29247245,3.188e-05
1593,4,0.30910507,3.188e-05
1594,4,0.29799786,3.192e-05
1595,4,0.30953372,3.192e-05
1596,4,0.29238439,3.196e-05
1597,4,0.29016879,3.196e-05
1598,4,0.30333593,3.2e-05
1599,4,0.29569560,3.2e-05
1600,4,0.33195987,3.204e-05
1601,4,0.26308858,3.204e-05
1602,4,0.28718778,3.208e-05
1603,4,0.27367327,3.208e-05
1604,4,0.30981395,3.212e-05
1605,4,0.28148198,3.212e-05
1606,4,0.28923538,3.216e-05
1607,4,0.30333683,3.216e-05
1608,4,0.32771966,3.22e-05
1609,4,0.29383370,3.22e-05
1610,4,0.28707886,3.224e-05
1611,4,0.27802819,3.224e-05
1612,4,0.30683121,3.228e-05
1613,4,0.28902313,3.228e-05
1614,4,0.28892842,3.232e-05
1615,4,0.26879027,3.232e-05
1616,4,0.30897251,3.236e-05
1617,4,0.31480971,3.236e-05
1618,4,0.28206253,3.24e-05
1619,4,0.30095062,3.24e-05
1620,4,0.29041013,3.244e-05
1621,4,0.29840603,3.244e-05
1622,4,0.28744203,3.248e-05
1623,4,0.31712955,3.248e-05
1624,4,0.29509488,3.252e-05
1625,4,0.29227942,3.252e-05
1626,4,0.27747098,3.256e-05
1627,4,0.30304173,3.256e-05
1628,4,0.28209317,3.26e-05
1629,4,0.28936231,3.26e-05
1630,4,0.31187469,3.264e-05
1631,4,0.29966012,3.264e-05
1632,4,0.27489164,3.268e-05
1633,4,0.27844054,3.268e-05
1634,4,0.28746065,3.272e-05
1635,4,0.27465859,3.272e-05
1636,4,0.29773062,3.276e-05
1637,4,0.28838155,3.276e-05
1638,4,0.27751443,3.28e-05
1639,4,0.29346070,3.28e-05
1640,4,0.28702599,3.284e-05
1641,4,0.30659708,3.284e-05
1642,4,0.29020616,3.288e-05
1643,4,0.32053015,3.288e-05
1644,4,0.29288527,3.292e-05
1645,4,0.29626337,3.292e-05
1646,4,0.28492779,3.296e-05
1647,4,0.27998441,3.296e-05
1648,4,0.27349588,3.3e-05
1649,4,0.26811004,3.3e-05
1650,4,0.29000360,3.304e-05
1651,4,0.28941062,3.304e-05
1652,4,0.29512757,3.308e-05
1653,4,0.28207955,3.308e-05
1654,4,0.28531811,3.312e-05
1655,4,0.29013053,3.312e-05
1656,4,0.29565275,3.316e-05
1657,4,0.29500043,3.316e-05
1658,4,0.30289984,3.32e-05
1659,4,0.31019792,3.32e-05
1660,4,0.27495909,3.324e-05
1661,4,0.28967205,3.324e-05
1662,4,0.27761963,3.328e-05
1663,4,0.28084061,3.328e-05
1664,4,0.30267906,3.332e-05
1665,4,0.28478944,3.332e-05
1666,4,0.31085417,3.336e-05
1667,4,0.28806543,3.336e-05
1668,4,0.28422418,3.34e-05
1669,4,0.28822628,3.34e-05
1670,4,0.26196983,3.344e-05
1671,4,0.28408575,3.344e-05
1672,4,0.29318252,3.348e-05
1673,4,0.30104437,3.348e-05
1674,4,0.28804684,3.352e-05
1675,4,0.28327143,3.352e-05
1676,4,0.27356136,3.356e-05
1677,4,0.29301053,3.356e-05
1678,4,0.29154029,3.36e-05
1679,4,0.27533227,3.36e-05
1680,4,0.29592869,3.364e-05
1681,4,0.27253947,3.364e-05
1682,4,0.30424887,3.368e-05
1683,4,0.30782843,3.368e-05
1684,4,0.28006747,3.372e-05
1685,4,0.30666488,3.372e-05
1686,4,0.29439652,3.376e-05
1687,4,0.29381216,3.376e-05
1688,4,0.32076880,3.38e-05
1689,4,0.29503813,3.38e-05
1690,4,0.27694690,3.384e-05
1691,4,0.30449003,3.384e-05
1692,4,0.27281129,3.388e-05
1693,4,0.31229347,3.388e-05
1694,4,0.33343071,3.392e-05
1695,4,0.27548045,3.392e-05
1696,4,0.25924179,3.396e-05
1697,4,0.25970471,3.396e-05
1698,4,0.29986715,3.4e-05
1699,4,0.30580363,3.4e-05
1700,4,0.25733101,3.404e-05
1701,4,0.29970497,3.404e-05
1702,4,0.29860049,3.408e-05
1703,4,0.30070004,3.408e-05
1704,4,0.28374636,3.412e-05
1705,4,0.27853701,3.412e-05
1706,4,0.26208735,3.416e-05
1707,4,0.28616211,3.416e-05
1708,4,0.28024855,3.42e-05
1709,4,0.30677986,3.42e-05
1710,4,0.27371463,3.424e-05
1711,4,0.30808455,3.424e-05
1712,4,0.30133229,3.428e-05
1713,4,0.28563792,3.428e-05
1714,4,0.27640396,3.432e-05
1715,4,0.32594413,3.432e-05
1716,4,0.29220510,3.436e-05
1717,4,0.29862168,3.436e-05
1718,4,0.30060521,3.44e-05
1719,4,0.27635288,3.44e-05
1720,4,0.31029394,3.444e-05
1721,4,0.30436674,3.444e-05
1722,4,0.28020039,3.448e-05
1723,4,0.30756822,3.448e-05
1724,4,0.29122877,3.452e-05
1725,4,0.29464367,3.452e-05
1726,4,0.28374937,3.456e-05
1727,4,0.28845263,3.456e-05
1728,4,0.27802116,3.46e-05
1729,4,0.33141911,3.46e-05
1730,4,0.27973214,3.464e-05
1731,4,0.28164414,3.464e-05
1732,4,0.26069751,3.468e-05
1733,4,0.30118886,3.468e-05
1734,4,0.28473648,3.472e-05
1735,4,0.27443448,3.472e-05
1736,4,0.29287905,3.476e-05
1737,4,0.29763353,3.476e-05
1738,4,0.29289639,3.48e-05
1739,4,0.30696446,3.48e-05
1740,4,0.29443964,3.484e-05
1741,4,0.27379715,3.484e-05
1742,4,0.28765070,3.488e-05
1743,4,0.25795713,3.488e-05
1744,4,0.27838141,3.492e-05
1745,4,0.27542967,3.492e-05
1746,4,0.30718216,3.496e-05
1747,4,0.28601074,3.496e-05
1748,4,0.30494919,3.5e-05
1749,4,0.27792963,3.5e-05
1750,4,0.27634728,3.504e-05
1751,4,0.31439790,3.504e-05
1752,4,0.27789488,3.508e-05
1753,4,0.30262116,3.508e-05
1754,4,0.29051748,3.512e-05
1755,4,0.28684595,3.512e-05
1756,4,0.29183742,3.516e-05
1757,4,0.28560793,3.516e-05
1758,4,0.29289404,3.52e-05
1759,4,0.28897440,3.52e-05
1760,4,0.25768206,3.524e-05
1761,4,0.29667494,3.524e-05
1762,4,0.27785090,3.528e-05
1763,4,0.29305431,3.528e-05
1764,4,0.33046538,3.532e-05
1765,4,0.31666526,3.532e-05
1766,4,0.27488685,3.536e-05
1767,4,0.28116161,3.536e-05
1768,4,0.26556167,3.54e-05
1769,4,0.25003353,3.54e-05
1770,4,0.29331854,3.544e-05
1771,4,0.28555039,3.544e-05
1772,4,0.28539661,3.548e-05
1773,4,0.29620323,3.548e-05
1774,4,0.31248328,3.552e-05
1775,4,0.29657522,3.552e-05
1776,4,0.29707259,3.556e-05
1777,4,0.29836437,3.556e-05
1778,4,0.32991165,3.56e-05
1779,4,0.28843653,3.56e-05
1780,4,0.28792900,3.564e-05
1781,4,0.33033270,3.564e-05
1782,4,0.28848782,3.568e-05
1783,4,0.27378550,3.568e-05
1784,4,0.31147984,3.572e-05
1785,4,0.30529982,3.572e-05
1786,4,0.29417670,3.576e-05
1787,4,0.27316916,3.576e-05
1788,4,0.30373675,3.58e-05
1789,4,0.30367437,3.58e-05
1790,4,0.27507490,3.584e-05
1791,4,0.28052622,3.584e-05
1792,4,0.28506032,3.588e-05
1793,4,0.27451444,3.588e-05
1794,4,0.29352114,3.592e-05
1795,4,0.27534050,3.592e-05
1796,4,0.26990607,3.596e-05
1797,4,0.29955927,3.596e-05
1798,4,0.27631810,3.6e-05
1799,4,0.27388340,3.6e-05
1800,4,0.28241545,3.604e-05
1801,4,0.27029106,3.604e-05
1802,4,0.27020925,3.608e-05
1803,4,0.27782375,3.608e-05
1804,4,0.26008981,3.612e-05
1805,4,0.27024451,3.612e-05
1806,4,0.28904787,3.616e-05
1807,4,0.26700535,3.616e-05
1808,4,0.25809211,3.62e-05
1809,4,0.30203137,3.62e-05
1810,4,0.29033098,3.624e-05
1811,4,0.28848919,3.624e-05
1812,4,0.30872309,3.628e-05
1813,4,0.29915848,3.628e-05
1814,4,0.27787066,3.632e-05
1815,4,0.30735689,3.632e-05
1816,4,0.27371764,3.636e-05
1817,4,0.29071516,3.636e-05
1818,4,0.28707230,3.64e-05
1819,4,0.27982563,3.64e-05
1820,4,0.31034464,3.644e-05
1821,4,0.30403757,3.644e-05
1822,4,0.29378438,3.648e-05
1823,4,0.29903132,3.648e-05
1824,4,0.26361716,3.652e-05
1825,4,0.31771567,3.652e-05
1826,4,0.29734704,3.656e-05
1827,4,0.29038277,3.656e-05
1828,4,0.27768281,3.66e-05
1829,4,0.27337065,3.66e-05
1830,4,0.29446974,3.664e-05
1831,4,0.31150857,3.664e-05
1832,4,0.27388546,3.668e-05
1833,4,0.29752314,3.668e-05
1834,4,0.29154465,3.672e-05
1835,4,0.29027852,3.672e-05
1836,4,0.26356125,3.676e-05
1837,4,0.26647663,3.676e-05
1838,4,0.28530514,3.68e-05
1839,4,0.30514184,3.68e-05
1840,4,0.31254923,3.684e-05
1841,4,0.29088667,3.684e-05
1842,4,0.27682900,3.688e-05
1843,4,0.29123110,3.688e-05
1844,4,0.29144776,3.692e-05
1845,4,0.27616960,3.692e-05
1846,4,0.27684975,3.696e-05
1847,4,0.27830592,3.696e-05
1848,4,0.24872060,3.7e-05
1849,4,0.27845711,3.7e-05
1850,4,0.29077578,3.704e-05
1851,4,0.28203312,3.704e-05
1852,4,0.28246522,3.708e-05
1853,4,0.28050005,3.708e-05
1854,4,0.27932751,3.712e-05
1855,4,0.26304430,3.712e-05
1856,4,0.30043280,3.716e-05
1857,4,0.29335633,3.716e-05
1858,4,0.26130167,3.72e-05
1859,4,0.26767886,3.72e-05
1860,4,0.28229356,3.724e-05
1861,4,0.29011747,3.724e-05
1862,4,0.29664576,3.728e-05
1863,4,0.28790867,3.728e-05
1864,4,0.28100973,3.732e-05
1865,4,0.29080480,3.732e-05
1866,4,0.27820715,3.736e-05
1867,4,0.28820091,3.736e-05
1868,4,0.30032414,3.74e-05
1869,4,0.28217879,3.74e-05
1870,4,0.29886308,3.744e-05
1871,4,0.25093356,3.744e-05
1872,4,0.28838927,3.748e-05
1873,4,0.26972559,3.748e-05
1874,4,0.26213285,3.752e-05
1875,4,0.30161563,3.752e-05
1876,4,0.29439428,3.756e-05
1877,4,0.25329310,3.756e-05
1878,4,0.28239581,3.76e-05
1879,4,0.29711348,3.76e-05
1880,4,0.31064907,3.764e-05
1881,4,0.30789477,3.764e-05
1882,4,0.27247849,3.768e-05
1883,4,0.27149677,3.768e-05
1884,4,0.27585843,3.772e-05
1885,4,0.28705037,3.772e-05
1886,4,0.29752254,3.776e-05
1887,4,0.25636753,3.776e-05
1888,4,0.29110935,3.78e-05
1889,4,0.30417028,3.78e-05
1890,4,0.29359975,3.784e-05
1891,4,0.27992207,3.784e-05
1892,4,0.26984102,3.788e-05
1893,4,0.29232022,3.788e-05
1894,4,0.29755947,3.792e-05
1895,4,0.28970310,3.792e-05
1896,4,0.27855390,3.796e-05
1897,4,0.28911072,3.796e-05
1898,4,0.26387283,3.8e-05
1899,4,0.26328182,3.8e-05
1900,4,0.29338145,3.804e-05
1901,4,0.28136921,3.804e-05
1902,4,0.29470006,3.808e-05
1903,4,0.26410192,3.808e-05
1904,4,0.27680662,3.812e-05
1905,4,0.27160135,3.812e-05
1906,4,0.29343104,3.816e-05
1907,4,0.26202554,3.816e-05
1908,4,0.28094304,3.82e-05
1909,4,0.31243077,3.82e-05
1910,4,0.28715426,3.824e-05
1911,4,0.30473432,3.824e-05
1912,4,0.28093326,3.828e-05
1913,4,0.28773817,3.828e-05
1914,4,0.29235855,3.832e-05
1915,4,0.27143514,3.832e-05
1916,4,0.27218252,3.836e-05
1917,4,0.31603485,3.836e-05
1918,4,0.30208746,3.84e-05
1919,4,0.29084069,3.84e-05
1920,4,0.31231424,3.844e-05
1921,4,0.28866428,3.844e-05
1922,4,0.29631382,3.848e-05
1923,4,0.28247094,3.848e-05
1924,4,0.29991663,3.852e-05
1925,4,0.29446602,3.852e-05
1926,4,0.26804984,3.856e-05
1927,4,0.27877140,3.856e-05
1928,4,0.30191147,3.86e-05
1929,4,0.27283409,3.86e-05
1930,4,0.27753726,3.864e-05
1931,4,0.25484535,3.864e-05
1932,4,0.26157141,3.868e-05
1933,4,0.27115643,3.868e-05
1934,4,0.25487682,3.872e-05
1935,4,0.28432810,3.872e-05
1936,4,0.26880249,3.876e-05
1937,4,0.29695168,3.876e-05
1938,4,0.26043716,3.88e-05
1939,4,0.26472929,3.88e-05
1940,4,0.28635609,3.884e-05
1941,4,0.27832609,3.884e-05
1942,4,0.31064242,3.888e-05
1943,4,0.26616961,3.888e-05
1944,4,0.28050393,3.892e-05
1945,4,0.29172018,3.892e-05
1946,4,0.27434486,3.896e-05
1947,4,0.29075602,3.896e-05
1948,4,0.28297007,3.9e-05
1949,4,0.27783510,3.9e-05
1950,4,0.28343245,3.904e-05
1951,4,0.28620189,3.904e-05
1952,4,0.29532275,3.908e-05
1953,4,0.27354082,3.908e-05
1954,4,0.28636938,3.912e-05
1955,4,0.29641610,3.912e-05
1956,4,0.28081349,3.916e-05
1957,4,0.29395238,3.916e-05
1958,4,0.27781984,3.92e-05
1959,4,0.26253927,3.92e-05
1960,4,0.25671822,3.924e-05
1961,4,0.27310383,3.924e-05
1962,4,0.28366059,3.928e-05
1963,4,0.27246419,3.928e-05
1964,4,0.30184406,3.932e-05
1965,4,0.29742670,3.932e-05
1966,4,0.27649933,3.936e-05
1967,4,0.28139737,3.936e-05
1968,4,0.30670062,3.94e-05
1969,4,0.29327670,3.94e-05
1970,4,0.25928375,3.944e-05
1971,4,0.27457839,3.944e-05
1972,4,0.25711480,3.948e-05
1973,4,0.27454007,3.948e-05
1974,4,0.27419081,3.952e-05
1975,4,0.28566477,3.952e-05
1976,4,0.29785648,3.956e-05
1977,4,0.27542290,3.956e-05
1978,4,0.27680147,3.96e-05
1979,4,0.29140952,3.96e-05
1980,4,0.25132948,3.964e-05
1981,4,0.28459173,3.964e-05
1982,4,0.28535968,3.968e-05
1983,4,0.29361925,3.968e-05
1984,4,0.26868898,3.972e-05
1985,4,0.26038709,3.972e-05
1986,4,0.30972600,3.976e-05
1987,4,0.28272915,3.976e-05
1988,4,0.27410710,3.98e-05
1989,4,0.30744547,3.98e-05
1990,4,0.28038383,3.984e-05
1991,4,0.28759316,3.984e-05
1992,4,0.28587779,3.988e-05
1993,4,0.25609016,3.988e-05
1994,4,0.28152549,3.992e-05
1995,4,0.29205289,3.992e-05
1996,4,0.24638690,3.996e-05
1997,4,0.29931176,3.996e-05
1998,4,0.28690651,4e-05
1999,4,0.29107383,4e-05
2000,4,0.28236479,4.004e-05
2001,4,0.27624577,4.004e-05
2002,4,0.27477837,4.008e-05
2003,4,0.26200771,4.008e-05
2004,4,0.28720608,4.012e-05
2005,4,0.28408915,4.012e-05
2006,4,0.29471758,4.016e-05
2007,4,0.30520570,4.016e-05
2008,4,0.30742228,4.02e-05
2009,4,0.30060878,4.02e-05
2010,4,0.26184383,4.024e-05
2011,4,0.26723352,4.024e-05
2012,4,0.28182310,4.028e-05
2013,4,0.26416716,4.028e-05
2014,4,0.29452243,4.032e-05
2015,4,0.27705336,4.032e-05
2016,4,0.29814062,4.036e-05
2017,4,0.29451647,4.036e-05
2018,4,0.28157091,4.04e-05
2019,4,0.26392823,4.04e-05
2020,4,0.28885329,4.044e-05
2021,4,0.25925732,4.044e-05
2022,4,0.27743226,4.048e-05
2023,4,0.27253166,4.048e-05
2024,4,0.26066887,4.052e-05
2025,4,0.25224853,4.052e-05
2026,4,0.25462076,4.056e-05
2027,4,0.29333115,4.056e-05
2028,4,0.26436675,4.06e-05
2029,4,0.26675299,4.06e-05
2030,4,0.29511657,4.064e-05
2031,4,0.29162276,4.064e-05
2032,4,0.27226543,4.068e-05
2033,4,0.28913346,4.068e-05
2034,4,0.28125334,4.072e-05
2035,4,0.28038636,4.072e-05
2036,4,0.29606614,4.076e-05
2037,4,0.27942249,4.076e-05
2038,4,0.26168957,4.08e-05
2039,4,0.28578627,4.08e-05
2040,4,0.27538681,4.084e-05
2041,4,0.29261237,4.084e-05
2042,4,0.31298140,4.088e-05
2043,4,0.24779847,4.088e-05
2044,4,0.28821230,4.092e-05
2045,4,0.28361359,4.092e-05
2046,4,0.29836604,4.096e-05
2047,4,0.26861444,4.096e-05
2048,4,0.28002611,4.1e-05
2049,4,0.31487647,4.1e-05
2050,4,0.28177086,4.104e-05
2051,4,0.26621678,4.104e-05
2052,4,0.29306406,4.108e-05
2053,4,0.27641454,4.108e-05
2054,4,0.28024736,4.112e-05
2055,4,0.29669550,4.112e-05
2056,4,0.27321744,4.116e-05
2057,4,0.27713016,4.116e-05
2058,4,0.29647237,4.12e-05
2059,4,0.28674474,4.12e-05
2060,4,0.25832266,4.124e-05
2061,4,0.24354734,4.124e-05
2062,4,0.28272089,4.128e-05
2063,4,0.27624607,4.128e-05
2064,4,0.28648838,4.132e-05
2065,4,0.28517723,4.132e-05
2066,4,0.29039574,4.136e-05
2067,4,0.28287739,4.136e-05
2068,4,0.27248013,4.14e-05
2069,4,0.26591811,4.14e-05
2070,4,0.27342796,4.144e-05
2071,4,0.25149551,4.144e-05
2072,4,0.26040280,4.148e-05
2073,4,0.27787870,4.148e-05
2074,4,0.26748791,4.152e-05
2075,4,0.26808140,4.152e-05
2076,4,0.27651399,4.156e-05
2077,4,0.28726304,4.156e-05
2078,4,0.30028769,4.16e-05
2079,4,0.24929149,4.16e-05
2080,4,0.27200302,4.164e-05
2081,5,0.28077078,4.164e-05
2082,5,0.27646673,4.168e-05
2083,5,0.27026823,4.168e-05
2084,5,0.26685938,4.172e-05
2085,5,0.26656982,4.172e-05
2086,5,0.26761198,4.176e-05
2087,5,0.27711585,4.176e-05
2088,5,0.28475916,4.18e-05
2089,5,0.28566220,4.18e-05
2090,5,0.28929055,4.184e-05
2091,5,0.28604126,4.184e-05
2092,5,0.29244879,4.188e-05
2093,5,0.25735945,4.188e-05
2094,5,0.27428421,4.192e-05
2095,5,0.26473448,4.192e-05
2096,5,0.29139096,4.196e-05
2097,5,0.27389050,4.196e-05
2098,5,0.25936773,4.2e-05
2099,5,0.30337912,4.2e-05
2100,5,0.25387400,4.204e-05
2101,5,0.26236701,4.204e-05
2102,5,0.27400658,4.208e-05
2103,5,0.28435469,4.208e-05
2104,5,0.26059595,4.212e-05
2105,5,0.28623062,4.212e-05
2106,5,0.28130928,4.216e-05
2107,5,0.26001433,4.216e-05
2108,5,0.28893352,4.22e-05
2109,5,0.24688727,4.22e-05
2110,5,0.27614403,4.224e-05
2111,5,0.26721585,4.224e-05
2112,5,0.26399302,4.228e-05
2113,5,0.25714213,4.228e-05
2114,5,0.27409235,4.232e-05
2115,5,0.27123728,4.232e-05
2116,5,0.27942196,4.236e-05
2117,5,0.29776409,4.236e-05
2118,5,0.27465779,4.24e-05
2119,5,0.30369037,4.24e-05
2120,5,0.28005844,4.244e-05
2121,5,0.28290907,4.244e-05
2122,5,0.25743312,4.248e-05
2123,5,0.27941430,4.248e-05
2124,5,0.28111264,4.252e-05
2125,5,0.27089041,4.252e-05
2126,5,0.32452434,4.256e-05
2127,5,0.24608395,4.256e-05
2128,5,0.26992622,4.26e-05
2129,5,0.27992424,4.26e-05
2130,5,0.27753481,4.264e-05
2131,5,0.26215214,4.264e-05
2132,5,0.29581371,4.268e-05
2133,5,0.28649351,4.268e-05
2134,5,0.29972449,4.272e-05
2135,5,0.27101240,4.272e-05
2136,5,0.27977049,4.276e-05
2137,5,0.26891100,4.276e-05
2138,5,0.28129631,4.28e-05
2139,5,0.28604752,4.28e-05
2140,5,0.26157126,4.284e-05
2141,5,0.26283327,4.284e-05
2142,5,0.28269470,4.288e-05
2143,5,0.29390642,4.288e-05
2144,5,0.28769258,4.292e-05
2145,5,0.25888744,4.292e-05
2146,5,0.27871948,4.296e-05
2147,5,0.26189888,4.296e-05
2148,5,0.30072004,4.3e-05
2149,5,0.26159945,4.3e-05
2150,5,0.27251500,4.304e-05
2151,5,0.27791443,4.304e-05
2152,5,0.28859752,4.308e-05
2153,5,0.26414117,4.308e-05
2154,5,0.29272285,4.312e-05
2155,5,0.28408587,4.312e-05
2156,5,0.29846743,4.316e-05
2157,5,0.28325778,4.316e-05
2158,5,0.26270872,4.32e-05
2159,5,0.28475925,4.32e-05
2160,5,0.27272150,4.324e-05
2161,5,0.29416594,4.324e-05
2162,5,0.24508850,4.328e-05
2163,5,0.28646109,4.328e-05
2164,5,0.28737262,4.332e-05
2165,5,0.28888226,4.332e-05
2166,5,0.28017536,4.336e-05
2167,5,0.27693856,4.336e-05
2168,5,0.26232234,4.34e-05
2169,5,0.25766531,4.34e-05
2170,5,0.28001750,4.344e-05
2171,5,0.25830665,4.344e-05
2172,5,0.25554717,4.348e-05
2173,5,0.25528151,4.348e-05
2174,5,0.27415910,4.352e-05
2175,5,0.28198108,4.352e-05
2176,5,0.28327316,4.356e-05
2177,5,0.23907065,4.356e-05
2178,5,0.23868257,4.36e-05
2179,5,0.25253963,4.36e-05
2180,5,0.25482515,4.364e-05
2181,5,0.26382151,4.364e-05
2182,5,0.25715604,4.368e-05
2183,5,0.26364622,4.368e-05
2184,5,0.29738173,4.372e-05
2185,5,0.27406174,4.372e-05
2186,5,0.28408882,4.376e-05
2187,5,0.26484340,4.376e-05
2188,5,0.26516464,4.38e-05
2189,5,0.28921786,4.38e-05
2190,5,0.27928540,4.384e-05
2191,5,0.29182059,4.384e-05
2192,5,0.27400154,4.388e-05
2193,5,0.27698421,4.388e-05
2194,5,0.27856776,4.392e-05
2195,5,0.31052861,4.392e-05
2196,5,0.24806887,4.396e-05
2197,5,0.24636333,4.396e-05
2198,5,0.27885813,4.4e-05
2199,5,0.26563931,4.4e-05
2200,5,0.31661350,4.404e-05
2201,5,0.27057090,4.404e-05
2202,5,0.29663286,4.408e-05
2203,5,0.31717336,4.408e-05
2204,5,0.27698988,4.412e-05
2205,5,0.28509513,4.412e-05
2206,5,0.27861670,4.416e-05
2207,5,0.28333676,4.416e-05
2208,5,0.26995829,4.42e-05
2209,5,0.24037404,4.42e-05
2210,5,0.28337398,4.424e-05
2211,5,0.29106680,4.424e-05
2212,5,0.26838937,4.428e-05
2213,5,0.26751524,4.428e-05
2214,5,0.26316029,4.432e-05
2215,5,0.28328806,4.432e-05
2216,5,0.26909706,4.436e-05
2217,5,0.28981188,4.436e-05
2218,5,0.28151119,4.44e-05
2219,5,0.28010985,4.44e-05
2220,5,0.24640782,4.444e-05
2221,5,0.24292342,4.444e-05
2222,5,0.27358899,4.448e-05
2223,5,0.25663987,4.448e-05
2224,5,0.27823755,4.452e-05
2225,5,0.27615780,4.452e-05
2226,5,0.27098599,4.456e-05
2227,5,0.25798532,4.456e-05
2228,5,0.28362712,4.46e-05
2229,5,0.26222277,4.46e-05
2230,5,0.26968402,4.464e-05
2231,5,0.27427939,4.464e-05
2232,5,0.29546294,4.468e-05
2233,5,0.27782002,4.468e-05
2234,5,0.26309279,4.472e-05
2235,5,0.28303745,4.472e-05
2236,5,0.27762258,4.476e-05
2237,5,0.28642717,4.476e-05
2238,5,0.25134474,4.48e-05
2239,5,0.27570727,4.48e-05
2240,5,0.25526083,4.484e-05
2241,5,0.28114402,4.484e-05
2242,5,0.26791921,4.488e-05
2243,5,0.27682590,4.488e-05
2244,5,0.25334430,4.492e-05
2245,5,0.26259556,4.492e-05
2246,5,0.28735799,4.496e-05
2247,5,0.27125767,4.496e-05
2248,5,0.29896757,4.5e-05
2249,5,0.26508251,4.5e-05
2250,5,0.26788160,4.504e-05
2251,5,0.27545696,4.504e-05
2252,5,0.27366662,4.508e-05
2253,5,0.26133111,4.508e-05
2254,5,0.27895901,4.512e-05
2255,5,0.27876505,4.512e-05
2256,5,0.28640428,4.516e-05
2257,5,0.27451530,4.516e-05
2258,5,0.26744154,4.52e-05
2259,5,0.26791334,4.52e-05
2260,5,0.28470999,4.524e-05
2261,5,0.26018739,4.524e-05
2262,5,0.26351729,4.528e-05
2263,5,0.29153198,4.528e-05
2264,5,0.27062118,4.532e-05
2265,5,0.26711860,4.532e-05
2266,5,0.26272780,4.536e-05
2267,5,0.27764899,4.536e-05
2268,5,0.28960016,4.54e-05
2269,5,0.26437414,4.54e-05
2270,5,0.27493489,4.544e-05
2271,5,0.26637089,4.544e-05
2272,5,0.25822631,4.548e-05
2273,5,0.27198675,4.548e-05
2274,5,0.27374697,4.552e-05
2275,5,0.28032991,4.552e-05
2276,5,0.24729538,4.556e-05
2277,5,0.27243742,4.556e-05
2278,5,0.27915975,4.56e-05
2279,5,0.27443054,4.56e-05
2280,5,0.26197830,4.564e-05
2281,5,0.27664089,4.564e-05
2282,5,0.27424183,4.568e-05
2283,5,0.26974946,4.568e-05
2284,5,0.28831619,4.572e-05
2285,5,0.26047403,4.572e-05
2286,5,0.26281157,4.576e-05
2287,5,0.29093230,4.576e-05
2288,5,0.27874261,4.58e-05
2289,5,0.25977042,4.58e-05
2290,5,0.27253184,4.584e-05
2291,5,0.31754363,4.584e-05
2292,5,0.26509660,4.588e-05
2293,5,0.29229650,4.588e-05
2294,5,0.26634708,4.592e-05
2295,5,0.27955839,4.592e-05
2296,5,0.28023571,4.596e-05
2297,5,0.26827157,4.596e-05
2298,5,0.26851666,4.6e-05
2299,5,0.28358856,4.6e-05
2300,5,0.24784984,4.604e-05
2301,5,0.30162510,4.604e-05
2302,5,0.26766771,4.608e-05
2303,5,0.29383770,4.608e-05
2304,5,0.26960593,4.612e-05
2305,5,0.27328467,4.612e-05
2306,5,0.26120740,4.616e-05
2307,5,0.24845038,4.616e-05
2308,5,0.27980033,4.62e-05
2309,5,0.28080115,4.62e-05
2310,5,0.27846405,4.624e-05
2311,5,0.25843126,4.624e-05
2312,5,0.28252852,4.628e-05
2313,5,0.26823992,4.628e-05
2314,5,0.30115688,4.632e-05
2315,5,0.26652396,4.632e-05
2316,5,0.27758193,4.636e-05
2317,5,0.30002454,4.636e-05
2318,5,0.26400131,4.64e-05
2319,5,0.27585146,4.64e-05
2320,5,0.25942153,4.644e-05
2321,5,0.25060558,4.644e-05
2322,5,0.25027907,4.648e-05
2323,5,0.24349144,4.648e-05
2324,5,0.25789016,4.652e-05
2325,5,0.25256723,4.652e-05
2326,5,0.27384725,4.656e-05
2327,5,0.25483552,4.656e-05
2328,5,0.24878655,4.66e-05
2329,5,0.27769920,4.66e-05
2330,5,0.27946040,4.664e-05
2331,5,0.27215925,4.664e-05
2332,5,0.25184783,4.668e-05
2333,5,0.29025874,4.668e-05
2334,5,0.25470844,4.672e-05
2335,5,0.28363910,4.672e-05
2336,5,0.26535383,4.676e-05
2337,5,0.28675923,4.676e-05
2338,5,0.26437369,4.68e-05
2339,5,0.25197273,4.68e-05
2340,5,0.28119811,4.684e-05
2341,5,0.26086432,4.684e-05
2342,5,0.25907391,4.688e-05
2343,5,0.28244933,4.688e-05
2344,5,0.26522896,4.692e-05
2345,5,0.26191995,4.692e-05
2346,5,0.24880487,4.696e-05
2347,5,0.27533832,4.696e-05
2348,5,0.29257950,4.7e-05
2349,5,0.26759133,4.7e-05
2350,5,0.28400737,4.704e-05
2351,5,0.25830331,4.704e-05
2352,5,0.27821493,4.708e-05
2353,5,0.25980854,4.708e-05
2354,5,0.28391218,4.712e-05
2355,5,0.27755585,4.712e-05
2356,5,0.24398643,4.716e-05
2357,5,0.26746210,4.716e-05
2358,5,0.28510532,4.72e-05
2359,5,0.28560272,4.72e-05
2360,5,0.28178155,4.724e-05
2361,5,0.27641207,4.724e-05
2362,5,0.27089301,4.728e-05
2363,5,0.27181223,4.728e-05
2364,5,0.28102693,4.732e-05
2365,5,0.27372244,4.732e-05
2366,5,0.24931349,4.736e-05
2367,5,0.28340790,4.736e-05
2368,5,0.29953015,4.74e-05
2369,5,0.27475515,4.74e-05
2370,5,0.27812696,4.744e-05
2371,5,0.26581189,4.744e-05
2372,5,0.24813864,4.748e-05
2373,5,0.25693586,4.748e-05
2374,5,0.26306772,4.752e-05
2375,5,0.25916806,4.752e-05
2376,5,0.25673687,4.756e-05
2377,5,0.25448757,4.756e-05
2378,5,0.27220726,4.76e-05
2379,5,0.26607165,4.76e-05
2380,5,0.28880781,4.764e-05
2381,5,0.25808847,4.764e-05
2382,5,0.25075945,4.768e-05
2383,5,0.27284485,4.768e-05
2384,5,0.27265051,4.772e-05
2385,5,0.24935170,4.772e-05
2386,5,0.25853339,4.776e-05
2387,5,0.27531132,4.776e-05
2388,5,0.26686230,4.78e-05
2389,5,0.26744092,4.78e-05
2390,5,0.25263023,4.784e-05
2391,5,0.27618870,4.784e-05
2392,5,0.28936911,4.788e-05
2393,5,0.27466160,4.788e-05
2394,5,0.27288702,4.792e-05
2395,5,0.27243504,4.792e-05
2396,5,0.25844589,4.796e-05
2397,5,0.24526221,4.796e-05
2398,5,0.27341789,4.8e-05
2399,5,0.27059263,4.8e-05
2400,5,0.26190728,4.804e-05
2401,5,0.29193455,4.804e-05
2402,5,0.26201195,4.808e-05
2403,5,0.26161462,4.808e-05
2404,5,0.27633587,4.812e-05
2405,5,0.25853559,4.812e-05
2406,5,0.25345230,4.816e-05
2407,5,0.23910832,4.816e-05
2408,5,0.26260439,4.82e-05
2409,5,0.24841852,4.82e-05
2410,5,0.25002384,4.824e-05
2411,5,0.26396111,4.824e-05
2412,5,0.24391992,4.828e-05
2413,5,0.28342909,4.828e-05
2414,5,0.24946123,4.832e-05
2415,5,0.25234452,4.832e-05
2416,5,0.29239452,4.836e-05
2417,5,0.28038135,4.836e-05
2418,5,0.27530730,4.84e-05
2419,5,0.25932661,4.84e-05
2420,5,0.25502557,4.844e-05
2421,5,0.27134138,4.844e-05
2422,5,0.23785788,4.848e-05
2423,5,0.27639571,4.848e-05
2424,5,0.27282897,4.852e-05
2425,5,0.28679779,4.852e-05
2426,5,0.27230078,4.856e-05
2427,5,0.25175878,4.856e-05
2428,5,0.25498044,4.86e-05
2429,5,0.25513506,4.86e-05
2430,5,0.27357426,4.864e-05
2431,5,0.26984751,4.864e-05
2432,5,0.26506737,4.868e-05
2433,5,0.27547336,4.868e-05
2434,5,0.26843140,4.872e-05
2435,5,0.26652995,4.872e-05
2436,5,0.27065507,4.876e-05
2437,5,0.26026002,4.876e-05
2438,5,0.29879051,4.88e-05
2439,5,0.25641388,4.88e-05
2440,5,0.25620386,4.884e-05
2441,5,0.26140252,4.884e-05
2442,5,0.28511015,4.888e-05
2443,5,0.29374692,4.888e-05
2444,5,0.26297474,4.892e-05
2445,5,0.24796581,4.892e-05
2446,5,0.27442175,4.896e-05
2447,5,0.26421967,4.896e-05
2448,5,0.24244219,4.9e-05
2449,5,0.25759831,4.9e-05
2450,5,0.26129949,4.904e-05
2451,5,0.29199156,4.904e-05
2452,5,0.28520712,4.908e-05
2453,5,0.26725399,4.908e-05
2454,5,0.26578161,4.912e-05
2455,5,0.27992955,4.912e-05
2456,5,0.26460591,4.916e-05
2457,5,0.27660197,4.916e-05
2458,5,0.28048947,4.92e-05
2459,5,0.23578326,4.92e-05
2460,5,0.25991455,4.924e-05
2461,5,0.25501093,4.924e-05
2462,5,0.25405848,4.928e-05
2463,5,0.26599279,4.928e-05
2464,5,0.25425282,4.932e-05
2465,5,0.26909003,4.932e-05
2466,5,0.26107684,4.936e-05
2467,5,0.25539461,4.936e-05
2468,5,0.23424549,4.94e-05
2469,5,0.27428412,4.94e-05
2470,5,0.27992472,4.944e-05
2471,5,0.27947083,4.944e-05
2472,5,0.26582032,4.948e-05
2473,5,0.24373442,4.948e-05
2474,5,0.25870091,4.952e-05
2475,5,0.24910471,4.952e-05
2476,5,0.24786483,4.956e-05
2477,5,0.28326148,4.956e-05
2478,5,0.26163617,4.96e-05
2479,5,0.28213283,4.96e-05
2480,5,0.28802818,4.964e-05
2481,5,0.27470025,4.964e-05
2482,5,0.23979160,4.968e-05
2483,5,0.27113450,4.968e-05
2484,5,0.25384083,4.972e-05
2485,5,0.26036143,4.972e-05
2486,5,0.26666641,4.976e-05
2487,5,0.26944783,4.976e-05
2488,5,0.25853729,4.98e-05
2489,5,0.26520649,4.98e-05
2490,5,0.22782806,4.984e-05
2491,5,0.24784191,4.984e-05
2492,5,0.28251308,4.988e-05
2493,5,0.27290362,4.988e-05
2494,5,0.26475823,4.992e-05
2495,5,0.25559077,4.992e-05
2496,5,0.27536452,4.996e-05
2497,5,0.27269530,4.996e-05
2498,5,0.26458231,5e-05
2499,5,0.24594827,5e-05
2500,5,0.25331625,5.004e-05
2501,5,0.26800552,5.004e-05
2502,5,0.26833355,5.008e-05
2503,5,0.27868065,5.008e-05
2504,5,0.25986969,5.012e-05
2505,5,0.25032765,5.012e-05
2506,5,0.24593952,5.016e-05
2507,5,0.27629763,5.016e-05
2508,5,0.25833708,5.02e-05
2509,5,0.27403909,5.02e-05
2510,5,0.25801849,5.024e-05
2511,5,0.28582031,5.024e-05
2512,5,0.27272716,5.028e-05
2513,5,0.25632811,5.028e-05
2514,5,0.24404462,5.032e-05
2515,5,0.26219255,5.032e-05
2516,5,0.27692106,5.036e-05
2517,5,0.24449290,5.036e-05
2518,5,0.24052674,5.04e-05
2519,5,0.27817324,5.04e-05
2520,5,0.28633213,5.044e-05
2521,5,0.25667012,5.044e-05
2522,5,0.25421101,5.048e-05
2523,5,0.25649261,5.048e-05
2524,5,0.26925924,5.052e-05
2525,5,0.27445310,5.052e-05
2526,5,0.26884413,5.056e-05
2527,5,0.26009372,5.056e-05
2528,5,0.26038200,5.06e-05
2529,5,0.22714515,5.06e-05
2530,5,0.25827646,5.064e-05
2531,5,0.25740534,5.064e-05
2532,5,0.25785455,5.068e-05
2533,5,0.25145203,5.068e-05
2534,5,0.25722638,5.072e-05
2535,5,0.24164717,5.072e-05
2536,5,0.27103487,5.076e-05
2537,5,0.27951604,5.076e-05
2538,5,0.26476070,5.08e-05
2539,5,0.26840439,5.08e-05
2540,5,0.27802053,5.084e-05
2541,5,0.24172428,5.084e-05
2542,5,0.28485101,5.088e-05
2543,5,0.24170038,5.088e-05
2544,5,0.26713991,5.092e-05
2545,5,0.28026173,5.092e-05
2546,5,0.28751877,5.096e-05
2547,5,0.28191352,5.096e-05
2548,5,0.26400095,5.1e-05
2549,5,0.27925977,5.1e-05
2550,5,0.24902269,5.104e-05
2551,5,0.26531941,5.104e-05
2552,5,0.26049384,5.108e-05
2553,5,0.23707552,5.108e-05
2554,5,0.27631533,5.112e-05
2555,5,0.27231124,5.112e-05
2556,5,0.27745399,5.116e-05
2557,5,0.25856683,5.116e-05
2558,5,0.27006605,5.12e-05
2559,5,0.25376597,5.12e-05
2560,5,0.26102164,5.124e-05
2561,5,0.27223444,5.124e-05
2562,5,0.29422536,5.128e-05
2563,5,0.26385993,5.128e-05
2564,5,0.28638902,5.132e-05
2565,5,0.28537777,5.132e-05
2566,5,0.25897422,5.136e-05
2567,5,0.26708683,5.136e-05
2568,5,0.25230727,5.14e-05
2569,5,0.24432789,5.14e-05
2570,5,0.27029353,5.144e-05
2571,5,0.23407790,5.144e-05
2572,5,0.24075429,5.148e-05
2573,5,0.27786151,5.148e-05
2574,5,0.25043288,5.152e-05
2575,5,0.23565228,5.152e-05
2576,5,0.26509967,5.156e-05
2577,5,0.24975327,5.156e-05
2578,5,0.25906354,5.16e-05
2579,5,0.24462779,5.16e-05
2580,5,0.27648303,5.164e-05
2581,5,0.25300545,5.164e-05
2582,5,0.24907844,5.168e-05
2583,5,0.28025994,5.168e-05
2584,5,0.25355944,5.172e-05
2585,5,0.24936777,5.172e-05
2586,5,0.25906101,5.176e-05
2587,5,0.27785537,5.176e-05
2588,5,0.28428459,5.18e-05
2589,5,0.28094876,5.18e-05
2590,5,0.23421700,5.184e-05
2591,5,0.26547071,5.184e-05
2592,5,0.27496853,5.188e-05
2593,5,0.25662041,5.188e-05
2594,5,0.26767296,5.192e-05
2595,5,0.25745392,5.192e-05
2596,5,0.23373567,5.196e-05
2597,5,0.23838139,5.196e-05
2598,5,0.25191927,5.2e-05
2599,5,0.27674866,5.2e-05
2600,5,0.26266786,5.204e-05
2601,6,0.25773531,5.204e-05
2602,6,0.23188213,5.208e-05
2603,6,0.24677658,5.208e-05
2604,6,0.28885567,5.212e-05
2605,6,0.24807353,5.212e-05
2606,6,0.25359768,5.216e-05
2607,6,0.28031880,5.216e-05
2608,6,0.27279261,5.22e-05
2609,6,0.26111987,5.22e-05
2610,6,0.28335810,5.224e-05
2611,6,0.22928114,5.224e-05
2612,6,0.25836205,5.228e-05
2613,6,0.24672686,5.228e-05
2614,6,0.26171869,5.232e-05
2615,6,0.25891569,5.232e-05
2616,6,0.24563840,5.236e-05
2617,6,0.25301790,5.236e-05
2618,6,0.27354902,5.24e-05
2619,6,0.27074897,5.24e-05
2620,6,0.24903770,5.244e-05
2621,6,0.26703528,5.244e-05
2622,6,0.25411186,5.248e-05
2623,6,0.24900916,5.248e-05
2624,6,0.24969287,5.252e-05
2625,6,0.23246707,5.252e-05
2626,6,0.28090101,5.256e-05
2627,6,0.27641618,5.256e-05
2628,6,0.24187094,5.26e-05
2629,6,0.24922249,5.26e-05
2630,6,0.28489780,5.264e-05
2631,6,0.27451077,5.264e-05
2632,6,0.26217046,5.268e-05
2633,6,0.27445245,5.268e-05
2634,6,0.23560794,5.272e-05
2635,6,0.24145977,5.272e-05
2636,6,0.24436095,5.276e-05
2637,6,0.25852945,5.276e-05
2638,6,0.24896462,5.28e-05
2639,6,0.23273982,5.28e-05
2640,6,0.27175039,5.284e-05
2641,6,0.25523457,5.284e-05
2642,6,0.26736596,5.288e-05
2643,6,0.27706352,5.288e-05
2644,6,0.26472452,5.292e-05
2645,6,0.23096773,5.292e-05
2646,6,0.25210157,5.296e-05
2647,6,0.25136313,5.296e-05
2648,6,0.25847283,5.3e-05
2649,6,0.24576013,5.3e-05
2650,6,0.25280491,5.304e-05
2651,6,0.26773268,5.304e-05
2652,6,0.23925567,5.308e-05
2653,6,0.26971599,5.308e-05
2654,6,0.24657293,5.312e-05
2655,6,0.26802912,5.312e-05
2656,6,0.26907647,5.316e-05
2657,6,0.28010264,5.316e-05
2658,6,0.24822044,5.32e-05
2659,6,0.24801642,5.32e-05
2660,6,0.28516191,5.324e-05
2661,6,0.25443527,5.324e-05
2662,6,0.25091976,5.328e-05
2663,6,0.24121486,5.328e-05
2664,6,0.25019804,5.332e-05
2665,6,0.24244264,5.332e-05
2666,6,0.25664288,5.336e-05
2667,6,0.25222176,5.336e-05
2668,6,0.27842453,5.34e-05
2669,6,0.26266634,5.34e-05
2670,6,0.26354152,5.344e-05
2671,6,0.28066912,5.344e-05
2672,6,0.25459549,5.348e-05
2673,6,0.24729933,5.348e-05
2674,6,0.26501957,5.352e-05
2675,6,0.23937427,5.352e-05
2676,6,0.26930812,5.356e-05
2677,6,0.23421097,5.356e-05
2678,6,0.26389900,5.36e-05
2679,6,0.25909334,5.36e-05
2680,6,0.24936019,5.364e-05
2681,6,0.26090539,5.364e-05
2682,6,0.24207857,5.368e-05
2683,6,0.22591431,5.368e-05
2684,6,0.26112032,5.372e-05
2685,6,0.29035404,5.372e-05
2686,6,0.23948023,5.376e-05
2687,6,0.24777296,5.376e-05
2688,6,0.29206154,5.38e-05
2689,6,0.26887289,5.38e-05
2690,6,0.27182436,5.384e-05
2691,6,0.23840602,5.384e-05
2692,6,0.26350588,5.388e-05
2693,6,0.26235825,5.388e-05
2694,6,0.24698359,5.392e-05
2695,6,0.25438550,5.392e-05
2696,6,0.26700646,5.396e-05
2697,6,0.25931734,5.396e-05
2698,6,0.24774875,5.4e-05
2699,6,0.26079267,5.4e-05
2700,6,0.26812974,5.404e-05
2701,6,0.26674211,5.404e-05
2702,6,0.26801389,5.408e-05
2703,6,0.24575938,5.408e-05
2704,6,0.27333984,5.412e-05
2705,6,0.21611507,5.412e-05
2706,6,0.25071540,5.416e-05
2707,6,0.25527039,5.416e-05
2708,6,0.25986338,5.42e-05
2709,6,0.24904765,5.42e-05
2710,6,0.27865663,5.424e-05
2711,6,0.24425337,5.424e-05
2712,6,0.25527900,5.428e-05
2713,6,0.23786913,5.428e-05
2714,6,0.27268797,5.432e-05
2715,6,0.27249050,5.432e-05
2716,6,0.26381055,5.436e-05
2717,6,0.26884604,5.436e-05
2718,6,0.26095995,5.44e-05
2719,6,0.25884008,5.44e-05
2720,6,0.26189676,5.444e-05
2721,6,0.26093113,5.444e-05
2722,6,0.23912457,5.448e-05
2723,6,0.24855286,5.448e-05
2724,6,0.25294107,5.452e-05
2725,6,0.29012796,5.452e-05
2726,6,0.26943868,5.456e-05
2727,6,0.25502813,5.456e-05
2728,6,0.25128555,5.46e-05
2729,6,0.23933315,5.46e-05
2730,6,0.25729066,5.464e-05
2731,6,0.25607941,5.464e-05
2732,6,0.24179588,5.468e-05
2733,6,0.26023620,5.468e-05
2734,6,0.24985902,5.472e-05
2735,6,0.24959207,5.472e-05
2736,6,0.24759279,5.476e-05
2737,6,0.24697553,5.476e-05
2738,6,0.26887104,5.48e-05
2739,6,0.25338733,5.48e-05
2740,6,0.25306743,5.484e-05
2741,6,0.27395815,5.484e-05
2742,6,0.24615391,5.488e-05
2743,6,0.23916197,5.488e-05
2744,6,0.28678575,5.492e-05
2745,6,0.24254534,5.492e-05
2746,6,0.27301478,5.496e-05
2747,6,0.28461009,5.496e-05
2748,6,0.26380944,5.5e-05
2749,6,0.25691262,5.5e-05
2750,6,0.23608626,5.504e-05
2751,6,0.25075340,5.504e-05
2752,6,0.26432854,5.508e-05
2753,6,0.27591944,5.508e-05
2754,6,0.24969597,5.512e-05
2755,6,0.25161350,5.512e-05
2756,6,0.23768367,5.516e-05
2757,6,0.24050103,5.516e-05
2758,6,0.24144258,5.52e-05
2759,6,0.24551922,5.52e-05
2760,6,0.26805121,5.524e-05
2761,6,0.23186721,5.524e-05
2762,6,0.22749186,5.528e-05
2763,6,0.23320024,5.528e-05
2764,6,0.22992688,5.532e-05
2765,6,0.25159040,5.532e-05
2766,6,0.26147836,5.536e-05
2767,6,0.26013359,5.536e-05
2768,6,0.23923887,5.54e-05
2769,6,0.24170256,5.54e-05
2770,6,0.23094235,5.544e-05
2771,6,0.27106491,5.544e-05
2772,6,0.24713530,5.548e-05
2773,6,0.25300246,5.548e-05
2774,6,0.27548361,5.552e-05
2775,6,0.26200220,5.552e-05
2776,6,0.24168664,5.556e-05
2777,6,0.23801014,5.556e-05
2778,6,0.25484151,5.56e-05
2779,6,0.22335808,5.56e-05
2780,6,0.24703752,5.564e-05
2781,6,0.26901147,5.564e-05
2782,6,0.25063235,5.568e-05
2783,6,0.27482986,5.568e-05
2784,6,0.24425173,5.572e-05
2785,6,0.23955770,5.572e-05
2786,6,0.24393442,5.576e-05
2787,6,0.24557059,5.576e-05
2788,6,0.24162526,5.58e-05
2789,6,0.21965182,5.58e-05
2790,6,0.23325713,5.584e-05
2791,6,0.27527609,5.584e-05
2792,6,0.26962319,5.588e-05
2793,6,0.25530070,5.588e-05
2794,6,0.24040815,5.592e-05
2795,6,0.24635299,5.592e-05
2796,6,0.26402375,5.596e-05
2797,6,0.24588877,5.596e-05
2798,6,0.23449448,5.6e-05
2799,6,0.25989294,5.6e-05
2800,6,0.26634172,5.604e-05
2801,6,0.24690649,5.604e-05
2802,6,0.24877763,5.608e-05
2803,6,0.25052676,5.608e-05
2804,6,0.24410963,5.612e-05
2805,6,0.24877806,5.612e-05
2806,6,0.25620466,5.616e-05
2807,6,0.23399809,5.616e-05
2808,6,0.25815406,5.62e-05
2809,6,0.24061839,5.62e-05
2810,6,0.23562469,5.624e-05
2811,6,0.23914368,5.624e-05
2812,6,0.27144128,5.628e-05
2813,6,0.24408112,5.628e-05
2814,6,0.26117972,5.632e-05
2815,6,0.26951575,5.632e-05
2816,6,0.25620914,5.636e-05
2817,6,0.25172114,5.636e-05
2818,6,0.24112998,5.64e-05
2819,6,0.26657459,5.64e-05
2820,6,0.24373694,5.644e-05
2821,6,0.25384569,5.644e-05
2822,6,0.27523592,5.648e-05
2823,6,0.25580552,5.648e-05
2824,6,0.25112125,5.652e-05
2825,6,0.26071343,5.652e-05
2826,6,0.28274816,5.656e-05
2827,6,0.23064120,5.656e-05
2828,6,0.25993645,5.66e-05
2829,6,0.25953025,5.66e-05
2830,6,0.24534427,5.664e-05
2831,6,0.25887659,5.664e-05
2832,6,0.26115975,5.668e-05
2833,6,0.25078028,5.668e-05
2834,6,0.24421801,5.672e-05
2835,6,0.28139368,5.672e-05
2836,6,0.24489684,5.676e-05
2837,6,0.24874602,5.676e-05
2838,6,0.25721842,5.68e-05
2839,6,0.27348599,5.68e-05
2840,6,0.29235062,5.684e-05
2841,6,0.24833696,5.684e-05
2842,6,0.26901251,5.688e-05
2843,6,0.26889578,5.688e-05
2844,6,0.27962938,5.692e-05
2845,6,0.25590178,5.692e-05
2846,6,0.27210370,5.696e-05
2847,6,0.26249400,5.696e-05
2848,6,0.27290383,5.7e-05
2849,6,0.25169271,5.7e-05
2850,6,0.25244436,5.704e-05
2851,6,0.22949903,5.704e-05
2852,6,0.24205123,5.708e-05
2853,6,0.24989393,5.708e-05
2854,6,0.25941506,5.712e-05
2855,6,0.26519153,5.712e-05
2856,6,0.25316587,5.716e-05
2857,6,0.23176660,5.716e-05
2858,6,0.25747386,5.72e-05
2859,6,0.27560076,5.72e-05
2860,6,0.23358552,5.724e-05
2861,6,0.24420135,5.724e-05
2862,6,0.23842759,5.728e-05
2863,6,0.25279379,5.728e-05
2864,6,0.24084523,5.732e-05
2865,6,0.25963974,5.732e-05
2866,6,0.25339466,5.736e-05
2867,6,0.28441668,5.736e-05
2868,6,0.28250852,5.74e-05
2869,6,0.25748223,5.74e-05
2870,6,0.25291812,5.744e-05
2871,6,0.28102773,5.744e-05
2872,6,0.24535118,5.748e-05
2873,6,0.23388614,5.748e-05
2874,6,0.24898086,5.752e-05
2875,6,0.25598139,5.752e-05
2876,6,0.24807127,5.756e-05
2877,6,0.26668379,5.756e-05
2878,6,0.25711262,5.76e-05
2879,6,0.23695622,5.76e-05
2880,6,0.23510875,5.764e-05
2881,6,0.24261495,5.764e-05
2882,6,0.26656067,5.768e-05
2883,6,0.24650259,5.768e-05
2884,6,0.25765514,5.772e-05
2885,6,0.24574582,5.772e-05
2886,6,0.24032643,5.776e-05
2887,6,0.26479945,5.776e-05
2888,6,0.25548539,5.78e-05
2889,6,0.22597381,5.78e-05
2890,6,0.25362608,5.784e-05
2891,6,0.24273729,5.784e-05
2892,6,0.26691177,5.788e-05
2893,6,0.25587878,5.788e-05
2894,6,0.23903315,5.792e-05
2895,6,0.25981164,5.792e-05
2896,6,0.24477284,5.796e-05
2897,6,0.24530713,5.796e-05
2898,6,0.24449083,5.8e-05
2899,6,0.26483542,5.8e-05
2900,6,0.25476164,5.804e-05
2901,6,0.22944181,5.804e-05
2902,6,0.26334110,5.808e-05
2903,6,0.25301585,5.808e-05
2904,6,0.23537265,5.812e-05
2905,6,0.23459835,5.812e-05
2906,6,0.26177707,5.816e-05
2907,6,0.23957933,5.816e-05
2908,6,0.27183875,5.82e-05
2909,6,0.22856681,5.82e-05
2910,6,0.23688751,5.824e-05
2911,6,0.22861889,5.824e-05
2912,6,0.24200460,5.828e-05
2913,6,0.24369410,5.828e-05
2914,6,0.25291905,5.832e-05
2915,6,0.27683911,5.832e-05
2916,6,0.26454431,5.836e-05
2917,6,0.25546327,5.836e-05
2918,6,0.25401253,5.84e-05
2919,6,0.25172558,5.84e-05
2920,6,0.28169417,5.844e-05
2921,6,0.27520591,5.844e-05
2922,6,0.25262108,5.848e-05
2923,6,0.25142163,5.848e-05
2924,6,0.25080228,5.852e-05
2925,6,0.28510436,5.852e-05
2926,6,0.25272635,5.856e-05
2927,6,0.22499050,5.856e-05
2928,6,0.25690496,5.86e-05
2929,6,0.25399053,5.86e-05
2930,6,0.24460523,5.864e-05
2931,6,0.26356518,5.864e-05
2932,6,0.23118973,5.868e-05
2933,6,0.25896081,5.868e-05
2934,6,0.25362983,5.872e-05
2935,6,0.23863085,5.872e-05
2936,6,0.24049108,5.876e-05
2937,6,0.23558886,5.876e-05
2938,6,0.24759218,5.88e-05
2939,6,0.25053602,5.88e-05
2940,6,0.25163284,5.884e-05
2941,6,0.26154920,5.884e-05
2942,6,0.22893675,5.888e-05
2943,6,0.24905178,5.888e-05
2944,6,0.24348184,5.892e-05
2945,6,0.24095096,5.892e-05
2946,6,0.27071276,5.896e-05
2947,6,0.25053740,5.896e-05
2948,6,0.26290289,5.9e-05
2949,6,0.24220061,5.9e-05
2950,6,0.24827528,5.904e-05
2951,6,0.24406153,5.904e-05
2952,6,0.25029328,5.908e-05
2953,6,0.26057813,5.908e-05
2954,6,0.26851955,5.912e-05
2955,6,0.26440817,5.912e-05
2956,6,0.28576234,5.916e-05
2957,6,0.24323092,5.916e-05
2958,6,0.22611091,5.92e-05
2959,6,0.23320638,5.92e-05
2960,6,0.25827307,5.924e-05
2961,6,0.25833866,5.924e-05
2962,6,0.25697756,5.928e-05
2963,6,0.24991539,5.928e-05
2964,6,0.25191724,5.932e-05
2965,6,0.24553366,5.932e-05
2966,6,0.26695168,5.936e-05
2967,6,0.25114551,5.936e-05
2968,6,0.24571858,5.94e-05
2969,6,0.26739064,5.94e-05
2970,6,0.25021869,5.944e-05
2971,6,0.23974164,5.944e-05
2972,6,0.24238825,5.948e-05
2973,6,0.24151643,5.948e-05
2974,6,0.25419483,5.952e-05
2975,6,0.23586027,5.952e-05
2976,6,0.25010994,5.956e-05
2977,6,0.24690495,5.956e-05
2978,6,0.22774573,5.96e-05
2979,6,0.25029197,5.96e-05
2980,6,0.23844242,5.964e-05
2981,6,0.25209516,5.964e-05
2982,6,0.27276781,5.968e-05
2983,6,0.26620644,5.968e-05
2984,6,0.27262709,5.972e-05
2985,6,0.22259061,5.972e-05
2986,6,0.23198393,5.976e-05
2987,6,0.25170276,5.976e-05
2988,6,0.25233078,5.98e-05
2989,6,0.23175780,5.98e-05
2990,6,0.24902232,5.984e-05
2991,6,0.25940037,5.984e-05
2992,6,0.23289339,5.988e-05
2993,6,0.22301531,5.988e-05
2994,6,0.24990220,5.992e-05
2995,6,0.25512531,5.992e-05
2996,6,0.26170066,5.996e-05
2997,6,0.23637427,5.996e-05
2998,6,0.25519761,6e-05
2999,6,0.24489127,6e-05
3000,6,0.24524577,6.004e-05
3001,6,0.27684683,6.004e-05
3002,6,0.23639233,6.008e-05
3003,6,0.25296226,6.008e-05
3004,6,0.26894882,6.012e-05
3005,6,0.24576303,6.012e-05
3006,6,0.23327923,6.016e-05
3007,6,0.23535129,6.016e-05
3008,6,0.26485756,6.02e-05
3009,6,0.24893935,6.02e-05
3010,6,0.23989779,6.024e-05
3011,6,0.28762850,6.024e-05
3012,6,0.25479379,6.028e-05
3013,6,0.23561092,6.028e-05
3014,6,0.24712685,6.032e-05
3015,6,0.23702696,6.032e-05
3016,6,0.27401596,6.036e-05
3017,6,0.22876093,6.036e-05
3018,6,0.24062920,6.04e-05
3019,6,0.23942934,6.04e-05
3020,6,0.26846102,6.044e-05
3021,6,0.24601878,6.044e-05
3022,6,0.27180699,6.048e-05
3023,6,0.24329501,6.048e-05
3024,6,0.24155739,6.052e-05
3025,6,0.21811894,6.052e-05
3026,6,0.24425088,6.056e-05
3027,6,0.26019484,6.056e-05
3028,6,0.24354048,6.06e-05
3029,6,0.25533608,6.06e-05
3030,6,0.26112425,6.064e-05
3031,6,0.23857649,6.064e-05
3032,6,0.22739321,6.068e-05
3033,6,0.24472383,6.068e-05
3034,6,0.28161988,6.072e-05
3035,6,0.26579052,6.072e-05
3036,6,0.27879626,6.076e-05
3037,6,0.23868190,6.076e-05
3038,6,0.25926399,6.08e-05
3039,6,0.22597644,6.08e-05
3040,6,0.24333246,6.084e-05
3041,6,0.23525943,6.084e-05
3042,6,0.25536883,6.088e-05
3043,6,0.23659961,6.088e-05
3044,6,0.24690004,6.092e-05
3045,6,0.25780669,6.092e-05
3046,6,0.24646105,6.096e-05
3047,6,0.24108982,6.096e-05
3048,6,0.24876878,6.1e-05
3049,6,0.25371820,6.1e-05
3050,6,0.25650683,6.104e-05
3051,6,0.24992752,6.104e-05
3052,6,0.24771388,6.108e-05
3053,6,0.24035163,6.108e-05
3054,6,0.24031836,6.112e-05
3055,6,0.28552029,6.112e-05
3056,6,0.24786706,6.116e-05
3057,6,0.24495406,6.116e-05
3058,6,0.26240689,6.12e-05
3059,6,0.23997681,6.12e-05
3060,6,0.25575945,6.124e-05
3061,6,0.24243464,6.124e-05
3062,6,0.25961584,6.128e-05
3063,6,0.23342779,6.128e-05
3064,6,0.25499949,6.132e-05
3065,6,0.24847020,6.132e-05
3066,6,0.25943354,6.136e-05
3067,6,0.24484839,6.136e-05
3068,6,0.23708534,6.14e-05
3069,6,0.23089096,6.14e-05
3070,6,0.25225836,6.144e-05
3071,6,0.24538565,6.144e-05
3072,6,0.24636105,6.148e-05
3073,6,0.26906481,6.148e-05
3074,6,0.23829974,6.152e-05
3075,6,0.23298825,6.152e-05
3076,6,0.24931413,6.156e-05
3077,6,0.23713538,6.156e-05
3078,6,0.23200321,6.16e-05
3079,6,0.25630489,6.16e-05
3080,6,0.23327640,6.164e-05
3081,6,0.29198495,6.164e-05
3082,6,0.25599051,6.168e-05
3083,6,0.23113659,6.168e-05
3084,6,0.24143191,6.172e-05
3085,6,0.25223425,6.172e-05
3086,6,0.27386251,6.176e-05
3087,6,0.24116196,6.176e-05
3088,6,0.25004891,6.18e-05
3089,6,0.23180400,6.18e-05
3090,6,0.25016302,6.184e-05
3091,6,0.28774139,6.184e-05
3092,6,0.22767885,6.188e-05
3093,6,0.23268077,6.188e-05
3094,6,0.24236627,6.192e-05
3095,6,0.25695935,6.192e-05
3096,6,0.23042805,6.196e-05
3097,6,0.26572385,6.196e-05
3098,6,0.25541618,6.2e-05
3099,6,0.24845998,6.2e-05
3100,6,0.23516062,6.204e-05
3101,6,0.24865007,6.204e-05
3102,6,0.23528075,6.208e-05
3103,6,0.26921606,6.208e-05
3104,6,0.21702708,6.212e-05
3105,6,0.25007382,6.212e-05
3106,6,0.22828463,6.216e-05
3107,6,0.24374512,6.216e-05
3108,6,0.25442335,6.22e-05
3109,6,0.25051513,6.22e-05
3110,6,0.24690416,6.224e-05
3111,6,0.22486408,6.224e-05
3112,6,0.23828132,6.228e-05
3113,6,0.24282609,6.228e-05
3114,6,0.22470491,6.232e-05
3115,6,0.23452289,6.232e-05
3116,6,0.23218499,6.236e-05
3117,6,0.25597635,6.236e-05
3118,6,0.24769561,6.24e-05
3119,6,0.25607172,6.24e-05
3120,6,0.25922495,6.244e-05
3121,7,0.25775656,6.244e-05
3122,7,0.25260869,6.248e-05
3123,7,0.28139627,6.248e-05
3124,7,0.21009786,6.252e-05
3125,7,0.23773180,6.252e-05
3126,7,0.25384322,6.256e-05
3127,7,0.25503111,6.256e-05
3128,7,0.23155287,6.26e-05
3129,7,0.25995913,6.26e-05
3130,7,0.22892557,6.264e-05
3131,7,0.24344914,6.264e-05
3132,7,0.22544803,6.268e-05
3133,7,0.23880336,6.268e-05
3134,7,0.25800678,6.272e-05
3135,7,0.25689507,6.272e-05
3136,7,0.24909817,6.276e-05
3137,7,0.24317580,6.276e-05
3138,7,0.23221037,6.28e-05
3139,7,0.28331074,6.28e-05
3140,7,0.25291809,6.284e-05
3141,7,0.25777331,6.284e-05
3142,7,0.25746045,6.288e-05
3143,7,0.25597292,6.288e-05
3144,7,0.24399683,6.292e-05
3145,7,0.25670946,6.292e-05
3146,7,0.24357663,6.296e-05
3147,7,0.27850688,6.296e-05
3148,7,0.25759265,6.3e-05
3149,7,0.24730894,6.3e-05
3150,7,0.24561422,6.304e-05
3151,7,0.26146337,6.304e-05
3152,7,0.24177074,6.308e-05
3153,7,0.24525295,6.308e-05
3154,7,0.24858308,6.312e-05
3155,7,0.25076693,6.312e-05
3156,7,0.26320732,6.316e-05
3157,7,0.24393453,6.316e-05
3158,7,0.23235199,6.32e-05
3159,7,0.23272923,6.32e-05
3160,7,0.22589847,6.324e-05
3161,7,0.23887412,6.324e-05
3162,7,0.26111817,6.328e-05
3163,7,0.24780607,6.328e-05
3164,7,0.25785881,6.332e-05
3165,7,0.23972856,6.332e-05
3166,7,0.27477178,6.336e-05
3167,7,0.23667656,6.336e-05
3168,7,0.23892045,6.34e-05
3169,7,0.24851581,6.34e-05
3170,7,0.26223925,6.344e-05
3171,7,0.22815455,6.344e-05
3172,7,0.23684438,6.348e-05
3173,7,0.23247685,6.348e-05
3174,7,0.22723559,6.352e-05
3175,7,0.23057345,6.352e-05
3176,7,0.22658661,6.356e-05
3177,7,0.27230158,6.356e-05
3178,7,0.24484123,6.36e-05
3179,7,0.24236481,6.36e-05
3180,7,0.25334591,6.364e-05
3181,7,0.23883624,6.364e-05
3182,7,0.25366846,6.368e-05
3183,7,0.23503633,6.368e-05
3184,7,0.26737064,6.372e-05
3185,7,0.24570788,6.372e-05
3186,7,0.23185249,6.376e-05
3187,7,0.24426927,6.376e-05
3188,7,0.23677227,6.38e-05
3189,7,0.25913259,6.38e-05
3190,7,0.24807845,6.384e-05
3191,7,0.24287939,6.384e-05
3192,7,0.22247775,6.388e-05
3193,7,0.23842245,6.388e-05
3194,7,0.25788552,6.392e-05
3195,7,0.24575779,6.392e-05
3196,7,0.25641766,6.396e-05
3197,7,0.25233996,6.396e-05
3198,7,0.25780943,6.4e-05
3199,7,0.24427982,6.4e-05
3200,7,0.24405403,6.404e-05
3201,7,0.23721048,6.404e-05
3202,7,0.25431454,6.408e-05
3203,7,0.25213739,6.408e-05
3204,7,0.23484373,6.412e-05
3205,7,0.24777709,6.412e-05
3206,7,0.25155503,6.416e-05
3207,7,0.22011368,6.416e-05
3208,7,0.22958954,6.42e-05
3209,7,0.24455187,6.42e-05
3210,7,0.25373909,6.424e-05
3211,7,0.25106606,6.424e-05
3212,7,0.24653159,6.428e-05
3213,7,0.26484102,6.428e-05
3214,7,0.24752064,6.432e-05
3215,7,0.25056493,6.432e-05
3216,7,0.24124745,6.436e-05
3217,7,0.25022304,6.436e-05
3218,7,0.25126719,6.44e-05
3219,7,0.23866503,6.44e-05
3220,7,0.25399351,6.444e-05
3221,7,0.23141156,6.444e-05
3222,7,0.24941683,6.448e-05
3223,7,0.22253235,6.448e-05
3224,7,0.26864713,6.452e-05
3225,7,0.25152647,6.452e-05
3226,7,0.23605956,6.456e-05
3227,7,0.25342259,6.456e-05
3228,7,0.24617513,6.46e-05
3229,7,0.23268457,6.46e-05
3230,7,0.27492237,6.464e-05
3231,7,0.23028633,6.464e-05
3232,7,0.22936350,6.468e-05
3233,7,0.21836583,6.468e-05
3234,7,0.26283690,6.472e-05
3235,7,0.23065472,6.472e-05
3236,7,0.22653981,6.476e-05
3237,7,0.24855497,6.476e-05
3238,7,0.25608179,6.48e-05
3239,7,0.27169654,6.48e-05
3240,7,0.24053250,6.484e-05
3241,7,0.22507964,6.484e-05
3242,7,0.22856930,6.488e-05
3243,7,0.25612059,6.488e-05
3244,7,0.26267409,6.492e-05
3245,7,0.23887198,6.492e-05
3246,7,0.23895063,6.496e-05
3247,7,0.23509963,6.496e-05
3248,7,0.23685540,6.5e-05
3249,7,0.24984737,6.5e-05
3250,7,0.23712741,6.504e-05
3251,7,0.22493839,6.504e-05
3252,7,0.21690655,6.508e-05
3253,7,0.26021013,6.508e-05
3254,7,0.23366836,6.512e-05
3255,7,0.23946728,6.512e-05
3256,7,0.25731307,6.516e-05
3257,7,0.25414124,6.516e-05
3258,7,0.22914059,6.52e-05
3259,7,0.22098602,6.52e-05
3260,7,0.23848863,6.524e-05
3261,7,0.26167014,6.524e-05
3262,7,0.26257044,6.528e-05
3263,7,0.25247797,6.528e-05
3264,7,0.22586584,6.532e-05
3265,7,0.23347476,6.532e-05
3266,7,0.24512461,6.536e-05
3267,7,0.26439965,6.536e-05
3268,7,0.24698360,6.54e-05
3269,7,0.25677380,6.54e-05
3270,7,0.23336312,6.544e-05
3271,7,0.26010334,6.544e-05
3272,7,0.24471222,6.548e-05
3273,7,0.24848361,6.548e-05
3274,7,0.22414155,6.552e-05
3275,7,0.22796313,6.552e-05
3276,7,0.24874677,6.556e-05
3277,7,0.24284835,6.556e-05
3278,7,0.22964017,6.56e-05
3279,7,0.23462306,6.56e-05
3280,7,0.23534404,6.564e-05
3281,7,0.24397652,6.564e-05
3282,7,0.22536172,6.568e-05
3283,7,0.24893607,6.568e-05
3284,7,0.22655912,6.572e-05
3285,7,0.22041626,6.572e-05
3286,7,0.23273723,6.576e-05
3287,7,0.22861338,6.576e-05
3288,7,0.26573578,6.58e-05
3289,7,0.22089155,6.58e-05
3290,7,0.22946222,6.584e-05
3291,7,0.24302776,6.584e-05
3292,7,0.21598341,6.588e-05
3293,7,0.24725941,6.588e-05
3294,7,0.24579549,6.592e-05
3295,7,0.23346408,6.592e-05
3296,7,0.25997728,6.596e-05
3297,7,0.23670615,6.596e-05
3298,7,0.25487608,6.6e-05
3299,7,0.24092227,6.6e-05
3300,7,0.23239157,6.604e-05
3301,7,0.25516313,6.604e-05
3302,7,0.24949424,6.608e-05
3303,7,0.24200685,6.608e-05
3304,7,0.24702528,6.612e-05
3305,7,0.24695049,6.612e-05
3306,7,0.22812401,6.616e-05
3307,7,0.24020556,6.616e-05
3308,7,0.23969255,6.62e-05
3309,7,0.22651556,6.62e-05
3310,7,0.24353786,6.624e-05
3311,7,0.25881255,6.624e-05
3312,7,0.20379396,6.628e-05
3313,7,0.21892193,6.628e-05
3314,7,0.25531039,6.632e-05
3315,7,0.20904781,6.632e-05
3316,7,0.23240747,6.636e-05
3317,7,0.23713356,6.636e-05
3318,7,0.22851153,6.64e-05
3319,7,0.24011703,6.64e-05
3320,7,0.24118593,6.644e-05
3321,7,0.22860043,6.644e-05
3322,7,0.24902378,6.648e-05
3323,7,0.24591091,6.648e-05
3324,7,0.26399037,6.652e-05
3325,7,0.25489971,6.652e-05
3326,7,0.22787404,6.656e-05
3327,7,0.25067398,6.656e-05
3328,7,0.21390976,6.66e-05
3329,7,0.23696704,6.66e-05
3330,7,0.25153795,6.664e-05
3331,7,0.23624630,6.664e-05
3332,7,0.24597383,6.668e-05
3333,7,0.22930281,6.668e-05
3334,7,0.23013480,6.672e-05
3335,7,0.23772812,6.672e-05
3336,7,0.24191618,6.676e-05
3337,7,0.26416150,6.676e-05
3338,7,0.24925463,6.68e-05
3339,7,0.21666408,6.68e-05
3340,7,0.22766188,6.684e-05
3341,7,0.21991022,6.684e-05
3342,7,0.21268606,6.688e-05
3343,7,0.24183083,6.688e-05
3344,7,0.24328215,6.692e-05
3345,7,0.21953814,6.692e-05
3346,7,0.23779954,6.696e-05
3347,7,0.22779939,6.696e-05
3348,7,0.23641761,6.7e-05
3349,7,0.24854596,6.7e-05
3350,7,0.23255388,6.704e-05
3351,7,0.27028474,6.704e-05
3352,7,0.21734898,6.708e-05
3353,7,0.23495324,6.708e-05
3354,7,0.24689575,6.712e-05
3355,7,0.26164404,6.712e-05
3356,7,0.23217244,6.716e-05
3357,7,0.21878405,6.716e-05
3358,7,0.22426510,6.72e-05
3359,7,0.25575665,6.72e-05
3360,7,0.26234940,6.724e-05
3361,7,0.23395684,6.724e-05
3362,7,0.23242068,6.728e-05
3363,7,0.22694238,6.728e-05
3364,7,0.24856509,6.732e-05
3365,7,0.21385375,6.732e-05
3366,7,0.25479192,6.736e-05
3367,7,0.26185861,6.736e-05
3368,7,0.24083334,6.74e-05
3369,7,0.22748978,6.74e-05
3370,7,0.21594237,6.744e-05
3371,7,0.23167017,6.744e-05
3372,7,0.23508283,6.748e-05
3373,7,0.23650451,6.748e-05
3374,7,0.24269417,6.752e-05
3375,7,0.25846633,6.752e-05
3376,7,0.23215082,6.756e-05
3377,7,0.22833773,6.756e-05
3378,7,0.22305743,6.76e-05
3379,7,0.23356839,6.76e-05
3380,7,0.22169314,6.764e-05
3381,7,0.25214958,6.764e-05
3382,7,0.24230067,6.768e-05
3383,7,0.24807279,6.768e-05
3384,7,0.25852802,6.772e-05
3385,7,0.25817931,6.772e-05
3386,7,0.24682122,6.776e-05
3387,7,0.25182402,6.776e-05
3388,7,0.27095044,6.78e-05
3389,7,0.23327687,6.78e-05
3390,7,0.23859851,6.784e-05
3391,7,0.24407084,6.784e-05
3392,7,0.22201373,6.788e-05
3393,7,0.28861660,6.788e-05
3394,7,0.23711702,6.792e-05
3395,7,0.23803408,6.792e-05
3396,7,0.22847611,6.796e-05
3397,7,0.23857430,6.796e-05
3398,7,0.22573392,6.8e-05
3399,7,0.24061513,6.8e-05
3400,7,0.23866363,6.804e-05
3401,7,0.22924797,6.804e-05
3402,7,0.21953078,6.808e-05
3403,7,0.25218788,6.808e-05
3404,7,0.24624419,6.812e-05
3405,7,0.25340959,6.812e-05
3406,7,0.24351127,6.816e-05
3407,7,0.25704587,6.816e-05
3408,7,0.23186499,6.82e-05
3409,7,0.25094858,6.82e-05
3410,7,0.23989111,6.824e-05
3411,7,0.24907357,6.824e-05
3412,7,0.24701002,6.828e-05
3413,7,0.24205786,6.828e-05
3414,7,0.23353396,6.832e-05
3415,7,0.21905565,6.832e-05
3416,7,0.24190791,6.836e-05
3417,7,0.24068771,6.836e-05
3418,7,0.25061479,6.84e-05
3419,7,0.25637788,6.84e-05
3420,7,0.22622810,6.844e-05
3421,7,0.25991863,6.844e-05
3422,7,0.24723679,6.848e-05
3423,7,0.26336876,6.848e-05
3424,7,0.22592375,6.852e-05
3425,7,0.28096718,6.852e-05
3426,7,0.21282056,6.856e-05
3427,7,0.22612281,6.856e-05
3428,7,0.24572052,6.86e-05
3429,7,0.23490088,6.86e-05
3430,7,0.23008595,6.864e-05
3431,7,0.25475350,6.864e-05
3432,7,0.25729939,6.868e-05
3433,7,0.25199610,6.868e-05
3434,7,0.21860605,6.872e-05
3435,7,0.24082793,6.872e-05
3436,7,0.23835060,6.876e-05
3437,7,0.24688788,6.876e-05
3438,7,0.21239661,6.88e-05
3439,7,0.23056823,6.88e-05
3440,7,0.22792922,6.884e-05
3441,7,0.22951661,6.884e-05
3442,7,0.24649259,6.888e-05
3443,7,0.22226569,6.888e-05
3444,7,0.24707130,6.892e-05
3445,7,0.23137590,6.892e-05
3446,7,0.24846983,6.896e-05
3447,7,0.22194920,6.896e-05
3448,7,0.23244786,6.9e-05
3449,7,0.24034037,6.9e-05
3450,7,0.25438783,6.904e-05
3451,7,0.24123473,6.904e-05
3452,7,0.22411489,6.908e-05
3453,7,0.24119420,6.908e-05
3454,7,0.23372513,6.912e-05
3455,7,0.23397456,6.912e-05
3456,7,0.24005061,6.916e-05
3457,7,0.22186042,6.916e-05
3458,7,0.27739578,6.92e-05
3459,7,0.25034925,6.92e-05
3460,7,0.24044973,6.924e-05
3461,7,0.26007509,6.924e-05
3462,7,0.24486871,6.928e-05
3463,7,0.23805356,6.928e-05
3464,7,0.22790912,6.932e-05
3465,7,0.21924870,6.932e-05
3466,7,0.22419448,6.936e-05
3467,7,0.22272518,6.936e-05
3468,7,0.26027155,6.94e-05
3469,7,0.24026336,6.94e-05
3470,7,0.26207244,6.944e-05
3471,7,0.24555619,6.944e-05
3472,7,0.24450043,6.948e-05
3473,7,0.23629589,6.948e-05
3474,7,0.22609162,6.952e-05
3475,7,0.20469584,6.952e-05
3476,7,0.24185817,6.956e-05
3477,7,0.23468105,6.956e-05
3478,7,0.25133282,6.96e-05
3479,7,0.22507985,6.96e-05
3480,7,0.25735942,6.964e-05
3481,7,0.24238630,6.964e-05
3482,7,0.26426807,6.968e-05
3483,7,0.22597356,6.968e-05
3484,7,0.23667757,6.972e-05
3485,7,0.23493738,6.972e-05
3486,7,0.23311366,6.976e-05
3487,7,0.24286379,6.976e-05
3488,7,0.23264758,6.98e-05
3489,7,0.23891973,6.98e-05
3490,7,0.22565190,6.984e-05
3491,7,0.25057158,6.984e-05
3492,7,0.24953689,6.988e-05
3493,7,0.22605780,6.988e-05
3494,7,0.26880154,6.992e-05
3495,7,0.24223889,6.992e-05
3496,7,0.24922997,6.996e-05
3497,7,0.24795119,6.996e-05
3498,7,0.26013246,7e-05
3499,7,0.23591495,7e-05
3500,7,0.22241683,7.004e-05
3501,7,0.24834773,7.004e-05
3502,7,0.24922082,7.008e-05
3503,7,0.27055556,7.008e-05
3504,7,0.26120642,7.012e-05
3505,7,0.26704624,7.012e-05
3506,7,0.24284835,7.016e-05
3507,7,0.23369260,7.016e-05
3508,7,0.23630507,7.02e-05
3509,7,0.23449495,7.02e-05
3510,7,0.22866841,7.024e-05
3511,7,0.24911022,7.024e-05
3512,7,0.22667663,7.028e-05
3513,7,0.23720138,7.028e-05
3514,7,0.23610643,7.032e-05
3515,7,0.24493806,7.032e-05
3516,7,0.25346178,7.036e-05
3517,7,0.23765929,7.036e-05
3518,7,0.24664755,7.04e-05
3519,7,0.25082424,7.04e-05
3520,7,0.24819762,7.044e-05
3521,7,0.23626277,7.044e-05
3522,7,0.24980354,7.048e-05
3523,7,0.23123741,7.048e-05
3524,7,0.22957034,7.052e-05
3525,7,0.24687593,7.052e-05
3526,7,0.24189611,7.056e-05
3527,7,0.26958895,7.056e-05
3528,7,0.23392473,7.06e-05
3529,7,0.24428609,7.06e-05
3530,7,0.24135903,7.064e-05
3531,7,0.22862652,7.064e-05
3532,7,0.22960635,7.068e-05
3533,7,0.24002531,7.068e-05
3534,7,0.24784128,7.072e-05
3535,7,0.24309206,7.072e-05
3536,7,0.24621691,7.076e-05
3537,7,0.23087046,7.076e-05
3538,7,0.24683873,7.08e-05
3539,7,0.24705818,7.08e-05
3540,7,0.24541919,7.084e-05
3541,7,0.23977333,7.084e-05
3542,7,0.23425680,7.088e-05
3543,7,0.24946205,7.088e-05
3544,7,0.24209721,7.092e-05
3545,7,0.25088242,7.092e-05
3546,7,0.22169831,7.096e-05
3547,7,0.22044015,7.096e-05
3548,7,0.24743499,7.1e-05
3549,7,0.22572905,7.1e-05
3550,7,0.25778356,7.104e-05
3551,7,0.23880990,7.104e-05
3552,7,0.27026436,7.108e-05
3553,7,0.23640309,7.108e-05
3554,7,0.23323552,7.112e-05
3555,7,0.22437313,7.112e-05
3556,7,0.22729380,7.116e-05
3557,7,0.26214209,7.116e-05
3558,7,0.21361136,7.12e-05
3559,7,0.23104239,7.12e-05
3560,7,0.24152663,7.124e-05
3561,7,0.21779720,7.124e-05
3562,7,0.22889093,7.128e-05
3563,7,0.25478765,7.128e-05
3564,7,0.21956612,7.132e-05
3565,7,0.24366848,7.132e-05
3566,7,0.20473546,7.136e-05
3567,7,0.24443828,7.136e-05
3568,7,0.22304268,7.14e-05
3569,7,0.21661456,7.14e-05
3570,7,0.23184681,7.144e-05
3571,7,0.24134588,7.144e-05
3572,7,0.21413904,7.148e-05
3573,7,0.21267077,7.148e-05
3574,7,0.21013978,7.152e-05
3575,7,0.23049800,7.152e-05
3576,7,0.24138276,7.156e-05
3577,7,0.21345353,7.156e-05
3578,7,0.23856375,7.16e-05
3579,7,0.24597661,7.16e-05
3580,7,0.24560224,7.164e-05
3581,7,0.24437839,7.164e-05
3582,7,0.22022983,7.168e-05
3583,7,0.27298892,7.168e-05
3584,7,0.22700627,7.172e-05
3585,7,0.23553769,7.172e-05
3586,7,0.22336435,7.176e-05
3587,7,0.23251554,7.176e-05
3588,7,0.22377205,7.18e-05
3589,7,0.22399516,7.18e-05
3590,7,0.25911629,7.184e-05
3591,7,0.25382540,7.184e-05
3592,7,0.24899054,7.188e-05
3593,7,0.21508460,7.188e-05
3594,7,0.23881105,7.192e-05
3595,7,0.28768528,7.192e-05
3596,7,0.21744218,7.196e-05
3597,7,0.23084882,7.196e-05
3598,7,0.22913769,7.2e-05
3599,7,0.22314167,7.2e-05
3600,7,0.23917003,7.204e-05
3601,7,0.26848212,7.204e-05
3602,7,0.23533551,7.208e-05
3603,7,0.22544704,7.208e-05
3604,7,0.23025370,7.212e-05
3605,7,0.23013312,7.212e-05
3606,7,0.23169507,7.216e-05
3607,7,0.26784334,7.216e-05
3608,7,0.24708652,7.22e-05
3609,7,0.26916784,7.22e-05
3610,7,0.23658077,7.224e-05
3611,7,0.23533095,7.224e-05
3612,7,0.23591110,7.228e-05
3613,7,0.24639840,7.228e-05
3614,7,0.23451419,7.232e-05
3615,7,0.22339113,7.232e-05
3616,7,0.22416322,7.236e-05
3617,7,0.25050417,7.236e-05
3618,7,0.23626338,7.24e-05
3619,7,0.22162965,7.24e-05
3620,7,0.25016636,7.244e-05
3621,7,0.25940889,7.244e-05
3622,7,0.22698218,7.248e-05
3623,7,0.25518057,7.248e-05
3624,7,0.24696057,7.252e-05
3625,7,0.23494686,7.252e-05
3626,7,0.21846375,7.256e-05
3627,7,0.20845683,7.256e-05
3628,7,0.23661944,7.26e-05
3629,7,0.23126459,7.26e-05
3630,7,0.25919899,7.264e-05
3631,7,0.24025913,7.264e-05
3632,7,0.21411680,7.268e-05
3633,7,0.25018016,7.268e-05
3634,7,0.22060268,7.272e-05
3635,7,0.25524908,7.272e-05
3636,7,0.26597244,7.276e-05
3637,7,0.22613229,7.276e-05
3638,7,0.24374580,7.28e-05
3639,7,0.22554922,7.28e-05
3640,7,0.24048993,7.284e-05
3641,8,0.22804075,7.284e-05
3642,8,0.23254591,7.288e-05
3643,8,0.23859766,7.288e-05
3644,8,0.23493481,7.292e-05
3645,8,0.23065536,7.292e-05
3646,8,0.23258464,7.296e-05
3647,8,0.21748520,7.296e-05
3648,8,0.24781969,7.3e-05
3649,8,0.23741902,7.3e-05
3650,8,0.23323992,7.304e-05
3651,8,0.23692587,7.304e-05
3652,8,0.23200290,7.308e-05
3653,8,0.22780758,7.308e-05
3654,8,0.24279462,7.312e-05
3655,8,0.24220872,7.312e-05
3656,8,0.24539754,7.316e-05
3657,8,0.21173902,7.316e-05
3658,8,0.24037006,7.32e-05
3659,8,0.26066184,7.32e-05
3660,8,0.24887784,7.324e-05
3661,8,0.25499916,7.324e-05
3662,8,0.22539075,7.328e-05
3663,8,0.22658536,7.328e-05
3664,8,0.24012619,7.332e-05
3665,8,0.22010137,7.332e-05
3666,8,0.23483399,7.336e-05
3667,8,0.21667373,7.336e-05
3668,8,0.22259827,7.34e-05
3669,8,0.24332809,7.34e-05
3670,8,0.25711405,7.344e-05
3671,8,0.23170662,7.344e-05
3672,8,0.23247497,7.348e-05
3673,8,0.24444035,7.348e-05
3674,8,0.22982590,7.352e-05
3675,8,0.26627672,7.352e-05
3676,8,0.25506702,7.356e-05
3677,8,0.22818013,7.356e-05
3678,8,0.23256533,7.36e-05
3679,8,0.22656907,7.36e-05
3680,8,0.25374070,7.364e-05
3681,8,0.22704498,7.364e-05
3682,8,0.23424564,7.368e-05
3683,8,0.26468045,7.368e-05
3684,8,0.23957030,7.372e-05
3685,8,0.23107481,7.372e-05
3686,8,0.24551280,7.376e-05
3687,8,0.24059922,7.376e-05
3688,8,0.22751594,7.38e-05
3689,8,0.22818936,7.38e-05
3690,8,0.26339763,7.384e-05
3691,8,0.22263415,7.384e-05
3692,8,0.24080081,7.388e-05
3693,8,0.23065042,7.388e-05
3694,8,0.23936714,7.392e-05
3695,8,0.23283672,7.392e-05
3696,8,0.25383008,7.396e-05
3697,8,0.22858238,7.396e-05
3698,8,0.23470399,7.4e-05
3699,8,0.22581106,7.4e-05
3700,8,0.22945155,7.404e-05
3701,8,0.22996624,7.404e-05
3702,8,0.22834225,7.408e-05
3703,8,0.26994222,7.408e-05
3704,8,0.23233493,7.412e-05
3705,8,0.23881394,7.412e-05
3706,8,0.23647138,7.416e-05
3707,8,0.24717951,7.416e-05
3708,8,0.24790671,7.42e-05
3709,8,0.23601651,7.42e-05
3710,8,0.24528047,7.424e-05
3711,8,0.23847315,7.424e-05
3712,8,0.23165543,7.428e-05
3713,8,0.22795688,7.428e-05
3714,8,0.22120498,7.432e-05
3715,8,0.23729181,7.432e-05
3716,8,0.21735866,7.436e-05
3717,8,0.19950332,7.436e-05
3718,8,0.23472077,7.44e-05
3719,8,0.24025849,7.44e-05
3720,8,0.24382883,7.444e-05
3721,8,0.21777971,7.444e-05
3722,8,0.23990168,7.448e-05
3723,8,0.24191788,7.448e-05
3724,8,0.23877774,7.452e-05
3725,8,0.21525796,7.452e-05
3726,8,0.22856310,7.456e-05
3727,8,0.22045973,7.456e-05
3728,8,0.22319150,7.46e-05
3729,8,0.25214368,7.46e-05
3730,8,0.23898819,7.464e-05
3731,8,0.24857020,7.464e-05
3732,8,0.24420640,7.468e-05
3733,8,0.23990138,7.468e-05
3734,8,0.23311400,7.472e-05
3735,8,0.22387123,7.472e-05
3736,8,0.20869784,7.476e-05
3737,8,0.24528204,7.476e-05
3738,8,0.21988246,7.48e-05
3739,8,0.25709391,7.48e-05
3740,8,0.24931251,7.484e-05
3741,8,0.24034482,7.484e-05
3742,8,0.23469073,7.488e-05
3743,8,0.24125695,7.488e-05
3744,8,0.23619038,7.492e-05
3745,8,0.21475990,7.492e-05
3746,8,0.23562686,7.496e-05
3747,8,0.22768313,7.496e-05
3748,8,0.23198992,7.5e-05
3749,8,0.24085090,7.5e-05
3750,8,0.25676480,7.504e-05
3751,8,0.23736893,7.504e-05
3752,8,0.22844288,7.508e-05
3753,8,0.22532578,7.508e-05
3754,8,0.24469399,7.512e-05
3755,8,0.23846203,7.512e-05
3756,8,0.23298073,7.516e-05
3757,8,0.21209146,7.516e-05
3758,8,0.21493216,7.52e-05
3759,8,0.23386918,7.52e-05
3760,8,0.22528978,7.524e-05
3761,8,0.23687835,7.524e-05
3762,8,0.27164480,7.528e-05
3763,8,0.23542765,7.528e-05
3764,8,0.20793678,7.532e-05
3765,8,0.24167623,7.532e-05
3766,8,0.23371549,7.536e-05
3767,8,0.21477580,7.536e-05
3768,8,0.23063718,7.54e-05
3769,8,0.22576942,7.54e-05
3770,8,0.22861168,7.544e-05
3771,8,0.24935314,7.544e-05
3772,8,0.22610505,7.548e-05
3773,8,0.22214007,7.548e-05
3774,8,0.24640904,7.552e-05
3775,8,0.23893622,7.552e-05
3776,8,0.23346111,7.556e-05
3777,8,0.21653591,7.556e-05
3778,8,0.24126652,7.56e-05
3779,8,0.24474038,7.56e-05
3780,8,0.23688085,7.564e-05
3781,8,0.23110621,7.564e-05
3782,8,0.22594762,7.568e-05
3783,8,0.21733229,7.568e-05
3784,8,0.21999818,7.572e-05
3785,8,0.27591750,7.572e-05
3786,8,0.20963484,7.576e-05
3787,8,0.21452907,7.576e-05
3788,8,0.23308142,7.58e-05
3789,8,0.23626848,7.58e-05
3790,8,0.24184629,7.584e-05
3791,8,0.26077589,7.584e-05
3792,8,0.23413415,7.588e-05
3793,8,0.21909115,7.588e-05
3794,8,0.24235636,7.592e-05
3795,8,0.23319133,7.592e-05
3796,8,0.23117988,7.596e-05
3797,8,0.22468737,7.596e-05
3798,8,0.22899716,7.6e-05
3799,8,0.24250515,7.6e-05
3800,8,0.23660114,7.604e-05
3801,8,0.24222560,7.604e-05
3802,8,0.21147956,7.608e-05
3803,8,0.24023467,7.608e-05
3804,8,0.24040790,7.612e-05
3805,8,0.22868583,7.612e-05
3806,8,0.23518933,7.616e-05
3807,8,0.23066960,7.616e-05
3808,8,0.23090713,7.62e-05
3809,8,0.25422975,7.62e-05
3810,8,0.23216258,7.624e-05
3811,8,0.22653760,7.624e-05
3812,8,0.20302448,7.628e-05
3813,8,0.22716284,7.628e-05
3814,8,0.20123421,7.632e-05
3815,8,0.25775036,7.632e-05
3816,8,0.22640721,7.636e-05
3817,8,0.23007438,7.636e-05
3818,8,0.23325242,7.64e-05
3819,8,0.24068382,7.64e-05
3820,8,0.24884330,7.644e-05
3821,8,0.25404340,7.644e-05
3822,8,0.22636686,7.648e-05
3823,8,0.21811150,7.648e-05
3824,8,0.21306925,7.652e-05
3825,8,0.24165535,7.652e-05
3826,8,0.23640177,7.656e-05
3827,8,0.21612175,7.656e-05
3828,8,0.21386424,7.66e-05
3829,8,0.23853618,7.66e-05
3830,8,0.20904326,7.664e-05
3831,8,0.22062667,7.664e-05
3832,8,0.23243877,7.668e-05
3833,8,0.24732219,7.668e-05
3834,8,0.23932897,7.672e-05
3835,8,0.23041882,7.672e-05
3836,8,0.23340078,7.676e-05
3837,8,0.22706331,7.676e-05
3838,8,0.21912588,7.68e-05
3839,8,0.22845121,7.68e-05
3840,8,0.21793948,7.684e-05
3841,8,0.20774840,7.684e-05
3842,8,0.27615964,7.688e-05
3843,8,0.24206734,7.688e-05
3844,8,0.23664613,7.692e-05
3845,8,0.23496723,7.692e-05
3846,8,0.22453955,7.696e-05
3847,8,0.21436782,7.696e-05
3848,8,0.24866168,7.7e-05
3849,8,0.25572315,7.7e-05
3850,8,0.25728568,7.704e-05
3851,8,0.23570487,7.704e-05
3852,8,0.21747655,7.708e-05
3853,8,0.23361714,7.708e-05
3854,8,0.24517113,7.712e-05
3855,8,0.21040207,7.712e-05
3856,8,0.24621327,7.716e-05
3857,8,0.24884550,7.716e-05
3858,8,0.23235586,7.72e-05
3859,8,0.24483173,7.72e-05
3860,8,0.25214875,7.724e-05
3861,8,0.21583682,7.724e-05
3862,8,0.23980750,7.728e-05
3863,8,0.24680509,7.728e-05
3864,8,0.26394668,7.732e-05
3865,8,0.22308084,7.732e-05
3866,8,0.25350055,7.736e-05
3867,8,0.21972840,7.736e-05
3868,8,0.24099350,7.74e-05
3869,8,0.22469769,7.74e-05
3870,8,0.21496548,7.744e-05
3871,8,0.24051316,7.744e-05
3872,8,0.25477457,7.748e-05
3873,8,0.25205210,7.748e-05
3874,8,0.24010086,7.752e-05
3875,8,0.23078696,7.752e-05
3876,8,0.24252993,7.756e-05
3877,8,0.22533655,7.756e-05
3878,8,0.22283109,7.76e-05
3879,8,0.21382716,7.76e-05
3880,8,0.24162166,7.764e-05
3881,8,0.24332312,7.764e-05
3882,8,0.23076248,7.768e-05
3883,8,0.24000508,7.768e-05
3884,8,0.22990386,7.772e-05
3885,8,0.24203195,7.772e-05
3886,8,0.24432079,7.776e-05
3887,8,0.21476728,7.776e-05
3888,8,0.24957043,7.78e-05
3889,8,0.21431994,7.78e-05
3890,8,0.23256005,7.784e-05
3891,8,0.22090599,7.784e-05
3892,8,0.25819287,7.788e-05
3893,8,0.22632700,7.788e-05
3894,8,0.21078752,7.792e-05
3895,8,0.21109258,7.792e-05
3896,8,0.22977625,7.796e-05
3897,8,0.24547431,7.796e-05
3898,8,0.21060418,7.8e-05
3899,8,0.21977012,7.8e-05
3900,8,0.22127031,7.804e-05
3901,8,0.21788813,7.804e-05
3902,8,0.24017432,7.808e-05
3903,8,0.22952440,7.808e-05
3904,8,0.25238353,7.812e-05
3905,8,0.24076149,7.812e-05
3906,8,0.23800226,7.816e-05
3907,8,0.22685190,7.816e-05
3908,8,0.22202559,7.82e-05
3909,8,0.22331591,7.82e-05
3910,8,0.22574244,7.824e-05
3911,8,0.23025717,7.824e-05
3912,8,0.24775966,7.828e-05
3913,8,0.21189219,7.828e-05
3914,8,0.24403684,7.832e-05
3915,8,0.22801314,7.832e-05
3916,8,0.22607496,7.836e-05
3917,8,0.24105375,7.836e-05
3918,8,0.23970440,7.84e-05
3919,8,0.23270985,7.84e-05
3920,8,0.22759506,7.844e-05
3921,8,0.24622467,7.844e-05
3922,8,0.21806641,7.848e-05
3923,8,0.21883656,7.848e-05
3924,8,0.23910379,7.852e-05
3925,8,0.22116578,7.852e-05
3926,8,0.24799283,7.856e-05
3927,8,0.22852536,7.856e-05
3928,8,0.21488063,7.86e-05
3929,8,0.22622320,7.86e-05
3930,8,0.25227764,7.864e-05
3931,8,0.24277613,7.864e-05
3932,8,0.21073423,7.868e-05
3933,8,0.25253117,7.868e-05
3934,8,0.23308076,7.872e-05
3935,8,0.21509711,7.872e-05
3936,8,0.21639979,7.876e-05
3937,8,0.23011968,7.876e-05
3938,8,0.20694579,7.88e-05
3939,8,0.22171086,7.88e-05
3940,8,0.24009956,7.884e-05
3941,8,0.22008415,7.884e-05
3942,8,0.22519928,7.888e-05
3943,8,0.22498083,7.888e-05
3944,8,0.21961710,7.892e-05
3945,8,0.21906410,7.892e-05
3946,8,0.24761333,7.896e-05
3947,8,0.23079824,7.896e-05
3948,8,0.22428925,7.9e-05
3949,8,0.22113577,7.9e-05
3950,8,0.25688022,7.904e-05
3951,8,0.21198580,7.904e-05
3952,8,0.22062567,7.908e-05
3953,8,0.22665596,7.908e-05
3954,8,0.24143320,7.912e-05
3955,8,0.24657843,7.912e-05
3956,8,0.23431291,7.916e-05
3957,8,0.22497337,7.916e-05
3958,8,0.21359283,7.92e-05
3959,8,0.20517708,7.92e-05
3960,8,0.22783041,7.924e-05
3961,8,0.21904229,7.924e-05
3962,8,0.24098481,7.928e-05
3963,8,0.24062848,7.928e-05
3964,8,0.21274883,7.932e-05
3965,8,0.23347016,7.932e-05
3966,8,0.25277430,7.936e-05
3967,8,0.24171856,7.936e-05
3968,8,0.23256241,7.94e-05
3969,8,0.23088641,7.94e-05
3970,8,0.23438570,7.944e-05
3971,8,0.20437974,7.944e-05
3972,8,0.22570589,7.948e-05
3973,8,0.20460793,7.948e-05
3974,8,0.23890072,7.952e-05
3975,8,0.23230791,7.952e-05
3976,8,0.22384797,7.956e-05
3977,8,0.22197859,7.956e-05
3978,8,0.23420933,7.96e-05
3979,8,0.23206504,7.96e-05
3980,8,0.22325669,7.964e-05
3981,8,0.23406264,7.964e-05
3982,8,0.21273078,7.968e-05
3983,8,0.21129704,7.968e-05
3984,8,0.22615287,7.972e-05
3985,8,0.23787637,7.972e-05
3986,8,0.22246425,7.976e-05
3987,8,0.20569377,7.976e-05
3988,8,0.22810346,7.98e-05
3989,8,0.23863772,7.98e-05
3990,8,0.21309216,7.984e-05
3991,8,0.24696766,7.984e-05
3992,8,0.26117671,7.988e-05
3993,8,0.22949965,7.988e-05
3994,8,0.23421754,7.992e-05
3995,8,0.25203273,7.992e-05
3996,8,0.23442075,7.996e-05
3997,8,0.25375861,7.996e-05
3998,8,0.21127868,8e-05
3999,8,0.22854921,8e-05
4000,8,0.23180263,8.004e-05
4001,8,0.20749556,8.004e-05
4002,8,0.22752622,8.008e-05
4003,8,0.21888003,8.008e-05
4004,8,0.25349417,8.012e-05
4005,8,0.23978822,8.012e-05
4006,8,0.23718458,8.016e-05
4007,8,0.23410170,8.016e-05
4008,8,0.22226678,8.02e-05
4009,8,0.23474641,8.02e-05
4010,8,0.22813395,8.024e-05
4011,8,0.26754859,8.024e-05
4012,8,0.22020920,8.028e-05
4013,8,0.25180987,8.028e-05
4014,8,0.22482671,8.032e-05
4015,8,0.20968482,8.032e-05
4016,8,0.25101486,8.036e-05
4017,8,0.24559551,8.036e-05
4018,8,0.22870561,8.04e-05
4019,8,0.21065667,8.04e-05
4020,8,0.25999081,8.044e-05
4021,8,0.23506641,8.044e-05
4022,8,0.26270381,8.048e-05
4023,8,0.22912784,8.048e-05
4024,8,0.23826952,8.052e-05
4025,8,0.21884565,8.052e-05
4026,8,0.22056238,8.056e-05
4027,8,0.22932382,8.056e-05
4028,8,0.24013038,8.06e-05
4029,8,0.22025044,8.06e-05
4030,8,0.23945709,8.064e-05
4031,8,0.24844848,8.064e-05
4032,8,0.24529929,8.068e-05
4033,8,0.23305628,8.068e-05
4034,8,0.23019709,8.072e-05
4035,8,0.24242412,8.072e-05
4036,8,0.22008494,8.076e-05
4037,8,0.22795637,8.076e-05
4038,8,0.20635046,8.08e-05
4039,8,0.21591412,8.08e-05
4040,8,0.24486515,8.084e-05
4041,8,0.22924858,8.084e-05
4042,8,0.22733831,8.088e-05
4043,8,0.21439812,8.088e-05
4044,8,0.23876731,8.092e-05
4045,8,0.24017493,8.092e-05
4046,8,0.27699795,8.096e-05
4047,8,0.22356601,8.096e-05
4048,8,0.23563722,8.1e-05
4049,8,0.24488194,8.1e-05
4050,8,0.24228838,8.104e-05
4051,8,0.23653714,8.104e-05
4052,8,0.24847879,8.108e-05
4053,8,0.24624951,8.108e-05
4054,8,0.24277322,8.112e-05
4055,8,0.21962863,8.112e-05
4056,8,0.23515245,8.116e-05
4057,8,0.23255916,8.116e-05
4058,8,0.22285801,8.12e-05
4059,8,0.23995325,8.12e-05
4060,8,0.25693053,8.124e-05
4061,8,0.24960007,8.124e-05
4062,8,0.23965198,8.128e-05
4063,8,0.23082991,8.128e-05
4064,8,0.24188514,8.132e-05
4065,8,0.24177666,8.132e-05
4066,8,0.21696377,8.136e-05
4067,8,0.19928940,8.136e-05
4068,8,0.23178816,8.14e-05
4069,8,0.22874089,8.14e-05
4070,8,0.24086709,8.144e-05
4071,8,0.21542113,8.144e-05
4072,8,0.23977982,8.148e-05
4073,8,0.23047133,8.148e-05
4074,8,0.22317372,8.152e-05
4075,8,0.23151234,8.152e-05
4076,8,0.23292038,8.156e-05
4077,8,0.24408422,8.156e-05
4078,8,0.21222259,8.16e-05
4079,8,0.22832248,8.16e-05
4080,8,0.22659823,8.164e-05
4081,8,0.24037020,8.164e-05
4082,8,0.23442554,8.168e-05
4083,8,0.22113387,8.168e-05
4084,8,0.24154907,8.172e-05
4085,8,0.23264265,8.172e-05
4086,8,0.20187858,8.176e-05
4087,8,0.24667867,8.176e-05
4088,8,0.23922552,8.18e-05
4089,8,0.23254390,8.18e-05
4090,8,0.23044610,8.184e-05
4091,8,0.23079224,8.184e-05
4092,8,0.23777580,8.188e-05
4093,8,0.22628777,8.188e-05
4094,8,0.22053194,8.192e-05
4095,8,0.22383730,8.192e-05
4096,8,0.21416762,8.196e-05
4097,8,0.24163897,8.196e-05
4098,8,0.20646544,8.2e-05
4099,8,0.23569642,8.2e-05
4100,8,0.21896534,8.204e-05
4101,8,0.22983146,8.204e-05
4102,8,0.21630222,8.208e-05
4103,8,0.22509316,8.208e-05
4104,8,0.25334474,8.212e-05
4105,8,0.22268192,8.212e-05
4106,8,0.22111578,8.216e-05
4107,8,0.20589505,8.216e-05
4108,8,0.22757387,8.22e-05
4109,8,0.21658805,8.22e-05
4110,8,0.20098089,8.224e-05
4111,8,0.25329882,8.224e-05
4112,8,0.23007448,8.228e-05
4113,8,0.23458211,8.228e-05
4114,8,0.22857448,8.232e-05
4115,8,0.21652554,8.232e-05
4116,8,0.21962807,8.236e-05
4117,8,0.25497830,8.236e-05
4118,8,0.20394087,8.24e-05
4119,8,0.22771771,8.24e-05
4120,8,0.21438953,8.244e-05
4121,8,0.21127789,8.244e-05
4122,8,0.22460474,8.248e-05
4123,8,0.22775480,8.248e-05
4124,8,0.22410324,8.252e-05
4125,8,0.20843191,8.252e-05
4126,8,0.23009351,8.256e-05
4127,8,0.24404284,8.256e-05
4128,8,0.23991643,8.26e-05
4129,8,0.21980463,8.26e-05
4130,8,0.22526319,8.264e-05
4131,8,0.20256519,8.264e-05
4132,8,0.24434717,8.268e-05
4133,8,0.24259026,8.268e-05
4134,8,0.23271343,8.272e-05
4135,8,0.22414023,8.272e-05
4136,8,0.22130278,8.276e-05
4137,8,0.21604855,8.276e-05
4138,8,0.22332735,8.28e-05
4139,8,0.23664655,8.28e-05
4140,8,0.24272588,8.284e-05
4141,8,0.22922505,8.284e-05
4142,8,0.23857760,8.288e-05
4143,8,0.22300179,8.288e-05
4144,8,0.20799443,8.292e-05
4145,8,0.26230207,8.292e-05
4146,8,0.23245330,8.296e-05
4147,8,0.25154307,8.296e-05
4148,8,0.21096162,8.3e-05
4149,8,0.21134648,8.3e-05
4150,8,0.24905184,8.304e-05
4151,8,0.24398752,8.304e-05
4152,8,0.19691730,8.308e-05
4153,8,0.22551389,8.308e-05
4154,8,0.26325679,8.312e-05
4155,8,0.24012020,8.312e-05
4156,8,0.22775748,8.316e-05
4157,8,0.23223512,8.316e-05
4158,8,0.23922808,8.32e-05
4159,8,0.24105798,8.32e-05
4160,8,0.22282359,8.324e-05
4161,9,0.21756464,8.324e-05
4162,9,0.23657830,8.328e-05
4163,9,0.21603669,8.328e-05
4164,9,0.21906920,8.332e-05
4165,9,0.21524721,8.332e-05
4166,9,0.23059554,8.336e-05
4167,9,0.23225409,8.336e-05
4168,9,0.25249895,8.34e-05
4169,9,0.24431117,8.34e-05
4170,9,0.22018068,8.344e-05
4171,9,0.22825289,8.344e-05
4172,9,0.21209365,8.348e-05
4173,9,0.22405985,8.348e-05
4174,9,0.23137940,8.352e-05
4175,9,0.23440494,8.352e-05
4176,9,0.23420641,8.356e-05
4177,9,0.23420674,8.356e-05
4178,9,0.23425552,8.36e-05
4179,9,0.20800141,8.36e-05
4180,9,0.21915114,8.364e-05
4181,9,0.24086066,8.364e-05
4182,9,0.20907208,8.368e-05
4183,9,0.23732206,8.368e-05
4184,9,0.21690609,8.372e-05
4185,9,0.24059518,8.372e-05
4186,9,0.23449771,8.376e-05
4187,9,0.24031112,8.376e-05
4188,9,0.21669661,8.38e-05
4189,9,0.20622043,8.38e-05
4190,9,0.22029267,8.384e-05
4191,9,0.22772148,8.384e-05
4192,9,0.23013942,8.388e-05
4193,9,0.23622496,8.388e-05
4194,9,0.23686936,8.392e-05
4195,9,0.21077013,8.392e-05
4196,9,0.22392941,8.396e-05
4197,9,0.21564661,8.396e-05
4198,9,0.23416668,8.4e-05
4199,9,0.21550016,8.4e-05
4200,9,0.24670590,8.404e-05
4201,9,0.23737068,8.404e-05
4202,9,0.22643720,8.408e-05
4203,9,0.21409008,8.408e-05
4204,9,0.23013380,8.412e-05
4205,9,0.23748973,8.412e-05
4206,9,0.22360890,8.416e-05
4207,9,0.22073932,8.416e-05
4208,9,0.23074429,8.42e-05
4209,9,0.24552138,8.42e-05
4210,9,0.22209406,8.424e-05
4211,9,0.21794868,8.424e-05
4212,9,0.21421082,8.428e-05
4213,9,0.24764787,8.428e-05
4214,9,0.22414558,8.432e-05
4215,9,0.22256167,8.432e-05
4216,9,0.24049719,8.436e-05
4217,9,0.21913432,8.436e-05
4218,9,0.25772172,8.44e-05
4219,9,0.23490217,8.44e-05
4220,9,0.21263893,8.444e-05
4221,9,0.24477307,8.444e-05
4222,9,0.22216620,8.448e-05
4223,9,0.22199185,8.448e-05
4224,9,0.21981147,8.452e-05
4225,9,0.22753578,8.452e-05
4226,9,0.20959142,8.456e-05
4227,9,0.23129664,8.456e-05
4228,9,0.20184551,8.46e-05
4229,9,0.21494164,8.46e-05
4230,9,0.21485682,8.464e-05
4231,9,0.22643784,8.464e-05
4232,9,0.21236046,8.468e-05
4233,9,0.19552417,8.468e-05
4234,9,0.22207414,8.472e-05
4235,9,0.23101036,8.472e-05
4236,9,0.23667680,8.476e-05
4237,9,0.24890630,8.476e-05
4238,9,0.22368070,8.48e-05
4239,9,0.21958023,8.48e-05
4240,9,0.22362460,8.484e-05
4241,9,0.21796338,8.484e-05
4242,9,0.21694034,8.488e-05
4243,9,0.21878079,8.488e-05
4244,9,0.20074371,8.492e-05
4245,9,0.26982090,8.492e-05
4246,9,0.22954941,8.496e-05
4247,9,0.22176738,8.496e-05
4248,9,0.22358687,8.5e-05
4249,9,0.24625503,8.5e-05
4250,9,0.22572868,8.504e-05
4251,9,0.22670490,8.504e-05
4252,9,0.24101217,8.508e-05
4253,9,0.22096464,8.508e-05
4254,9,0.22765838,8.512e-05
4255,9,0.23789713,8.512e-05
4256,9,0.22105516,8.516e-05
4257,9,0.23472632,8.516e-05
4258,9,0.22655347,8.52e-05
4259,9,0.23764354,8.52e-05
4260,9,0.21519741,8.524e-05
4261,9,0.23829985,8.524e-05
4262,9,0.23761103,8.528e-05
4263,9,0.23384418,8.528e-05
4264,9,0.23018509,8.532e-05
4265,9,0.25639093,8.532e-05
4266,9,0.20649672,8.536e-05
4267,9,0.28426942,8.536e-05
4268,9,0.22270410,8.54e-05
4269,9,0.22572289,8.54e-05
4270,9,0.24534985,8.544e-05
4271,9,0.21431652,8.544e-05
4272,9,0.22564489,8.548e-05
4273,9,0.22076185,8.548e-05
4274,9,0.21821697,8.552e-05
4275,9,0.23952354,8.552e-05
4276,9,0.21804255,8.556e-05
4277,9,0.23258559,8.556e-05
4278,9,0.21563907,8.56e-05
4279,9,0.21355359,8.56e-05
4280,9,0.23088095,8.564e-05
4281,9,0.23471721,8.564e-05
4282,9,0.22970267,8.568e-05
4283,9,0.21227314,8.568e-05
4284,9,0.21982384,8.572e-05
4285,9,0.23577721,8.572e-05
4286,9,0.22119249,8.576e-05
4287,9,0.21749695,8.576e-05
4288,9,0.21324499,8.58e-05
4289,9,0.23340760,8.58e-05
4290,9,0.21802516,8.584e-05
4291,9,0.24124350,8.584e-05
4292,9,0.22130378,8.588e-05
4293,9,0.22825357,8.588e-05
4294,9,0.22652051,8.592e-05
4295,9,0.22742452,8.592e-05
4296,9,0.24749894,8.596e-05
4297,9,0.22233731,8.596e-05
4298,9,0.20920631,8.6e-05
4299,9,0.24411185,8.6e-05
4300,9,0.22717187,8.604e-05
4301,9,0.20771049,8.604e-05
4302,9,0.23988785,8.608e-05
4303,9,0.23022467,8.608e-05
4304,9,0.23040713,8.612e-05
4305,9,0.21135865,8.612e-05
4306,9,0.20898658,8.616e-05
4307,9,0.22910489,8.616e-05
4308,9,0.20681889,8.62e-05
4309,9,0.23083040,8.62e-05
4310,9,0.24750069,8.624e-05
4311,9,0.21738985,8.624e-05
4312,9,0.22225152,8.628e-05
4313,9,0.21387494,8.628e-05
4314,9,0.22374299,8.632e-05
4315,9,0.21369912,8.632e-05
4316,9,0.20150824,8.636e-05
4317,9,0.21653280,8.636e-05
4318,9,0.22205861,8.64e-05
4319,9,0.23655309,8.64e-05
4320,9,0.20934099,8.644e-05
4321,9,0.22522402,8.644e-05
4322,9,0.22456190,8.648e-05
4323,9,0.22804748,8.648e-05
4324,9,0.21398975,8.652e-05
4325,9,0.20637734,8.652e-05
4326,9,0.22441295,8.656e-05
4327,9,0.22419664,8.656e-05
4328,9,0.22844201,8.66e-05
4329,9,0.23233618,8.66e-05
4330,9,0.21896216,8.664e-05
4331,9,0.21989433,8.664e-05
4332,9,0.22456180,8.668e-05
4333,9,0.23411910,8.668e-05
4334,9,0.22290356,8.672e-05
4335,9,0.25165787,8.672e-05
4336,9,0.24175842,8.676e-05
4337,9,0.20879269,8.676e-05
4338,9,0.21102820,8.68e-05
4339,9,0.21315515,8.68e-05
4340,9,0.24424770,8.684e-05
4341,9,0.22462580,8.684e-05
4342,9,0.21663314,8.688e-05
4343,9,0.23324664,8.688e-05
4344,9,0.22333980,8.692e-05
4345,9,0.22752942,8.692e-05
4346,9,0.23321438,8.696e-05
4347,9,0.20551032,8.696e-05
4348,9,0.22647421,8.7e-05
4349,9,0.24202289,8.7e-05
4350,9,0.21062537,8.704e-05
4351,9,0.24262519,8.704e-05
4352,9,0.25161833,8.708e-05
4353,9,0.24417686,8.708e-05
4354,9,0.21392937,8.712e-05
4355,9,0.22627778,8.712e-05
4356,9,0.22919495,8.716e-05
4357,9,0.23236534,8.716e-05
4358,9,0.23429924,8.72e-05
4359,9,0.22781070,8.72e-05
4360,9,0.21562199,8.724e-05
4361,9,0.22725534,8.724e-05
4362,9,0.22243278,8.728e-05
4363,9,0.21802707,8.728e-05
4364,9,0.23910613,8.732e-05
4365,9,0.20027409,8.732e-05
4366,9,0.25530788,8.736e-05
4367,9,0.22278833,8.736e-05
4368,9,0.21366926,8.74e-05
4369,9,0.21455747,8.74e-05
4370,9,0.22028135,8.744e-05
4371,9,0.24641649,8.744e-05
4372,9,0.23777393,8.748e-05
4373,9,0.22540426,8.748e-05
4374,9,0.22730936,8.752e-05
4375,9,0.23151715,8.752e-05
4376,9,0.21906765,8.756e-05
4377,9,0.22987764,8.756e-05
4378,9,0.22870952,8.76e-05
4379,9,0.22619788,8.76e-05
4380,9,0.23815499,8.764e-05
4381,9,0.23529015,8.764e-05
4382,9,0.24775478,8.768e-05
4383,9,0.22937113,8.768e-05
4384,9,0.24375094,8.772e-05
4385,9,0.22014418,8.772e-05
4386,9,0.22879307,8.776e-05
4387,9,0.20031317,8.776e-05
4388,9,0.23539750,8.78e-05
4389,9,0.20766342,8.78e-05
4390,9,0.22803132,8.784e-05
4391,9,0.23519452,8.784e-05
4392,9,0.24312989,8.788e-05
4393,9,0.24395806,8.788e-05
4394,9,0.21618494,8.792e-05
4395,9,0.21830620,8.792e-05
4396,9,0.22602484,8.796e-05
4397,9,0.23142041,8.796e-05
4398,9,0.23850144,8.8e-05
4399,9,0.21902889,8.8e-05
4400,9,0.23261727,8.804e-05
4401,9,0.23090458,8.804e-05
4402,9,0.24324057,8.808e-05
4403,9,0.24519226,8.808e-05
4404,9,0.23521338,8.812e-05
4405,9,0.21996120,8.812e-05
4406,9,0.20155029,8.816e-05
4407,9,0.22401445,8.816e-05
4408,9,0.23526818,8.82e-05
4409,9,0.23854865,8.82e-05
4410,9,0.19587536,8.824e-05
4411,9,0.24044043,8.824e-05
4412,9,0.23082420,8.828e-05
4413,9,0.21160580,8.828e-05
4414,9,0.24482496,8.832e-05
4415,9,0.22337601,8.832e-05
4416,9,0.24204424,8.836e-05
4417,9,0.23054881,8.836e-05
4418,9,0.23367558,8.84e-05
4419,9,0.22070411,8.84e-05
4420,9,0.21164380,8.844e-05
4421,9,0.21456777,8.844e-05
4422,9,0.20401666,8.848e-05
4423,9,0.22011270,8.848e-05
4424,9,0.23419328,8.852e-05
4425,9,0.22554936,8.852e-05
4426,9,0.22151804,8.856e-05
4427,9,0.22471277,8.856e-05
4428,9,0.23242791,8.86e-05
4429,9,0.20689769,8.86e-05
4430,9,0.20830509,8.864e-05
4431,9,0.23533742,8.864e-05
4432,9,0.25740498,8.868e-05
4433,9,0.19806154,8.868e-05
4434,9,0.19624394,8.872e-05
4435,9,0.22468778,8.872e-05
4436,9,0.25323716,8.876e-05
4437,9,0.22010203,8.876e-05
4438,9,0.20251563,8.88e-05
4439,9,0.26833558,8.88e-05
4440,9,0.21125127,8.884e-05
4441,9,0.23380573,8.884e-05
4442,9,0.21548887,8.888e-05
4443,9,0.23920791,8.888e-05
4444,9,0.22565614,8.892e-05
4445,9,0.22957617,8.892e-05
4446,9,0.22344978,8.896e-05
4447,9,0.22118871,8.896e-05
4448,9,0.22402175,8.9e-05
4449,9,0.22500224,8.9e-05
4450,9,0.21856955,8.904e-05
4451,9,0.21663781,8.904e-05
4452,9,0.22916603,8.908e-05
4453,9,0.22483084,8.908e-05
4454,9,0.25234383,8.912e-05
4455,9,0.24655278,8.912e-05
4456,9,0.19833945,8.916e-05
4457,9,0.23352326,8.916e-05
4458,9,0.22647937,8.92e-05
4459,9,0.20731428,8.92e-05
4460,9,0.24010664,8.924e-05
4461,9,0.24829933,8.924e-05
4462,9,0.23383331,8.928e-05
4463,9,0.20288195,8.928e-05
4464,9,0.20993119,8.932e-05
4465,9,0.22669907,8.932e-05
4466,9,0.22341309,8.936e-05
4467,9,0.22171167,8.936e-05
4468,9,0.21229336,8.94e-05
4469,9,0.24252670,8.94e-05
4470,9,0.23904960,8.944e-05
4471,9,0.19891855,8.944e-05
4472,9,0.21520920,8.948e-05
4473,9,0.22084972,8.948e-05
4474,9,0.23700343,8.952e-05
4475,9,0.21547548,8.952e-05
4476,9,0.21466595,8.956e-05
4477,9,0.24404165,8.956e-05
4478,9,0.20620520,8.96e-05
4479,9,0.23033489,8.96e-05
4480,9,0.22002727,8.964e-05
4481,9,0.23280855,8.964e-05
4482,9,0.21950163,8.968e-05
4483,9,0.23885854,8.968e-05
4484,9,0.22008239,8.972e-05
4485,9,0.20652041,8.972e-05
4486,9,0.20582828,8.976e-05
4487,9,0.23125267,8.976e-05
4488,9,0.24065144,8.98e-05
4489,9,0.20865880,8.98e-05
4490,9,0.24354358,8.984e-05
4491,9,0.21427818,8.984e-05
4492,9,0.24742831,8.988e-05
4493,9,0.20172121,8.988e-05
4494,9,0.21808015,8.992e-05
4495,9,0.23321816,8.992e-05
4496,9,0.21456185,8.996e-05
4497,9,0.22544128,8.996e-05
4498,9,0.22403812,9e-05
4499,9,0.23988539,9e-05
4500,9,0.21539998,9.004e-05
4501,9,0.21791837,9.004e-05
4502,9,0.21756496,9.008e-05
4503,9,0.21683113,9.008e-05
4504,9,0.23196019,9.012e-05
4505,9,0.24418153,9.012e-05
4506,9,0.23984523,9.016e-05
4507,9,0.20414419,9.016e-05
4508,9,0.21447280,9.02e-05
4509,9,0.21191120,9.02e-05
4510,9,0.22108060,9.024e-05
4511,9,0.25877652,9.024e-05
4512,9,0.24084449,9.028e-05
4513,9,0.23341486,9.028e-05
4514,9,0.21631514,9.032e-05
4515,9,0.20371135,9.032e-05
4516,9,0.23260236,9.036e-05
4517,9,0.22622888,9.036e-05
4518,9,0.22396591,9.04e-05
4519,9,0.24465305,9.04e-05
4520,9,0.23080023,9.044e-05
4521,9,0.23255852,9.044e-05
4522,9,0.24105845,9.048e-05
4523,9,0.21648252,9.048e-05
4524,9,0.23492415,9.052e-05
4525,9,0.23426458,9.052e-05
4526,9,0.21775907,9.056e-05
4527,9,0.21630128,9.056e-05
4528,9,0.22888714,9.06e-05
4529,9,0.24226743,9.06e-05
4530,9,0.23584308,9.064e-05
4531,9,0.21156178,9.064e-05
4532,9,0.23953673,9.068e-05
4533,9,0.22738977,9.068e-05
4534,9,0.23371151,9.072e-05
4535,9,0.22109291,9.072e-05
4536,9,0.20698136,9.076e-05
4537,9,0.22853075,9.076e-05
4538,9,0.22023106,9.08e-05
4539,9,0.21363030,9.08e-05
4540,9,0.22657596,9.084e-05
4541,9,0.23566771,9.084e-05
4542,9,0.23166561,9.088e-05
4543,9,0.22455798,9.088e-05
4544,9,0.22422256,9.092e-05
4545,9,0.22808269,9.092e-05
4546,9,0.19073904,9.096e-05
4547,9,0.20907213,9.096e-05
4548,9,0.22616178,9.1e-05
4549,9,0.23487969,9.1e-05
4550,9,0.22119287,9.104e-05
4551,9,0.22218227,9.104e-05
4552,9,0.22020479,9.108e-05
4553,9,0.24082714,9.108e-05
4554,9,0.22782204,9.112e-05
4555,9,0.22386257,9.112e-05
4556,9,0.21942009,9.116e-05
4557,9,0.23680417,9.116e-05
4558,9,0.24456552,9.12e-05
4559,9,0.23471886,9.12e-05
4560,9,0.23731467,9.124e-05
4561,9,0.23701817,9.124e-05
4562,9,0.20119402,9.128e-05
4563,9,0.24455878,9.128e-05
4564,9,0.20627464,9.132e-05
4565,9,0.19453104,9.132e-05
4566,9,0.23423290,9.136e-05
4567,9,0.23656861,9.136e-05
4568,9,0.22050320,9.14e-05
4569,9,0.21679169,9.14e-05
4570,9,0.21411632,9.144e-05
4571,9,0.22269528,9.144e-05
4572,9,0.21882088,9.148e-05
4573,9,0.21658739,9.148e-05
4574,9,0.23431502,9.152e-05
4575,9,0.25787598,9.152e-05
4576,9,0.19427758,9.156e-05
4577,9,0.20414880,9.156e-05
4578,9,0.21509787,9.16e-05
4579,9,0.20431983,9.16e-05
4580,9,0.21858495,9.164e-05
4581,9,0.24503677,9.164e-05
4582,9,0.22943899,9.168e-05
4583,9,0.22657010,9.168e-05
4584,9,0.24161284,9.172e-05
4585,9,0.22556835,9.172e-05
4586,9,0.22962147,9.176e-05
4587,9,0.21279517,9.176e-05
4588,9,0.22699931,9.18e-05
4589,9,0.21362914,9.18e-05
4590,9,0.23601209,9.184e-05
4591,9,0.23681159,9.184e-05
4592,9,0.27046624,9.188e-05
4593,9,0.20649381,9.188e-05
4594,9,0.25028405,9.192e-05
4595,9,0.20642994,9.192e-05
4596,9,0.22448523,9.196e-05
4597,9,0.22668587,9.196e-05
4598,9,0.22091585,9.2e-05
4599,9,0.20954882,9.2e-05
4600,9,0.22895792,9.204e-05
4601,9,0.24438310,9.204e-05
4602,9,0.22827244,9.208e-05
4603,9,0.20468910,9.208e-05
4604,9,0.25719580,9.212e-05
4605,9,0.24968655,9.212e-05
4606,9,0.20700164,9.216e-05
4607,9,0.23998152,9.216e-05
4608,9,0.21681346,9.22e-05
4609,9,0.23330010,9.22e-05
4610,9,0.23921207,9.224e-05
4611,9,0.22447814,9.224e-05
4612,9,0.21170701,9.228e-05
4613,9,0.23814207,9.228e-05
4614,9,0.23411679,9.232e-05
4615,9,0.23003653,9.232e-05
4616,9,0.22655217,9.236e-05
4617,9,0.22275496,9.236e-05
4618,9,0.21643946,9.24e-05
4619,9,0.20528139,9.24e-05
4620,9,0.23217340,9.244e-05
4621,9,0.21821864,9.244e-05
4622,9,0.20942643,9.248e-05
4623,9,0.21449263,9.248e-05
4624,9,0.21631286,9.252e-05
4625,9,0.24066573,9.252e-05
4626,9,0.23674862,9.256e-05
4627,9,0.20525990,9.256e-05
4628,9,0.21122000,9.26e-05
4629,9,0.23707570,9.26e-05
4630,9,0.22251943,9.264e-05
4631,9,0.21276876,9.264e-05
4632,9,0.22413635,9.268e-05
4633,9,0.22929011,9.268e-05
4634,9,0.22208554,9.272e-05
4635,9,0.22166939,9.272e-05
4636,9,0.22671978,9.276e-05
4637,9,0.22961517,9.276e-05
4638,9,0.23655762,9.28e-05
4639,9,0.21673355,9.28e-05
4640,9,0.21619496,9.284e-05
4641,9,0.23077853,9.284e-05
4642,9,0.22479232,9.288e-05
4643,9,0.21734245,9.288e-05
4644,9,0.22399627,9.292e-05
4645,9,0.20309901,9.292e-05
4646,9,0.22247988,9.296e-05
4647,9,0.21037272,9.296e-05
4648,9,0.24912164,9.3e-05
4649,9,0.25796428,9.3e-05
4650,9,0.24487564,9.304e-05
4651,9,0.23695071,9.304e-05
4652,9,0.22625515,9.308e-05
4653,9,0.23177010,9.308e-05
4654,9,0.22888061,9.312e-05
4655,9,0.22851028,9.312e-05
4656,9,0.22987291,9.316e-05
4657,9,0.23671164,9.316e-05
4658,9,0.20664273,9.32e-05
4659,9,0.22446135,9.32e-05
4660,9,0.23440504,9.324e-05
4661,9,0.24682750,9.324e-05
4662,9,0.21283965,9.328e-05
4663,9,0.22746897,9.328e-05
4664,9,0.22170411,9.332e-05
4665,9,0.21690552,9.332e-05
4666,9,0.21751118,9.336e-05
4667,9,0.20654365,9.336e-05
4668,9,0.23983574,9.34e-05
4669,9,0.23481460,9.34e-05
4670,9,0.20608670,9.344e-05
4671,9,0.23533440,9.344e-05
4672,9,0.23393705,9.348e-05
4673,9,0.20918863,9.348e-05
4674,9,0.19664025,9.352e-05
4675,9,0.23524792,9.352e-05
4676,9,0.23708677,9.356e-05
4677,9,0.24338600,9.356e-05
4678,9,0.21225849,9.36e-05
4679,9,0.24354897,9.36e-05
4680,9,0.22690137,9.364e-05
4681,10,0.21011086,9.364e-05
4682,10,0.24379089,9.368e-05
4683,10,0.21069209,9.368e-05
4684,10,0.23276813,9.372e-05
4685,10,0.21996742,9.372e-05
4686,10,0.23079889,9.376e-05
4687,10,0.23000611,9.376e-05
4688,10,0.22217247,9.38e-05
4689,10,0.22470962,9.38e-05
4690,10,0.21099867,9.384e-05
4691,10,0.22971337,9.384e-05
4692,10,0.21121615,9.388e-05
4693,10,0.21575959,9.388e-05
4694,10,0.22995806,9.392e-05
4695,10,0.22491260,9.392e-05
4696,10,0.22375038,9.396e-05
4697,10,0.21026935,9.396e-05
4698,10,0.22214505,9.4e-05
4699,10,0.22048034,9.4e-05
4700,10,0.22561407,9.404e-05
4701,10,0.22871950,9.404e-05
4702,10,0.23243019,9.408e-05
4703,10,0.23112604,9.408e-05
4704,10,0.22159712,9.412e-05
4705,10,0.19771385,9.412e-05
4706,10,0.22500388,9.416e-05
4707,10,0.22516394,9.416e-05
4708,10,0.20940375,9.42e-05
4709,10,0.22663167,9.42e-05
4710,10,0.22931054,9.424e-05
4711,10,0.23107044,9.424e-05
4712,10,0.22553201,9.428e-05
4713,10,0.21519960,9.428e-05
4714,10,0.21473148,9.432e-05
4715,10,0.20716719,9.432e-05
4716,10,0.23143694,9.436e-05
4717,10,0.26003137,9.436e-05
4718,10,0.21135746,9.44e-05
4719,10,0.23226044,9.44e-05
4720,10,0.21755393,9.444e-05
4721,10,0.23581807,9.444e-05
4722,10,0.24352905,9.448e-05
4723,10,0.22138771,9.448e-05
4724,10,0.23736855,9.452e-05
4725,10,0.23785377,9.452e-05
4726,10,0.22095935,9.456e-05
4727,10,0.22636205,9.456e-05
4728,10,0.25999570,9.46e-05
4729,10,0.25488207,9.46e-05
4730,10,0.23534870,9.464e-05
4731,10,0.23309308,9.464e-05
4732,10,0.21621236,9.468e-05
4733,10,0.20071752,9.468e-05
4734,10,0.23018773,9.472e-05
4735,10,0.22278626,9.472e-05
4736,10,0.24697447,9.476e-05
4737,10,0.22384255,9.476e-05
4738,10,0.20579298,9.48e-05
4739,10,0.23951694,9.48e-05
4740,10,0.22205016,9.484e-05
4741,10,0.23018739,9.484e-05
4742,10,0.22406335,9.488e-05
4743,10,0.25052896,9.488e-05
4744,10,0.21962667,9.492e-05
4745,10,0.22666052,9.492e-05
4746,10,0.22421986,9.496e-05
4747,10,0.20695509,9.496e-05
4748,10,0.21289866,9.5e-05
4749,10,0.21829815,9.5e-05
4750,10,0.22269864,9.504e-05
4751,10,0.23966892,9.504e-05
4752,10,0.20634115,9.508e-05
4753,10,0.22926909,9.508e-05
4754,10,0.22810705,9.512e-05
4755,10,0.21546912,9.512e-05
4756,10,0.21796669,9.516e-05
4757,10,0.22819720,9.516e-05
4758,10,0.21582331,9.52e-05
4759,10,0.21830596,9.52e-05
4760,10,0.23516102,9.524e-05
4761,10,0.23996285,9.524e-05
4762,10,0.23535755,9.528e-05
4763,10,0.23213567,9.528e-05
4764,10,0.21591610,9.532e-05
4765,10,0.20685770,9.532e-05
4766,10,0.21072960,9.536e-05
4767,10,0.23321649,9.536e-05
4768,10,0.21778931,9.54e-05
4769,10,0.20642786,9.54e-05
4770,10,0.22311755,9.544e-05
4771,10,0.21989645,9.544e-05
4772,10,0.23740084,9.548e-05
4773,10,0.21487649,9.548e-05
4774,10,0.22585429,9.552e-05
4775,10,0.22298840,9.552e-05
4776,10,0.22780524,9.556e-05
4777,10,0.23239166,9.556e-05
4778,10,0.21354358,9.56e-05
4779,10,0.19361635,9.56e-05
4780,10,0.22759338,9.564e-05
4781,10,0.21301466,9.564e-05
4782,10,0.23542640,9.568e-05
4783,10,0.20229486,9.568e-05
4784,10,0.21589877,9.572e-05
4785,10,0.20034191,9.572e-05
4786,10,0.20923045,9.576e-05
4787,10,0.21434283,9.576e-05
4788,10,0.20180403,9.58e-05
4789,10,0.22206636,9.58e-05
4790,10,0.22597323,9.584e-05
4791,10,0.19732215,9.584e-05
4792,10,0.20289795,9.588e-05
4793,10,0.21930254,9.588e-05
4794,10,0.21990056,9.592e-05
4795,10,0.22593361,9.592e-05
4796,10,0.21109946,9.596e-05
4797,10,0.21722072,9.596e-05
4798,10,0.21609201,9.6e-05
4799,10,0.21995005,9.6e-05
4800,10,0.22122012,9.604e-05
4801,10,0.21775520,9.604e-05
4802,10,0.21716090,9.608e-05
4803,10,0.18199615,9.608e-05
4804,10,0.24035086,9.612e-05
4805,10,0.22420560,9.612e-05
4806,10,0.19852011,9.616e-05
4807,10,0.22324051,9.616e-05
4808,10,0.19753568,9.62e-05
4809,10,0.21119270,9.62e-05
4810,10,0.21710673,9.624e-05
4811,10,0.23820458,9.624e-05
4812,10,0.21804662,9.628e-05
4813,10,0.22888562,9.628e-05
4814,10,0.20752269,9.632e-05
4815,10,0.22836550,9.632e-05
4816,10,0.23470974,9.636e-05
4817,10,0.21778780,9.636e-05
4818,10,0.23321073,9.64e-05
4819,10,0.22057863,9.64e-05
4820,10,0.21485615,9.644e-05
4821,10,0.22649039,9.644e-05
4822,10,0.25236264,9.648e-05
4823,10,0.21726681,9.648e-05
4824,10,0.21843946,9.652e-05
4825,10,0.22112603,9.652e-05
4826,10,0.23275153,9.656e-05
4827,10,0.21390978,9.656e-05
4828,10,0.23396370,9.66e-05
4829,10,0.20063955,9.66e-05
4830,10,0.23221397,9.664e-05
4831,10,0.21926501,9.664e-05
4832,10,0.22494571,9.668e-05
4833,10,0.22907849,9.668e-05
4834,10,0.22260597,9.672e-05
4835,10,0.21371540,9.672e-05
4836,10,0.21080762,9.676e-05
4837,10,0.22764094,9.676e-05
4838,10,0.23802784,9.68e-05
4839,10,0.19915815,9.68e-05
4840,10,0.20313907,9.684e-05
4841,10,0.24599940,9.684e-05
4842,10,0.20951930,9.688e-05
4843,10,0.23735884,9.688e-05
4844,10,0.21500370,9.692e-05
4845,10,0.22896259,9.692e-05
4846,10,0.20717558,9.696e-05
4847,10,0.23069069,9.696e-05
4848,10,0.21382764,9.7e-05
4849,10,0.20508064,9.7e-05
4850,10,0.20319483,9.704e-05
4851,10,0.22732444,9.704e-05
4852,10,0.22389460,9.708e-05
4853,10,0.21829803,9.708e-05
4854,10,0.21971847,9.712e-05
4855,10,0.21433772,9.712e-05
4856,10,0.21808626,9.716e-05
4857,10,0.23186949,9.716e-05
4858,10,0.23406924,9.72e-05
4859,10,0.22577037,9.72e-05
4860,10,0.21848173,9.724e-05
4861,10,0.21051861,9.724e-05
4862,10,0.23139474,9.728e-05
4863,10,0.22589138,9.728e-05
4864,10,0.22393778,9.732e-05
4865,10,0.19722350,9.732e-05
4866,10,0.20837303,9.736e-05
4867,10,0.22315679,9.736e-05
4868,10,0.21377720,9.74e-05
4869,10,0.23296022,9.74e-05
4870,10,0.21893318,9.744e-05
4871,10,0.21719220,9.744e-05
4872,10,0.20781443,9.748e-05
4873,10,0.21614923,9.748e-05
4874,10,0.21849339,9.752e-05
4875,10,0.22054978,9.752e-05
4876,10,0.24043842,9.756e-05
4877,10,0.21277033,9.756e-05
4878,10,0.20695458,9.76e-05
4879,10,0.22096904,9.76e-05
4880,10,0.20446825,9.764e-05
4881,10,0.23024876,9.764e-05
4882,10,0.23345900,9.768e-05
4883,10,0.20344244,9.768e-05
4884,10,0.22453457,9.772e-05
4885,10,0.24607065,9.772e-05
4886,10,0.23530717,9.776e-05
4887,10,0.20411198,9.776e-05
4888,10,0.22458376,9.78e-05
4889,10,0.22858974,9.78e-05
4890,10,0.22448833,9.784e-05
4891,10,0.24039650,9.784e-05
4892,10,0.21596788,9.788e-05
4893,10,0.21681468,9.788e-05
4894,10,0.20709144,9.792e-05
4895,10,0.22355512,9.792e-05
4896,10,0.21605344,9.796e-05
4897,10,0.22427459,9.796e-05
4898,10,0.21834181,9.8e-05
4899,10,0.23493931,9.8e-05
4900,10,0.19365467,9.804e-05
4901,10,0.20429510,9.804e-05
4902,10,0.22118007,9.808e-05
4903,10,0.22866222,9.808e-05
4904,10,0.21945408,9.812e-05
4905,10,0.23448658,9.812e-05
4906,10,0.21763656,9.816e-05
4907,10,0.22687097,9.816e-05
4908,10,0.23853146,9.82e-05
4909,10,0.22099800,9.82e-05
4910,10,0.22520712,9.824e-05
4911,10,0.19901726,9.824e-05
4912,10,0.21253866,9.828e-05
4913,10,0.21648438,9.828e-05
4914,10,0.24396902,9.832e-05
4915,10,0.21940413,9.832e-05
4916,10,0.21550471,9.836e-05
4917,10,0.23429891,9.836e-05
4918,10,0.19797124,9.84e-05
4919,10,0.21385628,9.84e-05
4920,10,0.22398254,9.844e-05
4921,10,0.23322718,9.844e-05
4922,10,0.21573836,9.848e-05
4923,10,0.25119948,9.848e-05
4924,10,0.24349399,9.852e-05
4925,10,0.21326709,9.852e-05
4926,10,0.22620283,9.856e-05
4927,10,0.22189614,9.856e-05
4928,10,0.21931957,9.86e-05
4929,10,0.23716296,9.86e-05
4930,10,0.22958632,9.864e-05
4931,10,0.20001759,9.864e-05
4932,10,0.24840944,9.868e-05
4933,10,0.22391622,9.868e-05
4934,10,0.23664376,9.872e-05
4935,10,0.22347665,9.872e-05
4936,10,0.23762192,9.876e-05
4937,10,0.23611371,9.876e-05
4938,10,0.24485990,9.88e-05
4939,10,0.23624918,9.88e-05
4940,10,0.22200271,9.884e-05
4941,10,0.21922688,9.884e-05
4942,10,0.22957161,9.888e-05
4943,10,0.21625546,9.888e-05
4944,10,0.21071340,9.892e-05
4945,10,0.21067768,9.892e-05
4946,10,0.21889180,9.896e-05
4947,10,0.20737432,9.896e-05
4948,10,0.22329135,9.9e-05
4949,10,0.22686031,9.9e-05
4950,10,0.21436851,9.904e-05
4951,10,0.23528211,9.904e-05
4952,10,0.20118029,9.908e-05
4953,10,0.23485868,9.908e-05
4954,10,0.22794673,9.912e-05
4955,10,0.22408125,9.912e-05
4956,10,0.21770881,9.916e-05
4957,10,0.20807378,9.916e-05
4958,10,0.22593737,9.92e-05
4959,10,0.20521756,9.92e-05
4960,10,0.21564546,9.924e-05
4961,10,0.23939615,9.924e-05
4962,10,0.21483845,9.928e-05
4963,10,0.21803397,9.928e-05
4964,10,0.20461579,9.932e-05
4965,10,0.19961162,9.932e-05
4966,10,0.22951004,9.936e-05
4967,10,0.21635985,9.936e-05
4968,10,0.21480989,9.94e-05
4969,10,0.19885823,9.94e-05
4970,10,0.22089116,9.944e-05
4971,10,0.21501878,9.944e-05
4972,10,0.22675486,9.948e-05
4973,10,0.21989046,9.948e-05
4974,10,0.20968352,9.952e-05
4975,10,0.21672165,9.952e-05
4976,10,0.23728806,9.956e-05
4977,10,0.21817388,9.956e-05
4978,10,0.23387299,9.96e-05
4979,10,0.22032377,9.96e-05
4980,10,0.21947896,9.964e-05
4981,10,0.22437671,9.964e-05
4982,10,0.20431255,9.968e-05
4983,10,0.22555672,9.968e-05
4984,10,0.23782773,9.972e-05
4985,10,0.19350305,9.972e-05
4986,10,0.21464640,9.976e-05
4987,10,0.20353563,9.976e-05
4988,10,0.20685199,9.98e-05
4989,10,0.23608595,9.98e-05
4990,10,0.23149544,9.984e-05
4991,10,0.20976226,9.984e-05
4992,10,0.20758526,9.988e-05
4993,10,0.22597347,9.988e-05
4994,10,0.21801646,9.992e-05
4995,10,0.20848791,9.992e-05
4996,10,0.25013474,9.996e-05
4997,10,0.20318200,9.996e-05
4998,10,0.22762018,0.0001
4999,10,0.22278929,0.0001
5000,10,0.20556082,0.00010004
5001,10,0.21320498,0.00010004
5002,10,0.23592660,0.00010008
5003,10,0.20914425,0.00010008
5004,10,0.23080938,0.00010012
5005,10,0.20319101,0.00010012
5006,10,0.20673788,0.00010016
5007,10,0.20362864,0.00010016
5008,10,0.20553738,0.0001002
5009,10,0.23293230,0.0001002
5010,10,0.22031450,0.00010024
5011,10,0.19019118,0.00010024
5012,10,0.22649775,0.00010028
5013,10,0.21682523,0.00010028
5014,10,0.21108031,0.00010032
5015,10,0.21329902,0.00010032
5016,10,0.24513493,0.00010036
5017,10,0.23341544,0.00010036
5018,10,0.20489022,0.0001004
5019,10,0.18521583,0.0001004
5020,10,0.20929141,0.00010044
5021,10,0.20803197,0.00010044
5022,10,0.20061332,0.00010048
5023,10,0.20977044,0.00010048
5024,10,0.20463642,0.00010052
5025,10,0.22268894,0.00010052
5026,10,0.23146936,0.00010056
5027,10,0.21693233,0.00010056
5028,10,0.22291107,0.0001006
5029,10,0.21296857,0.0001006
5030,10,0.22201556,0.00010064
5031,10,0.23055407,0.00010064
5032,10,0.21162704,0.00010068
5033,10,0.20039357,0.00010068
5034,10,0.23638508,0.00010072
5035,10,0.21386983,0.00010072
5036,10,0.21349464,0.00010076
5037,10,0.23290566,0.00010076
5038,10,0.22950771,0.0001008
5039,10,0.22464485,0.0001008
5040,10,0.21355851,0.00010084
5041,10,0.23470503,0.00010084
5042,10,0.25076589,0.00010088
5043,10,0.22107844,0.00010088
5044,10,0.20073743,0.00010092
5045,10,0.23471703,0.00010092
5046,10,0.20488998,0.00010096
5047,10,0.22976072,0.00010096
5048,10,0.22787134,0.000101
5049,10,0.21767950,0.000101
5050,10,0.21540952,0.00010104
5051,10,0.22221214,0.00010104
5052,10,0.21274672,0.00010108
5053,10,0.21897788,0.00010108
5054,10,0.20318945,0.00010112
5055,10,0.22330639,0.00010112
5056,10,0.21587351,0.00010116
5057,10,0.24868928,0.00010116
5058,10,0.20607424,0.0001012
5059,10,0.24782616,0.0001012
5060,10,0.24479792,0.00010124
5061,10,0.21756135,0.00010124
5062,10,0.21360065,0.00010128
5063,10,0.23887761,0.00010128
5064,10,0.22381997,0.00010132
5065,10,0.23798455,0.00010132
5066,10,0.22994871,0.00010136
5067,10,0.24115498,0.00010136
5068,10,0.22051525,0.0001014
5069,10,0.22055404,0.0001014
5070,10,0.23131806,0.00010144
5071,10,0.21769240,0.00010144
5072,10,0.23298720,0.00010148
5073,10,0.19655660,0.00010148
5074,10,0.22311653,0.00010152
5075,10,0.23484188,0.00010152
5076,10,0.22128838,0.00010156
5077,10,0.21186396,0.00010156
5078,10,0.22041406,0.0001016
5079,10,0.19337672,0.0001016
5080,10,0.25091043,0.00010164
5081,10,0.22199526,0.00010164
5082,10,0.19834238,0.00010168
5083,10,0.21216582,0.00010168
5084,10,0.21928771,0.00010172
5085,10,0.23661879,0.00010172
5086,10,0.21598308,0.00010176
5087,10,0.22112246,0.00010176
5088,10,0.19682582,0.0001018
5089,10,0.20120092,0.0001018
5090,10,0.22589843,0.00010184
5091,10,0.24647975,0.00010184
5092,10,0.20700222,0.00010188
5093,10,0.20917867,0.00010188
5094,10,0.21862619,0.00010192
5095,10,0.22078338,0.00010192
5096,10,0.23074637,0.00010196
5097,10,0.20024613,0.00010196
5098,10,0.21399678,0.000102
5099,10,0.24641374,0.000102
5100,10,0.20081237,0.00010204
5101,10,0.19286434,0.00010204
5102,10,0.22028171,0.00010208
5103,10,0.21981815,0.00010208
5104,10,0.21418640,0.00010212
5105,10,0.21131921,0.00010212
5106,10,0.23847252,0.00010216
5107,10,0.21638349,0.00010216
5108,10,0.21884045,0.0001022
5109,10,0.20108853,0.0001022
5110,10,0.21578631,0.00010224
5111,10,0.20989712,0.00010224
5112,10,0.19353716,0.00010228
5113,10,0.22669993,0.00010228
5114,10,0.22996303,0.00010232
5115,10,0.22302945,0.00010232
5116,10,0.23019399,0.00010236
5117,10,0.21771981,0.00010236
5118,10,0.21661523,0.0001024
5119,10,0.22478051,0.0001024
5120,10,0.24158046,0.00010244
5121,10,0.21395980,0.00010244
5122,10,0.20691724,0.00010248
5123,10,0.20595892,0.00010248
5124,10,0.19920136,0.00010252
5125,10,0.22457750,0.00010252
5126,10,0.21637562,0.00010256
5127,10,0.20409590,0.00010256
5128,10,0.21237832,0.0001026
5129,10,0.22388792,0.0001026
5130,10,0.22666383,0.00010264
5131,10,0.23488818,0.00010264
5132,10,0.22751962,0.00010268
5133,10,0.21186532,0.00010268
5134,10,0.22040290,0.00010272
5135,10,0.22177404,0.00010272
5136,10,0.18904619,0.00010276
5137,10,0.19906300,0.00010276
5138,10,0.21179850,0.0001028
5139,10,0.21453963,0.0001028
5140,10,0.24116464,0.00010284
5141,10,0.20282252,0.00010284
5142,10,0.23759301,0.00010288
5143,10,0.20633455,0.00010288
5144,10,0.26518443,0.00010292
5145,10,0.21812625,0.00010292
5146,10,0.21152636,0.00010296
5147,10,0.23837890,0.00010296
5148,10,0.23476076,0.000103
5149,10,0.22508526,0.000103
5150,10,0.23014556,0.00010304
5151,10,0.24565861,0.00010304
5152,10,0.20418206,0.00010308
5153,10,0.21152860,0.00010308
5154,10,0.21625246,0.00010312
5155,10,0.21065842,0.00010312
5156,10,0.22950098,0.00010316
5157,10,0.21779455,0.00010316
5158,10,0.22091669,0.0001032
5159,10,0.19418164,0.0001032
5160,10,0.21196236,0.00010324
5161,10,0.23514986,0.00010324
5162,10,0.23181815,0.00010328
5163,10,0.23160811,0.00010328
5164,10,0.22523399,0.00010332
5165,10,0.21852089,0.00010332
5166,10,0.22515450,0.00010336
5167,10,0.24955694,0.00010336
5168,10,0.21621527,0.0001034
5169,10,0.25129351,0.0001034
5170,10,0.22227737,0.00010344
5171,10,0.21009560,0.00010344
5172,10,0.22564894,0.00010348
5173,10,0.21472324,0.00010348
5174,10,0.23038904,0.00010352
5175,10,0.22781569,0.00010352
5176,10,0.22536655,0.00010356
5177,10,0.21077591,0.00010356
5178,10,0.21314281,0.0001036
5179,10,0.22876027,0.0001036
5180,10,0.21682562,0.00010364
5181,10,0.22305730,0.00010364
5182,10,0.21843161,0.00010368
5183,10,0.21799040,0.00010368
5184,10,0.18614210,0.00010372
5185,10,0.22203188,0.00010372
5186,10,0.20887049,0.00010376
5187,10,0.23841949,0.00010376
5188,10,0.22104646,0.0001038
5189,10,0.21289201,0.0001038
5190,10,0.21316628,0.00010384
5191,10,0.22931769,0.00010384
5192,10,0.23402153,0.00010388
5193,10,0.20597023,0.00010388
5194,10,0.20367408,0.00010392
5195,10,0.22898266,0.00010392
5196,10,0.22832590,0.00010396
5197,10,0.22467253,0.00010396
5198,10,0.22156475,0.000104
5199,10,0.22667980,0.000104
5200,10,0.23342054,0.00010404
5201,11,0.21363524,0.00010404
5202,11,0.20948505,0.00010408
5203,11,0.23463236,0.00010408
5204,11,0.23038197,0.00010412
5205,11,0.22080600,0.00010412
5206,11,0.21800625,0.00010416
5207,11,0.19019361,0.00010416
5208,11,0.20936863,0.0001042
5209,11,0.23185720,0.0001042
5210,11,0.22495885,0.00010424
5211,11,0.20326419,0.00010424
5212,11,0.22580126,0.00010428
5213,11,0.22861396,0.00010428
5214,11,0.19245760,0.00010432
5215,11,0.23024184,0.00010432
5216,11,0.20169894,0.00010436
5217,11,0.21277782,0.00010436
5218,11,0.23364469,0.0001044
5219,11,0.21304634,0.0001044
5220,11,0.18630378,0.00010444
5221,11,0.21127619,0.00010444
5222,11,0.22886334,0.00010448
5223,11,0.21776605,0.00010448
5224,11,0.19234070,0.00010452
5225,11,0.22617991,0.00010452
5226,11,0.21501674,0.00010456
5227,11,0.23573568,0.00010456
5228,11,0.22998734,0.0001046
5229,11,0.21120876,0.0001046
5230,11,0.21755931,0.00010464
5231,11,0.20851442,0.00010464
5232,11,0.22904068,0.00010468
5233,11,0.21507941,0.00010468
5234,11,0.23442690,0.00010472
5235,11,0.21301970,0.00010472
5236,11,0.23915280,0.00010476
5237,11,0.20250636,0.00010476
5238,11,0.22303563,0.0001048
5239,11,0.21574311,0.0001048
5240,11,0.20849490,0.00010484
5241,11,0.21740784,0.00010484
5242,11,0.20747502,0.00010488
5243,11,0.21442159,0.00010488
5244,11,0.22001012,0.00010492
5245,11,0.20131914,0.00010492
5246,11,0.22772625,0.00010496
5247,11,0.20615096,0.00010496
5248,11,0.18342726,0.000105
5249,11,0.21342070,0.000105
5250,11,0.21042700,0.00010504
5251,11,0.20681925,0.00010504
5252,11,0.24255769,0.00010508
5253,11,0.22975726,0.00010508
5254,11,0.22563294,0.00010512
5255,11,0.23491509,0.00010512
5256,11,0.20218329,0.00010516
5257,11,0.23560296,0.00010516
5258,11,0.23563915,0.0001052
5259,11,0.21518339,0.0001052
5260,11,0.21198136,0.00010524
5261,11,0.23824374,0.00010524
5262,11,0.22973166,0.00010528
5263,11,0.22334096,0.00010528
5264,11,0.25024900,0.00010532
5265,11,0.23772359,0.00010532
5266,11,0.20947167,0.00010536
5267,11,0.21525800,0.00010536
5268,11,0.23676504,0.0001054
5269,11,0.20940351,0.0001054
5270,11,0.21556552,0.00010544
5271,11,0.21929781,0.00010544
5272,11,0.24305111,0.00010548
5273,11,0.22329670,0.00010548
5274,11,0.22185989,0.00010552
5275,11,0.21185909,0.00010552
5276,11,0.20699120,0.00010556
5277,11,0.23376314,0.00010556
5278,11,0.20814139,0.0001056
5279,11,0.21723558,0.0001056
5280,11,0.24264649,0.00010564
5281,11,0.24086852,0.00010564
5282,11,0.21164425,0.00010568
5283,11,0.21355422,0.00010568
5284,11,0.23265229,0.00010572
5285,11,0.23937412,0.00010572
5286,11,0.19966359,0.00010576
5287,11,0.23021173,0.00010576
5288,11,0.24019618,0.0001058
5289,11,0.22460257,0.0001058
5290,11,0.20229298,0.00010584
5291,11,0.21294996,0.00010584
5292,11,0.23256257,0.00010588
5293,11,0.20546900,0.00010588
5294,11,0.22634728,0.00010592
5295,11,0.20223996,0.00010592
5296,11,0.23376499,0.00010596
5297,11,0.22149679,0.00010596
5298,11,0.23484029,0.000106
5299,11,0.23248270,0.000106
5300,11,0.23500650,0.00010604
5301,11,0.20529686,0.00010604
5302,11,0.22850281,0.00010608
5303,11,0.24425745,0.00010608
5304,11,0.22065410,0.00010612
5305,11,0.22499752,0.00010612
5306,11,0.21536461,0.00010616
5307,11,0.23854446,0.00010616
5308,11,0.19564322,0.0001062
5309,11,0.20421582,0.0001062
5310,11,0.20655571,0.00010624
5311,11,0.22412661,0.00010624
5312,11,0.22043499,0.00010628
5313,11,0.22478260,0.00010628
5314,11,0.24152714,0.00010632
5315,11,0.21424477,0.00010632
5316,11,0.22582251,0.00010636
5317,11,0.22599030,0.00010636
5318,11,0.23620449,0.0001064
5319,11,0.22720303,0.0001064
5320,11,0.22537285,0.00010644
5321,11,0.24329281,0.00010644
5322,11,0.23421781,0.00010648
5323,11,0.23145898,0.00010648
5324,11,0.22751948,0.00010652
5325,11,0.19738418,0.00010652
5326,11,0.21109556,0.00010656
5327,11,0.21780212,0.00010656
5328,11,0.22432381,0.0001066
5329,11,0.21312036,0.0001066
5330,11,0.22881968,0.00010664
5331,11,0.23782256,0.00010664
5332,11,0.24443446,0.00010668
5333,11,0.22663148,0.00010668
5334,11,0.23958646,0.00010672
5335,11,0.20934455,0.00010672
5336,11,0.25233459,0.00010676
5337,11,0.21635987,0.00010676
5338,11,0.20576058,0.0001068
5339,11,0.23101330,0.0001068
5340,11,0.21278732,0.00010684
5341,11,0.23234649,0.00010684
5342,11,0.21414794,0.00010688
5343,11,0.21763982,0.00010688
5344,11,0.23631392,0.00010692
5345,11,0.22266598,0.00010692
5346,11,0.21449144,0.00010696
5347,11,0.22127086,0.00010696
5348,11,0.22394398,0.000107
5349,11,0.21135138,0.000107
5350,11,0.20890787,0.00010704
5351,11,0.19631916,0.00010704
5352,11,0.21214443,0.00010708
5353,11,0.21871111,0.00010708
5354,11,0.20635542,0.00010712
5355,11,0.21532048,0.00010712
5356,11,0.24951066,0.00010716
5357,11,0.22352348,0.00010716
5358,11,0.27365756,0.0001072
5359,11,0.19782574,0.0001072
5360,11,0.23491722,0.00010724
5361,11,0.22320801,0.00010724
5362,11,0.22596677,0.00010728
5363,11,0.21997182,0.00010728
5364,11,0.22900179,0.00010732
5365,11,0.24277169,0.00010732
5366,11,0.20213459,0.00010736
5367,11,0.21413358,0.00010736
5368,11,0.23046030,0.0001074
5369,11,0.21143837,0.0001074
5370,11,0.22004554,0.00010744
5371,11,0.21643440,0.00010744
5372,11,0.21116248,0.00010748
5373,11,0.20560494,0.00010748
5374,11,0.21782415,0.00010752
5375,11,0.25119585,0.00010752
5376,11,0.21966776,0.00010756
5377,11,0.20454714,0.00010756
5378,11,0.20877817,0.0001076
5379,11,0.23340252,0.0001076
5380,11,0.22996898,0.00010764
5381,11,0.21198252,0.00010764
5382,11,0.20972528,0.00010768
5383,11,0.25261894,0.00010768
5384,11,0.24761264,0.00010772
5385,11,0.21117572,0.00010772
5386,11,0.21546391,0.00010776
5387,11,0.21951564,0.00010776
5388,11,0.24240573,0.0001078
5389,11,0.22199711,0.0001078
5390,11,0.22290304,0.00010784
5391,11,0.22945830,0.00010784
5392,11,0.21379526,0.00010788
5393,11,0.21865731,0.00010788
5394,11,0.22492637,0.00010792
5395,11,0.22659472,0.00010792
5396,11,0.19478548,0.00010796
5397,11,0.20764865,0.00010796
5398,11,0.23132822,0.000108
5399,11,0.22810616,0.000108
5400,11,0.20876333,0.00010804
5401,11,0.22066349,0.00010804
5402,11,0.23324575,0.00010808
5403,11,0.25379539,0.00010808
5404,11,0.19851436,0.00010812
5405,11,0.23154391,0.00010812
5406,11,0.22430034,0.00010816
5407,11,0.21604572,0.00010816
5408,11,0.22687861,0.0001082
5409,11,0.23021211,0.0001082
5410,11,0.21595390,0.00010824
5411,11,0.22677952,0.00010824
5412,11,0.22081442,0.00010828
5413,11,0.20520464,0.00010828
5414,11,0.21616170,0.00010832
5415,11,0.20098335,0.00010832
5416,11,0.21542422,0.00010836
5417,11,0.18342645,0.00010836
5418,11,0.22713201,0.0001084
5419,11,0.22314723,0.0001084
5420,11,0.20137925,0.00010844
5421,11,0.23898093,0.00010844
5422,11,0.23136957,0.00010848
5423,11,0.22112428,0.00010848
5424,11,0.20552921,0.00010852
5425,11,0.22645569,0.00010852
5426,11,0.22134413,0.00010856
5427,11,0.22208905,0.00010856
5428,11,0.22530988,0.0001086
5429,11,0.19884269,0.0001086
5430,11,0.20304127,0.00010864
5431,11,0.21879067,0.00010864
5432,11,0.23668891,0.00010868
5433,11,0.22502422,0.00010868
5434,11,0.20537439,0.00010872
5435,11,0.21617347,0.00010872
5436,11,0.20804790,0.00010876
5437,11,0.22077778,0.00010876
5438,11,0.21491465,0.0001088
5439,11,0.20364696,0.0001088
5440,11,0.21015981,0.00010884
5441,11,0.21451828,0.00010884
5442,11,0.23521399,0.00010888
5443,11,0.22684786,0.00010888
5444,11,0.23775165,0.00010892
5445,11,0.21088929,0.00010892
5446,11,0.21140014,0.00010896
5447,11,0.20730706,0.00010896
5448,11,0.20373709,0.000109
5449,11,0.20699506,0.000109
5450,11,0.19929358,0.00010904
5451,11,0.22658508,0.00010904
5452,11,0.20711702,0.00010908
5453,11,0.21158862,0.00010908
5454,11,0.23684089,0.00010912
5455,11,0.22407563,0.00010912
5456,11,0.22893204,0.00010916
5457,11,0.21623243,0.00010916
5458,11,0.20381808,0.0001092
5459,11,0.22658764,0.0001092
5460,11,0.23312272,0.00010924
5461,11,0.22113390,0.00010924
5462,11,0.19808038,0.00010928
5463,11,0.23040308,0.00010928
5464,11,0.22329575,0.00010932
5465,11,0.21052539,0.00010932
5466,11,0.21885717,0.00010936
5467,11,0.20396782,0.00010936
5468,11,0.18793800,0.0001094
5469,11,0.20449445,0.0001094
5470,11,0.21421485,0.00010944
5471,11,0.19603597,0.00010944
5472,11,0.19280550,0.00010948
5473,11,0.21569607,0.00010948
5474,11,0.22190094,0.00010952
5475,11,0.20516413,0.00010952
5476,11,0.21264254,0.00010956
5477,11,0.24800497,0.00010956
5478,11,0.20788476,0.0001096
5479,11,0.20671418,0.0001096
5480,11,0.21106595,0.00010964
5481,11,0.23497169,0.00010964
5482,11,0.21259353,0.00010968
5483,11,0.19395453,0.00010968
5484,11,0.21523434,0.00010972
5485,11,0.20845951,0.00010972
5486,11,0.21952322,0.00010976
5487,11,0.22058320,0.00010976
5488,11,0.22018607,0.0001098
5489,11,0.21310413,0.0001098
5490,11,0.21328282,0.00010984
5491,11,0.22158335,0.00010984
5492,11,0.21439354,0.00010988
5493,11,0.20810986,0.00010988
5494,11,0.20141168,0.00010992
5495,11,0.23217930,0.00010992
5496,11,0.22667006,0.00010996
5497,11,0.19893235,0.00010996
5498,11,0.23016170,0.00011
5499,11,0.22798593,0.00011
5500,11,0.22479302,0.00011004
5501,11,0.23463292,0.00011004
5502,11,0.20916280,0.00011008
5503,11,0.23040481,0.00011008
5504,11,0.22472651,0.00011012
5505,11,0.21699840,0.00011012
5506,11,0.21609637,0.00011016
5507,11,0.20713092,0.00011016
5508,11,0.20823129,0.0001102
5509,11,0.22301126,0.0001102
5510,11,0.22937343,0.00011024
5511,11,0.21040022,0.00011024
5512,11,0.20332485,0.00011028
5513,11,0.21412611,0.00011028
5514,11,0.22592619,0.00011032
5515,11,0.19933942,0.00011032
5516,11,0.24067943,0.00011036
5517,11,0.20280382,0.00011036
5518,11,0.22373652,0.0001104
5519,11,0.20937997,0.0001104
5520,11,0.21897252,0.00011044
5521,11,0.20844647,0.00011044
5522,11,0.24800666,0.00011048
5523,11,0.21057273,0.00011048
5524,11,0.19491819,0.00011052
5525,11,0.18990709,0.00011052
5526,11,0.21940279,0.00011056
5527,11,0.22022767,0.00011056
5528,11,0.23799759,0.0001106
5529,11,0.21053661,0.0001106
5530,11,0.22758780,0.00011064
5531,11,0.22095111,0.00011064
5532,11,0.22951609,0.00011068
5533,11,0.23000188,0.00011068
5534,11,0.25509819,0.00011072
5535,11,0.19620058,0.00011072
5536,11,0.22584438,0.00011076
5537,11,0.24886703,0.00011076
5538,11,0.22246452,0.0001108
5539,11,0.21402557,0.0001108
5540,11,0.22430624,0.00011084
5541,11,0.21779430,0.00011084
5542,11,0.21722193,0.00011088
5543,11,0.21182092,0.00011088
5544,11,0.21652664,0.00011092
5545,11,0.23011552,0.00011092
5546,11,0.20937623,0.00011096
5547,11,0.22536834,0.00011096
5548,11,0.22290823,0.000111
5549,11,0.20304373,0.000111
5550,11,0.21828917,0.00011104
5551,11,0.20354021,0.00011104
5552,11,0.21461530,0.00011108
5553,11,0.21537541,0.00011108
5554,11,0.21526104,0.00011112
5555,11,0.19372828,0.00011112
5556,11,0.22115567,0.00011116
5557,11,0.22830534,0.00011116
5558,11,0.21991505,0.0001112
5559,11,0.21307512,0.0001112
5560,11,0.21424311,0.00011124
5561,11,0.19251466,0.00011124
5562,11,0.20813547,0.00011128
5563,11,0.23308887,0.00011128
5564,11,0.21387362,0.00011132
5565,11,0.20237754,0.00011132
5566,11,0.21868791,0.00011136
5567,11,0.21231171,0.00011136
5568,11,0.22191019,0.0001114
5569,11,0.23261881,0.0001114
5570,11,0.21674615,0.00011144
5571,11,0.22892280,0.00011144
5572,11,0.24298011,0.00011148
5573,11,0.19066364,0.00011148
5574,11,0.19275804,0.00011152
5575,11,0.21858723,0.00011152
5576,11,0.21807583,0.00011156
5577,11,0.19703515,0.00011156
5578,11,0.22583334,0.0001116
5579,11,0.20951764,0.0001116
5580,11,0.20404461,0.00011164
5581,11,0.20728397,0.00011164
5582,11,0.20858483,0.00011168
5583,11,0.22210979,0.00011168
5584,11,0.21924540,0.00011172
5585,11,0.25545645,0.00011172
5586,11,0.20728999,0.00011176
5587,11,0.22230513,0.00011176
5588,11,0.21796861,0.0001118
5589,11,0.20656155,0.0001118
5590,11,0.21333636,0.00011184
5591,11,0.21008681,0.00011184
5592,11,0.20697200,0.00011188
5593,11,0.24263927,0.00011188
5594,11,0.20882823,0.00011192
5595,11,0.22200412,0.00011192
5596,11,0.22842309,0.00011196
5597,11,0.24860555,0.00011196
5598,11,0.21578124,0.000112
5599,11,0.21219690,0.000112
5600,11,0.19924088,0.00011204
5601,11,0.22346745,0.00011204
5602,11,0.19805233,0.00011208
5603,11,0.20028596,0.00011208
5604,11,0.22971602,0.00011212
5605,11,0.22028692,0.00011212
5606,11,0.22565147,0.00011216
5607,11,0.20143758,0.00011216
5608,11,0.23546982,0.0001122
5609,11,0.19557118,0.0001122
5610,11,0.19973573,0.00011224
5611,11,0.19659252,0.00011224
5612,11,0.24047609,0.00011228
5613,11,0.21112771,0.00011228
5614,11,0.20818794,0.00011232
5615,11,0.20084615,0.00011232
5616,11,0.20851657,0.00011236
5617,11,0.21228905,0.00011236
5618,11,0.22171713,0.0001124
5619,11,0.20284484,0.0001124
5620,11,0.20849732,0.00011244
5621,11,0.20890607,0.00011244
5622,11,0.22010496,0.00011248
5623,11,0.23457858,0.00011248
5624,11,0.22692712,0.00011252
5625,11,0.22312085,0.00011252
5626,11,0.20206597,0.00011256
5627,11,0.24981610,0.00011256
5628,11,0.22788964,0.0001126
5629,11,0.20619698,0.0001126
5630,11,0.21729302,0.00011264
5631,11,0.23495786,0.00011264
5632,11,0.20771752,0.00011268
5633,11,0.23077652,0.00011268
5634,11,0.23117468,0.00011272
5635,11,0.22239643,0.00011272
5636,11,0.21943596,0.00011276
5637,11,0.22603555,0.00011276
5638,11,0.19957535,0.0001128
5639,11,0.23682626,0.0001128
5640,11,0.21039489,0.00011284
5641,11,0.21697353,0.00011284
5642,11,0.20731325,0.00011288
5643,11,0.22043656,0.00011288
5644,11,0.22863667,0.00011292
5645,11,0.20661683,0.00011292
5646,11,0.21685325,0.00011296
5647,11,0.22645374,0.00011296
5648,11,0.22434054,0.000113
5649,11,0.21203354,0.000113
5650,11,0.23394935,0.00011304
5651,11,0.20970891,0.00011304
5652,11,0.25118455,0.00011308
5653,11,0.20411238,0.00011308
5654,11,0.21931519,0.00011312
5655,11,0.20225810,0.00011312
5656,11,0.21461408,0.00011316
5657,11,0.20199391,0.00011316
5658,11,0.19539268,0.0001132
5659,11,0.20609304,0.0001132
5660,11,0.21511503,0.00011324
5661,11,0.21678858,0.00011324
5662,11,0.20994015,0.00011328
5663,11,0.22056352,0.00011328
5664,11,0.21644501,0.00011332
5665,11,0.19095942,0.00011332
5666,11,0.22980721,0.00011336
5667,11,0.22950287,0.00011336
5668,11,0.23759143,0.0001134
5669,11,0.21730518,0.0001134
5670,11,0.21289116,0.00011344
5671,11,0.20234135,0.00011344
5672,11,0.20555146,0.00011348
5673,11,0.21830817,0.00011348
5674,11,0.20825416,0.00011352
5675,11,0.18998316,0.00011352
5676,11,0.21464057,0.00011356
5677,11,0.21748267,0.00011356
5678,11,0.22761685,0.0001136
5679,11,0.21023384,0.0001136
5680,11,0.21183048,0.00011364
5681,11,0.20153353,0.00011364
5682,11,0.19627258,0.00011368
5683,11,0.22191763,0.00011368
5684,11,0.21614592,0.00011372
5685,11,0.19668765,0.00011372
5686,11,0.23133032,0.00011376
5687,11,0.24889489,0.00011376
5688,11,0.20728903,0.0001138
5689,11,0.21466263,0.0001138
5690,11,0.21119541,0.00011384
5691,11,0.20880456,0.00011384
5692,11,0.23252723,0.00011388
5693,11,0.20843048,0.00011388
5694,11,0.20201690,0.00011392
5695,11,0.21310006,0.00011392
5696,11,0.20948966,0.00011396
5697,11,0.21443835,0.00011396
5698,11,0.23511770,0.000114
5699,11,0.24577703,0.000114
5700,11,0.21424074,0.00011404
5701,11,0.22631161,0.00011404
5702,11,0.22727057,0.00011408
5703,11,0.21079746,0.00011408
5704,11,0.19969241,0.00011412
5705,11,0.22107889,0.00011412
5706,11,0.20959084,0.00011416
5707,11,0.22357602,0.00011416
5708,11,0.22788711,0.0001142
5709,11,0.21918982,0.0001142
5710,11,0.20934407,0.00011424
5711,11,0.21144046,0.00011424
5712,11,0.20041855,0.00011428
5713,11,0.18993756,0.00011428
5714,11,0.21985121,0.00011432
5715,11,0.24095668,0.00011432
5716,11,0.19927701,0.00011436
5717,11,0.20852850,0.00011436
5718,11,0.23608786,0.0001144
5719,11,0.21020480,0.0001144
5720,11,0.20469284,0.00011444
5721,12,0.22925210,0.00011444
5722,12,0.21057899,0.00011448
5723,12,0.22125435,0.00011448
5724,12,0.18808991,0.00011452
5725,12,0.22796665,0.00011452
5726,12,0.23565719,0.00011456
5727,12,0.22019471,0.00011456
5728,12,0.21513285,0.0001146
5729,12,0.21252818,0.0001146
5730,12,0.19668531,0.00011464
5731,12,0.22641400,0.00011464
5732,12,0.21734302,0.00011468
5733,12,0.23344909,0.00011468
5734,12,0.23867236,0.00011472
5735,12,0.20048952,0.00011472
5736,12,0.25146553,0.00011476
5737,12,0.24317785,0.00011476
5738,12,0.21354796,0.0001148
5739,12,0.20114173,0.0001148
5740,12,0.23083997,0.00011484
5741,12,0.23584385,0.00011484
5742,12,0.20407602,0.00011488
5743,12,0.22510327,0.00011488
5744,12,0.20186976,0.00011492
5745,12,0.24272442,0.00011492
5746,12,0.23705737,0.00011496
5747,12,0.21462505,0.00011496
5748,12,0.21004370,0.000115
5749,12,0.21026483,0.000115
5750,12,0.21258970,0.00011504
5751,12,0.18863150,0.00011504
5752,12,0.23245461,0.00011508
5753,12,0.19601722,0.00011508
5754,12,0.21798709,0.00011512
5755,12,0.22126420,0.00011512
5756,12,0.21832973,0.00011516
5757,12,0.22012931,0.00011516
5758,12,0.21163960,0.0001152
5759,12,0.23023589,0.0001152
5760,12,0.20972057,0.00011524
5761,12,0.20591871,0.00011524
5762,12,0.21285470,0.00011528
5763,12,0.20800602,0.00011528
5764,12,0.20102938,0.00011532
5765,12,0.21932352,0.00011532
5766,12,0.20645145,0.00011536
5767,12,0.20604058,0.00011536
5768,12,0.21319930,0.0001154
5769,12,0.20136507,0.0001154
5770,12,0.21434721,0.00011544
5771,12,0.22409868,0.00011544
5772,12,0.18612152,0.00011548
5773,12,0.21610816,0.00011548
5774,12,0.22891170,0.00011552
5775,12,0.21851763,0.00011552
5776,12,0.20996308,0.00011556
5777,12,0.22493945,0.00011556
5778,12,0.22102372,0.0001156
5779,12,0.22657916,0.0001156
5780,12,0.19321775,0.00011564
5781,12,0.22579786,0.00011564
5782,12,0.22060630,0.00011568
5783,12,0.22262965,0.00011568
5784,12,0.21663646,0.00011572
5785,12,0.20764032,0.00011572
5786,12,0.21067825,0.00011576
5787,12,0.21296872,0.00011576
5788,12,0.19516659,0.0001158
5789,12,0.21855080,0.0001158
5790,12,0.19848098,0.00011584
5791,12,0.22446686,0.00011584
5792,12,0.22067727,0.00011588
5793,12,0.20070551,0.00011588
5794,12,0.20803587,0.00011592
5795,12,0.20931701,0.00011592
5796,12,0.22322679,0.00011596
5797,12,0.19583024,0.00011596
5798,12,0.22194369,0.000116
5799,12,0.21827944,0.000116
5800,12,0.19485593,0.00011604
5801,12,0.22520515,0.00011604
5802,12,0.20990194,0.00011608
5803,12,0.23185280,0.00011608
5804,12,0.21297866,0.00011612
5805,12,0.21041568,0.00011612
5806,12,0.22019628,0.00011616
5807,12,0.21931140,0.00011616
5808,12,0.20569856,0.0001162
5809,12,0.22549330,0.0001162
5810,12,0.21392652,0.00011624
5811,12,0.21904150,0.00011624
5812,12,0.19939481,0.00011628
5813,12,0.24758826,0.00011628
5814,12,0.20175453,0.00011632
5815,12,0.21050043,0.00011632
5816,12,0.20027840,0.00011636
5817,12,0.23079085,0.00011636
5818,12,0.21378937,0.0001164
5819,12,0.21468040,0.0001164
5820,12,0.21028140,0.00011644
5821,12,0.20998688,0.00011644
5822,12,0.22016795,0.00011648
5823,12,0.19962332,0.00011648
5824,12,0.21724391,0.00011652
5825,12,0.22427082,0.00011652
5826,12,0.20574330,0.00011656
5827,12,0.22352780,0.00011656
5828,12,0.23269947,0.0001166
5829,12,0.21037449,0.0001166
5830,12,0.21937500,0.00011664
5831,12,0.24155749,0.00011664
5832,12,0.21313985,0.00011668
5833,12,0.21284574,0.00011668
5834,12,0.22053592,0.00011672
5835,12,0.20352194,0.00011672
5836,12,0.19310960,0.00011676
5837,12,0.19705142,0.00011676
5838,12,0.23545115,0.0001168
5839,12,0.22578508,0.0001168
5840,12,0.20812167,0.00011684
5841,12,0.22196667,0.00011684
5842,12,0.21181151,0.00011688
5843,12,0.22967286,0.00011688
5844,12,0.20825595,0.00011692
5845,12,0.19775279,0.00011692
5846,12,0.21146943,0.00011696
5847,12,0.20126076,0.00011696
5848,12,0.19010663,0.000117
5849,12,0.22767793,0.000117
5850,12,0.22405736,0.00011704
5851,12,0.21449505,0.00011704
5852,12,0.23190196,0.00011708
5853,12,0.24310647,0.00011708
5854,12,0.20938475,0.00011712
5855,12,0.22022928,0.00011712
5856,12,0.21098514,0.00011716
5857,12,0.22243887,0.00011716
5858,12,0.23913561,0.0001172
5859,12,0.20334321,0.0001172
5860,12,0.19797292,0.00011724
5861,12,0.20572363,0.00011724
5862,12,0.18708836,0.00011728
5863,12,0.22047317,0.00011728
5864,12,0.21627866,0.00011732
5865,12,0.23116647,0.00011732
5866,12,0.22042684,0.00011736
5867,12,0.22399095,0.00011736
5868,12,0.20332961,0.0001174
5869,12,0.21832405,0.0001174
5870,12,0.20447870,0.00011744
5871,12,0.21720558,0.00011744
5872,12,0.24207421,0.00011748
5873,12,0.23435807,0.00011748
5874,12,0.23182477,0.00011752
5875,12,0.20489621,0.00011752
5876,12,0.21518247,0.00011756
5877,12,0.21656169,0.00011756
5878,12,0.21292408,0.0001176
5879,12,0.21457617,0.0001176
5880,12,0.20225468,0.00011764
5881,12,0.22773105,0.00011764
5882,12,0.21925004,0.00011768
5883,12,0.23519884,0.00011768
5884,12,0.21245271,0.00011772
5885,12,0.24570489,0.00011772
5886,12,0.21895581,0.00011776
5887,12,0.21828143,0.00011776
5888,12,0.21601327,0.0001178
5889,12,0.20019934,0.0001178
5890,12,0.19426461,0.00011784
5891,12,0.21566136,0.00011784
5892,12,0.22742984,0.00011788
5893,12,0.20824035,0.00011788
5894,12,0.22586556,0.00011792
5895,12,0.21934289,0.00011792
5896,12,0.20495491,0.00011796
5897,12,0.21737942,0.00011796
5898,12,0.20458634,0.000118
5899,12,0.23736426,0.000118
5900,12,0.22810173,0.00011804
5901,12,0.20919782,0.00011804
5902,12,0.20275602,0.00011808
5903,12,0.22118618,0.00011808
5904,12,0.22046417,0.00011812
5905,12,0.23174974,0.00011812
5906,12,0.21117333,0.00011816
5907,12,0.21412374,0.00011816
5908,12,0.22805735,0.0001182
5909,12,0.21671849,0.0001182
5910,12,0.20990220,0.00011824
5911,12,0.21041884,0.00011824
5912,12,0.19449922,0.00011828
5913,12,0.21276331,0.00011828
5914,12,0.24256563,0.00011832
5915,12,0.21589375,0.00011832
5916,12,0.20653160,0.00011836
5917,12,0.21449780,0.00011836
5918,12,0.19655421,0.0001184
5919,12,0.22679636,0.0001184
5920,12,0.22891235,0.00011844
5921,12,0.22854781,0.00011844
5922,12,0.19697981,0.00011848
5923,12,0.22576030,0.00011848
5924,12,0.20040031,0.00011852
5925,12,0.20356989,0.00011852
5926,12,0.22575851,0.00011856
5927,12,0.21986108,0.00011856
5928,12,0.21076944,0.0001186
5929,12,0.21406668,0.0001186
5930,12,0.23418573,0.00011864
5931,12,0.21329151,0.00011864
5932,12,0.22345787,0.00011868
5933,12,0.22553951,0.00011868
5934,12,0.22036920,0.00011872
5935,12,0.21076258,0.00011872
5936,12,0.21841952,0.00011876
5937,12,0.21424453,0.00011876
5938,12,0.23066868,0.0001188
5939,12,0.21206233,0.0001188
5940,12,0.20722307,0.00011884
5941,12,0.22408019,0.00011884
5942,12,0.21017383,0.00011888
5943,12,0.22530212,0.00011888
5944,12,0.26646701,0.00011892
5945,12,0.21443056,0.00011892
5946,12,0.21105213,0.00011896
5947,12,0.22577333,0.00011896
5948,12,0.21070801,0.000119
5949,12,0.22926445,0.000119
5950,12,0.21845990,0.00011904
5951,12,0.19292225,0.00011904
5952,12,0.19901010,0.00011908
5953,12,0.23085181,0.00011908
5954,12,0.23447800,0.00011912
5955,12,0.23212913,0.00011912
5956,12,0.22655055,0.00011916
5957,12,0.21048521,0.00011916
5958,12,0.20438030,0.0001192
5959,12,0.18981175,0.0001192
5960,12,0.21250980,0.00011924
5961,12,0.23856397,0.00011924
5962,12,0.23686340,0.00011928
5963,12,0.22336718,0.00011928
5964,12,0.22958973,0.00011932
5965,12,0.21399607,0.00011932
5966,12,0.21380357,0.00011936
5967,12,0.18895422,0.00011936
5968,12,0.21118066,0.0001194
5969,12,0.22669803,0.0001194
5970,12,0.21491201,0.00011944
5971,12,0.20310643,0.00011944
5972,12,0.19046758,0.00011948
5973,12,0.19685104,0.00011948
5974,12,0.21477617,0.00011952
5975,12,0.22937924,0.00011952
5976,12,0.19454308,0.00011956
5977,12,0.20027757,0.00011956
5978,12,0.19865818,0.0001196
5979,12,0.20488395,0.0001196
5980,12,0.20228049,0.00011964
5981,12,0.21204042,0.00011964
5982,12,0.20412219,0.00011968
5983,12,0.21719973,0.00011968
5984,12,0.21878417,0.00011972
5985,12,0.22402038,0.00011972
5986,12,0.19492646,0.00011976
5987,12,0.22489353,0.00011976
5988,12,0.20814438,0.0001198
5989,12,0.22197212,0.0001198
5990,12,0.22665541,0.00011984
5991,12,0.21702056,0.00011984
5992,12,0.22399886,0.00011988
5993,12,0.19159651,0.00011988
5994,12,0.21058439,0.00011992
5995,12,0.20213440,0.00011992
5996,12,0.19492027,0.00011996
5997,12,0.22387086,0.00011996
5998,12,0.18245620,0.00012
5999,12,0.21507367,0.00012
6000,12,0.21235645,0.00012004
6001,12,0.19723438,0.00012004
6002,12,0.20618279,0.00012008
6003,12,0.20418480,0.00012008
6004,12,0.20130593,0.00012012
6005,12,0.21354590,0.00012012
6006,12,0.22377773,0.00012016
6007,12,0.20968221,0.00012016
6008,12,0.21325836,0.0001202
6009,12,0.21738823,0.0001202
6010,12,0.22562265,0.00012024
6011,12,0.20954540,0.00012024
6012,12,0.20984717,0.00012028
6013,12,0.23254953,0.00012028
6014,12,0.20175369,0.00012032
6015,12,0.20347540,0.00012032
6016,12,0.19833997,0.00012036
6017,12,0.19108079,0.00012036
6018,12,0.20433813,0.0001204
6019,12,0.21740168,0.0001204
6020,12,0.18993191,0.00012044
6021,12,0.19207485,0.00012044
6022,12,0.21081030,0.00012048
6023,12,0.20793036,0.00012048
6024,12,0.21609265,0.00012052
6025,12,0.22196493,0.00012052
6026,12,0.21428449,0.00012056
6027,12,0.21588308,0.00012056
6028,12,0.21170755,0.0001206
6029,12,0.22181372,0.0001206
6030,12,0.22060122,0.00012064
6031,12,0.21124044,0.00012064
6032,12,0.20547047,0.00012068
6033,12,0.20683832,0.00012068
6034,12,0.19519329,0.00012072
6035,12,0.23763163,0.00012072
6036,12,0.20443135,0.00012076
6037,12,0.22736175,0.00012076
6038,12,0.22794172,0.0001208
6039,12,0.20515199,0.0001208
6040,12,0.20592870,0.00012084
6041,12,0.18616550,0.00012084
6042,12,0.21755335,0.00012088
6043,12,0.19492976,0.00012088
6044,12,0.21747203,0.00012092
6045,12,0.22694847,0.00012092
6046,12,0.20776324,0.00012096
6047,12,0.21517985,0.00012096
6048,12,0.21933340,0.000121
6049,12,0.22203366,0.000121
6050,12,0.19772352,0.00012104
6051,12,0.18953601,0.00012104
6052,12,0.21429259,0.00012108
6053,12,0.20668639,0.00012108
6054,12,0.23926041,0.00012112
6055,12,0.20739293,0.00012112
6056,12,0.22797121,0.00012116
6057,12,0.21174736,0.00012116
6058,12,0.20538349,0.0001212
6059,12,0.22767432,0.0001212
6060,12,0.23650257,0.00012124
6061,12,0.22988002,0.00012124
6062,12,0.20426005,0.00012128
6063,12,0.20878574,0.00012128
6064,12,0.23664202,0.00012132
6065,12,0.20626965,0.00012132
6066,12,0.20351900,0.00012136
6067,12,0.21260710,0.00012136
6068,12,0.18723398,0.0001214
6069,12,0.22477953,0.0001214
6070,12,0.20534547,0.00012144
6071,12,0.23373337,0.00012144
6072,12,0.18595341,0.00012148
6073,12,0.22042777,0.00012148
6074,12,0.20696367,0.00012152
6075,12,0.20298083,0.00012152
6076,12,0.20985042,0.00012156
6077,12,0.20083672,0.00012156
6078,12,0.21947509,0.0001216
6079,12,0.22316480,0.0001216
6080,12,0.21212184,0.00012164
6081,12,0.22737016,0.00012164
6082,12,0.21218732,0.00012168
6083,12,0.22003447,0.00012168
6084,12,0.19644777,0.00012172
6085,12,0.22285075,0.00012172
6086,12,0.21355560,0.00012176
6087,12,0.21500723,0.00012176
6088,12,0.22283970,0.0001218
6089,12,0.19825321,0.0001218
6090,12,0.23627096,0.00012184
6091,12,0.19311468,0.00012184
6092,12,0.19587047,0.00012188
6093,12,0.20615642,0.00012188
6094,12,0.20937790,0.00012192
6095,12,0.21422890,0.00012192
6096,12,0.21559307,0.00012196
6097,12,0.23850818,0.00012196
6098,12,0.21449143,0.000122
6099,12,0.22087918,0.000122
6100,12,0.19407316,0.00012204
6101,12,0.21778253,0.00012204
6102,12,0.21074064,0.00012208
6103,12,0.20797423,0.00012208
6104,12,0.22514923,0.00012212
6105,12,0.22020665,0.00012212
6106,12,0.21945335,0.00012216
6107,12,0.20479377,0.00012216
6108,12,0.21470070,0.0001222
6109,12,0.21010303,0.0001222
6110,12,0.22267178,0.00012224
6111,12,0.19989310,0.00012224
6112,12,0.21694088,0.00012228
6113,12,0.23664184,0.00012228
6114,12,0.20864627,0.00012232
6115,12,0.20875271,0.00012232
6116,12,0.21477991,0.00012236
6117,12,0.22586648,0.00012236
6118,12,0.21649140,0.0001224
6119,12,0.21833089,0.0001224
6120,12,0.23030265,0.00012244
6121,12,0.20948306,0.00012244
6122,12,0.20422935,0.00012248
6123,12,0.24405241,0.00012248
6124,12,0.19835110,0.00012252
6125,12,0.20516811,0.00012252
6126,12,0.23258109,0.00012256
6127,12,0.23447129,0.00012256
6128,12,0.22031206,0.0001226
6129,12,0.19425830,0.0001226
6130,12,0.22569092,0.00012264
6131,12,0.20060404,0.00012264
6132,12,0.20415792,0.00012268
6133,12,0.20448644,0.00012268
6134,12,0.20912679,0.00012272
6135,12,0.21665584,0.00012272
6136,12,0.21043131,0.00012276
6137,12,0.21137185,0.00012276
6138,12,0.19841287,0.0001228
6139,12,0.19527601,0.0001228
6140,12,0.22569717,0.00012284
6141,12,0.23411682,0.00012284
6142,12,0.20373201,0.00012288
6143,12,0.20339634,0.00012288
6144,12,0.23040605,0.00012292
6145,12,0.22902410,0.00012292
6146,12,0.21241096,0.00012296
6147,12,0.22101936,0.00012296
6148,12,0.21346885,0.000123
6149,12,0.21717234,0.000123
6150,12,0.22634485,0.00012304
6151,12,0.19970572,0.00012304
6152,12,0.24266338,0.00012308
6153,12,0.19504768,0.00012308
6154,12,0.22207333,0.00012312
6155,12,0.19707048,0.00012312
6156,12,0.19628523,0.00012316
6157,12,0.21092208,0.00012316
6158,12,0.19934146,0.0001232
6159,12,0.20688578,0.0001232
6160,12,0.22988068,0.00012324
6161,12,0.20545416,0.00012324
6162,12,0.19777115,0.00012328
6163,12,0.20606205,0.00012328
6164,12,0.20628609,0.00012332
6165,12,0.23273775,0.00012332
6166,12,0.21283869,0.00012336
6167,12,0.21689542,0.00012336
6168,12,0.19579662,0.0001234
6169,12,0.20998460,0.0001234
6170,12,0.20688023,0.00012344
6171,12,0.19250710,0.00012344
6172,12,0.19885291,0.00012348
6173,12,0.22005452,0.00012348
6174,12,0.22124320,0.00012352
6175,12,0.20153293,0.00012352
6176,12,0.22760959,0.00012356
6177,12,0.19483314,0.00012356
6178,12,0.19619812,0.0001236
6179,12,0.18576533,0.0001236
6180,12,0.20341794,0.00012364
6181,12,0.21380986,0.00012364
6182,12,0.21625489,0.00012368
6183,12,0.20168205,0.00012368
6184,12,0.20545276,0.00012372
6185,12,0.21598712,0.00012372
6186,12,0.19678980,0.00012376
6187,12,0.21373694,0.00012376
6188,12,0.22771293,0.0001238
6189,12,0.20732430,0.0001238
6190,12,0.20583244,0.00012384
6191,12,0.21196625,0.00012384
6192,12,0.21177037,0.00012388
6193,12,0.23568572,0.00012388
6194,12,0.22489905,0.00012392
6195,12,0.20650816,0.00012392
6196,12,0.22555405,0.00012396
6197,12,0.23052835,0.00012396
6198,12,0.24355309,0.000124
6199,12,0.19007649,0.000124
6200,12,0.22724243,0.00012404
6201,12,0.23119678,0.00012404
6202,12,0.21980432,0.00012408
6203,12,0.20401914,0.00012408
6204,12,0.21906003,0.00012412
6205,12,0.19585371,0.00012412
6206,12,0.22823292,0.00012416
6207,12,0.19736968,0.00012416
6208,12,0.20849901,0.0001242
6209,12,0.21754120,0.0001242
6210,12,0.22264944,0.00012424
6211,12,0.22341701,0.00012424
6212,12,0.21796614,0.00012428
6213,12,0.21502002,0.00012428
6214,12,0.19539471,0.00012432
6215,12,0.21236335,0.00012432
6216,12,0.21567374,0.00012436
6217,12,0.21777038,0.00012436
6218,12,0.22137740,0.0001244
6219,12,0.21398574,0.0001244
6220,12,0.21856725,0.00012444
6221,12,0.22864777,0.00012444
6222,12,0.20698087,0.00012448
6223,12,0.22676463,0.00012448
6224,12,0.21466544,0.00012452
6225,12,0.21509667,0.00012452
6226,12,0.23834211,0.00012456
6227,12,0.18776186,0.00012456
6228,12,0.23140484,0.0001246
6229,12,0.22115350,0.0001246
6230,12,0.20555279,0.00012464
6231,12,0.21074472,0.00012464
6232,12,0.20086755,0.00012468
6233,12,0.20499071,0.00012468
6234,12,0.20949739,0.00012472
6235,12,0.20718731,0.00012472
6236,12,0.22302665,0.00012476
6237,12,0.19932429,0.00012476
6238,12,0.20185494,0.0001248
6239,12,0.21316513,0.0001248
6240,12,0.20740488,0.00012484
6241,13,0.20443134,0.00012484
6242,13,0.22220132,0.00012488
6243,13,0.24651122,0.00012488
6244,13,0.20264204,0.00012492
6245,13,0.20723088,0.00012492
6246,13,0.24463344,0.00012496
6247,13,0.21459705,0.00012496
6248,13,0.20995900,0.000125
6249,13,0.21033697,0.000125
6250,13,0.19288516,0.00012504
6251,13,0.22341742,0.00012504
6252,13,0.20923527,0.00012508
6253,13,0.19574094,0.00012508
6254,13,0.22941092,0.00012512
6255,13,0.23485640,0.00012512
6256,13,0.21475239,0.00012516
6257,13,0.21053991,0.00012516
6258,13,0.17726319,0.0001252
6259,13,0.19228952,0.0001252
6260,13,0.22033840,0.00012524
6261,13,0.21189328,0.00012524
6262,13,0.19389947,0.00012528
6263,13,0.21768208,0.00012528
6264,13,0.19992511,0.00012532
6265,13,0.20572059,0.00012532
6266,13,0.20954730,0.00012536
6267,13,0.22367854,0.00012536
6268,13,0.21349758,0.0001254
6269,13,0.20613177,0.0001254
6270,13,0.19995147,0.00012544
6271,13,0.21536990,0.00012544
6272,13,0.20211883,0.00012548
6273,13,0.21888073,0.00012548
6274,13,0.22438571,0.00012552
6275,13,0.19724526,0.00012552
6276,13,0.21330918,0.00012556
6277,13,0.22908565,0.00012556
6278,13,0.19312260,0.0001256
6279,13,0.20052776,0.0001256
6280,13,0.20516266,0.00012564
6281,13,0.21809348,0.00012564
6282,13,0.21192518,0.00012568
6283,13,0.21102448,0.00012568
6284,13,0.22758098,0.00012572
6285,13,0.20827647,0.00012572
6286,13,0.24563371,0.00012576
6287,13,0.21534459,0.00012576
6288,13,0.22259480,0.0001258
6289,13,0.21894412,0.0001258
6290,13,0.22247846,0.00012584
6291,13,0.20694730,0.00012584
6292,13,0.24289592,0.00012588
6293,13,0.20741193,0.00012588
6294,13,0.19485237,0.00012592
6295,13,0.19907673,0.00012592
6296,13,0.23117015,0.00012596
6297,13,0.18742950,0.00012596
6298,13,0.23021957,0.000126
6299,13,0.23532255,0.000126
6300,13,0.21670778,0.00012604
6301,13,0.20678455,0.00012604
6302,13,0.19860026,0.00012608
6303,13,0.24114132,0.00012608
6304,13,0.21700667,0.00012612
6305,13,0.21173756,0.00012612
6306,13,0.23103496,0.00012616
6307,13,0.22980905,0.00012616
6308,13,0.24405813,0.0001262
6309,13,0.20159505,0.0001262
6310,13,0.25086156,0.00012624
6311,13,0.21241663,0.00012624
6312,13,0.20230988,0.00012628
6313,13,0.21000855,0.00012628
6314,13,0.20538111,0.00012632
6315,13,0.20133182,0.00012632
6316,13,0.19873220,0.00012636
6317,13,0.22219722,0.00012636
6318,13,0.20161457,0.0001264
6319,13,0.21874425,0.0001264
6320,13,0.19684845,0.00012644
6321,13,0.21262474,0.00012644
6322,13,0.21862061,0.00012648
6323,13,0.22348605,0.00012648
6324,13,0.21586722,0.00012652
6325,13,0.21016304,0.00012652
6326,13,0.20867597,0.00012656
6327,13,0.22112685,0.00012656
6328,13,0.21400602,0.0001266
6329,13,0.21741308,0.0001266
6330,13,0.20334917,0.00012664
6331,13,0.22096246,0.00012664
6332,13,0.20735934,0.00012668
6333,13,0.22080249,0.00012668
6334,13,0.22763143,0.00012672
6335,13,0.21994932,0.00012672
6336,13,0.22150101,0.00012676
6337,13,0.21307966,0.00012676
6338,13,0.21424127,0.0001268
6339,13,0.23294003,0.0001268
6340,13,0.21943913,0.00012684
6341,13,0.21372791,0.00012684
6342,13,0.22000395,0.00012688
6343,13,0.22361271,0.00012688
6344,13,0.22153030,0.00012692
6345,13,0.21467580,0.00012692
6346,13,0.21368438,0.00012696
6347,13,0.21376871,0.00012696
6348,13,0.21761356,0.000127
6349,13,0.23452465,0.000127
6350,13,0.21852823,0.00012704
6351,13,0.21814309,0.00012704
6352,13,0.19999525,0.00012708
6353,13,0.20184171,0.00012708
6354,13,0.20339413,0.00012712
6355,13,0.21409985,0.00012712
6356,13,0.22391547,0.00012716
6357,13,0.20738012,0.00012716
6358,13,0.21025068,0.0001272
6359,13,0.23462963,0.0001272
6360,13,0.20529416,0.00012724
6361,13,0.20456143,0.00012724
6362,13,0.22035785,0.00012728
6363,13,0.21186736,0.00012728
6364,13,0.20629787,0.00012732
6365,13,0.19349506,0.00012732
6366,13,0.19619597,0.00012736
6367,13,0.19648501,0.00012736
6368,13,0.21613534,0.0001274
6369,13,0.20278914,0.0001274
6370,13,0.21709654,0.00012744
6371,13,0.20812464,0.00012744
6372,13,0.21088953,0.00012748
6373,13,0.21372616,0.00012748
6374,13,0.21778028,0.00012752
6375,13,0.21512775,0.00012752
6376,13,0.20264964,0.00012756
6377,13,0.21341814,0.00012756
6378,13,0.19817939,0.0001276
6379,13,0.20162663,0.0001276
6380,13,0.22111824,0.00012764
6381,13,0.21258658,0.00012764
6382,13,0.18113858,0.00012768
6383,13,0.21471076,0.00012768
6384,13,0.23710977,0.00012772
6385,13,0.20942268,0.00012772
6386,13,0.22109509,0.00012776
6387,13,0.24012221,0.00012776
6388,13,0.21170712,0.0001278
6389,13,0.18874149,0.0001278
6390,13,0.23582080,0.00012784
6391,13,0.21239120,0.00012784
6392,13,0.22320101,0.00012788
6393,13,0.22716767,0.00012788
6394,13,0.20220299,0.00012792
6395,13,0.19724531,0.00012792
6396,13,0.22323115,0.00012796
6397,13,0.20772143,0.00012796
6398,13,0.23293002,0.000128
6399,13,0.21164164,0.000128
6400,13,0.22575304,0.00012804
6401,13,0.21531568,0.00012804
6402,13,0.20525506,0.00012808
6403,13,0.21465118,0.00012808
6404,13,0.21980219,0.00012812
6405,13,0.23902436,0.00012812
6406,13,0.20559968,0.00012816
6407,13,0.22182517,0.00012816
6408,13,0.22240162,0.0001282
6409,13,0.19287756,0.0001282
6410,13,0.19249934,0.00012824
6411,13,0.20802866,0.00012824
6412,13,0.20622703,0.00012828
6413,13,0.18926600,0.00012828
6414,13,0.21568151,0.00012832
6415,13,0.19777776,0.00012832
6416,13,0.22839849,0.00012836
6417,13,0.21068059,0.00012836
6418,13,0.20399685,0.0001284
6419,13,0.20466103,0.0001284
6420,13,0.18792965,0.00012844
6421,13,0.20491235,0.00012844
6422,13,0.22565275,0.00012848
6423,13,0.21267268,0.00012848
6424,13,0.19892092,0.00012852
6425,13,0.18976535,0.00012852
6426,13,0.22840881,0.00012856
6427,13,0.21066636,0.00012856
6428,13,0.22902870,0.0001286
6429,13,0.18861632,0.0001286
6430,13,0.21462312,0.00012864
6431,13,0.19814880,0.00012864
6432,13,0.21825661,0.00012868
6433,13,0.21292181,0.00012868
6434,13,0.20818827,0.00012872
6435,13,0.21616045,0.00012872
6436,13,0.23354952,0.00012876
6437,13,0.21200043,0.00012876
6438,13,0.22213274,0.0001288
6439,13,0.20069610,0.0001288
6440,13,0.22283252,0.00012884
6441,13,0.18813461,0.00012884
6442,13,0.21500751,0.00012888
6443,13,0.21389644,0.00012888
6444,13,0.19671103,0.00012892
6445,13,0.19917209,0.00012892
6446,13,0.19497798,0.00012896
6447,13,0.19831634,0.00012896
6448,13,0.20746773,0.000129
6449,13,0.19350578,0.000129
6450,13,0.20037521,0.00012904
6451,13,0.20943956,0.00012904
6452,13,0.22211920,0.00012908
6453,13,0.21670443,0.00012908
6454,13,0.22878571,0.00012912
6455,13,0.22365941,0.00012912
6456,13,0.21908176,0.00012916
6457,13,0.21886815,0.00012916
6458,13,0.21233241,0.0001292
6459,13,0.21010137,0.0001292
6460,13,0.21757013,0.00012924
6461,13,0.20272683,0.00012924
6462,13,0.22313441,0.00012928
6463,13,0.20558579,0.00012928
6464,13,0.20511225,0.00012932
6465,13,0.20369187,0.00012932
6466,13,0.20278689,0.00012936
6467,13,0.20465745,0.00012936
6468,13,0.20976864,0.0001294
6469,13,0.21626563,0.0001294
6470,13,0.21493693,0.00012944
6471,13,0.20073764,0.00012944
6472,13,0.20602213,0.00012948
6473,13,0.24275613,0.00012948
6474,13,0.22246930,0.00012952
6475,13,0.23895890,0.00012952
6476,13,0.19391084,0.00012956
6477,13,0.24564900,0.00012956
6478,13,0.20057234,0.0001296
6479,13,0.19174321,0.0001296
6480,13,0.20990188,0.00012964
6481,13,0.22959903,0.00012964
6482,13,0.20385154,0.00012968
6483,13,0.21933310,0.00012968
6484,13,0.20117827,0.00012972
6485,13,0.21081050,0.00012972
6486,13,0.22815783,0.00012976
6487,13,0.19913942,0.00012976
6488,13,0.20213492,0.0001298
6489,13,0.19642849,0.0001298
6490,13,0.20523794,0.00012984
6491,13,0.22200499,0.00012984
6492,13,0.20991527,0.00012988
6493,13,0.21540271,0.00012988
6494,13,0.21066274,0.00012992
6495,13,0.19656961,0.00012992
6496,13,0.20055239,0.00012996
6497,13,0.21716271,0.00012996
6498,13,0.21013676,0.00013
6499,13,0.22645123,0.00013
6500,13,0.19867745,0.00013004
6501,13,0.20774934,0.00013004
6502,13,0.20313306,0.00013008
6503,13,0.23693177,0.00013008
6504,13,0.19141863,0.00013012
6505,13,0.20520706,0.00013012
6506,13,0.20978434,0.00013016
6507,13,0.20772071,0.00013016
6508,13,0.19224000,0.0001302
6509,13,0.21250837,0.0001302
6510,13,0.23306867,0.00013024
6511,13,0.22333513,0.00013024
6512,13,0.20888244,0.00013028
6513,13,0.21386626,0.00013028
6514,13,0.21283908,0.00013032
6515,13,0.22435239,0.00013032
6516,13,0.20352252,0.00013036
6517,13,0.22928996,0.00013036
6518,13,0.21839264,0.0001304
6519,13,0.21249802,0.0001304
6520,13,0.22082685,0.00013044
6521,13,0.21161371,0.00013044
6522,13,0.18081017,0.00013048
6523,13,0.20544192,0.00013048
6524,13,0.21763523,0.00013052
6525,13,0.22238323,0.00013052
6526,13,0.20625485,0.00013056
6527,13,0.20918897,0.00013056
6528,13,0.20833179,0.0001306
6529,13,0.19227734,0.0001306
6530,13,0.20619549,0.00013064
6531,13,0.19598770,0.00013064
6532,13,0.21047656,0.00013068
6533,13,0.22575511,0.00013068
6534,13,0.24207717,0.00013072
6535,13,0.22750399,0.00013072
6536,13,0.22301207,0.00013076
6537,13,0.21271035,0.00013076
6538,13,0.22206296,0.0001308
6539,13,0.20562886,0.0001308
6540,13,0.22407100,0.00013084
6541,13,0.22819419,0.00013084
6542,13,0.21824142,0.00013088
6543,13,0.20938224,0.00013088
6544,13,0.21284226,0.00013092
6545,13,0.20890079,0.00013092
6546,13,0.22136566,0.00013096
6547,13,0.21146791,0.00013096
6548,13,0.21925007,0.000131
6549,13,0.20246932,0.000131
6550,13,0.19581763,0.00013104
6551,13,0.20116992,0.00013104
6552,13,0.20519511,0.00013108
6553,13,0.21145341,0.00013108
6554,13,0.20612895,0.00013112
6555,13,0.21705543,0.00013112
6556,13,0.21378954,0.00013116
6557,13,0.20374526,0.00013116
6558,13,0.21402644,0.0001312
6559,13,0.23312166,0.0001312
6560,13,0.19686286,0.00013124
6561,13,0.22353798,0.00013124
6562,13,0.19702594,0.00013128
6563,13,0.18070181,0.00013128
6564,13,0.19804737,0.00013132
6565,13,0.21681039,0.00013132
6566,13,0.20504840,0.00013136
6567,13,0.21196951,0.00013136
6568,13,0.21355431,0.0001314
6569,13,0.23769470,0.0001314
6570,13,0.22358234,0.00013144
6571,13,0.20560202,0.00013144
6572,13,0.20246959,0.00013148
6573,13,0.20711751,0.00013148
6574,13,0.24164714,0.00013152
6575,13,0.22143443,0.00013152
6576,13,0.19503887,0.00013156
6577,13,0.21207291,0.00013156
6578,13,0.19715886,0.0001316
6579,13,0.20511417,0.0001316
6580,13,0.20593928,0.00013164
6581,13,0.18268374,0.00013164
6582,13,0.20348433,0.00013168
6583,13,0.21970698,0.00013168
6584,13,0.22532214,0.00013172
6585,13,0.22769049,0.00013172
6586,13,0.22041461,0.00013176
6587,13,0.19034298,0.00013176
6588,13,0.20424086,0.0001318
6589,13,0.20632511,0.0001318
6590,13,0.19880509,0.00013184
6591,13,0.21842410,0.00013184
6592,13,0.22363761,0.00013188
6593,13,0.20844841,0.00013188
6594,13,0.21084836,0.00013192
6595,13,0.18968980,0.00013192
6596,13,0.21553834,0.00013196
6597,13,0.22155808,0.00013196
6598,13,0.21275891,0.000132
6599,13,0.21171410,0.000132
6600,13,0.20003812,0.00013204
6601,13,0.21539815,0.00013204
6602,13,0.20587233,0.00013208
6603,13,0.21107621,0.00013208
6604,13,0.20794408,0.00013212
6605,13,0.21721467,0.00013212
6606,13,0.20381719,0.00013216
6607,13,0.20494516,0.00013216
6608,13,0.20249598,0.0001322
6609,13,0.20784815,0.0001322
6610,13,0.20475186,0.00013224
6611,13,0.21734244,0.00013224
6612,13,0.21748012,0.00013228
6613,13,0.19003773,0.00013228
6614,13,0.21430519,0.00013232
6615,13,0.21800053,0.00013232
6616,13,0.20762217,0.00013236
6617,13,0.21430820,0.00013236
6618,13,0.23136187,0.0001324
6619,13,0.21349393,0.0001324
6620,13,0.20875692,0.00013244
6621,13,0.22035225,0.00013244
6622,13,0.22139311,0.00013248
6623,13,0.21403304,0.00013248
6624,13,0.20967650,0.00013252
6625,13,0.24670035,0.00013252
6626,13,0.22355165,0.00013256
6627,13,0.23570432,0.00013256
6628,13,0.22491281,0.0001326
6629,13,0.20193392,0.0001326
6630,13,0.21881330,0.00013264
6631,13,0.20093353,0.00013264
6632,13,0.21402803,0.00013268
6633,13,0.20028199,0.00013268
6634,13,0.20835932,0.00013272
6635,13,0.21085268,0.00013272
6636,13,0.21380812,0.00013276
6637,13,0.21279944,0.00013276
6638,13,0.22861034,0.0001328
6639,13,0.20841813,0.0001328
6640,13,0.19317277,0.00013284
6641,13,0.20836294,0.00013284
6642,13,0.24889599,0.00013288
6643,13,0.21665567,0.00013288
6644,13,0.20729490,0.00013292
6645,13,0.20659855,0.00013292
6646,13,0.18739933,0.00013296
6647,13,0.20693848,0.00013296
6648,13,0.21452647,0.000133
6649,13,0.18984576,0.000133
6650,13,0.20887418,0.00013304
6651,13,0.22693017,0.00013304
6652,13,0.22072366,0.00013308
6653,13,0.20527734,0.00013308
6654,13,0.21599783,0.00013312
6655,13,0.22185378,0.00013312
6656,13,0.22529772,0.00013316
6657,13,0.20570125,0.00013316
6658,13,0.19316012,0.0001332
6659,13,0.24133070,0.0001332
6660,13,0.20511413,0.00013324
6661,13,0.22835687,0.00013324
6662,13,0.21223439,0.00013328
6663,13,0.21194549,0.00013328
6664,13,0.20470826,0.00013332
6665,13,0.20487358,0.00013332
6666,13,0.22552215,0.00013336
6667,13,0.23141438,0.00013336
6668,13,0.21635604,0.0001334
6669,13,0.22702949,0.0001334
6670,13,0.21466242,0.00013344
6671,13,0.20595877,0.00013344
6672,13,0.20359059,0.00013348
6673,13,0.20427309,0.00013348
6674,13,0.20925568,0.00013352
6675,13,0.19805503,0.00013352
6676,13,0.21781592,0.00013356
6677,13,0.19173294,0.00013356
6678,13,0.20089348,0.0001336
6679,13,0.20481868,0.0001336
6680,13,0.21417120,0.00013364
6681,13,0.17696233,0.00013364
6682,13,0.21129523,0.00013368
6683,13,0.23739804,0.00013368
6684,13,0.22192389,0.00013372
6685,13,0.23259312,0.00013372
6686,13,0.21766515,0.00013376
6687,13,0.19941376,0.00013376
6688,13,0.20977837,0.0001338
6689,13,0.19491008,0.0001338
6690,13,0.20647794,0.00013384
6691,13,0.20965515,0.00013384
6692,13,0.20248468,0.00013388
6693,13,0.19239201,0.00013388
6694,13,0.19736049,0.00013392
6695,13,0.20227247,0.00013392
6696,13,0.19429646,0.00013396
6697,13,0.20075619,0.00013396
6698,13,0.23085375,0.000134
6699,13,0.20749085,0.000134
6700,13,0.20662363,0.00013404
6701,13,0.21219723,0.00013404
6702,13,0.20301782,0.00013408
6703,13,0.20389254,0.00013408
6704,13,0.20374294,0.00013412
6705,13,0.21079022,0.00013412
6706,13,0.22311115,0.00013416
6707,13,0.22289892,0.00013416
6708,13,0.21791217,0.0001342
6709,13,0.19682153,0.0001342
6710,13,0.21109782,0.00013424
6711,13,0.21555302,0.00013424
6712,13,0.23164415,0.00013428
6713,13,0.23215400,0.00013428
6714,13,0.22769216,0.00013432
6715,13,0.21907200,0.00013432
6716,13,0.19478409,0.00013436
6717,13,0.21101527,0.00013436
6718,13,0.19510685,0.0001344
6719,13,0.20675142,0.0001344
6720,13,0.18944062,0.00013444
6721,13,0.19898438,0.00013444
6722,13,0.19133231,0.00013448
6723,13,0.20684855,0.00013448
6724,13,0.24231751,0.00013452
6725,13,0.19397326,0.00013452
6726,13,0.21066576,0.00013456
6727,13,0.18004832,0.00013456
6728,13,0.21470042,0.0001346
6729,13,0.21183772,0.0001346
6730,13,0.21343106,0.00013464
6731,13,0.21076705,0.00013464
6732,13,0.20471157,0.00013468
6733,13,0.22201516,0.00013468
6734,13,0.22189750,0.00013472
6735,13,0.20474043,0.00013472
6736,13,0.20746471,0.00013476
6737,13,0.21218522,0.00013476
6738,13,0.21330735,0.0001348
6739,13,0.21643250,0.0001348
6740,13,0.20065840,0.00013484
6741,13,0.20410530,0.00013484
6742,13,0.21477060,0.00013488
6743,13,0.19702941,0.00013488
6744,13,0.20143650,0.00013492
6745,13,0.20733495,0.00013492
6746,13,0.21212761,0.00013496
6747,13,0.19629557,0.00013496
6748,13,0.19487305,0.000135
6749,13,0.21723196,0.000135
6750,13,0.20625527,0.00013504
6751,13,0.21064797,0.00013504
6752,13,0.20785466,0.00013508
6753,13,0.19102955,0.00013508
6754,13,0.22729227,0.00013512
6755,13,0.24361505,0.00013512
6756,13,0.20001279,0.00013516
6757,13,0.21124573,0.00013516
6758,13,0.19734348,0.0001352
6759,13,0.20271744,0.0001352
6760,13,0.21223997,0.00013524
6761,14,0.22177035,0.00013524
6762,14,0.21190251,0.00013528
6763,14,0.22011060,0.00013528
6764,14,0.21521972,0.00013532
6765,14,0.20593953,0.00013532
6766,14,0.22036146,0.00013536
6767,14,0.19527785,0.00013536
6768,14,0.20749691,0.0001354
6769,14,0.19893104,0.0001354
6770,14,0.20765276,0.00013544
6771,14,0.21155575,0.00013544
6772,14,0.21192367,0.00013548
6773,14,0.20505776,0.00013548
6774,14,0.21326116,0.00013552
6775,14,0.23203866,0.00013552
6776,14,0.20480330,0.00013556
6777,14,0.19546361,0.00013556
6778,14,0.20829909,0.0001356
6779,14,0.21041107,0.0001356
6780,14,0.21451384,0.00013564
6781,14,0.22184588,0.00013564
6782,14,0.20464461,0.00013568
6783,14,0.20822389,0.00013568
6784,14,0.23386921,0.00013572
6785,14,0.22947720,0.00013572
6786,14,0.19249699,0.00013576
6787,14,0.21021520,0.00013576
6788,14,0.23261423,0.0001358
6789,14,0.21754499,0.0001358
6790,14,0.18921901,0.00013584
6791,14,0.22344545,0.00013584
6792,14,0.20727690,0.00013588
6793,14,0.21192892,0.00013588
6794,14,0.21053495,0.00013592
6795,14,0.21103659,0.00013592
6796,14,0.21612646,0.00013596
6797,14,0.21175568,0.00013596
6798,14,0.22301528,0.000136
6799,14,0.22136572,0.000136
6800,14,0.22435313,0.00013604
6801,14,0.21223967,0.00013604
6802,14,0.20309751,0.00013608
6803,14,0.19674399,0.00013608
6804,14,0.20722005,0.00013612
6805,14,0.19923376,0.00013612
6806,14,0.21664856,0.00013616
6807,14,0.24262153,0.00013616
6808,14,0.20976512,0.0001362
6809,14,0.21195664,0.0001362
6810,14,0.22611056,0.00013624
6811,14,0.21261653,0.00013624
6812,14,0.18890879,0.00013628
6813,14,0.19624180,0.00013628
6814,14,0.20761041,0.00013632
6815,14,0.21101770,0.00013632
6816,14,0.20069203,0.00013636
6817,14,0.19312978,0.00013636
6818,14,0.21681459,0.0001364
6819,14,0.21453227,0.0001364
6820,14,0.22416411,0.00013644
6821,14,0.20354229,0.00013644
6822,14,0.19446863,0.00013648
6823,14,0.19032729,0.00013648
6824,14,0.22611375,0.00013652
6825,14,0.18286692,0.00013652
6826,14,0.20706858,0.00013656
6827,14,0.20549700,0.00013656
6828,14,0.21512021,0.0001366
6829,14,0.21609649,0.0001366
6830,14,0.20938852,0.00013664
6831,14,0.23056698,0.00013664
6832,14,0.22759543,0.00013668
6833,14,0.21663709,0.00013668
6834,14,0.21668345,0.00013672
6835,14,0.20253074,0.00013672
6836,14,0.24582246,0.00013676
6837,14,0.21972662,0.00013676
6838,14,0.20451748,0.0001368
6839,14,0.20291719,0.0001368
6840,14,0.21456011,0.00013684
6841,14,0.17438738,0.00013684
6842,14,0.20943354,0.00013688
6843,14,0.19050892,0.00013688
6844,14,0.20685188,0.00013692
6845,14,0.20426038,0.00013692
6846,14,0.20472577,0.00013696
6847,14,0.22730295,0.00013696
6848,14,0.20318951,0.000137
6849,14,0.21812303,0.000137
6850,14,0.20366187,0.00013704
6851,14,0.22392014,0.00013704
6852,14,0.20420700,0.00013708
6853,14,0.20879194,0.00013708
6854,14,0.22114636,0.00013712
6855,14,0.18733831,0.00013712
6856,14,0.22036524,0.00013716
6857,14,0.20803124,0.00013716
6858,14,0.20101349,0.0001372
6859,14,0.20386635,0.0001372
6860,14,0.21900289,0.00013724
6861,14,0.19817522,0.00013724
6862,14,0.20357592,0.00013728
6863,14,0.20665926,0.00013728
6864,14,0.20374738,0.00013732
6865,14,0.19884497,0.00013732
6866,14,0.19377521,0.00013736
6867,14,0.19824325,0.00013736
6868,14,0.20148985,0.0001374
6869,14,0.21700981,0.0001374
6870,14,0.19748205,0.00013744
6871,14,0.21939954,0.00013744
6872,14,0.23587979,0.00013748
6873,14,0.22720326,0.00013748
6874,14,0.20315309,0.00013752
6875,14,0.22994320,0.00013752
6876,14,0.19667785,0.00013756
6877,14,0.21917009,0.00013756
6878,14,0.20149080,0.0001376
6879,14,0.20056756,0.0001376
6880,14,0.23000778,0.00013764
6881,14,0.19938922,0.00013764
6882,14,0.20860203,0.00013768
6883,14,0.20747940,0.00013768
6884,14,0.22069390,0.00013772
6885,14,0.21978140,0.00013772
6886,14,0.20939967,0.00013776
6887,14,0.21348880,0.00013776
6888,14,0.22553317,0.0001378
6889,14,0.20894660,0.0001378
6890,14,0.21768902,0.00013784
6891,14,0.21561083,0.00013784
6892,14,0.23466773,0.00013788
6893,14,0.21436094,0.00013788
6894,14,0.21803270,0.00013792
6895,14,0.20534739,0.00013792
6896,14,0.20691514,0.00013796
6897,14,0.19708599,0.00013796
6898,14,0.22843994,0.000138
6899,14,0.21830699,0.000138
6900,14,0.19377318,0.00013804
6901,14,0.20375343,0.00013804
6902,14,0.18873771,0.00013808
6903,14,0.22785516,0.00013808
6904,14,0.20713693,0.00013812
6905,14,0.20253418,0.00013812
6906,14,0.20302841,0.00013816
6907,14,0.21692352,0.00013816
6908,14,0.20804201,0.0001382
6909,14,0.20359400,0.0001382
6910,14,0.20693089,0.00013824
6911,14,0.21579041,0.00013824
6912,14,0.21096396,0.00013828
6913,14,0.21598522,0.00013828
6914,14,0.21145082,0.00013832
6915,14,0.22118872,0.00013832
6916,14,0.18015863,0.00013836
6917,14,0.19431075,0.00013836
6918,14,0.20215631,0.0001384
6919,14,0.22312266,0.0001384
6920,14,0.20243570,0.00013844
6921,14,0.22299300,0.00013844
6922,14,0.22338830,0.00013848
6923,14,0.21591923,0.00013848
6924,14,0.20875914,0.00013852
6925,14,0.23547027,0.00013852
6926,14,0.22175808,0.00013856
6927,14,0.20495395,0.00013856
6928,14,0.20601340,0.0001386
6929,14,0.23413719,0.0001386
6930,14,0.21645428,0.00013864
6931,14,0.22635572,0.00013864
6932,14,0.22933060,0.00013868
6933,14,0.18882318,0.00013868
6934,14,0.23177274,0.00013872
6935,14,0.21977267,0.00013872
6936,14,0.19858295,0.00013876
6937,14,0.24788025,0.00013876
6938,14,0.20810920,0.0001388
6939,14,0.23753779,0.0001388
6940,14,0.19575378,0.00013884
6941,14,0.23419592,0.00013884
6942,14,0.20858768,0.00013888
6943,14,0.21440263,0.00013888
6944,14,0.20527335,0.00013892
6945,14,0.21786214,0.00013892
6946,14,0.20270586,0.00013896
6947,14,0.21571337,0.00013896
6948,14,0.22475407,0.000139
6949,14,0.20042104,0.000139
6950,14,0.20333727,0.00013904
6951,14,0.18588978,0.00013904
6952,14,0.22149119,0.00013908
6953,14,0.22363360,0.00013908
6954,14,0.21259634,0.00013912
6955,14,0.23355487,0.00013912
6956,14,0.24175988,0.00013916
6957,14,0.21618515,0.00013916
6958,14,0.22428830,0.0001392
6959,14,0.21810582,0.0001392
6960,14,0.21438511,0.00013924
6961,14,0.20520528,0.00013924
6962,14,0.20846359,0.00013928
6963,14,0.21711172,0.00013928
6964,14,0.20585026,0.00013932
6965,14,0.22352855,0.00013932
6966,14,0.21158467,0.00013936
6967,14,0.19798666,0.00013936
6968,14,0.20595884,0.0001394
6969,14,0.20948294,0.0001394
6970,14,0.21015377,0.00013944
6971,14,0.20840999,0.00013944
6972,14,0.21630761,0.00013948
6973,14,0.20418708,0.00013948
6974,14,0.20607610,0.00013952
6975,14,0.18880513,0.00013952
6976,14,0.21540914,0.00013956
6977,14,0.19601536,0.00013956
6978,14,0.23636205,0.0001396
6979,14,0.18840580,0.0001396
6980,14,0.21291097,0.00013964
6981,14,0.20073815,0.00013964
6982,14,0.19881675,0.00013968
6983,14,0.19308157,0.00013968
6984,14,0.20481189,0.00013972
6985,14,0.20537883,0.00013972
6986,14,0.23705228,0.00013976
6987,14,0.20595980,0.00013976
6988,14,0.23275124,0.0001398
6989,14,0.22028419,0.0001398
6990,14,0.21232902,0.00013984
6991,14,0.20852409,0.00013984
6992,14,0.20576094,0.00013988
6993,14,0.20758459,0.00013988
6994,14,0.21166539,0.00013992
6995,14,0.20712410,0.00013992
6996,14,0.20974781,0.00013996
6997,14,0.23078690,0.00013996
6998,14,0.21464570,0.00014
6999,14,0.20400240,0.00014
7000,14,0.21096836,0.00014004
7001,14,0.20858084,0.00014004
7002,14,0.20361418,0.00014008
7003,14,0.21417171,0.00014008
7004,14,0.18606764,0.00014012
7005,14,0.22027045,0.00014012
7006,14,0.21210451,0.00014016
7007,14,0.21521235,0.00014016
7008,14,0.22965176,0.0001402
7009,14,0.22191651,0.0001402
7010,14,0.20541553,0.00014024
7011,14,0.18394132,0.00014024
7012,14,0.19803633,0.00014028
7013,14,0.21392557,0.00014028
7014,14,0.20513184,0.00014032
7015,14,0.20582546,0.00014032
7016,14,0.21969506,0.00014036
7017,14,0.19847128,0.00014036
7018,14,0.23448563,0.0001404
7019,14,0.20442650,0.0001404
7020,14,0.19495048,0.00014044
7021,14,0.19040535,0.00014044
7022,14,0.20900282,0.00014048
7023,14,0.22520430,0.00014048
7024,14,0.19852284,0.00014052
7025,14,0.19246851,0.00014052
7026,14,0.21367294,0.00014056
7027,14,0.19771262,0.00014056
7028,14,0.18008880,0.0001406
7029,14,0.20044297,0.0001406
7030,14,0.22511315,0.00014064
7031,14,0.19409865,0.00014064
7032,14,0.20463231,0.00014068
7033,14,0.20568734,0.00014068
7034,14,0.20828059,0.00014072
7035,14,0.18816656,0.00014072
7036,14,0.21185525,0.00014076
7037,14,0.19946967,0.00014076
7038,14,0.18876185,0.0001408
7039,14,0.19676638,0.0001408
7040,14,0.22543399,0.00014084
7041,14,0.19265686,0.00014084
7042,14,0.21017075,0.00014088
7043,14,0.21878405,0.00014088
7044,14,0.25004345,0.00014092
7045,14,0.20857333,0.00014092
7046,14,0.22101064,0.00014096
7047,14,0.19742182,0.00014096
7048,14,0.18659279,0.000141
7049,14,0.20840405,0.000141
7050,14,0.24207656,0.00014104
7051,14,0.21389051,0.00014104
7052,14,0.21233970,0.00014108
7053,14,0.20246223,0.00014108
7054,14,0.20746568,0.00014112
7055,14,0.18587463,0.00014112
7056,14,0.21106702,0.00014116
7057,14,0.20874853,0.00014116
7058,14,0.18889239,0.0001412
7059,14,0.20520428,0.0001412
7060,14,0.24697420,0.00014124
7061,14,0.20776656,0.00014124
7062,14,0.20979558,0.00014128
7063,14,0.20293845,0.00014128
7064,14,0.22569254,0.00014132
7065,14,0.20074032,0.00014132
7066,14,0.21549746,0.00014136
7067,14,0.22964521,0.00014136
7068,14,0.19999255,0.0001414
7069,14,0.21507545,0.0001414
7070,14,0.22524166,0.00014144
7071,14,0.20704889,0.00014144
7072,14,0.21629815,0.00014148
7073,14,0.22462480,0.00014148
7074,14,0.21057057,0.00014152
7075,14,0.20612176,0.00014152
7076,14,0.18848318,0.00014156
7077,14,0.18509255,0.00014156
7078,14,0.20739479,0.0001416
7079,14,0.19783987,0.0001416
7080,14,0.22129703,0.00014164
7081,14,0.19729923,0.00014164
7082,14,0.20489226,0.00014168
7083,14,0.20628761,0.00014168
7084,14,0.17839214,0.00014172
7085,14,0.19725297,0.00014172
7086,14,0.21720755,0.00014176
7087,14,0.20148773,0.00014176
7088,14,0.21177682,0.0001418
7089,14,0.20533855,0.0001418
7090,14,0.18704462,0.00014184
7091,14,0.20276487,0.00014184
7092,14,0.21782081,0.00014188
7093,14,0.21650238,0.00014188
7094,14,0.19931896,0.00014192
7095,14,0.22967376,0.00014192
7096,14,0.20232402,0.00014196
7097,14,0.21790583,0.00014196
7098,14,0.21232957,0.000142
7099,14,0.21055609,0.000142
7100,14,0.19122593,0.00014204
7101,14,0.21171196,0.00014204
7102,14,0.20590656,0.00014208
7103,14,0.20464131,0.00014208
7104,14,0.20311578,0.00014212
7105,14,0.22275816,0.00014212
7106,14,0.19374420,0.00014216
7107,14,0.21690242,0.00014216
7108,14,0.22017418,0.0001422
7109,14,0.22244294,0.0001422
7110,14,0.20562668,0.00014224
7111,14,0.20830181,0.00014224
7112,14,0.21038771,0.00014228
7113,14,0.20302796,0.00014228
7114,14,0.18714111,0.00014232
7115,14,0.21568015,0.00014232
7116,14,0.23426308,0.00014236
7117,14,0.22735214,0.00014236
7118,14,0.22318612,0.0001424
7119,14,0.22091377,0.0001424
7120,14,0.21752070,0.00014244
7121,14,0.21431129,0.00014244
7122,14,0.22143896,0.00014248
7123,14,0.20519058,0.00014248
7124,14,0.19787404,0.00014252
7125,14,0.20455483,0.00014252
7126,14,0.21590726,0.00014256
7127,14,0.19976173,0.00014256
7128,14,0.20724320,0.0001426
7129,14,0.20713046,0.0001426
7130,14,0.20335414,0.00014264
7131,14,0.23229973,0.00014264
7132,14,0.19159797,0.00014268
7133,14,0.19955121,0.00014268
7134,14,0.20222940,0.00014272
7135,14,0.20883770,0.00014272
7136,14,0.22821572,0.00014276
7137,14,0.19161184,0.00014276
7138,14,0.21735045,0.0001428
7139,14,0.18795268,0.0001428
7140,14,0.21558370,0.00014284
7141,14,0.19438043,0.00014284
7142,14,0.22105873,0.00014288
7143,14,0.21586478,0.00014288
7144,14,0.21937580,0.00014292
7145,14,0.21628673,0.00014292
7146,14,0.20397122,0.00014296
7147,14,0.19475837,0.00014296
7148,14,0.20845260,0.000143
7149,14,0.21929456,0.000143
7150,14,0.20502181,0.00014304
7151,14,0.21600989,0.00014304
7152,14,0.20115003,0.00014308
7153,14,0.20623004,0.00014308
7154,14,0.21030678,0.00014312
7155,14,0.18717588,0.00014312
7156,14,0.21483676,0.00014316
7157,14,0.21382105,0.00014316
7158,14,0.21830750,0.0001432
7159,14,0.22374779,0.0001432
7160,14,0.20396842,0.00014324
7161,14,0.22609043,0.00014324
7162,14,0.20089145,0.00014328
7163,14,0.20197661,0.00014328
7164,14,0.19601478,0.00014332
7165,14,0.21186556,0.00014332
7166,14,0.20659037,0.00014336
7167,14,0.20014536,0.00014336
7168,14,0.19770357,0.0001434
7169,14,0.20509443,0.0001434
7170,14,0.21161926,0.00014344
7171,14,0.21928051,0.00014344
7172,14,0.20477346,0.00014348
7173,14,0.20066297,0.00014348
7174,14,0.20397253,0.00014352
7175,14,0.21674326,0.00014352
7176,14,0.20049691,0.00014356
7177,14,0.20889434,0.00014356
7178,14,0.19683106,0.0001436
7179,14,0.20685647,0.0001436
7180,14,0.21115720,0.00014364
7181,14,0.21178967,0.00014364
7182,14,0.21336749,0.00014368
7183,14,0.19243352,0.00014368
7184,14,0.19226278,0.00014372
7185,14,0.22006984,0.00014372
7186,14,0.20470135,0.00014376
7187,14,0.21127091,0.00014376
7188,14,0.21961290,0.0001438
7189,14,0.21534662,0.0001438
7190,14,0.19562547,0.00014384
7191,14,0.17833045,0.00014384
7192,14,0.20924667,0.00014388
7193,14,0.22011438,0.00014388
7194,14,0.19424446,0.00014392
7195,14,0.21182826,0.00014392
7196,14,0.21922332,0.00014396
7197,14,0.22098055,0.00014396
7198,14,0.20218955,0.000144
7199,14,0.21323901,0.000144
7200,14,0.19495040,0.00014404
7201,14,0.21454191,0.00014404
7202,14,0.23518902,0.00014408
7203,14,0.20930023,0.00014408
7204,14,0.21670482,0.00014412
7205,14,0.19558209,0.00014412
7206,14,0.20515345,0.00014416
7207,14,0.18127914,0.00014416
7208,14,0.20626558,0.0001442
7209,14,0.19286384,0.0001442
7210,14,0.20395012,0.00014424
7211,14,0.22017717,0.00014424
7212,14,0.20070924,0.00014428
7213,14,0.21305582,0.00014428
7214,14,0.18482810,0.00014432
7215,14,0.20176819,0.00014432
7216,14,0.20458277,0.00014436
7217,14,0.22332250,0.00014436
7218,14,0.19084366,0.0001444
7219,14,0.21314818,0.0001444
7220,14,0.19431479,0.00014444
7221,14,0.20897408,0.00014444
7222,14,0.22490221,0.00014448
7223,14,0.18973181,0.00014448
7224,14,0.21699402,0.00014452
7225,14,0.19278373,0.00014452
7226,14,0.21539770,0.00014456
7227,14,0.19567530,0.00014456
7228,14,0.20022102,0.0001446
7229,14,0.22939201,0.0001446
7230,14,0.19233720,0.00014464
7231,14,0.18808553,0.00014464
7232,14,0.21849865,0.00014468
7233,14,0.21153827,0.00014468
7234,14,0.21894488,0.00014472
7235,14,0.21081515,0.00014472
7236,14,0.20481060,0.00014476
7237,14,0.22186974,0.00014476
7238,14,0.19438319,0.0001448
7239,14,0.20266519,0.0001448
7240,14,0.22005011,0.00014484
7241,14,0.20723100,0.00014484
7242,14,0.19738567,0.00014488
7243,14,0.20558423,0.00014488
7244,14,0.20013703,0.00014492
7245,14,0.20533161,0.00014492
7246,14,0.22800080,0.00014496
7247,14,0.18961631,0.00014496
7248,14,0.20383491,0.000145
7249,14,0.22135840,0.000145
7250,14,0.19660071,0.00014504
7251,14,0.21060699,0.00014504
7252,14,0.19046463,0.00014508
7253,14,0.21432212,0.00014508
7254,14,0.19376612,0.00014512
7255,14,0.20157202,0.00014512
7256,14,0.21388045,0.00014516
7257,14,0.22148414,0.00014516
7258,14,0.20261200,0.0001452
7259,14,0.20944990,0.0001452
7260,14,0.20153025,0.00014524
7261,14,0.21791764,0.00014524
7262,14,0.20446181,0.00014528
7263,14,0.22208138,0.00014528
7264,14,0.19650340,0.00014532
7265,14,0.20175797,0.00014532
7266,14,0.22818354,0.00014536
7267,14,0.20416458,0.00014536
7268,14,0.21239971,0.0001454
7269,14,0.19233881,0.0001454
7270,14,0.19786799,0.00014544
7271,14,0.19738409,0.00014544
7272,14,0.21177261,0.00014548
7273,14,0.20914435,0.00014548
7274,14,0.21172667,0.00014552
7275,14,0.19496141,0.00014552
7276,14,0.19975962,0.00014556
7277,14,0.22777772,0.00014556
7278,14,0.21425629,0.0001456
7279,14,0.21167563,0.0001456
7280,14,0.20587049,0.00014564
7281,15,0.20874016,0.00014564
7282,15,0.20077409,0.00014568
7283,15,0.20847048,0.00014568
7284,15,0.20364307,0.00014572
7285,15,0.19573504,0.00014572
7286,15,0.20810826,0.00014576
7287,15,0.20089997,0.00014576
7288,15,0.22829941,0.0001458
7289,15,0.19890091,0.0001458
7290,15,0.23240601,0.00014584
7291,15,0.20520335,0.00014584
7292,15,0.20597124,0.00014588
7293,15,0.21341129,0.00014588
7294,15,0.19402272,0.00014592
7295,15,0.20357957,0.00014592
7296,15,0.19998601,0.00014596
7297,15,0.18693049,0.00014596
7298,15,0.21856827,0.000146
7299,15,0.21209039,0.000146
7300,15,0.19296828,0.00014604
7301,15,0.20387575,0.00014604
7302,15,0.19885142,0.00014608
7303,15,0.20606156,0.00014608
7304,15,0.22654428,0.00014612
7305,15,0.20258363,0.00014612
7306,15,0.20919019,0.00014616
7307,15,0.17913790,0.00014616
7308,15,0.19221193,0.0001462
7309,15,0.19450624,0.0001462
7310,15,0.20976190,0.00014624
7311,15,0.20941925,0.00014624
7312,15,0.20346121,0.00014628
7313,15,0.18563268,0.00014628
7314,15,0.17994751,0.00014632
7315,15,0.20891839,0.00014632
7316,15,0.21335888,0.00014636
7317,15,0.22280128,0.00014636
7318,15,0.22039200,0.0001464
7319,15,0.20979720,0.0001464
7320,15,0.21089384,0.00014644
7321,15,0.19203533,0.00014644
7322,15,0.20180832,0.00014648
7323,15,0.20909424,0.00014648
7324,15,0.20543909,0.00014652
7325,15,0.19864742,0.00014652
7326,15,0.21431576,0.00014656
7327,15,0.21852967,0.00014656
7328,15,0.21082939,0.0001466
7329,15,0.20901342,0.0001466
7330,15,0.20872441,0.00014664
7331,15,0.19240740,0.00014664
7332,15,0.21181734,0.00014668
7333,15,0.20256145,0.00014668
7334,15,0.20865986,0.00014672
7335,15,0.22060357,0.00014672
7336,15,0.20073278,0.00014676
7337,15,0.18948729,0.00014676
7338,15,0.22334607,0.0001468
7339,15,0.20174573,0.0001468
7340,15,0.22335288,0.00014684
7341,15,0.18888368,0.00014684
7342,15,0.21455185,0.00014688
7343,15,0.21073958,0.00014688
7344,15,0.20891793,0.00014692
7345,15,0.17896080,0.00014692
7346,15,0.21276014,0.00014696
7347,15,0.19836874,0.00014696
7348,15,0.21566509,0.000147
7349,15,0.19352312,0.000147
7350,15,0.22676826,0.00014704
7351,15,0.19167131,0.00014704
7352,15,0.20868178,0.00014708
7353,15,0.20852101,0.00014708
7354,15,0.22592159,0.00014712
7355,15,0.21252370,0.00014712
7356,15,0.20209420,0.00014716
7357,15,0.23852240,0.00014716
7358,15,0.19601674,0.0001472
7359,15,0.21847220,0.0001472
7360,15,0.17704412,0.00014724
7361,15,0.21605958,0.00014724
7362,15,0.20643806,0.00014728
7363,15,0.19997491,0.00014728
7364,15,0.22425181,0.00014732
7365,15,0.20123462,0.00014732
7366,15,0.20811486,0.00014736
7367,15,0.21179633,0.00014736
7368,15,0.24294260,0.0001474
7369,15,0.20890351,0.0001474
7370,15,0.21222940,0.00014744
7371,15,0.21445735,0.00014744
7372,15,0.19798592,0.00014748
7373,15,0.19754332,0.00014748
7374,15,0.19088258,0.00014752
7375,15,0.22131245,0.00014752
7376,15,0.19645622,0.00014756
7377,15,0.20770624,0.00014756
7378,15,0.18194048,0.0001476
7379,15,0.22009888,0.0001476
7380,15,0.20378695,0.00014764
7381,15,0.21136275,0.00014764
7382,15,0.22000794,0.00014768
7383,15,0.20091470,0.00014768
7384,15,0.21202570,0.00014772
7385,15,0.22660799,0.00014772
7386,15,0.22261435,0.00014776
7387,15,0.24598128,0.00014776
7388,15,0.21894504,0.0001478
7389,15,0.25345761,0.0001478
7390,15,0.19988319,0.00014784
7391,15,0.20900375,0.00014784
7392,15,0.20463660,0.00014788
7393,15,0.22726133,0.00014788
7394,15,0.21390180,0.00014792
7395,15,0.20689121,0.00014792
7396,15,0.21767306,0.00014796
7397,15,0.23542704,0.00014796
7398,15,0.21107449,0.000148
7399,15,0.19819599,0.000148
7400,15,0.18728329,0.00014804
7401,15,0.19750562,0.00014804
7402,15,0.19720300,0.00014808
7403,15,0.22638936,0.00014808
7404,15,0.23273532,0.00014812
7405,15,0.18428291,0.00014812
7406,15,0.19974889,0.00014816
7407,15,0.20411563,0.00014816
7408,15,0.21119107,0.0001482
7409,15,0.20402224,0.0001482
7410,15,0.19734660,0.00014824
7411,15,0.19907284,0.00014824
7412,15,0.23006445,0.00014828
7413,15,0.21695402,0.00014828
7414,15,0.20192072,0.00014832
7415,15,0.22840889,0.00014832
7416,15,0.18335250,0.00014836
7417,15,0.19951174,0.00014836
7418,15,0.22091092,0.0001484
7419,15,0.18483549,0.0001484
7420,15,0.20480524,0.00014844
7421,15,0.20900634,0.00014844
7422,15,0.18936250,0.00014848
7423,15,0.20872411,0.00014848
7424,15,0.20422786,0.00014852
7425,15,0.20873255,0.00014852
7426,15,0.21198435,0.00014856
7427,15,0.21241315,0.00014856
7428,15,0.18498757,0.0001486
7429,15,0.21905221,0.0001486
7430,15,0.20970896,0.00014864
7431,15,0.22748868,0.00014864
7432,15,0.20086785,0.00014868
7433,15,0.20073627,0.00014868
7434,15,0.20376427,0.00014872
7435,15,0.21138290,0.00014872
7436,15,0.21194676,0.00014876
7437,15,0.21658921,0.00014876
7438,15,0.20746958,0.0001488
7439,15,0.20567743,0.0001488
7440,15,0.19790299,0.00014884
7441,15,0.21920533,0.00014884
7442,15,0.19484690,0.00014888
7443,15,0.22496279,0.00014888
7444,15,0.21237573,0.00014892
7445,15,0.20565082,0.00014892
7446,15,0.22484557,0.00014896
7447,15,0.20431404,0.00014896
7448,15,0.22339664,0.000149
7449,15,0.21352895,0.000149
7450,15,0.18859413,0.00014904
7451,15,0.22536363,0.00014904
7452,15,0.22588110,0.00014908
7453,15,0.20058076,0.00014908
7454,15,0.18801220,0.00014912
7455,15,0.21449208,0.00014912
7456,15,0.20379664,0.00014916
7457,15,0.22695501,0.00014916
7458,15,0.18913151,0.0001492
7459,15,0.23475677,0.0001492
7460,15,0.21033442,0.00014924
7461,15,0.20506129,0.00014924
7462,15,0.20558266,0.00014928
7463,15,0.21499658,0.00014928
7464,15,0.19136287,0.00014932
7465,15,0.20122722,0.00014932
7466,15,0.22273673,0.00014936
7467,15,0.21607928,0.00014936
7468,15,0.20434810,0.0001494
7469,15,0.20985384,0.0001494
7470,15,0.20458007,0.00014944
7471,15,0.19950339,0.00014944
7472,15,0.20783050,0.00014948
7473,15,0.20295481,0.00014948
7474,15,0.21948333,0.00014952
7475,15,0.19428973,0.00014952
7476,15,0.20908703,0.00014956
7477,15,0.19780977,0.00014956
7478,15,0.17873818,0.0001496
7479,15,0.21459892,0.0001496
7480,15,0.18248029,0.00014964
7481,15,0.20725201,0.00014964
7482,15,0.20300955,0.00014968
7483,15,0.19726148,0.00014968
7484,15,0.19613071,0.00014972
7485,15,0.21174863,0.00014972
7486,15,0.20857424,0.00014976
7487,15,0.21529900,0.00014976
7488,15,0.22070521,0.0001498
7489,15,0.23180757,0.0001498
7490,15,0.20919134,0.00014984
7491,15,0.21894071,0.00014984
7492,15,0.20845695,0.00014988
7493,15,0.20061269,0.00014988
7494,15,0.20805289,0.00014992
7495,15,0.19855322,0.00014992
7496,15,0.22624059,0.00014996
7497,15,0.20695856,0.00014996
7498,15,0.19472075,0.00015
7499,15,0.21941368,0.00015
7500,15,0.21632753,0.00015004
7501,15,0.23601982,0.00015004
7502,15,0.20841734,0.00015008
7503,15,0.20619002,0.00015008
7504,15,0.20977379,0.00015012
7505,15,0.19978054,0.00015012
7506,15,0.20465061,0.00015016
7507,15,0.20644636,0.00015016
7508,15,0.21570928,0.0001502
7509,15,0.20116615,0.0001502
7510,15,0.19996066,0.00015024
7511,15,0.18966198,0.00015024
7512,15,0.18565209,0.00015028
7513,15,0.21190289,0.00015028
7514,15,0.19200870,0.00015032
7515,15,0.20315132,0.00015032
7516,15,0.19522113,0.00015036
7517,15,0.19795127,0.00015036
7518,15,0.20919634,0.0001504
7519,15,0.21028320,0.0001504
7520,15,0.19681303,0.00015044
7521,15,0.22389889,0.00015044
7522,15,0.18913780,0.00015048
7523,15,0.21998008,0.00015048
7524,15,0.19881088,0.00015052
7525,15,0.19960786,0.00015052
7526,15,0.21300800,0.00015056
7527,15,0.18604888,0.00015056
7528,15,0.18832870,0.0001506
7529,15,0.19622612,0.0001506
7530,15,0.20750065,0.00015064
7531,15,0.22305287,0.00015064
7532,15,0.20887966,0.00015068
7533,15,0.22534057,0.00015068
7534,15,0.19597769,0.00015072
7535,15,0.20525582,0.00015072
7536,15,0.23073085,0.00015076
7537,15,0.20397754,0.00015076
7538,15,0.22245581,0.0001508
7539,15,0.21746077,0.0001508
7540,15,0.21064782,0.00015084
7541,15,0.20453306,0.00015084
7542,15,0.23292287,0.00015088
7543,15,0.19549578,0.00015088
7544,15,0.22417445,0.00015092
7545,15,0.20164444,0.00015092
7546,15,0.20718248,0.00015096
7547,15,0.20953591,0.00015096
7548,15,0.22749931,0.000151
7549,15,0.21809871,0.000151
7550,15,0.24702454,0.00015104
7551,15,0.20159751,0.00015104
7552,15,0.22374985,0.00015108
7553,15,0.22888184,0.00015108
7554,15,0.20812254,0.00015112
7555,15,0.21510983,0.00015112
7556,15,0.23840189,0.00015116
7557,15,0.21213968,0.00015116
7558,15,0.20540737,0.0001512
7559,15,0.20823394,0.0001512
7560,15,0.21102245,0.00015124
7561,15,0.21223351,0.00015124
7562,15,0.21199849,0.00015128
7563,15,0.21659014,0.00015128
7564,15,0.22798167,0.00015132
7565,15,0.21309811,0.00015132
7566,15,0.20963080,0.00015136
7567,15,0.19325532,0.00015136
7568,15,0.20729041,0.0001514
7569,15,0.19232027,0.0001514
7570,15,0.21112821,0.00015144
7571,15,0.21739742,0.00015144
7572,15,0.22974947,0.00015148
7573,15,0.19178073,0.00015148
7574,15,0.22346602,0.00015152
7575,15,0.20650251,0.00015152
7576,15,0.19694382,0.00015156
7577,15,0.20717433,0.00015156
7578,15,0.19984311,0.0001516
7579,15,0.22164634,0.0001516
7580,15,0.21707723,0.00015164
7581,15,0.21702921,0.00015164
7582,15,0.18703523,0.00015168
7583,15,0.18947710,0.00015168
7584,15,0.22237757,0.00015172
7585,15,0.20799984,0.00015172
7586,15,0.19816440,0.00015176
7587,15,0.20235527,0.00015176
7588,15,0.19531433,0.0001518
7589,15,0.19374953,0.0001518
7590,15,0.20562951,0.00015184
7591,15,0.19072358,0.00015184
7592,15,0.21235099,0.00015188
7593,15,0.19631787,0.00015188
7594,15,0.21182051,0.00015192
7595,15,0.23235644,0.00015192
7596,15,0.20327306,0.00015196
7597,15,0.20577508,0.00015196
7598,15,0.21081965,0.000152
7599,15,0.22215040,0.000152
7600,15,0.23591454,0.00015204
7601,15,0.21375519,0.00015204
7602,15,0.20763822,0.00015208
7603,15,0.20146158,0.00015208
7604,15,0.20107539,0.00015212
7605,15,0.21403895,0.00015212
7606,15,0.21094294,0.00015216
7607,15,0.18819185,0.00015216
7608,15,0.18952113,0.0001522
7609,15,0.19408102,0.0001522
7610,15,0.19144331,0.00015224
7611,15,0.21948953,0.00015224
7612,15,0.21566387,0.00015228
7613,15,0.20403104,0.00015228
7614,15,0.20399095,0.00015232
7615,15,0.20825334,0.00015232
7616,15,0.19863220,0.00015236
7617,15,0.22704750,0.00015236
7618,15,0.20100996,0.0001524
7619,15,0.20252527,0.0001524
7620,15,0.20144090,0.00015244
7621,15,0.19555773,0.00015244
7622,15,0.20259598,0.00015248
7623,15,0.22779471,0.00015248
7624,15,0.20027874,0.00015252
7625,15,0.21050483,0.00015252
7626,15,0.19353566,0.00015256
7627,15,0.22114474,0.00015256
7628,15,0.20012379,0.0001526
7629,15,0.21695264,0.0001526
7630,15,0.19123520,0.00015264
7631,15,0.21384828,0.00015264
7632,15,0.20798063,0.00015268
7633,15,0.20061058,0.00015268
7634,15,0.22944170,0.00015272
7635,15,0.20690243,0.00015272
7636,15,0.20241766,0.00015276
7637,15,0.22781502,0.00015276
7638,15,0.22622946,0.0001528
7639,15,0.17999053,0.0001528
7640,15,0.19678803,0.00015284
7641,15,0.21685541,0.00015284
7642,15,0.19056593,0.00015288
7643,15,0.20011741,0.00015288
7644,15,0.20784293,0.00015292
7645,15,0.20480323,0.00015292
7646,15,0.21469586,0.00015296
7647,15,0.19241138,0.00015296
7648,15,0.21481761,0.000153
7649,15,0.20914629,0.000153
7650,15,0.20335990,0.00015304
7651,15,0.22000980,0.00015304
7652,15,0.22096144,0.00015308
7653,15,0.20687206,0.00015308
7654,15,0.21108027,0.00015312
7655,15,0.18633826,0.00015312
7656,15,0.19896504,0.00015316
7657,15,0.20832229,0.00015316
7658,15,0.18607815,0.0001532
7659,15,0.21564467,0.0001532
7660,15,0.23048350,0.00015324
7661,15,0.19537807,0.00015324
7662,15,0.18318217,0.00015328
7663,15,0.19285722,0.00015328
7664,15,0.21024671,0.00015332
7665,15,0.23940627,0.00015332
7666,15,0.17819415,0.00015336
7667,15,0.20386951,0.00015336
7668,15,0.21267912,0.0001534
7669,15,0.18501019,0.0001534
7670,15,0.22297256,0.00015344
7671,15,0.18976362,0.00015344
7672,15,0.22712930,0.00015348
7673,15,0.23495378,0.00015348
7674,15,0.22072424,0.00015352
7675,15,0.19536348,0.00015352
7676,15,0.18557920,0.00015356
7677,15,0.21030650,0.00015356
7678,15,0.21502666,0.0001536
7679,15,0.19510572,0.0001536
7680,15,0.18693222,0.00015364
7681,15,0.20008731,0.00015364
7682,15,0.19745545,0.00015368
7683,15,0.21368591,0.00015368
7684,15,0.21033239,0.00015372
7685,15,0.20413770,0.00015372
7686,15,0.18644877,0.00015376
7687,15,0.20501696,0.00015376
7688,15,0.20233406,0.0001538
7689,15,0.19061974,0.0001538
7690,15,0.21192934,0.00015384
7691,15,0.23563194,0.00015384
7692,15,0.21905564,0.00015388
7693,15,0.22393724,0.00015388
7694,15,0.19166027,0.00015392
7695,15,0.20838706,0.00015392
7696,15,0.21015337,0.00015396
7697,15,0.20656914,0.00015396
7698,15,0.19334054,0.000154
7699,15,0.21979646,0.000154
7700,15,0.18738960,0.00015404
7701,15,0.21182735,0.00015404
7702,15,0.21423274,0.00015408
7703,15,0.20278278,0.00015408
7704,15,0.20964698,0.00015412
7705,15,0.20411201,0.00015412
7706,15,0.21426335,0.00015416
7707,15,0.19992954,0.00015416
7708,15,0.20579045,0.0001542
7709,15,0.20995784,0.0001542
7710,15,0.18841465,0.00015424
7711,15,0.23606798,0.00015424
7712,15,0.22508676,0.00015428
7713,15,0.19816542,0.00015428
7714,15,0.22503778,0.00015432
7715,15,0.23966421,0.00015432
7716,15,0.21270581,0.00015436
7717,15,0.18774518,0.00015436
7718,15,0.19292362,0.0001544
7719,15,0.19883209,0.0001544
7720,15,0.20415428,0.00015444
7721,15,0.18334402,0.00015444
7722,15,0.22291179,0.00015448
7723,15,0.20915365,0.00015448
7724,15,0.20029208,0.00015452
7725,15,0.20544301,0.00015452
7726,15,0.19784184,0.00015456
7727,15,0.20874834,0.00015456
7728,15,0.22361915,0.0001546
7729,15,0.19040850,0.0001546
7730,15,0.20888646,0.00015464
7731,15,0.19083622,0.00015464
7732,15,0.20815551,0.00015468
7733,15,0.21323943,0.00015468
7734,15,0.20363617,0.00015472
7735,15,0.21407811,0.00015472
7736,15,0.22616233,0.00015476
7737,15,0.21369165,0.00015476
7738,15,0.18513812,0.0001548
7739,15,0.21337831,0.0001548
7740,15,0.20256157,0.00015484
7741,15,0.20695187,0.00015484
7742,15,0.18357357,0.00015488
7743,15,0.21774487,0.00015488
7744,15,0.20831697,0.00015492
7745,15,0.21274248,0.00015492
7746,15,0.21113133,0.00015496
7747,15,0.18433349,0.00015496
7748,15,0.18978043,0.000155
7749,15,0.20950958,0.000155
7750,15,0.20615290,0.00015504
7751,15,0.19403295,0.00015504
7752,15,0.20374334,0.00015508
7753,15,0.21298264,0.00015508
7754,15,0.21167980,0.00015512
7755,15,0.19689490,0.00015512
7756,15,0.19214259,0.00015516
7757,15,0.20990440,0.00015516
7758,15,0.19604868,0.0001552
7759,15,0.22406565,0.0001552
7760,15,0.20876908,0.00015524
7761,15,0.20301409,0.00015524
7762,15,0.20404290,0.00015528
7763,15,0.20226081,0.00015528
7764,15,0.19898652,0.00015532
7765,15,0.22651774,0.00015532
7766,15,0.19722325,0.00015536
7767,15,0.19238019,0.00015536
7768,15,0.22296138,0.0001554
7769,15,0.21123454,0.0001554
7770,15,0.20253372,0.00015544
7771,15,0.20506085,0.00015544
7772,15,0.20452650,0.00015548
7773,15,0.19916153,0.00015548
7774,15,0.23030488,0.00015552
7775,15,0.20620871,0.00015552
7776,15,0.19433154,0.00015556
7777,15,0.19506888,0.00015556
7778,15,0.20143779,0.0001556
7779,15,0.23172532,0.0001556
7780,15,0.19565675,0.00015564
7781,15,0.20303996,0.00015564
7782,15,0.22819678,0.00015568
7783,15,0.19789945,0.00015568
7784,15,0.19874324,0.00015572
7785,15,0.20042354,0.00015572
7786,15,0.20908557,0.00015576
7787,15,0.20915630,0.00015576
7788,15,0.20857660,0.0001558
7789,15,0.20752895,0.0001558
7790,15,0.21610312,0.00015584
7791,15,0.23558256,0.00015584
7792,15,0.20573319,0.00015588
7793,15,0.21734320,0.00015588
7794,15,0.20995960,0.00015592
7795,15,0.21958640,0.00015592
7796,15,0.22126766,0.00015596
7797,15,0.19581611,0.00015596
7798,15,0.18351449,0.000156
7799,15,0.22512333,0.000156
7800,15,0.21129702,0.00015604
7801,16,0.20353602,0.00015604
7802,16,0.19467349,0.00015608
7803,16,0.21662302,0.00015608
7804,16,0.20313381,0.00015612
7805,16,0.21329905,0.00015612
7806,16,0.17282911,0.00015616
7807,16,0.20708612,0.00015616
7808,16,0.20250167,0.0001562
7809,16,0.19389258,0.0001562
7810,16,0.21017599,0.00015624
7811,16,0.17618266,0.00015624
7812,16,0.21656118,0.00015628
7813,16,0.19690533,0.00015628
7814,16,0.23104292,0.00015632
7815,16,0.20783444,0.00015632
7816,16,0.19862126,0.00015636
7817,16,0.19665019,0.00015636
7818,16,0.21794221,0.0001564
7819,16,0.19963066,0.0001564
7820,16,0.18820722,0.00015644
7821,16,0.19986261,0.00015644
7822,16,0.18277603,0.00015648
7823,16,0.20864187,0.00015648
7824,16,0.20358074,0.00015652
7825,16,0.20890443,0.00015652
7826,16,0.21781941,0.00015656
7827,16,0.22821923,0.00015656
7828,16,0.19570385,0.0001566
7829,16,0.19893619,0.0001566
7830,16,0.20967875,0.00015664
7831,16,0.20950893,0.00015664
7832,16,0.19781359,0.00015668
7833,16,0.21535823,0.00015668
7834,16,0.19108002,0.00015672
7835,16,0.20488051,0.00015672
7836,16,0.21710154,0.00015676
7837,16,0.22227107,0.00015676
7838,16,0.20193850,0.0001568
7839,16,0.21902879,0.0001568
7840,16,0.19044170,0.00015684
7841,16,0.20279641,0.00015684
7842,16,0.21683829,0.00015688
7843,16,0.21347345,0.00015688
7844,16,0.19822001,0.00015692
7845,16,0.18473978,0.00015692
7846,16,0.21035115,0.00015696
7847,16,0.21470478,0.00015696
7848,16,0.19946200,0.000157
7849,16,0.18682875,0.000157
7850,16,0.22768514,0.00015704
7851,16,0.20426403,0.00015704
7852,16,0.20480354,0.00015708
7853,16,0.19043584,0.00015708
7854,16,0.21018659,0.00015712
7855,16,0.19667421,0.00015712
7856,16,0.20698436,0.00015716
7857,16,0.22332250,0.00015716
7858,16,0.21648228,0.0001572
7859,16,0.23042639,0.0001572
7860,16,0.21109211,0.00015724
7861,16,0.20902337,0.00015724
7862,16,0.19922757,0.00015728
7863,16,0.20478031,0.00015728
7864,16,0.19817121,0.00015732
7865,16,0.19336578,0.00015732
7866,16,0.18821156,0.00015736
7867,16,0.21263438,0.00015736
7868,16,0.21079728,0.0001574
7869,16,0.20742451,0.0001574
7870,16,0.20980354,0.00015744
7871,16,0.20998538,0.00015744
7872,16,0.21253118,0.00015748
7873,16,0.21635111,0.00015748
7874,16,0.19282272,0.00015752
7875,16,0.22953399,0.00015752
7876,16,0.21181536,0.00015756
7877,16,0.19435747,0.00015756
7878,16,0.20276971,0.0001576
7879,16,0.20887691,0.0001576
7880,16,0.23581797,0.00015764
7881,16,0.22060604,0.00015764
7882,16,0.18526673,0.00015768
7883,16,0.18954346,0.00015768
7884,16,0.19166197,0.00015772
7885,16,0.22710827,0.00015772
7886,16,0.21458544,0.00015776
7887,16,0.22370778,0.00015776
7888,16,0.21421047,0.0001578
7889,16,0.20770045,0.0001578
7890,16,0.20546937,0.00015784
7891,16,0.21511675,0.00015784
7892,16,0.22584166,0.00015788
7893,16,0.21213551,0.00015788
7894,16,0.23933737,0.00015792
7895,16,0.21456133,0.00015792
7896,16,0.21702896,0.00015796
7897,16,0.21182509,0.00015796
7898,16,0.22086523,0.000158
7899,16,0.22362550,0.000158
7900,16,0.18646966,0.00015804
7901,16,0.19150136,0.00015804
7902,16,0.19612354,0.00015808
7903,16,0.20516831,0.00015808
7904,16,0.20856693,0.00015812
7905,16,0.22025192,0.00015812
7906,16,0.19227839,0.00015816
7907,16,0.21697180,0.00015816
7908,16,0.22033082,0.0001582
7909,16,0.19516106,0.0001582
7910,16,0.20849864,0.00015824
7911,16,0.19153985,0.00015824
7912,16,0.21267356,0.00015828
7913,16,0.19397461,0.00015828
7914,16,0.18808642,0.00015832
7915,16,0.19894078,0.00015832
7916,16,0.20340647,0.00015836
7917,16,0.19657496,0.00015836
7918,16,0.19446522,0.0001584
7919,16,0.21764742,0.0001584
7920,16,0.20155951,0.00015844
7921,16,0.19356497,0.00015844
7922,16,0.20577794,0.00015848
7923,16,0.19875892,0.00015848
7924,16,0.21908052,0.00015852
7925,16,0.21748166,0.00015852
7926,16,0.22990949,0.00015856
7927,16,0.19339368,0.00015856
7928,16,0.18756290,0.0001586
7929,16,0.19333373,0.0001586
7930,16,0.21429057,0.00015864
7931,16,0.20897634,0.00015864
7932,16,0.21510021,0.00015868
7933,16,0.20504972,0.00015868
7934,16,0.21452449,0.00015872
7935,16,0.18478519,0.00015872
7936,16,0.18825728,0.00015876
7937,16,0.21228500,0.00015876
7938,16,0.19918479,0.0001588
7939,16,0.18300000,0.0001588
7940,16,0.18446764,0.00015884
7941,16,0.21223527,0.00015884
7942,16,0.20998134,0.00015888
7943,16,0.19799259,0.00015888
7944,16,0.18421173,0.00015892
7945,16,0.18833622,0.00015892
7946,16,0.22364633,0.00015896
7947,16,0.22526938,0.00015896
7948,16,0.19862162,0.000159
7949,16,0.20261496,0.000159
7950,16,0.20360811,0.00015904
7951,16,0.20556565,0.00015904
7952,16,0.21249713,0.00015908
7953,16,0.18775991,0.00015908
7954,16,0.21137728,0.00015912
7955,16,0.17521934,0.00015912
7956,16,0.20846221,0.00015916
7957,16,0.21854179,0.00015916
7958,16,0.21204451,0.0001592
7959,16,0.22151184,0.0001592
7960,16,0.22121973,0.00015924
7961,16,0.19962798,0.00015924
7962,16,0.21895745,0.00015928
7963,16,0.19928272,0.00015928
7964,16,0.22119635,0.00015932
7965,16,0.19635800,0.00015932
7966,16,0.23002741,0.00015936
7967,16,0.22566485,0.00015936
7968,16,0.22649489,0.0001594
7969,16,0.19956136,0.0001594
7970,16,0.19979610,0.00015944
7971,16,0.21654119,0.00015944
7972,16,0.20395423,0.00015948
7973,16,0.20134003,0.00015948
7974,16,0.20884311,0.00015952
7975,16,0.20515510,0.00015952
7976,16,0.21144676,0.00015956
7977,16,0.18782699,0.00015956
7978,16,0.20457959,0.0001596
7979,16,0.20321514,0.0001596
7980,16,0.20674935,0.00015964
7981,16,0.22649097,0.00015964
7982,16,0.19898809,0.00015968
7983,16,0.20719340,0.00015968
7984,16,0.20619722,0.00015972
7985,16,0.19440719,0.00015972
7986,16,0.21389569,0.00015976
7987,16,0.20574987,0.00015976
7988,16,0.20080957,0.0001598
7989,16,0.20132788,0.0001598
7990,16,0.21607177,0.00015984
7991,16,0.19250779,0.00015984
7992,16,0.19228423,0.00015988
7993,16,0.21773566,0.00015988
7994,16,0.19152911,0.00015992
7995,16,0.21103436,0.00015992
7996,16,0.18929288,0.00015996
7997,16,0.21491475,0.00015996
7998,16,0.19977787,0.00016
7999,16,0.18553124,0.00016
8000,16,0.19082819,0.00016004
8001,16,0.20913072,0.00016004
8002,16,0.20069118,0.00016008
8003,16,0.20697111,0.00016008
8004,16,0.19381113,0.00016012
8005,16,0.24934795,0.00016012
8006,16,0.20640251,0.00016016
8007,16,0.19862856,0.00016016
8008,16,0.19381395,0.0001602
8009,16,0.19132808,0.0001602
8010,16,0.23452051,0.00016024
8011,16,0.21753968,0.00016024
8012,16,0.19810401,0.00016028
8013,16,0.21952014,0.00016028
8014,16,0.21818383,0.00016032
8015,16,0.19587448,0.00016032
8016,16,0.20050608,0.00016036
8017,16,0.22118802,0.00016036
8018,16,0.20703937,0.0001604
8019,16,0.21154910,0.0001604
8020,16,0.19904883,0.00016044
8021,16,0.20369251,0.00016044
8022,16,0.18514816,0.00016048
8023,16,0.22843044,0.00016048
8024,16,0.20952062,0.00016052
8025,16,0.22239089,0.00016052
8026,16,0.17293793,0.00016056
8027,16,0.20092450,0.00016056
8028,16,0.20286910,0.0001606
8029,16,0.22896595,0.0001606
8030,16,0.23153250,0.00016064
8031,16,0.21966088,0.00016064
8032,16,0.18575478,0.00016068
8033,16,0.23006599,0.00016068
8034,16,0.21827425,0.00016072
8035,16,0.20762116,0.00016072
8036,16,0.21589719,0.00016076
8037,16,0.22403373,0.00016076
8038,16,0.20079632,0.0001608
8039,16,0.20914643,0.0001608
8040,16,0.21698889,0.00016084
8041,16,0.21993177,0.00016084
8042,16,0.22001222,0.00016088
8043,16,0.18656325,0.00016088
8044,16,0.21673506,0.00016092
8045,16,0.21538281,0.00016092
8046,16,0.22082846,0.00016096
8047,16,0.20714207,0.00016096
8048,16,0.19917488,0.000161
8049,16,0.20678674,0.000161
8050,16,0.19840156,0.00016104
8051,16,0.20040603,0.00016104
8052,16,0.19716117,0.00016108
8053,16,0.20013738,0.00016108
8054,16,0.21884827,0.00016112
8055,16,0.18776083,0.00016112
8056,16,0.20423067,0.00016116
8057,16,0.20623735,0.00016116
8058,16,0.21431929,0.0001612
8059,16,0.19751924,0.0001612
8060,16,0.20042630,0.00016124
8061,16,0.21339861,0.00016124
8062,16,0.20264131,0.00016128
8063,16,0.20771360,0.00016128
8064,16,0.21823274,0.00016132
8065,16,0.21228132,0.00016132
8066,16,0.19389163,0.00016136
8067,16,0.21525782,0.00016136
8068,16,0.18967052,0.0001614
8069,16,0.22327454,0.0001614
8070,16,0.20996793,0.00016144
8071,16,0.19857526,0.00016144
8072,16,0.20075443,0.00016148
8073,16,0.21900967,0.00016148
8074,16,0.21736039,0.00016152
8075,16,0.20232561,0.00016152
8076,16,0.21465442,0.00016156
8077,16,0.20901000,0.00016156
8078,16,0.20765696,0.0001616
8079,16,0.19387481,0.0001616
8080,16,0.19433565,0.00016164
8081,16,0.20366757,0.00016164
8082,16,0.20109622,0.00016168
8083,16,0.22213046,0.00016168
8084,16,0.22058837,0.00016172
8085,16,0.21725416,0.00016172
8086,16,0.18542849,0.00016176
8087,16,0.20816803,0.00016176
8088,16,0.23831207,0.0001618
8089,16,0.19109194,0.0001618
8090,16,0.19498399,0.00016184
8091,16,0.18639125,0.00016184
8092,16,0.21684708,0.00016188
8093,16,0.20412993,0.00016188
8094,16,0.21291028,0.00016192
8095,16,0.20908780,0.00016192
8096,16,0.21259041,0.00016196
8097,16,0.20250160,0.00016196
8098,16,0.21987365,0.000162
8099,16,0.20740758,0.000162
8100,16,0.19287550,0.00016204
8101,16,0.20075642,0.00016204
8102,16,0.21034019,0.00016208
8103,16,0.22346361,0.00016208
8104,16,0.20827293,0.00016212
8105,16,0.19136448,0.00016212
8106,16,0.20272057,0.00016216
8107,16,0.20998366,0.00016216
8108,16,0.17786200,0.0001622
8109,16,0.19459970,0.0001622
8110,16,0.23096257,0.00016224
8111,16,0.20585622,0.00016224
8112,16,0.20588242,0.00016228
8113,16,0.20595124,0.00016228
8114,16,0.19897120,0.00016232
8115,16,0.20619740,0.00016232
8116,16,0.22816463,0.00016236
8117,16,0.18523785,0.00016236
8118,16,0.22623794,0.0001624
8119,16,0.19256419,0.0001624
8120,16,0.22070721,0.00016244
8121,16,0.21000007,0.00016244
8122,16,0.19770077,0.00016248
8123,16,0.21241136,0.00016248
8124,16,0.20031463,0.00016252
8125,16,0.21918271,0.00016252
8126,16,0.21498097,0.00016256
8127,16,0.21971004,0.00016256
8128,16,0.20279987,0.0001626
8129,16,0.21087095,0.0001626
8130,16,0.22892205,0.00016264
8131,16,0.21295494,0.00016264
8132,16,0.17782250,0.00016268
8133,16,0.19871549,0.00016268
8134,16,0.20508189,0.00016272
8135,16,0.20657334,0.00016272
8136,16,0.21679436,0.00016276
8137,16,0.21943945,0.00016276
8138,16,0.19532584,0.0001628
8139,16,0.20019871,0.0001628
8140,16,0.18435806,0.00016284
8141,16,0.21270096,0.00016284
8142,16,0.19113466,0.00016288
8143,16,0.19109565,0.00016288
8144,16,0.21504913,0.00016292
8145,16,0.20400234,0.00016292
8146,16,0.21839531,0.00016296
8147,16,0.19829834,0.00016296
8148,16,0.21685314,0.000163
8149,16,0.19084796,0.000163
8150,16,0.20510285,0.00016304
8151,16,0.20628084,0.00016304
8152,16,0.21642266,0.00016308
8153,16,0.22895953,0.00016308
8154,16,0.20464073,0.00016312
8155,16,0.22549802,0.00016312
8156,16,0.22435290,0.00016316
8157,16,0.19747017,0.00016316
8158,16,0.19630653,0.0001632
8159,16,0.19737604,0.0001632
8160,16,0.18950462,0.00016324
8161,16,0.21750484,0.00016324
8162,16,0.20691293,0.00016328
8163,16,0.22279093,0.00016328
8164,16,0.21558452,0.00016332
8165,16,0.20821129,0.00016332
8166,16,0.20193405,0.00016336
8167,16,0.22330315,0.00016336
8168,16,0.19182710,0.0001634
8169,16,0.20413528,0.0001634
8170,16,0.21012349,0.00016344
8171,16,0.18852679,0.00016344
8172,16,0.19753692,0.00016348
8173,16,0.21051712,0.00016348
8174,16,0.18848698,0.00016352
8175,16,0.18761289,0.00016352
8176,16,0.18583952,0.00016356
8177,16,0.21379726,0.00016356
8178,16,0.20895889,0.0001636
8179,16,0.20251071,0.0001636
8180,16,0.19754452,0.00016364
8181,16,0.19426978,0.00016364
8182,16,0.20597249,0.00016368
8183,16,0.18764912,0.00016368
8184,16,0.21964198,0.00016372
8185,16,0.20770474,0.00016372
8186,16,0.20114142,0.00016376
8187,16,0.24178775,0.00016376
8188,16,0.19524866,0.0001638
8189,16,0.19466959,0.0001638
8190,16,0.23358542,0.00016384
8191,16,0.22676699,0.00016384
8192,16,0.21028776,0.00016388
8193,16,0.21563402,0.00016388
8194,16,0.18342249,0.00016392
8195,16,0.21257234,0.00016392
8196,16,0.20050806,0.00016396
8197,16,0.20380715,0.00016396
8198,16,0.20776461,0.000164
8199,16,0.18239827,0.000164
8200,16,0.22050264,0.00016404
8201,16,0.20329733,0.00016404
8202,16,0.19012085,0.00016408
8203,16,0.19491607,0.00016408
8204,16,0.20884418,0.00016412
8205,16,0.19831912,0.00016412
8206,16,0.21571131,0.00016416
8207,16,0.19939406,0.00016416
8208,16,0.20359170,0.0001642
8209,16,0.20646249,0.0001642
8210,16,0.20160834,0.00016424
8211,16,0.19349895,0.00016424
8212,16,0.19958019,0.00016428
8213,16,0.19932427,0.00016428
8214,16,0.20291635,0.00016432
8215,16,0.19304352,0.00016432
8216,16,0.20570335,0.00016436
8217,16,0.21002002,0.00016436
8218,16,0.19548796,0.0001644
8219,16,0.23409462,0.0001644
8220,16,0.22097163,0.00016444
8221,16,0.22338364,0.00016444
8222,16,0.20224686,0.00016448
8223,16,0.19672577,0.00016448
8224,16,0.18681897,0.00016452
8225,16,0.20718272,0.00016452
8226,16,0.21968718,0.00016456
8227,16,0.19899829,0.00016456
8228,16,0.22272505,0.0001646
8229,16,0.19323698,0.0001646
8230,16,0.21120262,0.00016464
8231,16,0.20441000,0.00016464
8232,16,0.21795200,0.00016468
8233,16,0.21775642,0.00016468
8234,16,0.21923287,0.00016472
8235,16,0.21697576,0.00016472
8236,16,0.19813029,0.00016476
8237,16,0.19620061,0.00016476
8238,16,0.19511242,0.0001648
8239,16,0.21361947,0.0001648
8240,16,0.22465165,0.00016484
8241,16,0.21563148,0.00016484
8242,16,0.20087960,0.00016488
8243,16,0.20927852,0.00016488
8244,16,0.20041244,0.00016492
8245,16,0.20306380,0.00016492
8246,16,0.20461188,0.00016496
8247,16,0.20057669,0.00016496
8248,16,0.21589668,0.000165
8249,16,0.21561746,0.000165
8250,16,0.18990600,0.00016504
8251,16,0.19565991,0.00016504
8252,16,0.21348602,0.00016508
8253,16,0.22955632,0.00016508
8254,16,0.21037909,0.00016512
8255,16,0.19931901,0.00016512
8256,16,0.22560497,0.00016516
8257,16,0.20762639,0.00016516
8258,16,0.19802552,0.0001652
8259,16,0.20078874,0.0001652
8260,16,0.20595798,0.00016524
8261,16,0.22344705,0.00016524
8262,16,0.23283389,0.00016528
8263,16,0.23129909,0.00016528
8264,16,0.20170344,0.00016532
8265,16,0.21355796,0.00016532
8266,16,0.19077054,0.00016536
8267,16,0.19118723,0.00016536
8268,16,0.18328269,0.0001654
8269,16,0.19480224,0.0001654
8270,16,0.19805340,0.00016544
8271,16,0.21829697,0.00016544
8272,16,0.20629194,0.00016548
8273,16,0.17949638,0.00016548
8274,16,0.20087479,0.00016552
8275,16,0.21446165,0.00016552
8276,16,0.20095395,0.00016556
8277,16,0.21513867,0.00016556
8278,16,0.20732959,0.0001656
8279,16,0.22913371,0.0001656
8280,16,0.22963418,0.00016564
8281,16,0.21452890,0.00016564
8282,16,0.22322269,0.00016568
8283,16,0.21518880,0.00016568
8284,16,0.19736123,0.00016572
8285,16,0.19337006,0.00016572
8286,16,0.23075496,0.00016576
8287,16,0.20551239,0.00016576
8288,16,0.22354947,0.0001658
8289,16,0.21641393,0.0001658
8290,16,0.20153034,0.00016584
8291,16,0.20949470,0.00016584
8292,16,0.19332245,0.00016588
8293,16,0.20580897,0.00016588
8294,16,0.20365001,0.00016592
8295,16,0.21450336,0.00016592
8296,16,0.19042251,0.00016596
8297,16,0.21251126,0.00016596
8298,16,0.19981894,0.000166
8299,16,0.20801796,0.000166
8300,16,0.19615254,0.00016604
8301,16,0.20858426,0.00016604
8302,16,0.20110159,0.00016608
8303,16,0.20153166,0.00016608
8304,16,0.19718134,0.00016612
8305,16,0.19374824,0.00016612
8306,16,0.20325799,0.00016616
8307,16,0.21093784,0.00016616
8308,16,0.19754021,0.0001662
8309,16,0.20222732,0.0001662
8310,16,0.21619372,0.00016624
8311,16,0.18082497,0.00016624
8312,16,0.22308679,0.00016628
8313,16,0.20998184,0.00016628
8314,16,0.19855952,0.00016632
8315,16,0.21282592,0.00016632
8316,16,0.22975127,0.00016636
8317,16,0.22329532,0.00016636
8318,16,0.21185777,0.0001664
8319,16,0.19807060,0.0001664
8320,16,0.18927985,0.00016644
8321,17,0.20430291,0.00016644
8322,17,0.20636293,0.00016648
8323,17,0.19867116,0.00016648
8324,17,0.20142566,0.00016652
8325,17,0.20191243,0.00016652
8326,17,0.20436865,0.00016656
8327,17,0.19646099,0.00016656
8328,17,0.20055234,0.0001666
8329,17,0.23777249,0.0001666
8330,17,0.22190022,0.00016664
8331,17,0.21297823,0.00016664
8332,17,0.21860752,0.00016668
8333,17,0.19658951,0.00016668
8334,17,0.20930327,0.00016672
8335,17,0.22626019,0.00016672
8336,17,0.22311725,0.00016676
8337,17,0.21713676,0.00016676
8338,17,0.21263096,0.0001668
8339,17,0.21773818,0.0001668
8340,17,0.20828120,0.00016684
8341,17,0.21549729,0.00016684
8342,17,0.21129711,0.00016688
8343,17,0.21059997,0.00016688
8344,17,0.20493908,0.00016692
8345,17,0.23292330,0.00016692
8346,17,0.21237855,0.00016696
8347,17,0.22213133,0.00016696
8348,17,0.21740864,0.000167
8349,17,0.21400024,0.000167
8350,17,0.21327314,0.00016704
8351,17,0.20915563,0.00016704
8352,17,0.21918266,0.00016708
8353,17,0.20148952,0.00016708
8354,17,0.20265442,0.00016712
8355,17,0.19126318,0.00016712
8356,17,0.19861537,0.00016716
8357,17,0.20110005,0.00016716
8358,17,0.22058912,0.0001672
8359,17,0.19415271,0.0001672
8360,17,0.21111123,0.00016724
8361,17,0.20319088,0.00016724
8362,17,0.19968121,0.00016728
8363,17,0.20607308,0.00016728
8364,17,0.22260854,0.00016732
8365,17,0.21436208,0.00016732
8366,17,0.20765567,0.00016736
8367,17,0.19773813,0.00016736
8368,17,0.20989481,0.0001674
8369,17,0.19805671,0.0001674
8370,17,0.21487686,0.00016744
8371,17,0.21678169,0.00016744
8372,17,0.19945654,0.00016748
8373,17,0.19755408,0.00016748
8374,17,0.22696172,0.00016752
8375,17,0.21612419,0.00016752
8376,17,0.20965192,0.00016756
8377,17,0.18420246,0.00016756
8378,17,0.21387631,0.0001676
8379,17,0.22968946,0.0001676
8380,17,0.19743115,0.00016764
8381,17,0.20170945,0.00016764
8382,17,0.20283890,0.00016768
8383,17,0.19732529,0.00016768
8384,17,0.19367859,0.00016772
8385,17,0.20164582,0.00016772
8386,17,0.19876094,0.00016776
8387,17,0.20112593,0.00016776
8388,17,0.21980366,0.0001678
8389,17,0.20954312,0.0001678
8390,17,0.20638785,0.00016784
8391,17,0.19240266,0.00016784
8392,17,0.22863336,0.00016788
8393,17,0.21629377,0.00016788
8394,17,0.19038446,0.00016792
8395,17,0.21877271,0.00016792
8396,17,0.20368882,0.00016796
8397,17,0.19024844,0.00016796
8398,17,0.23838881,0.000168
8399,17,0.18522540,0.000168
8400,17,0.21704647,0.00016804
8401,17,0.19351418,0.00016804
8402,17,0.19794294,0.00016808
8403,17,0.21142931,0.00016808
8404,17,0.20062195,0.00016812
8405,17,0.20571972,0.00016812
8406,17,0.20109846,0.00016816
8407,17,0.21079460,0.00016816
8408,17,0.19144011,0.0001682
8409,17,0.20646968,0.0001682
8410,17,0.18295249,0.00016824
8411,17,0.20351771,0.00016824
8412,17,0.20808727,0.00016828
8413,17,0.21601494,0.00016828
8414,17,0.18729948,0.00016832
8415,17,0.19337636,0.00016832
8416,17,0.21404919,0.00016836
8417,17,0.19065662,0.00016836
8418,17,0.23759466,0.0001684
8419,17,0.20524676,0.0001684
8420,17,0.21010748,0.00016844
8421,17,0.19923110,0.00016844
8422,17,0.21167037,0.00016848
8423,17,0.20706789,0.00016848
8424,17,0.20493914,0.00016852
8425,17,0.20978165,0.00016852
8426,17,0.20599030,0.00016856
8427,17,0.20808224,0.00016856
8428,17,0.18582128,0.0001686
8429,17,0.21029727,0.0001686
8430,17,0.21774383,0.00016864
8431,17,0.21504749,0.00016864
8432,17,0.22412004,0.00016868
8433,17,0.21132752,0.00016868
8434,17,0.18877909,0.00016872
8435,17,0.20025638,0.00016872
8436,17,0.21727371,0.00016876
8437,17,0.21211444,0.00016876
8438,17,0.21759684,0.0001688
8439,17,0.18553592,0.0001688
8440,17,0.19449283,0.00016884
8441,17,0.20223455,0.00016884
8442,17,0.22662635,0.00016888
8443,17,0.19093291,0.00016888
8444,17,0.21766551,0.00016892
8445,17,0.19009274,0.00016892
8446,17,0.20323463,0.00016896
8447,17,0.20025173,0.00016896
8448,17,0.20588316,0.000169
8449,17,0.20186634,0.000169
8450,17,0.17849644,0.00016904
8451,17,0.21446408,0.00016904
8452,17,0.22590335,0.00016908
8453,17,0.20341310,0.00016908
8454,17,0.21105236,0.00016912
8455,17,0.18839732,0.00016912
8456,17,0.22785325,0.00016916
8457,17,0.19273393,0.00016916
8458,17,0.21040730,0.0001692
8459,17,0.22898881,0.0001692
8460,17,0.21516010,0.00016924
8461,17,0.19920774,0.00016924
8462,17,0.21404941,0.00016928
8463,17,0.19355890,0.00016928
8464,17,0.20134208,0.00016932
8465,17,0.19676614,0.00016932
8466,17,0.20207953,0.00016936
8467,17,0.19911106,0.00016936
8468,17,0.19400470,0.0001694
8469,17,0.19475269,0.0001694
8470,17,0.21860644,0.00016944
8471,17,0.21172431,0.00016944
8472,17,0.20430081,0.00016948
8473,17,0.19434062,0.00016948
8474,17,0.21071580,0.00016952
8475,17,0.21231167,0.00016952
8476,17,0.19579688,0.00016956
8477,17,0.22050558,0.00016956
8478,17,0.22956803,0.0001696
8479,17,0.21607371,0.0001696
8480,17,0.21202509,0.00016964
8481,17,0.19776593,0.00016964
8482,17,0.21270294,0.00016968
8483,17,0.20823777,0.00016968
8484,17,0.23483716,0.00016972
8485,17,0.19736859,0.00016972
8486,17,0.18672827,0.00016976
8487,17,0.20389898,0.00016976
8488,17,0.21178044,0.0001698
8489,17,0.20602015,0.0001698
8490,17,0.19702575,0.00016984
8491,17,0.20355970,0.00016984
8492,17,0.20727068,0.00016988
8493,17,0.20661412,0.00016988
8494,17,0.22415628,0.00016992
8495,17,0.19634679,0.00016992
8496,17,0.21006711,0.00016996
8497,17,0.20988262,0.00016996
8498,17,0.19832255,0.00017
8499,17,0.20913659,0.00017
8500,17,0.20089765,0.00017004
8501,17,0.19845833,0.00017004
8502,17,0.18617760,0.00017008
8503,17,0.19930284,0.00017008
8504,17,0.20361188,0.00017012
8505,17,0.19319068,0.00017012
8506,17,0.20643619,0.00017016
8507,17,0.21558776,0.00017016
8508,17,0.20477292,0.0001702
8509,17,0.20809576,0.0001702
8510,17,0.19716449,0.00017024
8511,17,0.20179521,0.00017024
8512,17,0.19433208,0.00017028
8513,17,0.20128873,0.00017028
8514,17,0.21826296,0.00017032
8515,17,0.18746637,0.00017032
8516,17,0.21962234,0.00017036
8517,17,0.20247848,0.00017036
8518,17,0.25087321,0.0001704
8519,17,0.19183660,0.0001704
8520,17,0.20431641,0.00017044
8521,17,0.20429264,0.00017044
8522,17,0.21264766,0.00017048
8523,17,0.20002349,0.00017048
8524,17,0.20309019,0.00017052
8525,17,0.22121544,0.00017052
8526,17,0.22111753,0.00017056
8527,17,0.19185334,0.00017056
8528,17,0.19153972,0.0001706
8529,17,0.22419238,0.0001706
8530,17,0.19316295,0.00017064
8531,17,0.19977610,0.00017064
8532,17,0.21485604,0.00017068
8533,17,0.22800159,0.00017068
8534,17,0.18835120,0.00017072
8535,17,0.18677232,0.00017072
8536,17,0.18590790,0.00017076
8537,17,0.22388549,0.00017076
8538,17,0.18204053,0.0001708
8539,17,0.19624625,0.0001708
8540,17,0.19380699,0.00017084
8541,17,0.20904121,0.00017084
8542,17,0.20323393,0.00017088
8543,17,0.20029005,0.00017088
8544,17,0.20615226,0.00017092
8545,17,0.21270776,0.00017092
8546,17,0.19395272,0.00017096
8547,17,0.23008053,0.00017096
8548,17,0.21394418,0.000171
8549,17,0.22131337,0.000171
8550,17,0.20475064,0.00017104
8551,17,0.18681672,0.00017104
8552,17,0.20205721,0.00017108
8553,17,0.19685255,0.00017108
8554,17,0.20955296,0.00017112
8555,17,0.19518515,0.00017112
8556,17,0.22429194,0.00017116
8557,17,0.18618965,0.00017116
8558,17,0.21418259,0.0001712
8559,17,0.20144317,0.0001712
8560,17,0.21326794,0.00017124
8561,17,0.19742557,0.00017124
8562,17,0.20211323,0.00017128
8563,17,0.19103472,0.00017128
8564,17,0.19394718,0.00017132
8565,17,0.21471299,0.00017132
8566,17,0.21262079,0.00017136
8567,17,0.18487017,0.00017136
8568,17,0.21376187,0.0001714
8569,17,0.20838936,0.0001714
8570,17,0.22667530,0.00017144
8571,17,0.18401824,0.00017144
8572,17,0.22905397,0.00017148
8573,17,0.20566919,0.00017148
8574,17,0.21646777,0.00017152
8575,17,0.21454041,0.00017152
8576,17,0.19894311,0.00017156
8577,17,0.20961693,0.00017156
8578,17,0.21551672,0.0001716
8579,17,0.21956857,0.0001716
8580,17,0.24539545,0.00017164
8581,17,0.20462871,0.00017164
8582,17,0.20600076,0.00017168
8583,17,0.21023995,0.00017168
8584,17,0.20676613,0.00017172
8585,17,0.19078380,0.00017172
8586,17,0.21155705,0.00017176
8587,17,0.20141396,0.00017176
8588,17,0.18685457,0.0001718
8589,17,0.19400021,0.0001718
8590,17,0.20103136,0.00017184
8591,17,0.22196004,0.00017184
8592,17,0.17917895,0.00017188
8593,17,0.18964198,0.00017188
8594,17,0.21812469,0.00017192
8595,17,0.19083339,0.00017192
8596,17,0.20058624,0.00017196
8597,17,0.18832479,0.00017196
8598,17,0.19077611,0.000172
8599,17,0.20649032,0.000172
8600,17,0.18539019,0.00017204
8601,17,0.20973128,0.00017204
8602,17,0.19655785,0.00017208
8603,17,0.18909642,0.00017208
8604,17,0.17975084,0.00017212
8605,17,0.21971433,0.00017212
8606,17,0.20287342,0.00017216
8607,17,0.21049972,0.00017216
8608,17,0.20341988,0.0001722
8609,17,0.20094308,0.0001722
8610,17,0.20101036,0.00017224
8611,17,0.21894929,0.00017224
8612,17,0.21571074,0.00017228
8613,17,0.19888152,0.00017228
8614,17,0.20210902,0.00017232
8615,17,0.20931646,0.00017232
8616,17,0.19064327,0.00017236
8617,17,0.19324854,0.00017236
8618,17,0.22913510,0.0001724
8619,17,0.20255843,0.0001724
8620,17,0.22793640,0.00017244
8621,17,0.19435401,0.00017244
8622,17,0.20471777,0.00017248
8623,17,0.19508922,0.00017248
8624,17,0.20993896,0.00017252
8625,17,0.19563007,0.00017252
8626,17,0.21259315,0.00017256
8627,17,0.20543544,0.00017256
8628,17,0.21640764,0.0001726
8629,17,0.22192724,0.0001726
8630,17,0.21351792,0.00017264
8631,17,0.19584513,0.00017264
8632,17,0.18749657,0.00017268
8633,17,0.20118017,0.00017268
8634,17,0.19200130,0.00017272
8635,17,0.20020451,0.00017272
8636,17,0.20304415,0.00017276
8637,17,0.18096797,0.00017276
8638,17,0.20258607,0.0001728
8639,17,0.20549113,0.0001728
8640,17,0.19603300,0.00017284
8641,17,0.18784308,0.00017284
8642,17,0.18717590,0.00017288
8643,17,0.20731845,0.00017288
8644,17,0.17325659,0.00017292
8645,17,0.18781099,0.00017292
8646,17,0.18533063,0.00017296
8647,17,0.20271544,0.00017296
8648,17,0.20250715,0.000173
8649,17,0.20880812,0.000173
8650,17,0.19604142,0.00017304
8651,17,0.20419586,0.00017304
8652,17,0.20893304,0.00017308
8653,17,0.21944182,0.00017308
8654,17,0.19767798,0.00017312
8655,17,0.20266975,0.00017312
8656,17,0.18897612,0.00017316
8657,17,0.19977225,0.00017316
8658,17,0.22264566,0.0001732
8659,17,0.21802206,0.0001732
8660,17,0.20296052,0.00017324
8661,17,0.19932744,0.00017324
8662,17,0.20011306,0.00017328
8663,17,0.18170443,0.00017328
8664,17,0.19907957,0.00017332
8665,17,0.20397434,0.00017332
8666,17,0.18334317,0.00017336
8667,17,0.17839135,0.00017336
8668,17,0.20573831,0.0001734
8669,17,0.20410454,0.0001734
8670,17,0.19619922,0.00017344
8671,17,0.18443137,0.00017344
8672,17,0.19130088,0.00017348
8673,17,0.19869351,0.00017348
8674,17,0.20478331,0.00017352
8675,17,0.18233985,0.00017352
8676,17,0.24924980,0.00017356
8677,17,0.20650990,0.00017356
8678,17,0.22341545,0.0001736
8679,17,0.22287208,0.0001736
8680,17,0.22092876,0.00017364
8681,17,0.19298641,0.00017364
8682,17,0.20639168,0.00017368
8683,17,0.19698742,0.00017368
8684,17,0.19402990,0.00017372
8685,17,0.20135017,0.00017372
8686,17,0.20889445,0.00017376
8687,17,0.21503185,0.00017376
8688,17,0.22820269,0.0001738
8689,17,0.20465268,0.0001738
8690,17,0.20208111,0.00017384
8691,17,0.20167877,0.00017384
8692,17,0.19937459,0.00017388
8693,17,0.20205493,0.00017388
8694,17,0.22195135,0.00017392
8695,17,0.20321061,0.00017392
8696,17,0.20043445,0.00017396
8697,17,0.18298756,0.00017396
8698,17,0.19646055,0.000174
8699,17,0.20201349,0.000174
8700,17,0.20112382,0.00017404
8701,17,0.19153035,0.00017404
8702,17,0.17961818,0.00017408
8703,17,0.20321491,0.00017408
8704,17,0.19426174,0.00017412
8705,17,0.19970846,0.00017412
8706,17,0.19849673,0.00017416
8707,17,0.18543822,0.00017416
8708,17,0.24108741,0.0001742
8709,17,0.20164847,0.0001742
8710,17,0.20411606,0.00017424
8711,17,0.20063254,0.00017424
8712,17,0.21760188,0.00017428
8713,17,0.19453557,0.00017428
8714,17,0.18680406,0.00017432
8715,17,0.19125736,0.00017432
8716,17,0.20811145,0.00017436
8717,17,0.19984616,0.00017436
8718,17,0.20395103,0.0001744
8719,17,0.23975171,0.0001744
8720,17,0.21164085,0.00017444
8721,17,0.20447762,0.00017444
8722,17,0.19240612,0.00017448
8723,17,0.19115144,0.00017448
8724,17,0.20611571,0.00017452
8725,17,0.22663437,0.00017452
8726,17,0.19601932,0.00017456
8727,17,0.21258691,0.00017456
8728,17,0.19907719,0.0001746
8729,17,0.18312459,0.0001746
8730,17,0.20874920,0.00017464
8731,17,0.21005258,0.00017464
8732,17,0.19715771,0.00017468
8733,17,0.20329121,0.00017468
8734,17,0.17288701,0.00017472
8735,17,0.17201082,0.00017472
8736,17,0.19738361,0.00017476
8737,17,0.19497506,0.00017476
8738,17,0.19470687,0.0001748
8739,17,0.19382231,0.0001748
8740,17,0.20261441,0.00017484
8741,17,0.19735065,0.00017484
8742,17,0.19832303,0.00017488
8743,17,0.20615198,0.00017488
8744,17,0.21424289,0.00017492
8745,17,0.21461794,0.00017492
8746,17,0.19815440,0.00017496
8747,17,0.18428968,0.00017496
8748,17,0.19431090,0.000175
8749,17,0.18961006,0.000175
8750,17,0.19697361,0.00017504
8751,17,0.22070222,0.00017504
8752,17,0.18783477,0.00017508
8753,17,0.20222862,0.00017508
8754,17,0.20006986,0.00017512
8755,17,0.21299137,0.00017512
8756,17,0.19216804,0.00017516
8757,17,0.22631900,0.00017516
8758,17,0.20811602,0.0001752
8759,17,0.19871034,0.0001752
8760,17,0.20435764,0.00017524
8761,17,0.21545760,0.00017524
8762,17,0.22546430,0.00017528
8763,17,0.19422762,0.00017528
8764,17,0.19572803,0.00017532
8765,17,0.19904004,0.00017532
8766,17,0.22615905,0.00017536
8767,17,0.18560201,0.00017536
8768,17,0.18961205,0.0001754
8769,17,0.18769486,0.0001754
8770,17,0.21026407,0.00017544
8771,17,0.19726348,0.00017544
8772,17,0.21493354,0.00017548
8773,17,0.19444305,0.00017548
8774,17,0.22039157,0.00017552
8775,17,0.19446151,0.00017552
8776,17,0.20301487,0.00017556
8777,17,0.18996620,0.00017556
8778,17,0.20869051,0.0001756
8779,17,0.19608374,0.0001756
8780,17,0.22324038,0.00017564
8781,17,0.20532356,0.00017564
8782,17,0.18719292,0.00017568
8783,17,0.20524375,0.00017568
8784,17,0.20838313,0.00017572
8785,17,0.22828014,0.00017572
8786,17,0.19531401,0.00017576
8787,17,0.22814915,0.00017576
8788,17,0.21635421,0.0001758
8789,17,0.19955601,0.0001758
8790,17,0.17212519,0.00017584
8791,17,0.18370529,0.00017584
8792,17,0.20339493,0.00017588
8793,17,0.20095468,0.00017588
8794,17,0.20718560,0.00017592
8795,17,0.19682302,0.00017592
8796,17,0.19841266,0.00017596
8797,17,0.20932677,0.00017596
8798,17,0.19070435,0.000176
8799,17,0.21423496,0.000176
8800,17,0.21207334,0.00017604
8801,17,0.19194186,0.00017604
8802,17,0.20086904,0.00017608
8803,17,0.21125627,0.00017608
8804,17,0.21114182,0.00017612
8805,17,0.20925352,0.00017612
8806,17,0.21151416,0.00017616
8807,17,0.20009147,0.00017616
8808,17,0.18464191,0.0001762
8809,17,0.21750648,0.0001762
8810,17,0.21575835,0.00017624
8811,17,0.19893380,0.00017624
8812,17,0.19855160,0.00017628
8813,17,0.20520134,0.00017628
8814,17,0.17602730,0.00017632
8815,17,0.18972503,0.00017632
8816,17,0.20166571,0.00017636
8817,17,0.20029299,0.00017636
8818,17,0.20272091,0.0001764
8819,17,0.18118469,0.0001764
8820,17,0.20536841,0.00017644
8821,17,0.23659870,0.00017644
8822,17,0.22695409,0.00017648
8823,17,0.22695203,0.00017648
8824,17,0.20531738,0.00017652
8825,17,0.20256077,0.00017652
8826,17,0.21682940,0.00017656
8827,17,0.19721153,0.00017656
8828,17,0.19576070,0.0001766
8829,17,0.19346595,0.0001766
8830,17,0.20212913,0.00017664
8831,17,0.19040196,0.00017664
8832,17,0.20914012,0.00017668
8833,17,0.19645758,0.00017668
8834,17,0.20076792,0.00017672
8835,17,0.22177964,0.00017672
8836,17,0.19725844,0.00017676
8837,17,0.21653748,0.00017676
8838,17,0.17824756,0.0001768
8839,17,0.19833836,0.0001768
8840,17,0.20544142,0.00017684
8841,18,0.18746386,0.00017684
8842,18,0.22396432,0.00017688
8843,18,0.19896644,0.00017688
8844,18,0.18504821,0.00017692
8845,18,0.19443284,0.00017692
8846,18,0.21132885,0.00017696
8847,18,0.19806969,0.00017696
8848,18,0.19499768,0.000177
8849,18,0.22744764,0.000177
8850,18,0.19548710,0.00017704
8851,18,0.20530252,0.00017704
8852,18,0.22683483,0.00017708
8853,18,0.22397637,0.00017708
8854,18,0.19099633,0.00017712
8855,18,0.20306727,0.00017712
8856,18,0.20636617,0.00017716
8857,18,0.19826813,0.00017716
8858,18,0.22114082,0.0001772
8859,18,0.19966583,0.0001772
8860,18,0.21098091,0.00017724
8861,18,0.19920249,0.00017724
8862,18,0.21514001,0.00017728
8863,18,0.18838163,0.00017728
8864,18,0.24095345,0.00017732
8865,18,0.19354321,0.00017732
8866,18,0.21378613,0.00017736
8867,18,0.20936304,0.00017736
8868,18,0.18805304,0.0001774
8869,18,0.20711261,0.0001774
8870,18,0.22421604,0.00017744
8871,18,0.21216790,0.00017744
8872,18,0.21089686,0.00017748
8873,18,0.19808970,0.00017748
8874,18,0.19538388,0.00017752
8875,18,0.19261061,0.00017752
8876,18,0.20876400,0.00017756
8877,18,0.20323682,0.00017756
8878,18,0.20717666,0.0001776
8879,18,0.19983371,0.0001776
8880,18,0.19597465,0.00017764
8881,18,0.21175510,0.00017764
8882,18,0.21278746,0.00017768
8883,18,0.18361124,0.00017768
8884,18,0.19003712,0.00017772
8885,18,0.21951659,0.00017772
8886,18,0.19132061,0.00017776
8887,18,0.21924952,0.00017776
8888,18,0.21636519,0.0001778
8889,18,0.20315109,0.0001778
8890,18,0.19455279,0.00017784
8891,18,0.20398457,0.00017784
8892,18,0.20008901,0.00017788
8893,18,0.21954046,0.00017788
8894,18,0.19960287,0.00017792
8895,18,0.18279059,0.00017792
8896,18,0.19256811,0.00017796
8897,18,0.21537013,0.00017796
8898,18,0.22385761,0.000178
8899,18,0.20784000,0.000178
8900,18,0.21011522,0.00017804
8901,18,0.19250876,0.00017804
8902,18,0.22953802,0.00017808
8903,18,0.20273562,0.00017808
8904,18,0.19871040,0.00017812
8905,18,0.19438364,0.00017812
8906,18,0.20608576,0.00017816
8907,18,0.21398449,0.00017816
8908,18,0.19567098,0.0001782
8909,18,0.19457152,0.0001782
8910,18,0.20968896,0.00017824
8911,18,0.20676439,0.00017824
8912,18,0.19935773,0.00017828
8913,18,0.22829072,0.00017828
8914,18,0.21019988,0.00017832
8915,18,0.20413958,0.00017832
8916,18,0.21278800,0.00017836
8917,18,0.22025047,0.00017836
8918,18,0.20108670,0.0001784
8919,18,0.19572045,0.0001784
8920,18,0.21053301,0.00017844
8921,18,0.20636347,0.00017844
8922,18,0.20609233,0.00017848
8923,18,0.19961338,0.00017848
8924,18,0.19810817,0.00017852
8925,18,0.20004879,0.00017852
8926,18,0.20755525,0.00017856
8927,18,0.19668444,0.00017856
8928,18,0.22405317,0.0001786
8929,18,0.21237801,0.0001786
8930,18,0.21392839,0.00017864
8931,18,0.19750074,0.00017864
8932,18,0.19725159,0.00017868
8933,18,0.21164918,0.00017868
8934,18,0.17774817,0.00017872
8935,18,0.20527039,0.00017872
8936,18,0.19902575,0.00017876
8937,18,0.21069346,0.00017876
8938,18,0.18943898,0.0001788
8939,18,0.21976061,0.0001788
8940,18,0.22001010,0.00017884
8941,18,0.20214963,0.00017884
8942,18,0.19736463,0.00017888
8943,18,0.18887921,0.00017888
8944,18,0.19862725,0.00017892
8945,18,0.19806182,0.00017892
8946,18,0.20559092,0.00017896
8947,18,0.18727830,0.00017896
8948,18,0.20972231,0.000179
8949,18,0.20101339,0.000179
8950,18,0.20715933,0.00017904
8951,18,0.22692759,0.00017904
8952,18,0.19878314,0.00017908
8953,18,0.17622954,0.00017908
8954,18,0.20601721,0.00017912
8955,18,0.20356686,0.00017912
8956,18,0.19920762,0.00017916
8957,18,0.19462773,0.00017916
8958,18,0.20155565,0.0001792
8959,18,0.20838127,0.0001792
8960,18,0.18042506,0.00017924
8961,18,0.20453484,0.00017924
8962,18,0.19077064,0.00017928
8963,18,0.21991947,0.00017928
8964,18,0.21431255,0.00017932
8965,18,0.20027506,0.00017932
8966,18,0.20561197,0.00017936
8967,18,0.18235831,0.00017936
8968,18,0.19539545,0.0001794
8969,18,0.19048908,0.0001794
8970,18,0.19298638,0.00017944
8971,18,0.19101900,0.00017944
8972,18,0.21325360,0.00017948
8973,18,0.19549949,0.00017948
8974,18,0.20613912,0.00017952
8975,18,0.21054061,0.00017952
8976,18,0.20547763,0.00017956
8977,18,0.20028420,0.00017956
8978,18,0.18144114,0.0001796
8979,18,0.20323524,0.0001796
8980,18,0.20292555,0.00017964
8981,18,0.20672238,0.00017964
8982,18,0.20138653,0.00017968
8983,18,0.19963968,0.00017968
8984,18,0.20519288,0.00017972
8985,18,0.19613583,0.00017972
8986,18,0.18990439,0.00017976
8987,18,0.18432949,0.00017976
8988,18,0.21627480,0.0001798
8989,18,0.20212157,0.0001798
8990,18,0.20079525,0.00017984
8991,18,0.18310945,0.00017984
8992,18,0.20440267,0.00017988
8993,18,0.20608945,0.00017988
8994,18,0.20648769,0.00017992
8995,18,0.22199677,0.00017992
8996,18,0.20290604,0.00017996
8997,18,0.22428079,0.00017996
8998,18,0.22618948,0.00018
8999,18,0.19384305,0.00018
9000,18,0.20625882,0.00018004
9001,18,0.22128175,0.00018004
9002,18,0.18970013,0.00018008
9003,18,0.20523559,0.00018008
9004,18,0.21367334,0.00018012
9005,18,0.21735807,0.00018012
9006,18,0.20756738,0.00018016
9007,18,0.21882993,0.00018016
9008,18,0.21368308,0.0001802
9009,18,0.21697673,0.0001802
9010,18,0.18826658,0.00018024
9011,18,0.20369658,0.00018024
9012,18,0.21041363,0.00018028
9013,18,0.20542631,0.00018028
9014,18,0.19016998,0.00018032
9015,18,0.20587942,0.00018032
9016,18,0.19658661,0.00018036
9017,18,0.20729539,0.00018036
9018,18,0.20984469,0.0001804
9019,18,0.18414579,0.0001804
9020,18,0.18166508,0.00018044
9021,18,0.20176037,0.00018044
9022,18,0.18627115,0.00018048
9023,18,0.19124445,0.00018048
9024,18,0.21551688,0.00018052
9025,18,0.19630140,0.00018052
9026,18,0.20988359,0.00018056
9027,18,0.19692557,0.00018056
9028,18,0.19368879,0.0001806
9029,18,0.18749575,0.0001806
9030,18,0.21396366,0.00018064
9031,18,0.19951674,0.00018064
9032,18,0.19595172,0.00018068
9033,18,0.18315251,0.00018068
9034,18,0.19730717,0.00018072
9035,18,0.20306696,0.00018072
9036,18,0.20629537,0.00018076
9037,18,0.21849905,0.00018076
9038,18,0.20922576,0.0001808
9039,18,0.19462726,0.0001808
9040,18,0.20837720,0.00018084
9041,18,0.17239992,0.00018084
9042,18,0.20884444,0.00018088
9043,18,0.20289262,0.00018088
9044,18,0.20353611,0.00018092
9045,18,0.19232920,0.00018092
9046,18,0.22162706,0.00018096
9047,18,0.20701382,0.00018096
9048,18,0.20835155,0.000181
9049,18,0.22085564,0.000181
9050,18,0.19641998,0.00018104
9051,18,0.22185516,0.00018104
9052,18,0.19093530,0.00018108
9053,18,0.21501389,0.00018108
9054,18,0.19080663,0.00018112
9055,18,0.17975837,0.00018112
9056,18,0.20437761,0.00018116
9057,18,0.21253426,0.00018116
9058,18,0.19341022,0.0001812
9059,18,0.19555807,0.0001812
9060,18,0.20580812,0.00018124
9061,18,0.21923566,0.00018124
9062,18,0.18181171,0.00018128
9063,18,0.20774324,0.00018128
9064,18,0.21893907,0.00018132
9065,18,0.21074481,0.00018132
9066,18,0.22547984,0.00018136
9067,18,0.20573585,0.00018136
9068,18,0.19541228,0.0001814
9069,18,0.19959252,0.0001814
9070,18,0.19842917,0.00018144
9071,18,0.20639791,0.00018144
9072,18,0.19249839,0.00018148
9073,18,0.19467588,0.00018148
9074,18,0.21537362,0.00018152
9075,18,0.19405711,0.00018152
9076,18,0.20400761,0.00018156
9077,18,0.21300133,0.00018156
9078,18,0.19645382,0.0001816
9079,18,0.19850563,0.0001816
9080,18,0.22263737,0.00018164
9081,18,0.19970523,0.00018164
9082,18,0.19857831,0.00018168
9083,18,0.21916552,0.00018168
9084,18,0.17902221,0.00018172
9085,18,0.18907872,0.00018172
9086,18,0.20510551,0.00018176
9087,18,0.20819603,0.00018176
9088,18,0.19633304,0.0001818
9089,18,0.16805550,0.0001818
9090,18,0.20708680,0.00018184
9091,18,0.21038242,0.00018184
9092,18,0.18097518,0.00018188
9093,18,0.19231124,0.00018188
9094,18,0.20361464,0.00018192
9095,18,0.21621688,0.00018192
9096,18,0.19957703,0.00018196
9097,18,0.20447108,0.00018196
9098,18,0.20207331,0.000182
9099,18,0.20979381,0.000182
9100,18,0.20345072,0.00018204
9101,18,0.21511795,0.00018204
9102,18,0.20412554,0.00018208
9103,18,0.19813514,0.00018208
9104,18,0.19042867,0.00018212
9105,18,0.20394322,0.00018212
9106,18,0.20258076,0.00018216
9107,18,0.20255210,0.00018216
9108,18,0.20627342,0.0001822
9109,18,0.20031959,0.0001822
9110,18,0.18991958,0.00018224
9111,18,0.22117499,0.00018224
9112,18,0.17513962,0.00018228
9113,18,0.20082112,0.00018228
9114,18,0.20491473,0.00018232
9115,18,0.20869060,0.00018232
9116,18,0.21925627,0.00018236
9117,18,0.18421425,0.00018236
9118,18,0.19317026,0.0001824
9119,18,0.19793732,0.0001824
9120,18,0.20578833,0.00018244
9121,18,0.19610456,0.00018244
9122,18,0.20364295,0.00018248
9123,18,0.21983202,0.00018248
9124,18,0.20163940,0.00018252
9125,18,0.21019423,0.00018252
9126,18,0.19992961,0.00018256
9127,18,0.18987550,0.00018256
9128,18,0.21027412,0.0001826
9129,18,0.18718767,0.0001826
9130,18,0.23001739,0.00018264
9131,18,0.21531957,0.00018264
9132,18,0.18866004,0.00018268
9133,18,0.19863084,0.00018268
9134,18,0.20175748,0.00018272
9135,18,0.21393628,0.00018272
9136,18,0.22913244,0.00018276
9137,18,0.20322450,0.00018276
9138,18,0.19241031,0.0001828
9139,18,0.20121953,0.0001828
9140,18,0.18632942,0.00018284
9141,18,0.20284536,0.00018284
9142,18,0.19807012,0.00018288
9143,18,0.18794018,0.00018288
9144,18,0.22086263,0.00018292
9145,18,0.22473454,0.00018292
9146,18,0.19167829,0.00018296
9147,18,0.21317995,0.00018296
9148,18,0.19411635,0.000183
9149,18,0.21134363,0.000183
9150,18,0.19200829,0.00018304
9151,18,0.21409310,0.00018304
9152,18,0.19493127,0.00018308
9153,18,0.21451035,0.00018308
9154,18,0.20669021,0.00018312
9155,18,0.20864972,0.00018312
9156,18,0.21079583,0.00018316
9157,18,0.19363828,0.00018316
9158,18,0.19906701,0.0001832
9159,18,0.19501518,0.0001832
9160,18,0.21517247,0.00018324
9161,18,0.21090560,0.00018324
9162,18,0.19775836,0.00018328
9163,18,0.19250917,0.00018328
9164,18,0.20608182,0.00018332
9165,18,0.19114409,0.00018332
9166,18,0.19567114,0.00018336
9167,18,0.19534522,0.00018336
9168,18,0.19599308,0.0001834
9169,18,0.18884853,0.0001834
9170,18,0.19280227,0.00018344
9171,18,0.22746940,0.00018344
9172,18,0.21678896,0.00018348
9173,18,0.19767544,0.00018348
9174,18,0.20893285,0.00018352
9175,18,0.19211802,0.00018352
9176,18,0.18943378,0.00018356
9177,18,0.19257517,0.00018356
9178,18,0.19277224,0.0001836
9179,18,0.20681265,0.0001836
9180,18,0.20620747,0.00018364
9181,18,0.21740486,0.00018364
9182,18,0.20571364,0.00018368
9183,18,0.19828741,0.00018368
9184,18,0.18607368,0.00018372
9185,18,0.21877094,0.00018372
9186,18,0.22071068,0.00018376
9187,18,0.20696463,0.00018376
9188,18,0.19706255,0.0001838
9189,18,0.19652387,0.0001838
9190,18,0.19004518,0.00018384
9191,18,0.20564893,0.00018384
9192,18,0.22056490,0.00018388
9193,18,0.20134585,0.00018388
9194,18,0.21376827,0.00018392
9195,18,0.20614974,0.00018392
9196,18,0.21712452,0.00018396
9197,18,0.20610577,0.00018396
9198,18,0.20776685,0.000184
9199,18,0.20157604,0.000184
9200,18,0.20608619,0.00018404
9201,18,0.21539190,0.00018404
9202,18,0.20310207,0.00018408
9203,18,0.19563110,0.00018408
9204,18,0.22765875,0.00018412
9205,18,0.20310937,0.00018412
9206,18,0.21124721,0.00018416
9207,18,0.20283259,0.00018416
9208,18,0.20905267,0.0001842
9209,18,0.21250607,0.0001842
9210,18,0.20771673,0.00018424
9211,18,0.21154173,0.00018424
9212,18,0.19586383,0.00018428
9213,18,0.21216327,0.00018428
9214,18,0.21336561,0.00018432
9215,18,0.21835156,0.00018432
9216,18,0.22397640,0.00018436
9217,18,0.20270282,0.00018436
9218,18,0.20396927,0.0001844
9219,18,0.19688030,0.0001844
9220,18,0.20255348,0.00018444
9221,18,0.20033236,0.00018444
9222,18,0.22349893,0.00018448
9223,18,0.20862848,0.00018448
9224,18,0.18855307,0.00018452
9225,18,0.20918642,0.00018452
9226,18,0.16969994,0.00018456
9227,18,0.22751273,0.00018456
9228,18,0.19978686,0.0001846
9229,18,0.19845144,0.0001846
9230,18,0.21385236,0.00018464
9231,18,0.18435405,0.00018464
9232,18,0.18083498,0.00018468
9233,18,0.21223183,0.00018468
9234,18,0.20765933,0.00018472
9235,18,0.19848259,0.00018472
9236,18,0.22508883,0.00018476
9237,18,0.21574716,0.00018476
9238,18,0.19676752,0.0001848
9239,18,0.18798320,0.0001848
9240,18,0.20732838,0.00018484
9241,18,0.20592760,0.00018484
9242,18,0.19334528,0.00018488
9243,18,0.21199781,0.00018488
9244,18,0.20369764,0.00018492
9245,18,0.19298615,0.00018492
9246,18,0.19482572,0.00018496
9247,18,0.20463879,0.00018496
9248,18,0.18717416,0.000185
9249,18,0.23857123,0.000185
9250,18,0.20118813,0.00018504
9251,18,0.18043329,0.00018504
9252,18,0.20395498,0.00018508
9253,18,0.21048972,0.00018508
9254,18,0.19949614,0.00018512
9255,18,0.20262229,0.00018512
9256,18,0.19477028,0.00018516
9257,18,0.19165488,0.00018516
9258,18,0.20499341,0.0001852
9259,18,0.19038336,0.0001852
9260,18,0.19435723,0.00018524
9261,18,0.21134748,0.00018524
9262,18,0.20079128,0.00018528
9263,18,0.21320267,0.00018528
9264,18,0.21995476,0.00018532
9265,18,0.20544294,0.00018532
9266,18,0.21127649,0.00018536
9267,18,0.22123110,0.00018536
9268,18,0.20992279,0.0001854
9269,18,0.20065136,0.0001854
9270,18,0.22231323,0.00018544
9271,18,0.19294776,0.00018544
9272,18,0.21383840,0.00018548
9273,18,0.20200188,0.00018548
9274,18,0.21099706,0.00018552
9275,18,0.19122253,0.00018552
9276,18,0.24182330,0.00018556
9277,18,0.19990411,0.00018556
9278,18,0.19794364,0.0001856
9279,18,0.22859083,0.0001856
9280,18,0.19717616,0.00018564
9281,18,0.21909113,0.00018564
9282,18,0.22774512,0.00018568
9283,18,0.20328709,0.00018568
9284,18,0.21271688,0.00018572
9285,18,0.20675819,0.00018572
9286,18,0.19187947,0.00018576
9287,18,0.20102689,0.00018576
9288,18,0.19285817,0.0001858
9289,18,0.20144334,0.0001858
9290,18,0.21025801,0.00018584
9291,18,0.18489821,0.00018584
9292,18,0.20202060,0.00018588
9293,18,0.20724548,0.00018588
9294,18,0.21007934,0.00018592
9295,18,0.20876536,0.00018592
9296,18,0.21530671,0.00018596
9297,18,0.20253317,0.00018596
9298,18,0.19770464,0.000186
9299,18,0.20866735,0.000186
9300,18,0.20430900,0.00018604
9301,18,0.19326720,0.00018604
9302,18,0.19212797,0.00018608
9303,18,0.20521477,0.00018608
9304,18,0.18397753,0.00018612
9305,18,0.18488397,0.00018612
9306,18,0.20425437,0.00018616
9307,18,0.18821616,0.00018616
9308,18,0.20728970,0.0001862
9309,18,0.19401427,0.0001862
9310,18,0.21027572,0.00018624
9311,18,0.20534606,0.00018624
9312,18,0.19239302,0.00018628
9313,18,0.21283355,0.00018628
9314,18,0.19564758,0.00018632
9315,18,0.22502881,0.00018632
9316,18,0.22166285,0.00018636
9317,18,0.21939667,0.00018636
9318,18,0.20679586,0.0001864
9319,18,0.19332595,0.0001864
9320,18,0.20283933,0.00018644
9321,18,0.20933881,0.00018644
9322,18,0.22134651,0.00018648
9323,18,0.22490665,0.00018648
9324,18,0.18475313,0.00018652
9325,18,0.19572027,0.00018652
9326,18,0.20380449,0.00018656
9327,18,0.20127819,0.00018656
9328,18,0.19139285,0.0001866
9329,18,0.22540535,0.0001866
9330,18,0.19665730,0.00018664
9331,18,0.19015193,0.00018664
9332,18,0.19883272,0.00018668
9333,18,0.20953886,0.00018668
9334,18,0.18919326,0.00018672
9335,18,0.21691415,0.00018672
9336,18,0.20908715,0.00018676
9337,18,0.20154741,0.00018676
9338,18,0.19304986,0.0001868
9339,18,0.20483418,0.0001868
9340,18,0.21946445,0.00018684
9341,18,0.19186124,0.00018684
9342,18,0.20898184,0.00018688
9343,18,0.21168362,0.00018688
9344,18,0.21816859,0.00018692
9345,18,0.21877629,0.00018692
9346,18,0.19984189,0.00018696
9347,18,0.17802221,0.00018696
9348,18,0.18979080,0.000187
9349,18,0.17451364,0.000187
9350,18,0.20629685,0.00018704
9351,18,0.21426363,0.00018704
9352,18,0.20836811,0.00018708
9353,18,0.21066043,0.00018708
9354,18,0.21093486,0.00018712
9355,18,0.19634564,0.00018712
9356,18,0.20118678,0.00018716
9357,18,0.19585903,0.00018716
9358,18,0.19998723,0.0001872
9359,18,0.19641635,0.0001872
9360,18,0.20210716,0.00018724
9361,19,0.20454414,0.00018724
9362,19,0.19388576,0.00018728
9363,19,0.20444003,0.00018728
9364,19,0.18362753,0.00018732
9365,19,0.20247371,0.00018732
9366,19,0.19802462,0.00018736
9367,19,0.21322839,0.00018736
9368,19,0.21569538,0.0001874
9369,19,0.22410552,0.0001874
9370,19,0.20147848,0.00018744
9371,19,0.24156924,0.00018744
9372,19,0.20539506,0.00018748
9373,19,0.19289391,0.00018748
9374,19,0.21330464,0.00018752
9375,19,0.19441882,0.00018752
9376,19,0.19095501,0.00018756
9377,19,0.21532483,0.00018756
9378,19,0.21779354,0.0001876
9379,19,0.19383509,0.0001876
9380,19,0.18730137,0.00018764
9381,19,0.20563406,0.00018764
9382,19,0.21734016,0.00018768
9383,19,0.19424564,0.00018768
9384,19,0.20182014,0.00018772
9385,19,0.20527497,0.00018772
9386,19,0.21972272,0.00018776
9387,19,0.19620167,0.00018776
9388,19,0.19489725,0.0001878
9389,19,0.21669216,0.0001878
9390,19,0.17775433,0.00018784
9391,19,0.19449410,0.00018784
9392,19,0.21539094,0.00018788
9393,19,0.21399768,0.00018788
9394,19,0.20939811,0.00018792
9395,19,0.21017353,0.00018792
9396,19,0.19600187,0.00018796
9397,19,0.21952958,0.00018796
9398,19,0.19446380,0.000188
9399,19,0.20748147,0.000188
9400,19,0.20726411,0.00018804
9401,19,0.19973966,0.00018804
9402,19,0.20218356,0.00018808
9403,19,0.20191707,0.00018808
9404,19,0.20103212,0.00018812
9405,19,0.19287437,0.00018812
9406,19,0.20541538,0.00018816
9407,19,0.18819785,0.00018816
9408,19,0.21383452,0.0001882
9409,19,0.21404690,0.0001882
9410,19,0.18428859,0.00018824
9411,19,0.20644975,0.00018824
9412,19,0.21686365,0.00018828
9413,19,0.20340732,0.00018828
9414,19,0.21627633,0.00018832
9415,19,0.20598824,0.00018832
9416,19,0.19129997,0.00018836
9417,19,0.19338818,0.00018836
9418,19,0.18433587,0.0001884
9419,19,0.18907274,0.0001884
9420,19,0.19936085,0.00018844
9421,19,0.20365044,0.00018844
9422,19,0.20844683,0.00018848
9423,19,0.21083079,0.00018848
9424,19,0.21198545,0.00018852
9425,19,0.19118442,0.00018852
9426,19,0.17993779,0.00018856
9427,19,0.19037683,0.00018856
9428,19,0.21746810,0.0001886
9429,19,0.20936812,0.0001886
9430,19,0.20033884,0.00018864
9431,19,0.19720705,0.00018864
9432,19,0.18405840,0.00018868
9433,19,0.20840335,0.00018868
9434,19,0.22049822,0.00018872
9435,19,0.20303236,0.00018872
9436,19,0.18114533,0.00018876
9437,19,0.19781935,0.00018876
9438,19,0.22949913,0.0001888
9439,19,0.19038871,0.0001888
9440,19,0.21681458,0.00018884
9441,19,0.19428417,0.00018884
9442,19,0.19975676,0.00018888
9443,19,0.20400457,0.00018888
9444,19,0.20210031,0.00018892
9445,19,0.18964665,0.00018892
9446,19,0.20107718,0.00018896
9447,19,0.20949878,0.00018896
9448,19,0.19908060,0.000189
9449,19,0.17976806,0.000189
9450,19,0.19575851,0.00018904
9451,19,0.22268005,0.00018904
9452,19,0.18745388,0.00018908
9453,19,0.21527357,0.00018908
9454,19,0.20234047,0.00018912
9455,19,0.22099449,0.00018912
9456,19,0.20392516,0.00018916
9457,19,0.19640268,0.00018916
9458,19,0.19404416,0.0001892
9459,19,0.21920334,0.0001892
9460,19,0.21405189,0.00018924
9461,19,0.19043185,0.00018924
9462,19,0.20659120,0.00018928
9463,19,0.19817676,0.00018928
9464,19,0.19075958,0.00018932
9465,19,0.22145836,0.00018932
9466,19,0.20382233,0.00018936
9467,19,0.18982203,0.00018936
9468,19,0.20276751,0.0001894
9469,19,0.22160454,0.0001894
9470,19,0.20075275,0.00018944
9471,19,0.19786078,0.00018944
9472,19,0.19203454,0.00018948
9473,19,0.22100817,0.00018948
9474,19,0.20673931,0.00018952
9475,19,0.19058461,0.00018952
9476,19,0.19672799,0.00018956
9477,19,0.19445856,0.00018956
9478,19,0.20702532,0.0001896
9479,19,0.18309107,0.0001896
9480,19,0.19701111,0.00018964
9481,19,0.20843287,0.00018964
9482,19,0.20152265,0.00018968
9483,19,0.21474673,0.00018968
9484,19,0.20915721,0.00018972
9485,19,0.20268112,0.00018972
9486,19,0.21068552,0.00018976
9487,19,0.18741076,0.00018976
9488,19,0.19032414,0.0001898
9489,19,0.20263974,0.0001898
9490,19,0.18824288,0.00018984
9491,19,0.23538303,0.00018984
9492,19,0.20500000,0.00018988
9493,19,0.19556451,0.00018988
9494,19,0.19790487,0.00018992
9495,19,0.20912541,0.00018992
9496,19,0.21573003,0.00018996
9497,19,0.19230674,0.00018996
9498,19,0.21447405,0.00019
9499,19,0.21887450,0.00019
9500,19,0.20090841,0.00019004
9501,19,0.21200228,0.00019004
9502,19,0.18354368,0.00019008
9503,19,0.20388174,0.00019008
9504,19,0.21591678,0.00019012
9505,19,0.20076659,0.00019012
9506,19,0.20591305,0.00019016
9507,19,0.20812878,0.00019016
9508,19,0.22732364,0.0001902
9509,19,0.21129137,0.0001902
9510,19,0.17922589,0.00019024
9511,19,0.21248849,0.00019024
9512,19,0.21383907,0.00019028
9513,19,0.20313427,0.00019028
9514,19,0.21333344,0.00019032
9515,19,0.20716879,0.00019032
9516,19,0.19668475,0.00019036
9517,19,0.21178895,0.00019036
9518,19,0.20590918,0.0001904
9519,19,0.18938702,0.0001904
9520,19,0.20480789,0.00019044
9521,19,0.19921046,0.00019044
9522,19,0.20189194,0.00019048
9523,19,0.19112097,0.00019048
9524,19,0.19317979,0.00019052
9525,19,0.19985716,0.00019052
9526,19,0.21461643,0.00019056
9527,19,0.21711817,0.00019056
9528,19,0.18298170,0.0001906
9529,19,0.21559906,0.0001906
9530,19,0.17574024,0.00019064
9531,19,0.19709775,0.00019064
9532,19,0.20078103,0.00019068
9533,19,0.19372196,0.00019068
9534,19,0.20945401,0.00019072
9535,19,0.22051777,0.00019072
9536,19,0.20812459,0.00019076
9537,19,0.22863548,0.00019076
9538,19,0.17922397,0.0001908
9539,19,0.24781592,0.0001908
9540,19,0.20689560,0.00019084
9541,19,0.20928608,0.00019084
9542,19,0.19193442,0.00019088
9543,19,0.22670266,0.00019088
9544,19,0.20071103,0.00019092
9545,19,0.19708377,0.00019092
9546,19,0.20445482,0.00019096
9547,19,0.18673003,0.00019096
9548,19,0.21652497,0.000191
9549,19,0.18678252,0.000191
9550,19,0.20168965,0.00019104
9551,19,0.21355364,0.00019104
9552,19,0.21096107,0.00019108
9553,19,0.20666797,0.00019108
9554,19,0.20136948,0.00019112
9555,19,0.18743791,0.00019112
9556,19,0.20363100,0.00019116
9557,19,0.19860025,0.00019116
9558,19,0.19733016,0.0001912
9559,19,0.20235109,0.0001912
9560,19,0.20927541,0.00019124
9561,19,0.18634646,0.00019124
9562,19,0.21278937,0.00019128
9563,19,0.21092054,0.00019128
9564,19,0.19450875,0.00019132
9565,19,0.20914470,0.00019132
9566,19,0.22770582,0.00019136
9567,19,0.21959063,0.00019136
9568,19,0.20946614,0.0001914
9569,19,0.21961904,0.0001914
9570,19,0.20998600,0.00019144
9571,19,0.20725471,0.00019144
9572,19,0.21204469,0.00019148
9573,19,0.20390268,0.00019148
9574,19,0.20654675,0.00019152
9575,19,0.19317713,0.00019152
9576,19,0.20132597,0.00019156
9577,19,0.19886449,0.00019156
9578,19,0.22926000,0.0001916
9579,19,0.19280718,0.0001916
9580,19,0.20641534,0.00019164
9581,19,0.20485926,0.00019164
9582,19,0.20094262,0.00019168
9583,19,0.21317406,0.00019168
9584,19,0.20384710,0.00019172
9585,19,0.19842292,0.00019172
9586,19,0.20272991,0.00019176
9587,19,0.19639789,0.00019176
9588,19,0.20121928,0.0001918
9589,19,0.19578494,0.0001918
9590,19,0.19706367,0.00019184
9591,19,0.21264668,0.00019184
9592,19,0.21677217,0.00019188
9593,19,0.20395435,0.00019188
9594,19,0.21141542,0.00019192
9595,19,0.22041626,0.00019192
9596,19,0.18412045,0.00019196
9597,19,0.21073978,0.00019196
9598,19,0.21648587,0.000192
9599,19,0.19262607,0.000192
9600,19,0.20851323,0.00019204
9601,19,0.18952528,0.00019204
9602,19,0.19883275,0.00019208
9603,19,0.24789326,0.00019208
9604,19,0.21049479,0.00019212
9605,19,0.21506463,0.00019212
9606,19,0.19723816,0.00019216
9607,19,0.17550519,0.00019216
9608,19,0.22834201,0.0001922
9609,19,0.19273022,0.0001922
9610,19,0.19842851,0.00019224
9611,19,0.21264385,0.00019224
9612,19,0.20780760,0.00019228
9613,19,0.22490115,0.00019228
9614,19,0.18729526,0.00019232
9615,19,0.21234687,0.00019232
9616,19,0.20349447,0.00019236
9617,19,0.21881612,0.00019236
9618,19,0.20723812,0.0001924
9619,19,0.20205452,0.0001924
9620,19,0.20982377,0.00019244
9621,19,0.21472828,0.00019244
9622,19,0.20081867,0.00019248
9623,19,0.19913395,0.00019248
9624,19,0.20623048,0.00019252
9625,19,0.21689641,0.00019252
9626,19,0.21462584,0.00019256
9627,19,0.20447753,0.00019256
9628,19,0.22518322,0.0001926
9629,19,0.22118691,0.0001926
9630,19,0.19932117,0.00019264
9631,19,0.19111602,0.00019264
9632,19,0.21669163,0.00019268
9633,19,0.21380050,0.00019268
9634,19,0.19777685,0.00019272
9635,19,0.19729345,0.00019272
9636,19,0.17063165,0.00019276
9637,19,0.17831583,0.00019276
9638,19,0.21031989,0.0001928
9639,19,0.20803060,0.0001928
9640,19,0.23796269,0.00019284
9641,19,0.22661304,0.00019284
9642,19,0.18679811,0.00019288
9643,19,0.20409974,0.00019288
9644,19,0.21020390,0.00019292
9645,19,0.18936086,0.00019292
9646,19,0.20191227,0.00019296
9647,19,0.21963835,0.00019296
9648,19,0.22065994,0.000193
9649,19,0.21172273,0.000193
9650,19,0.18278666,0.00019304
9651,19,0.22599369,0.00019304
9652,19,0.20480718,0.00019308
9653,19,0.19330756,0.00019308
9654,19,0.20583662,0.00019312
9655,19,0.17460138,0.00019312
9656,19,0.20257200,0.00019316
9657,19,0.19908367,0.00019316
9658,19,0.20681027,0.0001932
9659,19,0.20312755,0.0001932
9660,19,0.19749452,0.00019324
9661,19,0.19691713,0.00019324
9662,19,0.20783401,0.00019328
9663,19,0.20867456,0.00019328
9664,19,0.19925822,0.00019332
9665,19,0.21172632,0.00019332
9666,19,0.21286930,0.00019336
9667,19,0.18817745,0.00019336
9668,19,0.21144485,0.0001934
9669,19,0.22240329,0.0001934
9670,19,0.23357387,0.00019344
9671,19,0.20304270,0.00019344
9672,19,0.19331911,0.00019348
9673,19,0.20756780,0.00019348
9674,19,0.19533484,0.00019352
9675,19,0.17365485,0.00019352
9676,19,0.21717948,0.00019356
9677,19,0.20433913,0.00019356
9678,19,0.21553227,0.0001936
9679,19,0.20506348,0.0001936
9680,19,0.19578208,0.00019364
9681,19,0.20594546,0.00019364
9682,19,0.20053448,0.00019368
9683,19,0.19993468,0.00019368
9684,19,0.19635850,0.00019372
9685,19,0.18683621,0.00019372
9686,19,0.20293924,0.00019376
9687,19,0.21280104,0.00019376
9688,19,0.23154122,0.0001938
9689,19,0.18121569,0.0001938
9690,19,0.19698432,0.00019384
9691,19,0.21835752,0.00019384
9692,19,0.20566289,0.00019388
9693,19,0.20302673,0.00019388
9694,19,0.21576016,0.00019392
9695,19,0.20817609,0.00019392
9696,19,0.22831804,0.00019396
9697,19,0.19747321,0.00019396
9698,19,0.19844976,0.000194
9699,19,0.18964083,0.000194
9700,19,0.18771072,0.00019404
9701,19,0.21341456,0.00019404
9702,19,0.19834976,0.00019408
9703,19,0.17354514,0.00019408
9704,19,0.19329262,0.00019412
9705,19,0.23644294,0.00019412
9706,19,0.19769771,0.00019416
9707,19,0.20168304,0.00019416
9708,19,0.19714335,0.0001942
9709,19,0.20926127,0.0001942
9710,19,0.19060557,0.00019424
9711,19,0.18993683,0.00019424
9712,19,0.20723604,0.00019428
9713,19,0.20396911,0.00019428
9714,19,0.19162367,0.00019432
9715,19,0.19981845,0.00019432
9716,19,0.18900003,0.00019436
9717,19,0.21848658,0.00019436
9718,19,0.20551054,0.0001944
9719,19,0.21890721,0.0001944
9720,19,0.19716598,0.00019444
9721,19,0.20301159,0.00019444
9722,19,0.19706757,0.00019448
9723,19,0.19372721,0.00019448
9724,19,0.21002497,0.00019452
9725,19,0.20151825,0.00019452
9726,19,0.17929538,0.00019456
9727,19,0.18030955,0.00019456
9728,19,0.19525546,0.0001946
9729,19,0.20286039,0.0001946
9730,19,0.22270155,0.00019464
9731,19,0.21893692,0.00019464
9732,19,0.20937701,0.00019468
9733,19,0.18527600,0.00019468
9734,19,0.19633982,0.00019472
9735,19,0.19086523,0.00019472
9736,19,0.20167615,0.00019476
9737,19,0.21195003,0.00019476
9738,19,0.22201540,0.0001948
9739,19,0.20498490,0.0001948
9740,19,0.20014879,0.00019484
9741,19,0.20053196,0.00019484
9742,19,0.20828797,0.00019488
9743,19,0.18726581,0.00019488
9744,19,0.19533344,0.00019492
9745,19,0.21508773,0.00019492
9746,19,0.19098067,0.00019496
9747,19,0.19084527,0.00019496
9748,19,0.19455765,0.000195
9749,19,0.21098204,0.000195
9750,19,0.21882474,0.00019504
9751,19,0.22125861,0.00019504
9752,19,0.23738363,0.00019508
9753,19,0.19911185,0.00019508
9754,19,0.19497493,0.00019512
9755,19,0.19689460,0.00019512
9756,19,0.18172124,0.00019516
9757,19,0.19584914,0.00019516
9758,19,0.20613860,0.0001952
9759,19,0.20562002,0.0001952
9760,19,0.20006640,0.00019524
9761,19,0.20578705,0.00019524
9762,19,0.19525214,0.00019528
9763,19,0.18926668,0.00019528
9764,19,0.21259597,0.00019532
9765,19,0.20408957,0.00019532
9766,19,0.19180605,0.00019536
9767,19,0.19374813,0.00019536
9768,19,0.19796123,0.0001954
9769,19,0.20790620,0.0001954
9770,19,0.23304531,0.00019544
9771,19,0.19884689,0.00019544
9772,19,0.20205505,0.00019548
9773,19,0.19662289,0.00019548
9774,19,0.21817943,0.00019552
9775,19,0.19587483,0.00019552
9776,19,0.20890070,0.00019556
9777,19,0.22614543,0.00019556
9778,19,0.21647270,0.0001956
9779,19,0.20246492,0.0001956
9780,19,0.19756491,0.00019564
9781,19,0.20314799,0.00019564
9782,19,0.19744025,0.00019568
9783,19,0.17818849,0.00019568
9784,19,0.18989876,0.00019572
9785,19,0.20477568,0.00019572
9786,19,0.18841062,0.00019576
9787,19,0.19735704,0.00019576
9788,19,0.21799786,0.0001958
9789,19,0.19398433,0.0001958
9790,19,0.19721948,0.00019584
9791,19,0.18836576,0.00019584
9792,19,0.19707330,0.00019588
9793,19,0.20252946,0.00019588
9794,19,0.19144358,0.00019592
9795,19,0.18064785,0.00019592
9796,19,0.19553787,0.00019596
9797,19,0.20507590,0.00019596
9798,19,0.21673015,0.000196
9799,19,0.20315261,0.000196
9800,19,0.20944443,0.00019604
9801,19,0.20663317,0.00019604
9802,19,0.21313517,0.00019608
9803,19,0.19285110,0.00019608
9804,19,0.19999738,0.00019612
9805,19,0.19795185,0.00019612
9806,19,0.19778277,0.00019616
9807,19,0.22556406,0.00019616
9808,19,0.20434877,0.0001962
9809,19,0.18741573,0.0001962
9810,19,0.20278470,0.00019624
9811,19,0.19973479,0.00019624
9812,19,0.22722340,0.00019628
9813,19,0.18985441,0.00019628
9814,19,0.19276400,0.00019632
9815,19,0.19263960,0.00019632
9816,19,0.20172130,0.00019636
9817,19,0.19550814,0.00019636
9818,19,0.19951344,0.0001964
9819,19,0.18202221,0.0001964
9820,19,0.19368018,0.00019644
9821,19,0.19877042,0.00019644
9822,19,0.22637288,0.00019648
9823,19,0.20157035,0.00019648
9824,19,0.19202267,0.00019652
9825,19,0.20382383,0.00019652
9826,19,0.19240411,0.00019656
9827,19,0.20176156,0.00019656
9828,19,0.19315705,0.0001966
9829,19,0.19547947,0.0001966
9830,19,0.21869284,0.00019664
9831,19,0.20198025,0.00019664
9832,19,0.19885488,0.00019668
9833,19,0.21726666,0.00019668
9834,19,0.19520368,0.00019672
9835,19,0.18105841,0.00019672
9836,19,0.18574771,0.00019676
9837,19,0.19152352,0.00019676
9838,19,0.19219358,0.0001968
9839,19,0.20862091,0.0001968
9840,19,0.19447201,0.00019684
9841,19,0.19913752,0.00019684
9842,19,0.19480510,0.00019688
9843,19,0.20372020,0.00019688
9844,19,0.19294225,0.00019692
9845,19,0.19265686,0.00019692
9846,19,0.20079607,0.00019696
9847,19,0.21739955,0.00019696
9848,19,0.19458133,0.000197
9849,19,0.21933241,0.000197
9850,19,0.20428984,0.00019704
9851,19,0.19859450,0.00019704
9852,19,0.20632021,0.00019708
9853,19,0.19689468,0.00019708
9854,19,0.19356301,0.00019712
9855,19,0.17056614,0.00019712
9856,19,0.19362371,0.00019716
9857,19,0.18546988,0.00019716
9858,19,0.19879133,0.0001972
9859,19,0.20344837,0.0001972
9860,19,0.23026843,0.00019724
9861,19,0.19816597,0.00019724
9862,19,0.20533755,0.00019728
9863,19,0.20696941,0.00019728
9864,19,0.22877434,0.00019732
9865,19,0.20011923,0.00019732
9866,19,0.19578032,0.00019736
9867,19,0.18749386,0.00019736
9868,19,0.19983311,0.0001974
9869,19,0.19685782,0.0001974
9870,19,0.22230943,0.00019744
9871,19,0.18648376,0.00019744
9872,19,0.19362509,0.00019748
9873,19,0.17761177,0.00019748
9874,19,0.20264271,0.00019752
9875,19,0.20180699,0.00019752
9876,19,0.18425310,0.00019756
9877,19,0.22735010,0.00019756
9878,19,0.20528975,0.0001976
9879,19,0.21746267,0.0001976
9880,19,0.21420084,0.00019764
9881,20,0.18587486,0.00019764
9882,20,0.20576824,0.00019768
9883,20,0.18703771,0.00019768
9884,20,0.20861323,0.00019772
9885,20,0.21456580,0.00019772
9886,20,0.19377242,0.00019776
9887,20,0.19114438,0.00019776
9888,20,0.22210075,0.0001978
9889,20,0.21310988,0.0001978
9890,20,0.20268269,0.00019784
9891,20,0.19616134,0.00019784
9892,20,0.18392186,0.00019788
9893,20,0.20236956,0.00019788
9894,20,0.19532357,0.00019792
9895,20,0.22388986,0.00019792
9896,20,0.20647672,0.00019796
9897,20,0.19614942,0.00019796
9898,20,0.18374351,0.000198
9899,20,0.19932130,0.000198
9900,20,0.20268959,0.00019804
9901,20,0.21161111,0.00019804
9902,20,0.18884856,0.00019808
9903,20,0.21917203,0.00019808
9904,20,0.20110054,0.00019812
9905,20,0.19703841,0.00019812
9906,20,0.20484222,0.00019816
9907,20,0.19957951,0.00019816
9908,20,0.20889285,0.0001982
9909,20,0.20937262,0.0001982
9910,20,0.20573623,0.00019824
9911,20,0.18751566,0.00019824
9912,20,0.18119027,0.00019828
9913,20,0.21468902,0.00019828
9914,20,0.18443371,0.00019832
9915,20,0.20816809,0.00019832
9916,20,0.19853111,0.00019836
9917,20,0.20210542,0.00019836
9918,20,0.18936677,0.0001984
9919,20,0.21746969,0.0001984
9920,20,0.22902186,0.00019844
9921,20,0.19533642,0.00019844
9922,20,0.22061194,0.00019848
9923,20,0.21322569,0.00019848
9924,20,0.20164242,0.00019852
9925,20,0.21504059,0.00019852
9926,20,0.19766943,0.00019856
9927,20,0.20649587,0.00019856
9928,20,0.21590403,0.0001986
9929,20,0.20984820,0.0001986
9930,20,0.21399215,0.00019864
9931,20,0.21612817,0.00019864
9932,20,0.21858098,0.00019868
9933,20,0.20032175,0.00019868
9934,20,0.20241877,0.00019872
9935,20,0.18598129,0.00019872
9936,20,0.18945792,0.00019876
9937,20,0.19190876,0.00019876
9938,20,0.19619066,0.0001988
9939,20,0.23413594,0.0001988
9940,20,0.21567617,0.00019884
9941,20,0.17567246,0.00019884
9942,20,0.19050603,0.00019888
9943,20,0.21360511,0.00019888
9944,20,0.21143606,0.00019892
9945,20,0.19126166,0.00019892
9946,20,0.21030836,0.00019896
9947,20,0.21149670,0.00019896
9948,20,0.18320699,0.000199
9949,20,0.19557180,0.000199
9950,20,0.20403801,0.00019904
9951,20,0.19655381,0.00019904
9952,20,0.19769423,0.00019908
9953,20,0.20319107,0.00019908
9954,20,0.21242860,0.00019912
9955,20,0.21254246,0.00019912
9956,20,0.18264166,0.00019916
9957,20,0.18940209,0.00019916
9958,20,0.20161267,0.0001992
9959,20,0.22654234,0.0001992
9960,20,0.20963547,0.00019924
9961,20,0.19375445,0.00019924
9962,20,0.19866596,0.00019928
9963,20,0.20385395,0.00019928
9964,20,0.19476420,0.00019932
9965,20,0.20246096,0.00019932
9966,20,0.19949137,0.00019936
9967,20,0.20949319,0.00019936
9968,20,0.19751039,0.0001994
9969,20,0.18771556,0.0001994
9970,20,0.19896272,0.00019944
9971,20,0.19537809,0.00019944
9972,20,0.20404653,0.00019948
9973,20,0.19854702,0.00019948
9974,20,0.19823678,0.00019952
9975,20,0.20810607,0.00019952
9976,20,0.20036122,0.00019956
9977,20,0.19630858,0.00019956
9978,20,0.17884371,0.0001996
9979,20,0.19252594,0.0001996
9980,20,0.18852679,0.00019964
9981,20,0.20720418,0.00019964
9982,20,0.22608460,0.00019968
9983,20,0.20186916,0.00019968
9984,20,0.19891222,0.00019972
9985,20,0.20548795,0.00019972
9986,20,0.18989694,0.00019976
9987,20,0.21891518,0.00019976
9988,20,0.18761110,0.0001998
9989,20,0.19240668,0.0001998
9990,20,0.18900816,0.00019984
9991,20,0.21141788,0.00019984
9992,20,0.21092197,0.00019988
9993,20,0.18895823,0.00019988
9994,20,0.21895544,0.00019992
9995,20,0.20638366,0.00019992
9996,20,0.19381726,0.00019996
9997,20,0.20921077,0.00019996
9998,20,0.21097392,0.0002
9999,20,0.19113506,0.0002
10000,20,0.19770022,0.0002
10001,20,0.19217020,0.0002
10002,20,0.19011481,0.0002
10003,20,0.21190412,0.0002
10004,20,0.21738391,0.0002
10005,20,0.17394933,0.0002
10006,20,0.19884916,0.0002
10007,20,0.18779255,0.0002
10008,20,0.20022283,0.0002
10009,20,0.21230891,0.0002
10010,20,0.19116646,0.0002
10011,20,0.18899554,0.0002
10012,20,0.18152587,0.0002
10013,20,0.21208994,0.0002
10014,20,0.21380852,0.0002
10015,20,0.21817692,0.0002
10016,20,0.21202585,0.0002
10017,20,0.18880874,0.0002
10018,20,0.22790411,0.0002
10019,20,0.22354126,0.0002
10020,20,0.21586411,0.0002
10021,20,0.19585933,0.0002
10022,20,0.20280626,0.0002
10023,20,0.20331356,0.0002
10024,20,0.19708835,0.0002
10025,20,0.19253524,0.0002
10026,20,0.18069276,0.00019999999
10027,20,0.18679211,0.00019999999
10028,20,0.20456930,0.00019999999
10029,20,0.22522242,0.00019999999
10030,20,0.20330615,0.00019999999
10031,20,0.19370158,0.00019999999
10032,20,0.18359132,0.00019999999
10033,20,0.20980293,0.00019999999
10034,20,0.21839915,0.00019999999
10035,20,0.21161860,0.00019999999
10036,20,0.20624021,0.00019999999
10037,20,0.20926981,0.00019999999
10038,20,0.18966986,0.00019999999
10039,20,0.20179401,0.00019999999
10040,20,0.20836051,0.00019999999
10041,20,0.22244783,0.00019999999
10042,20,0.21273153,0.00019999999
10043,20,0.20604287,0.00019999999
10044,20,0.18746948,0.00019999998
10045,20,0.18747969,0.00019999998
10046,20,0.20981267,0.00019999998
10047,20,0.20168196,0.00019999998
10048,20,0.21999124,0.00019999998
10049,20,0.22491379,0.00019999998
10050,20,0.22236194,0.00019999998
10051,20,0.18815239,0.00019999998
10052,20,0.21018147,0.00019999998
10053,20,0.21386443,0.00019999998
10054,20,0.22394016,0.00019999998
10055,20,0.21689422,0.00019999998
10056,20,0.18913789,0.00019999998
10057,20,0.19642997,0.00019999998
10058,20,0.20461351,0.00019999997
10059,20,0.20374319,0.00019999997
10060,20,0.19896115,0.00019999997
10061,20,0.20643274,0.00019999997
10062,20,0.18838266,0.00019999997
10063,20,0.20952399,0.00019999997
10064,20,0.20482500,0.00019999997
10065,20,0.21264382,0.00019999997
10066,20,0.21165669,0.00019999997
10067,20,0.19544710,0.00019999997
10068,20,0.21104956,0.00019999996
10069,20,0.19231896,0.00019999996
10070,20,0.22737105,0.00019999996
10071,20,0.21140075,0.00019999996
10072,20,0.22504415,0.00019999996
10073,20,0.18950288,0.00019999996
10074,20,0.20454593,0.00019999996
10075,20,0.20983149,0.00019999996
10076,20,0.20292372,0.00019999995
10077,20,0.20775463,0.00019999995
10078,20,0.21254005,0.00019999995
10079,20,0.18822728,0.00019999995
10080,20,0.20810564,0.00019999995
10081,20,0.21358062,0.00019999995
10082,20,0.19044185,0.00019999995
10083,20,0.20199214,0.00019999995
10084,20,0.19433543,0.00019999994
10085,20,0.18590759,0.00019999994
10086,20,0.18171683,0.00019999994
10087,20,0.19567043,0.00019999994
10088,20,0.19714053,0.00019999994
10089,20,0.20053414,0.00019999994
10090,20,0.20030557,0.00019999994
10091,20,0.18337001,0.00019999994
10092,20,0.20333481,0.00019999993
10093,20,0.20178251,0.00019999993
10094,20,0.17835757,0.00019999993
10095,20,0.18428653,0.00019999993
10096,20,0.19680373,0.00019999993
10097,20,0.21971801,0.00019999993
10098,20,0.20839085,0.00019999992
10099,20,0.19759130,0.00019999992
10100,20,0.19788377,0.00019999992
10101,20,0.19495194,0.00019999992
10102,20,0.22013664,0.00019999992
10103,20,0.18955588,0.00019999992
10104,20,0.21601741,0.00019999991
10105,20,0.21245690,0.00019999991
10106,20,0.19597328,0.00019999991
10107,20,0.20431897,0.00019999991
10108,20,0.19200678,0.00019999991
10109,20,0.19610532,0.00019999991
10110,20,0.20908414,0.0001999999
10111,20,0.21017160,0.0001999999
10112,20,0.19808829,0.0001999999
10113,20,0.21058603,0.0001999999
10114,20,0.20260294,0.0001999999
10115,20,0.20125951,0.0001999999
10116,20,0.19909476,0.00019999989
10117,20,0.19938795,0.00019999989
10118,20,0.20972280,0.00019999989
10119,20,0.20313112,0.00019999989
10120,20,0.19578964,0.00019999989
10121,20,0.21436507,0.00019999989
10122,20,0.20560180,0.00019999988
10123,20,0.21619092,0.00019999988
10124,20,0.21058151,0.00019999988
10125,20,0.20216365,0.00019999988
10126,20,0.21490104,0.00019999987
10127,20,0.19445160,0.00019999987
10128,20,0.19960137,0.00019999987
10129,20,0.21081288,0.00019999987
10130,20,0.21002340,0.00019999987
10131,20,0.18122965,0.00019999987
10132,20,0.19780339,0.00019999986
10133,20,0.21282847,0.00019999986
10134,20,0.19061349,0.00019999986
10135,20,0.19481130,0.00019999986
10136,20,0.17987229,0.00019999985
10137,20,0.20567313,0.00019999985
10138,20,0.20635763,0.00019999985
10139,20,0.21567090,0.00019999985
10140,20,0.18915124,0.00019999985
10141,20,0.19822314,0.00019999985
10142,20,0.20757459,0.00019999984
10143,20,0.20255193,0.00019999984
10144,20,0.20745291,0.00019999984
10145,20,0.18097794,0.00019999984
10146,20,0.19780302,0.00019999983
10147,20,0.20337529,0.00019999983
10148,20,0.20577402,0.00019999983
10149,20,0.21683802,0.00019999983
10150,20,0.18560989,0.00019999982
10151,20,0.22911464,0.00019999982
10152,20,0.20145604,0.00019999982
10153,20,0.20534416,0.00019999982
10154,20,0.20176755,0.00019999981
10155,20,0.19492993,0.00019999981
10156,20,0.19583184,0.00019999981
10157,20,0.18881673,0.00019999981
10158,20,0.20188212,0.0001999998
10159,20,0.19323164,0.0001999998
10160,20,0.17716067,0.0001999998
10161,20,0.18306808,0.0001999998
10162,20,0.20556821,0.00019999979
10163,20,0.19769670,0.00019999979
10164,20,0.21144356,0.00019999979
10165,20,0.20598912,0.00019999979
10166,20,0.18931971,0.00019999978
10167,20,0.18464239,0.00019999978
10168,20,0.18506353,0.00019999978
10169,20,0.23037836,0.00019999978
10170,20,0.21518026,0.00019999977
10171,20,0.18741158,0.00019999977
10172,20,0.19954872,0.00019999977
10173,20,0.20105240,0.00019999977
10174,20,0.18297693,0.00019999976
10175,20,0.20600820,0.00019999976
10176,20,0.19567303,0.00019999976
10177,20,0.18854494,0.00019999976
10178,20,0.18308505,0.00019999975
10179,20,0.20309849,0.00019999975
10180,20,0.20515786,0.00019999974
10181,20,0.16719066,0.00019999974
10182,20,0.20892537,0.00019999974
10183,20,0.18819457,0.00019999974
10184,20,0.19039083,0.00019999973
10185,20,0.21427973,0.00019999973
10186,20,0.19658791,0.00019999973
10187,20,0.20110470,0.00019999973
10188,20,0.21131283,0.00019999972
10189,20,0.17879446,0.00019999972
10190,20,0.20888212,0.00019999971
10191,20,0.19732714,0.00019999971
10192,20,0.20080212,0.00019999971
10193,20,0.22381513,0.00019999971
10194,20,0.19417371,0.0001999997
10195,20,0.20230961,0.0001999997
10196,20,0.19797607,0.0001999997
10197,20,0.19974717,0.0001999997
10198,20,0.18543522,0.00019999969
10199,20,0.18175001,0.00019999969
10200,20,0.17574625,0.00019999968
10201,20,0.19955921,0.00019999968
10202,20,0.21211375,0.00019999968
10203,20,0.19926924,0.00019999968
10204,20,0.20487465,0.00019999967
10205,20,0.20033127,0.00019999967
10206,20,0.18906887,0.00019999966
10207,20,0.19673671,0.00019999966
10208,20,0.20686126,0.00019999966
10209,20,0.18493119,0.00019999966
10210,20,0.20464501,0.00019999965
10211,20,0.18791039,0.00019999965
10212,20,0.20065191,0.00019999965
10213,20,0.19975755,0.00019999965
10214,20,0.21897136,0.00019999964
10215,20,0.18551432,0.00019999964
10216,20,0.19629265,0.00019999963
10217,20,0.19824842,0.00019999963
10218,20,0.21330573,0.00019999962
10219,20,0.19729559,0.00019999962
10220,20,0.19664563,0.00019999962
10221,20,0.19824794,0.00019999962
10222,20,0.20560372,0.00019999961
10223,20,0.20766789,0.00019999961
10224,20,0.19694151,0.0001999996
10225,20,0.18532415,0.0001999996
10226,20,0.20462845,0.0001999996
10227,20,0.19701447,0.0001999996
10228,20,0.20387180,0.00019999959
10229,20,0.18534783,0.00019999959
10230,20,0.19736998,0.00019999958
10231,20,0.21435677,0.00019999958
10232,20,0.19804339,0.00019999958
10233,20,0.20601554,0.00019999958
10234,20,0.20444091,0.00019999957
10235,20,0.19409485,0.00019999957
10236,20,0.20402747,0.00019999956
10237,20,0.19218329,0.00019999956
10238,20,0.18869536,0.00019999955
10239,20,0.20089385,0.00019999955
10240,20,0.21351655,0.00019999955
10241,20,0.20507309,0.00019999955
10242,20,0.19072504,0.00019999954
10243,20,0.19776426,0.00019999954
10244,20,0.19135113,0.00019999953
10245,20,0.20367321,0.00019999953
10246,20,0.18510628,0.00019999952
10247,20,0.18445107,0.00019999952
10248,20,0.20513655,0.00019999951
10249,20,0.18645926,0.00019999951
10250,20,0.18526001,0.00019999951
10251,20,0.19361396,0.00019999951
10252,20,0.18724476,0.0001999995
10253,20,0.18234590,0.0001999995
10254,20,0.20190255,0.00019999949
10255,20,0.18508959,0.00019999949
10256,20,0.19400227,0.00019999948
10257,20,0.20270360,0.00019999948
10258,20,0.19386019,0.00019999947
10259,20,0.20013025,0.00019999947
10260,20,0.21047719,0.00019999947
10261,20,0.18661542,0.00019999947
10262,20,0.22276977,0.00019999946
10263,20,0.18593661,0.00019999946
10264,20,0.19813044,0.00019999945
10265,20,0.18637514,0.00019999945
10266,20,0.20660026,0.00019999944
10267,20,0.21839997,0.00019999944
10268,20,0.19896169,0.00019999943
10269,20,0.20659892,0.00019999943
10270,20,0.17502233,0.00019999942
10271,20,0.20470023,0.00019999942
10272,20,0.20386915,0.00019999942
10273,20,0.21301833,0.00019999942
10274,20,0.21212767,0.00019999941
10275,20,0.19446857,0.00019999941
10276,20,0.18023832,0.0001999994
10277,20,0.21012779,0.0001999994
10278,20,0.20260352,0.00019999939
10279,20,0.21568377,0.00019999939
10280,20,0.18901534,0.00019999938
10281,20,0.20595299,0.00019999938
10282,20,0.21295698,0.00019999937
10283,20,0.19649468,0.00019999937
10284,20,0.22006877,0.00019999936
10285,20,0.19808184,0.00019999936
10286,20,0.22518393,0.00019999935
10287,20,0.19484405,0.00019999935
10288,20,0.21318887,0.00019999935
10289,20,0.20141742,0.00019999935
10290,20,0.22788058,0.00019999934
10291,20,0.19974810,0.00019999934
10292,20,0.19588140,0.00019999933
10293,20,0.18717635,0.00019999933
10294,20,0.18989696,0.00019999932
10295,20,0.19546981,0.00019999932
10296,20,0.20325650,0.00019999931
10297,20,0.20536594,0.00019999931
10298,20,0.21913870,0.0001999993
10299,20,0.19111545,0.0001999993
10300,20,0.21107946,0.00019999929
10301,20,0.18855217,0.00019999929
10302,20,0.20612821,0.00019999928
10303,20,0.18596409,0.00019999928
10304,20,0.19785599,0.00019999927
10305,20,0.19638561,0.00019999927
10306,20,0.18376972,0.00019999926
10307,20,0.21027060,0.00019999926
10308,20,0.18923967,0.00019999925
10309,20,0.18885122,0.00019999925
10310,20,0.21253800,0.00019999924
10311,20,0.23578797,0.00019999924
10312,20,0.21654518,0.00019999923
10313,20,0.19246237,0.00019999923
10314,20,0.18621171,0.00019999922
10315,20,0.20666419,0.00019999922
10316,20,0.18429162,0.00019999921
10317,20,0.17942350,0.00019999921
10318,20,0.20180793,0.0001999992
10319,20,0.20165582,0.0001999992
10320,20,0.20552908,0.00019999919
10321,20,0.19146819,0.00019999919
10322,20,0.21240759,0.00019999918
10323,20,0.19377211,0.00019999918
10324,20,0.20156351,0.00019999917
10325,20,0.19471146,0.00019999917
10326,20,0.19279368,0.00019999916
10327,20,0.22306708,0.00019999916
10328,20,0.19630632,0.00019999915
10329,20,0.19981404,0.00019999915
10330,20,0.19661242,0.00019999914
10331,20,0.21358705,0.00019999914
10332,20,0.18468076,0.00019999913
10333,20,0.20893620,0.00019999913
10334,20,0.21261787,0.00019999912
10335,20,0.19211155,0.00019999912
10336,20,0.20155604,0.00019999911
10337,20,0.22097591,0.00019999911
10338,20,0.21224561,0.0001999991
10339,20,0.17539623,0.0001999991
10340,20,0.19315194,0.00019999909
10341,20,0.18567200,0.00019999909
10342,20,0.20664856,0.00019999908
10343,20,0.20202126,0.00019999908
10344,20,0.20134898,0.00019999907
10345,20,0.19396324,0.00019999907
10346,20,0.20759198,0.00019999905
10347,20,0.20760675,0.00019999905
10348,20,0.22426568,0.00019999904
10349,20,0.22599098,0.00019999904
10350,20,0.21154094,0.00019999903
10351,20,0.18823640,0.00019999903
10352,20,0.19579822,0.00019999902
10353,20,0.20200467,0.00019999902
10354,20,0.20237033,0.00019999901
10355,20,0.21044418,0.00019999901
10356,20,0.20115696,0.000199999
10357,20,0.19309512,0.000199999
10358,20,0.20928642,0.00019999899
10359,20,0.19005561,0.00019999899
10360,20,0.18668666,0.00019999898
10361,20,0.17437226,0.00019999898
10362,20,0.20181876,0.00019999897
10363,20,0.19672145,0.00019999897
10364,20,0.19722992,0.00019999895
10365,20,0.19990446,0.00019999895
10366,20,0.21469788,0.00019999894
10367,20,0.19754717,0.00019999894
10368,20,0.20160826,0.00019999893
10369,20,0.20629679,0.00019999893
10370,20,0.20406742,0.00019999892
10371,20,0.19022319,0.00019999892
10372,20,0.21731670,0.00019999891
10373,20,0.20836706,0.00019999891
10374,20,0.20113203,0.0001999989
10375,20,0.19257939,0.0001999989
10376,20,0.19220760,0.00019999888
10377,20,0.21569544,0.00019999888
10378,20,0.21100558,0.00019999887
10379,20,0.18416585,0.00019999887
10380,20,0.19643663,0.00019999886
10381,20,0.19119249,0.00019999886
10382,20,0.19902375,0.00019999885
10383,20,0.20341708,0.00019999885
10384,20,0.18481918,0.00019999884
10385,20,0.19152530,0.00019999884
10386,20,0.22070283,0.00019999882
10387,20,0.18877454,0.00019999882
10388,20,0.20215347,0.00019999881
10389,20,0.21715684,0.00019999881
10390,20,0.22237158,0.0001999988
10391,20,0.21708420,0.0001999988
10392,20,0.20828104,0.00019999879
10393,20,0.22620066,0.00019999879
10394,20,0.18222485,0.00019999877
10395,20,0.20442057,0.00019999877
10396,20,0.22147730,0.00019999876
10397,20,0.19568974,0.00019999876
10398,20,0.19802584,0.00019999875
10399,20,0.20088217,0.00019999875
10400,20,0.20020716,0.00019999874
10401,21,0.19118074,0.00019999874
10402,21,0.20707633,0.00019999872
10403,21,0.17764619,0.00019999872
10404,21,0.18536039,0.00019999871
10405,21,0.21689405,0.00019999871
10406,21,0.21067972,0.0001999987
10407,21,0.20143032,0.0001999987
10408,21,0.19351543,0.00019999869
10409,21,0.20099041,0.00019999869
10410,21,0.21170565,0.00019999867
10411,21,0.21206461,0.00019999867
10412,21,0.22558136,0.00019999866
10413,21,0.20125763,0.00019999866
10414,21,0.18626592,0.00019999865
10415,21,0.19409533,0.00019999865
10416,21,0.19647837,0.00019999863
10417,21,0.19016336,0.00019999863
10418,21,0.19527905,0.00019999862
10419,21,0.20502944,0.00019999862
10420,21,0.20380251,0.00019999861
10421,21,0.20168911,0.00019999861
10422,21,0.20935638,0.00019999859
10423,21,0.20719190,0.00019999859
10424,21,0.20551498,0.00019999858
10425,21,0.19487971,0.00019999858
10426,21,0.23680925,0.00019999857
10427,21,0.19491631,0.00019999857
10428,21,0.21014667,0.00019999855
10429,21,0.18690689,0.00019999855
10430,21,0.20241462,0.00019999854
10431,21,0.21003844,0.00019999854
10432,21,0.20685256,0.00019999853
10433,21,0.22575293,0.00019999853
10434,21,0.18491864,0.00019999851
10435,21,0.18618882,0.00019999851
10436,21,0.19305788,0.0001999985
10437,21,0.20466034,0.0001999985
10438,21,0.18139692,0.00019999849
10439,21,0.18844625,0.00019999849
10440,21,0.19692996,0.00019999847
10441,21,0.19115575,0.00019999847
10442,21,0.17286454,0.00019999846
10443,21,0.19169450,0.00019999846
10444,21,0.19969599,0.00019999844
10445,21,0.19970460,0.00019999844
10446,21,0.20565462,0.00019999843
10447,21,0.18831243,0.00019999843
10448,21,0.19194444,0.00019999842
10449,21,0.18724708,0.00019999842
10450,21,0.22065565,0.0001999984
10451,21,0.19712912,0.0001999984
10452,21,0.18584244,0.00019999839
10453,21,0.19803974,0.00019999839
10454,21,0.21319664,0.00019999837
10455,21,0.19372861,0.00019999837
10456,21,0.18611331,0.00019999836
10457,21,0.18829198,0.00019999836
10458,21,0.19623427,0.00019999834
10459,21,0.20834930,0.00019999834
10460,21,0.20658398,0.00019999833
10461,21,0.21296242,0.00019999833
10462,21,0.21248847,0.00019999831
10463,21,0.18767114,0.00019999831
10464,21,0.19201599,0.0001999983
10465,21,0.19335563,0.0001999983
10466,21,0.20082286,0.00019999829
10467,21,0.20385282,0.00019999829
10468,21,0.20403953,0.00019999827
10469,21,0.20045760,0.00019999827
10470,21,0.21934669,0.00019999826
10471,21,0.19196089,0.00019999826
10472,21,0.19405575,0.00019999824
10473,21,0.21262057,0.00019999824
10474,21,0.20240350,0.00019999823
10475,21,0.21375377,0.00019999823
10476,21,0.19296758,0.00019999821
10477,21,0.20497784,0.00019999821
10478,21,0.19230604,0.0001999982
10479,21,0.18622020,0.0001999982
10480,21,0.18439408,0.00019999818
10481,21,0.19111800,0.00019999818
10482,21,0.18570594,0.00019999817
10483,21,0.20218576,0.00019999817
10484,21,0.18921579,0.00019999815
10485,21,0.19623961,0.00019999815
10486,21,0.17870930,0.00019999814
10487,21,0.20167215,0.00019999814
10488,21,0.19816102,0.00019999812
10489,21,0.20030199,0.00019999812
10490,21,0.20353688,0.0001999981
10491,21,0.19948094,0.0001999981
10492,21,0.21740428,0.00019999809
10493,21,0.20225424,0.00019999809
10494,21,0.19209932,0.00019999807
10495,21,0.20102185,0.00019999807
10496,21,0.19974054,0.00019999806
10497,21,0.20118038,0.00019999806
10498,21,0.19856858,0.00019999804
10499,21,0.17882948,0.00019999804
10500,21,0.20611930,0.00019999803
10501,21,0.20738579,0.00019999803
10502,21,0.20380089,0.00019999801
10503,21,0.19024339,0.00019999801
10504,21,0.20182879,0.00019999799
10505,21,0.17062040,0.00019999799
10506,21,0.21338437,0.00019999798
10507,21,0.20498179,0.00019999798
10508,21,0.19048142,0.00019999796
10509,21,0.20244180,0.00019999796
10510,21,0.21939428,0.00019999795
10511,21,0.19817619,0.00019999795
10512,21,0.20169683,0.00019999793
10513,21,0.19122870,0.00019999793
10514,21,0.19792683,0.00019999791
10515,21,0.18689661,0.00019999791
10516,21,0.18469954,0.0001999979
10517,21,0.19727908,0.0001999979
10518,21,0.20169125,0.00019999788
10519,21,0.19283393,0.00019999788
10520,21,0.18759850,0.00019999787
10521,21,0.20133762,0.00019999787
10522,21,0.22440089,0.00019999785
10523,21,0.19923241,0.00019999785
10524,21,0.21780045,0.00019999783
10525,21,0.21725640,0.00019999783
10526,21,0.20602958,0.00019999782
10527,21,0.19435704,0.00019999782
10528,21,0.20120402,0.0001999978
10529,21,0.19554527,0.0001999978
10530,21,0.21042708,0.00019999778
10531,21,0.19454852,0.00019999778
10532,21,0.19945540,0.00019999777
10533,21,0.19330567,0.00019999777
10534,21,0.19843973,0.00019999775
10535,21,0.19956334,0.00019999775
10536,21,0.22022171,0.00019999773
10537,21,0.21178606,0.00019999773
10538,21,0.19257554,0.00019999771
10539,21,0.19699952,0.00019999771
10540,21,0.19922595,0.0001999977
10541,21,0.18380074,0.0001999977
10542,21,0.17457941,0.00019999768
10543,21,0.20780684,0.00019999768
10544,21,0.19782755,0.00019999766
10545,21,0.19293286,0.00019999766
10546,21,0.20001186,0.00019999765
10547,21,0.21912435,0.00019999765
10548,21,0.19143182,0.00019999763
10549,21,0.20630869,0.00019999763
10550,21,0.20504525,0.00019999761
10551,21,0.20971060,0.00019999761
10552,21,0.20153636,0.00019999759
10553,21,0.19436540,0.00019999759
10554,21,0.19099447,0.00019999758
10555,21,0.18477352,0.00019999758
10556,21,0.20783322,0.00019999756
10557,21,0.21529666,0.00019999756
10558,21,0.19932938,0.00019999754
10559,21,0.19202323,0.00019999754
10560,21,0.21343791,0.00019999752
10561,21,0.18627325,0.00019999752
10562,21,0.19806929,0.00019999751
10563,21,0.20846340,0.00019999751
10564,21,0.20355508,0.00019999749
10565,21,0.20745693,0.00019999749
10566,21,0.21372591,0.00019999747
10567,21,0.18087776,0.00019999747
10568,21,0.19335938,0.00019999745
10569,21,0.19589414,0.00019999745
10570,21,0.19226278,0.00019999743
10571,21,0.18771940,0.00019999743
10572,21,0.19558628,0.00019999742
10573,21,0.20054081,0.00019999742
10574,21,0.20692094,0.0001999974
10575,21,0.18371987,0.0001999974
10576,21,0.18043767,0.00019999738
10577,21,0.18926995,0.00019999738
10578,21,0.19314371,0.00019999736
10579,21,0.19834125,0.00019999736
10580,21,0.20229183,0.00019999734
10581,21,0.21927276,0.00019999734
10582,21,0.20205122,0.00019999733
10583,21,0.21061365,0.00019999733
10584,21,0.20926365,0.00019999731
10585,21,0.18544991,0.00019999731
10586,21,0.19490035,0.00019999729
10587,21,0.20061141,0.00019999729
10588,21,0.20662399,0.00019999727
10589,21,0.20592745,0.00019999727
10590,21,0.22102298,0.00019999725
10591,21,0.18754718,0.00019999725
10592,21,0.20566109,0.00019999723
10593,21,0.23162603,0.00019999723
10594,21,0.20554505,0.00019999721
10595,21,0.21348251,0.00019999721
10596,21,0.20923717,0.0001999972
10597,21,0.20848133,0.0001999972
10598,21,0.19500192,0.00019999718
10599,21,0.20150037,0.00019999718
10600,21,0.22257301,0.00019999716
10601,21,0.20674463,0.00019999716
10602,21,0.19792978,0.00019999714
10603,21,0.18139994,0.00019999714
10604,21,0.19742902,0.00019999712
10605,21,0.17973314,0.00019999712
10606,21,0.19955789,0.0001999971
10607,21,0.22123207,0.0001999971
10608,21,0.19334252,0.00019999708
10609,21,0.18274742,0.00019999708
10610,21,0.17609575,0.00019999706
10611,21,0.20313133,0.00019999706
10612,21,0.21177368,0.00019999704
10613,21,0.19679065,0.00019999704
10614,21,0.20785311,0.00019999702
10615,21,0.20254990,0.00019999702
10616,21,0.19906974,0.000199997
10617,21,0.21127468,0.000199997
10618,21,0.20319976,0.00019999698
10619,21,0.21338636,0.00019999698
10620,21,0.17654406,0.00019999696
10621,21,0.22194849,0.00019999696
10622,21,0.20861945,0.00019999695
10623,21,0.20941101,0.00019999695
10624,21,0.20738886,0.00019999693
10625,21,0.21977639,0.00019999693
10626,21,0.17848156,0.00019999691
10627,21,0.19793956,0.00019999691
10628,21,0.20798765,0.00019999689
10629,21,0.20588182,0.00019999689
10630,21,0.20088339,0.00019999687
10631,21,0.18322118,0.00019999687
10632,21,0.20890747,0.00019999685
10633,21,0.18685383,0.00019999685
10634,21,0.20003624,0.00019999683
10635,21,0.21506259,0.00019999683
10636,21,0.20324777,0.00019999681
10637,21,0.20002443,0.00019999681
10638,21,0.21081649,0.00019999679
10639,21,0.20917113,0.00019999679
10640,21,0.17608604,0.00019999677
10641,21,0.19523814,0.00019999677
10642,21,0.21088797,0.00019999675
10643,21,0.21132047,0.00019999675
10644,21,0.19828299,0.00019999673
10645,21,0.19088469,0.00019999673
10646,21,0.21631461,0.00019999671
10647,21,0.19394197,0.00019999671
10648,21,0.18526636,0.00019999668
10649,21,0.18085060,0.00019999668
10650,21,0.19305004,0.00019999666
10651,21,0.18586437,0.00019999666
10652,21,0.19985271,0.00019999664
10653,21,0.18840183,0.00019999664
10654,21,0.19220948,0.00019999662
10655,21,0.18706685,0.00019999662
10656,21,0.21453345,0.0001999966
10657,21,0.21203591,0.0001999966
10658,21,0.18849057,0.00019999658
10659,21,0.21274300,0.00019999658
10660,21,0.21597178,0.00019999656
10661,21,0.20610663,0.00019999656
10662,21,0.18404190,0.00019999654
10663,21,0.19197427,0.00019999654
10664,21,0.20690261,0.00019999652
10665,21,0.19708222,0.00019999652
10666,21,0.19567211,0.0001999965
10667,21,0.18925476,0.0001999965
10668,21,0.18798342,0.00019999648
10669,21,0.20418364,0.00019999648
10670,21,0.19215414,0.00019999646
10671,21,0.21587165,0.00019999646
10672,21,0.20666757,0.00019999643
10673,21,0.19996430,0.00019999643
10674,21,0.20238964,0.00019999641
10675,21,0.20140776,0.00019999641
10676,21,0.20883560,0.00019999639
10677,21,0.19798195,0.00019999639
10678,21,0.20830083,0.00019999637
10679,21,0.20728858,0.00019999637
10680,21,0.19532278,0.00019999635
10681,21,0.17731203,0.00019999635
10682,21,0.19890614,0.00019999633
10683,21,0.19948214,0.00019999633
10684,21,0.19656569,0.00019999631
10685,21,0.19437467,0.00019999631
10686,21,0.19672135,0.00019999628
10687,21,0.20142470,0.00019999628
10688,21,0.18529238,0.00019999626
10689,21,0.19674443,0.00019999626
10690,21,0.23005128,0.00019999624
10691,21,0.21400407,0.00019999624
10692,21,0.19021109,0.00019999622
10693,21,0.19896977,0.00019999622
10694,21,0.20184819,0.0001999962
10695,21,0.19769007,0.0001999962
10696,21,0.20372196,0.00019999618
10697,21,0.18780892,0.00019999618
10698,21,0.20385750,0.00019999615
10699,21,0.19780011,0.00019999615
10700,21,0.19755523,0.00019999613
10701,21,0.18422563,0.00019999613
10702,21,0.21376415,0.00019999611
10703,21,0.18974738,0.00019999611
10704,21,0.22423168,0.00019999609
10705,21,0.21710306,0.00019999609
10706,21,0.20616050,0.00019999606
10707,21,0.20691811,0.00019999606
10708,21,0.22014377,0.00019999604
10709,21,0.19989546,0.00019999604
10710,21,0.19822326,0.00019999602
10711,21,0.21503451,0.00019999602
10712,21,0.18365948,0.000199996
10713,21,0.18068989,0.000199996
10714,21,0.18860325,0.00019999597
10715,21,0.19300880,0.00019999597
10716,21,0.21159162,0.00019999595
10717,21,0.21900490,0.00019999595
10718,21,0.20767756,0.00019999593
10719,21,0.19711466,0.00019999593
10720,21,0.21228412,0.00019999591
10721,21,0.18765654,0.00019999591
10722,21,0.19162245,0.00019999588
10723,21,0.18839605,0.00019999588
10724,21,0.20104152,0.00019999586
10725,21,0.19574365,0.00019999586
10726,21,0.22866246,0.00019999584
10727,21,0.19069417,0.00019999584
10728,21,0.20907588,0.00019999582
10729,21,0.19246128,0.00019999582
10730,21,0.19397278,0.00019999579
10731,21,0.20794316,0.00019999579
10732,21,0.21291888,0.00019999577
10733,21,0.19330341,0.00019999577
10734,21,0.20570795,0.00019999575
10735,21,0.18695331,0.00019999575
10736,21,0.21344328,0.00019999572
10737,21,0.21758372,0.00019999572
10738,21,0.21018641,0.0001999957
10739,21,0.20016189,0.0001999957
10740,21,0.22021067,0.00019999568
10741,21,0.20232248,0.00019999568
10742,21,0.19970070,0.00019999565
10743,21,0.21140313,0.00019999565
10744,21,0.20116483,0.00019999563
10745,21,0.17588909,0.00019999563
10746,21,0.21630661,0.00019999561
10747,21,0.21213730,0.00019999561
10748,21,0.18494065,0.00019999558
10749,21,0.20131159,0.00019999558
10750,21,0.17440921,0.00019999556
10751,21,0.20135586,0.00019999556
10752,21,0.20081609,0.00019999553
10753,21,0.19921656,0.00019999553
10754,21,0.20114765,0.00019999551
10755,21,0.20506634,0.00019999551
10756,21,0.19227938,0.00019999549
10757,21,0.22237508,0.00019999549
10758,21,0.21518423,0.00019999546
10759,21,0.19751321,0.00019999546
10760,21,0.21141890,0.00019999544
10761,21,0.18302666,0.00019999544
10762,21,0.21645361,0.00019999542
10763,21,0.17226300,0.00019999542
10764,21,0.20426637,0.00019999539
10765,21,0.22197907,0.00019999539
10766,21,0.21012418,0.00019999537
10767,21,0.20070627,0.00019999537
10768,21,0.19338366,0.00019999534
10769,21,0.20369291,0.00019999534
10770,21,0.20237118,0.00019999532
10771,21,0.20269547,0.00019999532
10772,21,0.19147649,0.00019999529
10773,21,0.18395314,0.00019999529
10774,21,0.20015559,0.00019999527
10775,21,0.21098539,0.00019999527
10776,21,0.18738399,0.00019999525
10777,21,0.19137003,0.00019999525
10778,21,0.17268868,0.00019999522
10779,21,0.21369419,0.00019999522
10780,21,0.20541970,0.0001999952
10781,21,0.19792721,0.0001999952
10782,21,0.20071952,0.00019999517
10783,21,0.18425077,0.00019999517
10784,21,0.21125467,0.00019999515
10785,21,0.20969479,0.00019999515
10786,21,0.21220408,0.00019999512
10787,21,0.20623952,0.00019999512
10788,21,0.19503208,0.0001999951
10789,21,0.18241091,0.0001999951
10790,21,0.20325218,0.00019999507
10791,21,0.19002195,0.00019999507
10792,21,0.20476811,0.00019999505
10793,21,0.23228736,0.00019999505
10794,21,0.19776663,0.00019999502
10795,21,0.18596441,0.00019999502
10796,21,0.20272040,0.000199995
10797,21,0.19811136,0.000199995
10798,21,0.19253384,0.00019999497
10799,21,0.17111850,0.00019999497
10800,21,0.18481673,0.00019999495
10801,21,0.19184978,0.00019999495
10802,21,0.19278897,0.00019999492
10803,21,0.21927953,0.00019999492
10804,21,0.21410096,0.0001999949
10805,21,0.21942832,0.0001999949
10806,21,0.20831381,0.00019999487
10807,21,0.23177852,0.00019999487
10808,21,0.22735207,0.00019999485
10809,21,0.19175898,0.00019999485
10810,21,0.19823168,0.00019999482
10811,21,0.20165703,0.00019999482
10812,21,0.22348006,0.00019999479
10813,21,0.21158808,0.00019999479
10814,21,0.19474414,0.00019999477
10815,21,0.18657738,0.00019999477
10816,21,0.21892758,0.00019999474
10817,21,0.21697205,0.00019999474
10818,21,0.20273004,0.00019999472
10819,21,0.22172411,0.00019999472
10820,21,0.21346463,0.00019999469
10821,21,0.21871354,0.00019999469
10822,21,0.19973660,0.00019999467
10823,21,0.20437317,0.00019999467
10824,21,0.20146118,0.00019999464
10825,21,0.19387929,0.00019999464
10826,21,0.19047920,0.00019999461
10827,21,0.19644462,0.00019999461
10828,21,0.22296482,0.00019999459
10829,21,0.21086450,0.00019999459
10830,21,0.19364394,0.00019999456
10831,21,0.20033149,0.00019999456
10832,21,0.20753905,0.00019999453
10833,21,0.21493514,0.00019999453
10834,21,0.20487314,0.00019999451
10835,21,0.19953401,0.00019999451
10836,21,0.19931598,0.00019999448
10837,21,0.20001599,0.00019999448
10838,21,0.21927929,0.00019999446
10839,21,0.20641054,0.00019999446
10840,21,0.23054126,0.00019999443
10841,21,0.20550887,0.00019999443
10842,21,0.20442191,0.0001999944
10843,21,0.19812679,0.0001999944
10844,21,0.22912110,0.00019999438
10845,21,0.20762010,0.00019999438
10846,21,0.20988825,0.00019999435
10847,21,0.18917969,0.00019999435
10848,21,0.19701195,0.00019999432
10849,21,0.18262829,0.00019999432
10850,21,0.20272838,0.0001999943
10851,21,0.19430417,0.0001999943
10852,21,0.20240730,0.00019999427
10853,21,0.19351083,0.00019999427
10854,21,0.19590919,0.00019999424
10855,21,0.20744430,0.00019999424
10856,21,0.16559227,0.00019999421
10857,21,0.19929594,0.00019999421
10858,21,0.21127050,0.00019999419
10859,21,0.18235680,0.00019999419
10860,21,0.20041183,0.00019999416
10861,21,0.19645378,0.00019999416
10862,21,0.21597588,0.00019999413
10863,21,0.24033017,0.00019999413
10864,21,0.17680688,0.00019999411
10865,21,0.19569798,0.00019999411
10866,21,0.20323518,0.00019999408
10867,21,0.19269821,0.00019999408
10868,21,0.22080530,0.00019999405
10869,21,0.20892173,0.00019999405
10870,21,0.22634056,0.00019999402
10871,21,0.20861442,0.00019999402
10872,21,0.20525424,0.000199994
10873,21,0.16104241,0.000199994
10874,21,0.21478292,0.00019999397
10875,21,0.22548147,0.00019999397
10876,21,0.19577451,0.00019999394
10877,21,0.19537431,0.00019999394
10878,21,0.20071350,0.00019999391
10879,21,0.19473465,0.00019999391
10880,21,0.20104209,0.00019999389
10881,21,0.21045150,0.00019999389
10882,21,0.18666482,0.00019999386
10883,21,0.20022292,0.00019999386
10884,21,0.20081374,0.00019999383
10885,21,0.19133261,0.00019999383
10886,21,0.21623622,0.0001999938
10887,21,0.19904298,0.0001999938
10888,21,0.19274399,0.00019999377
10889,21,0.19397950,0.00019999377
10890,21,0.20769982,0.00019999375
10891,21,0.18786398,0.00019999375
10892,21,0.18762149,0.00019999372
10893,21,0.21945775,0.00019999372
10894,21,0.18689212,0.00019999369
10895,21,0.22348905,0.00019999369
10896,21,0.20731832,0.00019999366
10897,21,0.19094928,0.00019999366
10898,21,0.20665301,0.00019999363
10899,21,0.19468410,0.00019999363
10900,21,0.19273898,0.0001999936
10901,21,0.21569799,0.0001999936
10902,21,0.18727486,0.00019999358
10903,21,0.19043143,0.00019999358
10904,21,0.20210573,0.00019999355
10905,21,0.20430417,0.00019999355
10906,21,0.23929816,0.00019999352
10907,21,0.22364564,0.00019999352
10908,21,0.20988053,0.00019999349
10909,21,0.18634693,0.00019999349
10910,21,0.20589025,0.00019999346
10911,21,0.19158848,0.00019999346
10912,21,0.18151620,0.00019999343
10913,21,0.20974286,0.00019999343
10914,21,0.20265126,0.0001999934
10915,21,0.19278994,0.0001999934
10916,21,0.18740568,0.00019999338
10917,21,0.19727623,0.00019999338
10918,21,0.21929476,0.00019999335
10919,21,0.19688545,0.00019999335
10920,21,0.19966942,0.00019999332
10921,22,0.19290505,0.00019999332
10922,22,0.21057458,0.00019999329
10923,22,0.21908125,0.00019999329
10924,22,0.20422311,0.00019999326
10925,22,0.18662827,0.00019999326
10926,22,0.18596560,0.00019999323
10927,22,0.18593641,0.00019999323
10928,22,0.20640810,0.0001999932
10929,22,0.21630950,0.0001999932
10930,22,0.22208473,0.00019999317
10931,22,0.19816633,0.00019999317
10932,22,0.19497596,0.00019999314
10933,22,0.18928307,0.00019999314
10934,22,0.19111691,0.00019999311
10935,22,0.19560654,0.00019999311
10936,22,0.20475495,0.00019999308
10937,22,0.18246073,0.00019999308
10938,22,0.18909749,0.00019999305
10939,22,0.21794541,0.00019999305
10940,22,0.18209095,0.00019999302
10941,22,0.20546910,0.00019999302
10942,22,0.20683837,0.00019999299
10943,22,0.22195579,0.00019999299
10944,22,0.18983860,0.00019999296
10945,22,0.19547987,0.00019999296
10946,22,0.21781966,0.00019999293
10947,22,0.19965564,0.00019999293
10948,22,0.17718920,0.0001999929
10949,22,0.19671090,0.0001999929
10950,22,0.19609065,0.00019999287
10951,22,0.22246058,0.00019999287
10952,22,0.20813571,0.00019999284
10953,22,0.19912158,0.00019999284
10954,22,0.19938157,0.00019999281
10955,22,0.22608897,0.00019999281
10956,22,0.19708873,0.00019999278
10957,22,0.18587321,0.00019999278
10958,22,0.19109003,0.00019999275
10959,22,0.19127528,0.00019999275
10960,22,0.20133887,0.00019999272
10961,22,0.19603398,0.00019999272
10962,22,0.20552720,0.00019999269
10963,22,0.20245822,0.00019999269
10964,22,0.19051750,0.00019999266
10965,22,0.18417485,0.00019999266
10966,22,0.20446250,0.00019999263
10967,22,0.17901477,0.00019999263
10968,22,0.19080496,0.0001999926
10969,22,0.21167831,0.0001999926
10970,22,0.21945263,0.00019999257
10971,22,0.19467600,0.00019999257
10972,22,0.19813786,0.00019999254
10973,22,0.21447192,0.00019999254
10974,22,0.20344383,0.00019999251
10975,22,0.18096977,0.00019999251
10976,22,0.20271654,0.00019999248
10977,22,0.19525006,0.00019999248
10978,22,0.21175465,0.00019999245
10979,22,0.19397342,0.00019999245
10980,22,0.20676011,0.00019999242
10981,22,0.19802673,0.00019999242
10982,22,0.20760433,0.00019999239
10983,22,0.19165488,0.00019999239
10984,22,0.19537134,0.00019999236
10985,22,0.22061042,0.00019999236
10986,22,0.19170128,0.00019999232
10987,22,0.19229977,0.00019999232
10988,22,0.19838238,0.00019999229
10989,22,0.18598171,0.00019999229
10990,22,0.19432548,0.00019999226
10991,22,0.20370708,0.00019999226
10992,22,0.21673781,0.00019999223
10993,22,0.21868277,0.00019999223
10994,22,0.19057304,0.0001999922
10995,22,0.19969511,0.0001999922
10996,22,0.19037874,0.00019999217
10997,22,0.20065136,0.00019999217
10998,22,0.20307016,0.00019999214
10999,22,0.20143774,0.00019999214
11000,22,0.20245297,0.0001999921
11001,22,0.21435866,0.0001999921
11002,22,0.17666262,0.00019999207
11003,22,0.21124674,0.00019999207
11004,22,0.18737589,0.00019999204
11005,22,0.20879966,0.00019999204
11006,22,0.19571534,0.00019999201
11007,22,0.19146641,0.00019999201
11008,22,0.19095737,0.00019999198
11009,22,0.20193365,0.00019999198
11010,22,0.18349071,0.00019999195
11011,22,0.18206014,0.00019999195
11012,22,0.18841384,0.00019999191
11013,22,0.17805161,0.00019999191
11014,22,0.18479978,0.00019999188
11015,22,0.18586911,0.00019999188
11016,22,0.21237466,0.00019999185
11017,22,0.18346071,0.00019999185
11018,22,0.20233861,0.00019999182
11019,22,0.22186503,0.00019999182
11020,22,0.18044043,0.00019999179
11021,22,0.19537330,0.00019999179
11022,22,0.20723298,0.00019999175
11023,22,0.17633611,0.00019999175
11024,22,0.19710866,0.00019999172
11025,22,0.20228754,0.00019999172
11026,22,0.18415692,0.00019999169
11027,22,0.18062052,0.00019999169
11028,22,0.18796945,0.00019999166
11029,22,0.20283212,0.00019999166
11030,22,0.21136045,0.00019999162
11031,22,0.19266748,0.00019999162
11032,22,0.20997405,0.00019999159
11033,22,0.19670856,0.00019999159
11034,22,0.19635326,0.00019999156
11035,22,0.19271956,0.00019999156
11036,22,0.19748899,0.00019999153
11037,22,0.18980980,0.00019999153
11038,22,0.19260213,0.00019999149
11039,22,0.19354405,0.00019999149
11040,22,0.19456117,0.00019999146
11041,22,0.19434944,0.00019999146
11042,22,0.19487405,0.00019999143
11043,22,0.20510884,0.00019999143
11044,22,0.18365563,0.00019999139
11045,22,0.20979278,0.00019999139
11046,22,0.21348412,0.00019999136
11047,22,0.19385873,0.00019999136
11048,22,0.19679911,0.00019999133
11049,22,0.21690743,0.00019999133
11050,22,0.20431180,0.0001999913
11051,22,0.18830721,0.0001999913
11052,22,0.22129118,0.00019999126
11053,22,0.18897328,0.00019999126
11054,22,0.20144221,0.00019999123
11055,22,0.18962935,0.00019999123
11056,22,0.19659270,0.0001999912
11057,22,0.19743671,0.0001999912
11058,22,0.19717032,0.00019999116
11059,22,0.21832891,0.00019999116
11060,22,0.19348516,0.00019999113
11061,22,0.21094717,0.00019999113
11062,22,0.19247581,0.0001999911
11063,22,0.19143544,0.0001999911
11064,22,0.18456633,0.00019999106
11065,22,0.20959657,0.00019999106
11066,22,0.19123510,0.00019999103
11067,22,0.20294519,0.00019999103
11068,22,0.18783088,0.00019999099
11069,22,0.19452800,0.00019999099
11070,22,0.19386175,0.00019999096
11071,22,0.20705239,0.00019999096
11072,22,0.19579312,0.00019999093
11073,22,0.18707876,0.00019999093
11074,22,0.18661696,0.00019999089
11075,22,0.19146167,0.00019999089
11076,22,0.18873665,0.00019999086
11077,22,0.19714290,0.00019999086
11078,22,0.21253315,0.00019999082
11079,22,0.21111727,0.00019999082
11080,22,0.21177839,0.00019999079
11081,22,0.20570262,0.00019999079
11082,22,0.18802908,0.00019999076
11083,22,0.24059482,0.00019999076
11084,22,0.19022699,0.00019999072
11085,22,0.20064269,0.00019999072
11086,22,0.21905296,0.00019999069
11087,22,0.21041982,0.00019999069
11088,22,0.21601611,0.00019999065
11089,22,0.20068730,0.00019999065
11090,22,0.19735660,0.00019999062
11091,22,0.22128448,0.00019999062
11092,22,0.23462065,0.00019999058
11093,22,0.19131656,0.00019999058
11094,22,0.18226716,0.00019999055
11095,22,0.20067120,0.00019999055
11096,22,0.21505706,0.00019999052
11097,22,0.19261666,0.00019999052
11098,22,0.19654804,0.00019999048
11099,22,0.20396146,0.00019999048
11100,22,0.23092450,0.00019999045
11101,22,0.20141463,0.00019999045
11102,22,0.19386828,0.00019999041
11103,22,0.19304800,0.00019999041
11104,22,0.18905081,0.00019999038
11105,22,0.19731665,0.00019999038
11106,22,0.19431539,0.00019999034
11107,22,0.19925091,0.00019999034
11108,22,0.18135805,0.00019999031
11109,22,0.20509046,0.00019999031
11110,22,0.20042843,0.00019999027
11111,22,0.19533750,0.00019999027
11112,22,0.19534063,0.00019999024
11113,22,0.18662140,0.00019999024
11114,22,0.21953732,0.0001999902
11115,22,0.19111367,0.0001999902
11116,22,0.18113548,0.00019999017
11117,22,0.18635507,0.00019999017
11118,22,0.18995510,0.00019999013
11119,22,0.19789690,0.00019999013
11120,22,0.20560460,0.0001999901
11121,22,0.21715568,0.0001999901
11122,22,0.19785051,0.00019999006
11123,22,0.20488997,0.00019999006
11124,22,0.19921483,0.00019999002
11125,22,0.18383184,0.00019999002
11126,22,0.20346257,0.00019998999
11127,22,0.19670428,0.00019998999
11128,22,0.19316371,0.00019998995
11129,22,0.19709039,0.00019998995
11130,22,0.20322618,0.00019998992
11131,22,0.19512844,0.00019998992
11132,22,0.20616542,0.00019998988
11133,22,0.20680286,0.00019998988
11134,22,0.20547046,0.00019998985
11135,22,0.20885551,0.00019998985
11136,22,0.19688435,0.00019998981
11137,22,0.21230392,0.00019998981
11138,22,0.19798799,0.00019998977
11139,22,0.18931010,0.00019998977
11140,22,0.20571327,0.00019998974
11141,22,0.19908668,0.00019998974
11142,22,0.18617569,0.0001999897
11143,22,0.18143578,0.0001999897
11144,22,0.18201078,0.00019998967
11145,22,0.20793036,0.00019998967
11146,22,0.19590633,0.00019998963
11147,22,0.21252653,0.00019998963
11148,22,0.20943017,0.00019998959
11149,22,0.18887013,0.00019998959
11150,22,0.18411967,0.00019998956
11151,22,0.22496955,0.00019998956
11152,22,0.20137085,0.00019998952
11153,22,0.22375695,0.00019998952
11154,22,0.19097236,0.00019998949
11155,22,0.20247279,0.00019998949
11156,22,0.20929845,0.00019998945
11157,22,0.20077482,0.00019998945
11158,22,0.18352604,0.00019998941
11159,22,0.20122939,0.00019998941
11160,22,0.21376437,0.00019998938
11161,22,0.19564030,0.00019998938
11162,22,0.17546640,0.00019998934
11163,22,0.18155524,0.00019998934
11164,22,0.18263747,0.0001999893
11165,22,0.18866558,0.0001999893
11166,22,0.21666920,0.00019998927
11167,22,0.22282791,0.00019998927
11168,22,0.20385736,0.00019998923
11169,22,0.20251580,0.00019998923
11170,22,0.20627478,0.00019998919
11171,22,0.19486137,0.00019998919
11172,22,0.19899456,0.00019998915
11173,22,0.20519812,0.00019998915
11174,22,0.19758822,0.00019998912
11175,22,0.20186611,0.00019998912
11176,22,0.21959560,0.00019998908
11177,22,0.18789239,0.00019998908
11178,22,0.19396615,0.00019998904
11179,22,0.19792633,0.00019998904
11180,22,0.19038033,0.00019998901
11181,22,0.19421023,0.00019998901
11182,22,0.22716816,0.00019998897
11183,22,0.19911668,0.00019998897
11184,22,0.19157012,0.00019998893
11185,22,0.19742757,0.00019998893
11186,22,0.20804012,0.00019998889
11187,22,0.19604768,0.00019998889
11188,22,0.19042936,0.00019998886
11189,22,0.21635675,0.00019998886
11190,22,0.19079600,0.00019998882
11191,22,0.18015069,0.00019998882
11192,22,0.20319887,0.00019998878
11193,22,0.19675057,0.00019998878
11194,22,0.20808180,0.00019998874
11195,22,0.19686729,0.00019998874
11196,22,0.19184870,0.00019998871
11197,22,0.19568188,0.00019998871
11198,22,0.18610314,0.00019998867
11199,22,0.19458188,0.00019998867
11200,22,0.19242612,0.00019998863
11201,22,0.19034810,0.00019998863
11202,22,0.20023946,0.00019998859
11203,22,0.18980353,0.00019998859
11204,22,0.21722820,0.00019998855
11205,22,0.21118109,0.00019998855
11206,22,0.20944990,0.00019998852
11207,22,0.19803357,0.00019998852
11208,22,0.19768924,0.00019998848
11209,22,0.18986565,0.00019998848
11210,22,0.19088180,0.00019998844
11211,22,0.20537414,0.00019998844
11212,22,0.19084767,0.0001999884
11213,22,0.21160811,0.0001999884
11214,22,0.21042021,0.00019998836
11215,22,0.19619448,0.00019998836
11216,22,0.19736901,0.00019998833
11217,22,0.19076207,0.00019998833
11218,22,0.18459477,0.00019998829
11219,22,0.20741476,0.00019998829
11220,22,0.18913388,0.00019998825
11221,22,0.20103212,0.00019998825
11222,22,0.19990712,0.00019998821
11223,22,0.20351397,0.00019998821
11224,22,0.19305964,0.00019998817
11225,22,0.20227186,0.00019998817
11226,22,0.19330378,0.00019998813
11227,22,0.19879802,0.00019998813
11228,22,0.18898667,0.00019998809
11229,22,0.19035561,0.00019998809
11230,22,0.19776556,0.00019998805
11231,22,0.19229232,0.00019998805
11232,22,0.21854523,0.00019998802
11233,22,0.20959945,0.00019998802
11234,22,0.19154592,0.00019998798
11235,22,0.18412435,0.00019998798
11236,22,0.22062150,0.00019998794
11237,22,0.22459298,0.00019998794
11238,22,0.19464605,0.0001999879
11239,22,0.19334809,0.0001999879
11240,22,0.19494373,0.00019998786
11241,22,0.19781801,0.00019998786
11242,22,0.19605605,0.00019998782
11243,22,0.19283016,0.00019998782
11244,22,0.20479056,0.00019998778
11245,22,0.22031541,0.00019998778
11246,22,0.19068967,0.00019998774
11247,22,0.20869160,0.00019998774
11248,22,0.21287800,0.0001999877
11249,22,0.20757565,0.0001999877
11250,22,0.20483108,0.00019998766
11251,22,0.20589896,0.00019998766
11252,22,0.20619799,0.00019998762
11253,22,0.18066366,0.00019998762
11254,22,0.19845894,0.00019998758
11255,22,0.19682212,0.00019998758
11256,22,0.18798062,0.00019998754
11257,22,0.17856465,0.00019998754
11258,22,0.19607684,0.0001999875
11259,22,0.18403248,0.0001999875
11260,22,0.19393972,0.00019998747
11261,22,0.19719692,0.00019998747
11262,22,0.19418465,0.00019998743
11263,22,0.18372279,0.00019998743
11264,22,0.20847160,0.00019998739
11265,22,0.21976301,0.00019998739
11266,22,0.19062701,0.00019998735
11267,22,0.19663699,0.00019998735
11268,22,0.20232269,0.00019998731
11269,22,0.20413275,0.00019998731
11270,22,0.19557039,0.00019998727
11271,22,0.19223478,0.00019998727
11272,22,0.19535120,0.00019998723
11273,22,0.19318157,0.00019998723
11274,22,0.19062670,0.00019998718
11275,22,0.20030573,0.00019998718
11276,22,0.21403530,0.00019998714
11277,22,0.19531007,0.00019998714
11278,22,0.20625480,0.0001999871
11279,22,0.18405515,0.0001999871
11280,22,0.19430920,0.00019998706
11281,22,0.17917557,0.00019998706
11282,22,0.19143802,0.00019998702
11283,22,0.20017341,0.00019998702
11284,22,0.20400794,0.00019998698
11285,22,0.19953436,0.00019998698
11286,22,0.22685666,0.00019998694
11287,22,0.18165472,0.00019998694
11288,22,0.18373322,0.0001999869
11289,22,0.21590301,0.0001999869
11290,22,0.20517139,0.00019998686
11291,22,0.19013686,0.00019998686
11292,22,0.19551314,0.00019998682
11293,22,0.18929464,0.00019998682
11294,22,0.19035712,0.00019998678
11295,22,0.20020156,0.00019998678
11296,22,0.20074499,0.00019998674
11297,22,0.18654008,0.00019998674
11298,22,0.20405135,0.0001999867
11299,22,0.17861485,0.0001999867
11300,22,0.21548851,0.00019998666
11301,22,0.19334786,0.00019998666
11302,22,0.19023921,0.00019998662
11303,22,0.19381571,0.00019998662
11304,22,0.19796455,0.00019998657
11305,22,0.21605733,0.00019998657
11306,22,0.19146048,0.00019998653
11307,22,0.20902380,0.00019998653
11308,22,0.21247433,0.00019998649
11309,22,0.18828531,0.00019998649
11310,22,0.20624106,0.00019998645
11311,22,0.17828472,0.00019998645
11312,22,0.19021887,0.00019998641
11313,22,0.20420645,0.00019998641
11314,22,0.20637414,0.00019998637
11315,22,0.18196763,0.00019998637
11316,22,0.19677635,0.00019998633
11317,22,0.19655572,0.00019998633
11318,22,0.20719109,0.00019998628
11319,22,0.18878801,0.00019998628
11320,22,0.19545490,0.00019998624
11321,22,0.18925510,0.00019998624
11322,22,0.20994939,0.0001999862
11323,22,0.19415331,0.0001999862
11324,22,0.18789755,0.00019998616
11325,22,0.19404991,0.00019998616
11326,22,0.18415596,0.00019998612
11327,22,0.20113711,0.00019998612
11328,22,0.19074251,0.00019998608
11329,22,0.19241324,0.00019998608
11330,22,0.20166917,0.00019998603
11331,22,0.18890196,0.00019998603
11332,22,0.17744827,0.00019998599
11333,22,0.21448837,0.00019998599
11334,22,0.19739713,0.00019998595
11335,22,0.19094208,0.00019998595
11336,22,0.20273009,0.00019998591
11337,22,0.19879141,0.00019998591
11338,22,0.18966846,0.00019998587
11339,22,0.19669096,0.00019998587
11340,22,0.20725113,0.00019998582
11341,22,0.21234575,0.00019998582
11342,22,0.19940469,0.00019998578
11343,22,0.19887252,0.00019998578
11344,22,0.18420883,0.00019998574
11345,22,0.18837507,0.00019998574
11346,22,0.20969607,0.0001999857
11347,22,0.18808608,0.0001999857
11348,22,0.19191284,0.00019998565
11349,22,0.19414708,0.00019998565
11350,22,0.18892179,0.00019998561
11351,22,0.18301205,0.00019998561
11352,22,0.19327214,0.00019998557
11353,22,0.19922006,0.00019998557
11354,22,0.18320993,0.00019998553
11355,22,0.18929064,0.00019998553
11356,22,0.21900722,0.00019998548
11357,22,0.19942120,0.00019998548
11358,22,0.19724412,0.00019998544
11359,22,0.19915745,0.00019998544
11360,22,0.19387938,0.0001999854
11361,22,0.20583926,0.0001999854
11362,22,0.19417872,0.00019998535
11363,22,0.20529655,0.00019998535
11364,22,0.18591924,0.00019998531
11365,22,0.18667348,0.00019998531
11366,22,0.21024349,0.00019998527
11367,22,0.18829514,0.00019998527
11368,22,0.17533806,0.00019998522
11369,22,0.18039729,0.00019998522
11370,22,0.18553434,0.00019998518
11371,22,0.20687342,0.00019998518
11372,22,0.18721814,0.00019998514
11373,22,0.19705248,0.00019998514
11374,22,0.20413738,0.00019998509
11375,22,0.22141425,0.00019998509
11376,22,0.18245468,0.00019998505
11377,22,0.18983702,0.00019998505
11378,22,0.20390919,0.00019998501
11379,22,0.18351182,0.00019998501
11380,22,0.20129490,0.00019998496
11381,22,0.19462016,0.00019998496
11382,22,0.19936895,0.00019998492
11383,22,0.20374851,0.00019998492
11384,22,0.22095747,0.00019998488
11385,22,0.19476120,0.00019998488
11386,22,0.19191223,0.00019998483
11387,22,0.20881076,0.00019998483
11388,22,0.20960817,0.00019998479
11389,22,0.19597192,0.00019998479
11390,22,0.18963006,0.00019998475
11391,22,0.19145842,0.00019998475
11392,22,0.19909593,0.0001999847
11393,22,0.22631365,0.0001999847
11394,22,0.19775106,0.00019998466
11395,22,0.19788705,0.00019998466
11396,22,0.20244634,0.00019998461
11397,22,0.20118424,0.00019998461
11398,22,0.20440440,0.00019998457
11399,22,0.18690006,0.00019998457
11400,22,0.19339435,0.00019998452
11401,22,0.19197641,0.00019998452
11402,22,0.19647624,0.00019998448
11403,22,0.18918259,0.00019998448
11404,22,0.20068023,0.00019998444
11405,22,0.18862070,0.00019998444
11406,22,0.16888617,0.00019998439
11407,22,0.18254656,0.00019998439
11408,22,0.18483841,0.00019998435
11409,22,0.19081934,0.00019998435
11410,22,0.20390482,0.0001999843
11411,22,0.19452392,0.0001999843
11412,22,0.19457166,0.00019998426
11413,22,0.19193959,0.00019998426
11414,22,0.19538838,0.00019998421
11415,22,0.19199467,0.00019998421
11416,22,0.21421380,0.00019998417
11417,22,0.19500545,0.00019998417
11418,22,0.19816768,0.00019998412
11419,22,0.20016266,0.00019998412
11420,22,0.22048910,0.00019998408
11421,22,0.20714040,0.00019998408
11422,22,0.20663416,0.00019998403
11423,22,0.17214391,0.00019998403
11424,22,0.18906899,0.00019998399
11425,22,0.19694218,0.00019998399
11426,22,0.19631746,0.00019998394
11427,22,0.17862561,0.00019998394
11428,22,0.19073500,0.0001999839
11429,22,0.21734887,0.0001999839
11430,22,0.19552539,0.00019998385
11431,22,0.20000757,0.00019998385
11432,22,0.17731993,0.00019998381
11433,22,0.21897085,0.00019998381
11434,22,0.20781285,0.00019998376
11435,22,0.20843926,0.00019998376
11436,22,0.21452886,0.00019998372
11437,22,0.20543785,0.00019998372
11438,22,0.20365132,0.00019998367
11439,22,0.17615655,0.00019998367
11440,22,0.18135531,0.00019998363
11441,23,0.18279846,0.00019998363
11442,23,0.18577342,0.00019998358
11443,23,0.18807597,0.00019998358
11444,23,0.19919629,0.00019998354
11445,23,0.20638888,0.00019998354
11446,23,0.19781822,0.00019998349
11447,23,0.18599924,0.00019998349
11448,23,0.20733912,0.00019998345
11449,23,0.19800363,0.00019998345
11450,23,0.20371127,0.0001999834
11451,23,0.17546257,0.0001999834
11452,23,0.19419058,0.00019998335
11453,23,0.18227394,0.00019998335
11454,23,0.20862791,0.00019998331
11455,23,0.19869263,0.00019998331
11456,23,0.20934790,0.00019998326
11457,23,0.18498488,0.00019998326
11458,23,0.19750543,0.00019998322
11459,23,0.20573768,0.00019998322
11460,23,0.18697043,0.00019998317
11461,23,0.18937422,0.00019998317
11462,23,0.19078374,0.00019998312
11463,23,0.20658466,0.00019998312
11464,23,0.19556846,0.00019998308
11465,23,0.20444165,0.00019998308
11466,23,0.17834724,0.00019998303
11467,23,0.18223698,0.00019998303
11468,23,0.21820331,0.00019998299
11469,23,0.19561262,0.00019998299
11470,23,0.21363272,0.00019998294
11471,23,0.18881054,0.00019998294
11472,23,0.19403368,0.00019998289
11473,23,0.17312142,0.00019998289
11474,23,0.18164232,0.00019998285
11475,23,0.19343199,0.00019998285
11476,23,0.21407409,0.0001999828
11477,23,0.19670637,0.0001999828
11478,23,0.20363100,0.00019998275
11479,23,0.19646502,0.00019998275
11480,23,0.19494826,0.00019998271
11481,23,0.20940752,0.00019998271
11482,23,0.19936866,0.00019998266
11483,23,0.21722171,0.00019998266
11484,23,0.19493911,0.00019998261
11485,23,0.18696481,0.00019998261
11486,23,0.19763348,0.00019998257
11487,23,0.19683777,0.00019998257
11488,23,0.18119462,0.00019998252
11489,23,0.20652063,0.00019998252
11490,23,0.20898204,0.00019998247
11491,23,0.19649234,0.00019998247
11492,23,0.19161357,0.00019998242
11493,23,0.19469452,0.00019998242
11494,23,0.20745967,0.00019998238
11495,23,0.17354341,0.00019998238
11496,23,0.20899819,0.00019998233
11497,23,0.18501063,0.00019998233
11498,23,0.21899697,0.00019998228
11499,23,0.21502680,0.00019998228
11500,23,0.19521840,0.00019998224
11501,23,0.19016393,0.00019998224
11502,23,0.21221228,0.00019998219
11503,23,0.19789512,0.00019998219
11504,23,0.18049400,0.00019998214
11505,23,0.18556295,0.00019998214
11506,23,0.19488437,0.00019998209
11507,23,0.19200346,0.00019998209
11508,23,0.19169791,0.00019998205
11509,23,0.20149815,0.00019998205
11510,23,0.19586349,0.000199982
11511,23,0.19813530,0.000199982
11512,23,0.20547231,0.00019998195
11513,23,0.20759618,0.00019998195
11514,23,0.20246236,0.0001999819
11515,23,0.20515738,0.0001999819
11516,23,0.21636751,0.00019998185
11517,23,0.20788622,0.00019998185
11518,23,0.21288934,0.00019998181
11519,23,0.19778104,0.00019998181
11520,23,0.21628509,0.00019998176
11521,23,0.21677245,0.00019998176
11522,23,0.19743606,0.00019998171
11523,23,0.18295458,0.00019998171
11524,23,0.18951494,0.00019998166
11525,23,0.19137383,0.00019998166
11526,23,0.19384518,0.00019998161
11527,23,0.20983215,0.00019998161
11528,23,0.19081908,0.00019998157
11529,23,0.19913797,0.00019998157
11530,23,0.19852130,0.00019998152
11531,23,0.19700885,0.00019998152
11532,23,0.21318908,0.00019998147
11533,23,0.21656068,0.00019998147
11534,23,0.20505829,0.00019998142
11535,23,0.17892487,0.00019998142
11536,23,0.19695194,0.00019998137
11537,23,0.21197341,0.00019998137
11538,23,0.19094135,0.00019998132
11539,23,0.21641408,0.00019998132
11540,23,0.20462723,0.00019998128
11541,23,0.20186630,0.00019998128
11542,23,0.20671737,0.00019998123
11543,23,0.19487794,0.00019998123
11544,23,0.21883963,0.00019998118
11545,23,0.19767158,0.00019998118
11546,23,0.20124714,0.00019998113
11547,23,0.20234908,0.00019998113
11548,23,0.17702708,0.00019998108
11549,23,0.18696184,0.00019998108
11550,23,0.19565578,0.00019998103
11551,23,0.21909709,0.00019998103
11552,23,0.19560538,0.00019998098
11553,23,0.20439461,0.00019998098
11554,23,0.19634920,0.00019998093
11555,23,0.19428001,0.00019998093
11556,23,0.18050207,0.00019998088
11557,23,0.18792850,0.00019998088
11558,23,0.21101515,0.00019998083
11559,23,0.21061508,0.00019998083
11560,23,0.17652649,0.00019998079
11561,23,0.20202589,0.00019998079
11562,23,0.18793631,0.00019998074
11563,23,0.21182095,0.00019998074
11564,23,0.19311935,0.00019998069
11565,23,0.19753367,0.00019998069
11566,23,0.19019955,0.00019998064
11567,23,0.20397489,0.00019998064
11568,23,0.22150670,0.00019998059
11569,23,0.20754738,0.00019998059
11570,23,0.19955416,0.00019998054
11571,23,0.19820100,0.00019998054
11572,23,0.21440144,0.00019998049
11573,23,0.20290831,0.00019998049
11574,23,0.21862483,0.00019998044
11575,23,0.21708839,0.00019998044
11576,23,0.19594660,0.00019998039
11577,23,0.20235570,0.00019998039
11578,23,0.21264072,0.00019998034
11579,23,0.20657414,0.00019998034
11580,23,0.18708429,0.00019998029
11581,23,0.19986041,0.00019998029
11582,23,0.18433528,0.00019998024
11583,23,0.19333814,0.00019998024
11584,23,0.19069205,0.00019998019
11585,23,0.18605486,0.00019998019
11586,23,0.20582591,0.00019998014
11587,23,0.20194788,0.00019998014
11588,23,0.16846257,0.00019998009
11589,23,0.18721709,0.00019998009
11590,23,0.18048258,0.00019998004
11591,23,0.19591159,0.00019998004
11592,23,0.18820927,0.00019997999
11593,23,0.20325848,0.00019997999
11594,23,0.20640920,0.00019997994
11595,23,0.19445860,0.00019997994
11596,23,0.19882591,0.00019997989
11597,23,0.19138438,0.00019997989
11598,23,0.19729301,0.00019997984
11599,23,0.20735225,0.00019997984
11600,23,0.19310601,0.00019997979
11601,23,0.20977922,0.00019997979
11602,23,0.20151515,0.00019997974
11603,23,0.19280638,0.00019997974
11604,23,0.17652327,0.00019997969
11605,23,0.20762669,0.00019997969
11606,23,0.20718496,0.00019997964
11607,23,0.18978333,0.00019997964
11608,23,0.19605322,0.00019997959
11609,23,0.22816324,0.00019997959
11610,23,0.21247122,0.00019997953
11611,23,0.20397502,0.00019997953
11612,23,0.19539642,0.00019997948
11613,23,0.20153254,0.00019997948
11614,23,0.19102775,0.00019997943
11615,23,0.18753844,0.00019997943
11616,23,0.20588431,0.00019997938
11617,23,0.18255512,0.00019997938
11618,23,0.19368644,0.00019997933
11619,23,0.21556684,0.00019997933
11620,23,0.21151771,0.00019997928
11621,23,0.20818214,0.00019997928
11622,23,0.18980682,0.00019997923
11623,23,0.17988607,0.00019997923
11624,23,0.19966868,0.00019997918
11625,23,0.18281586,0.00019997918
11626,23,0.19064631,0.00019997913
11627,23,0.18911926,0.00019997913
11628,23,0.20434120,0.00019997907
11629,23,0.19230194,0.00019997907
11630,23,0.20118955,0.00019997902
11631,23,0.22338159,0.00019997902
11632,23,0.19774289,0.00019997897
11633,23,0.19459672,0.00019997897
11634,23,0.21505232,0.00019997892
11635,23,0.20595098,0.00019997892
11636,23,0.19926326,0.00019997887
11637,23,0.18514815,0.00019997887
11638,23,0.19435370,0.00019997882
11639,23,0.20701374,0.00019997882
11640,23,0.20730406,0.00019997876
11641,23,0.18896760,0.00019997876
11642,23,0.20101315,0.00019997871
11643,23,0.20336016,0.00019997871
11644,23,0.20104478,0.00019997866
11645,23,0.21625781,0.00019997866
11646,23,0.19218095,0.00019997861
11647,23,0.19885507,0.00019997861
11648,23,0.17450544,0.00019997856
11649,23,0.17875937,0.00019997856
11650,23,0.19884266,0.0001999785
11651,23,0.19651826,0.0001999785
11652,23,0.19535571,0.00019997845
11653,23,0.17762326,0.00019997845
11654,23,0.20074315,0.0001999784
11655,23,0.17972790,0.0001999784
11656,23,0.21046522,0.00019997835
11657,23,0.20456427,0.00019997835
11658,23,0.18474306,0.0001999783
11659,23,0.19566701,0.0001999783
11660,23,0.17414372,0.00019997824
11661,23,0.19549985,0.00019997824
11662,23,0.18606165,0.00019997819
11663,23,0.18329933,0.00019997819
11664,23,0.17638549,0.00019997814
11665,23,0.19065857,0.00019997814
11666,23,0.18750608,0.00019997809
11667,23,0.20387012,0.00019997809
11668,23,0.20624453,0.00019997803
11669,23,0.17206749,0.00019997803
11670,23,0.18461210,0.00019997798
11671,23,0.19748309,0.00019997798
11672,23,0.18955922,0.00019997793
11673,23,0.18497446,0.00019997793
11674,23,0.21119322,0.00019997787
11675,23,0.22865316,0.00019997787
11676,23,0.18211360,0.00019997782
11677,23,0.18909211,0.00019997782
11678,23,0.19412385,0.00019997777
11679,23,0.18864146,0.00019997777
11680,23,0.21016796,0.00019997772
11681,23,0.21439309,0.00019997772
11682,23,0.21116719,0.00019997766
11683,23,0.22149900,0.00019997766
11684,23,0.22735183,0.00019997761
11685,23,0.19593072,0.00019997761
11686,23,0.20231104,0.00019997756
11687,23,0.21227863,0.00019997756
11688,23,0.23398532,0.0001999775
11689,23,0.20946707,0.0001999775
11690,23,0.19440670,0.00019997745
11691,23,0.19172761,0.00019997745
11692,23,0.20384295,0.0001999774
11693,23,0.19774988,0.0001999774
11694,23,0.22236463,0.00019997734
11695,23,0.18637344,0.00019997734
11696,23,0.19575118,0.00019997729
11697,23,0.21074891,0.00019997729
11698,23,0.19302946,0.00019997724
11699,23,0.17220548,0.00019997724
11700,23,0.18812469,0.00019997718
11701,23,0.19234146,0.00019997718
11702,23,0.20152327,0.00019997713
11703,23,0.21674787,0.00019997713
11704,23,0.17779963,0.00019997707
11705,23,0.20132026,0.00019997707
11706,23,0.17664024,0.00019997702
11707,23,0.20818523,0.00019997702
11708,23,0.20066150,0.00019997697
11709,23,0.18987256,0.00019997697
11710,23,0.19302498,0.00019997691
11711,23,0.19839801,0.00019997691
11712,23,0.21006301,0.00019997686
11713,23,0.18989110,0.00019997686
11714,23,0.20393761,0.0001999768
11715,23,0.19340208,0.0001999768
11716,23,0.17076923,0.00019997675
11717,23,0.19292517,0.00019997675
11718,23,0.19642925,0.0001999767
11719,23,0.20773795,0.0001999767
11720,23,0.18476355,0.00019997664
11721,23,0.17134185,0.00019997664
11722,23,0.18774754,0.00019997659
11723,23,0.20008522,0.00019997659
11724,23,0.21881744,0.00019997653
11725,23,0.19780348,0.00019997653
11726,23,0.19563714,0.00019997648
11727,23,0.20210494,0.00019997648
11728,23,0.17587504,0.00019997642
11729,23,0.19374162,0.00019997642
11730,23,0.19417214,0.00019997637
11731,23,0.19369075,0.00019997637
11732,23,0.19342248,0.00019997632
11733,23,0.18482555,0.00019997632
11734,23,0.20379943,0.00019997626
11735,23,0.19884318,0.00019997626
11736,23,0.19659063,0.00019997621
11737,23,0.18850046,0.00019997621
11738,23,0.20623529,0.00019997615
11739,23,0.19311301,0.00019997615
11740,23,0.22075140,0.0001999761
11741,23,0.24459150,0.0001999761
11742,23,0.18574579,0.00019997604
11743,23,0.23349577,0.00019997604
11744,23,0.21287031,0.00019997599
11745,23,0.19410279,0.00019997599
11746,23,0.19795206,0.00019997593
11747,23,0.20450768,0.00019997593
11748,23,0.19729342,0.00019997588
11749,23,0.20829302,0.00019997588
11750,23,0.21438137,0.00019997582
11751,23,0.20992745,0.00019997582
11752,23,0.20016146,0.00019997577
11753,23,0.20147879,0.00019997577
11754,23,0.23252209,0.00019997571
11755,23,0.19102795,0.00019997571
11756,23,0.19250210,0.00019997565
11757,23,0.19281471,0.00019997565
11758,23,0.18614146,0.0001999756
11759,23,0.19722162,0.0001999756
11760,23,0.19330783,0.00019997554
11761,23,0.20092125,0.00019997554
11762,23,0.18263690,0.00019997549
11763,23,0.21462591,0.00019997549
11764,23,0.20150821,0.00019997543
11765,23,0.23029706,0.00019997543
11766,23,0.20215650,0.00019997538
11767,23,0.20356113,0.00019997538
11768,23,0.19138661,0.00019997532
11769,23,0.19671832,0.00019997532
11770,23,0.20204642,0.00019997526
11771,23,0.17946425,0.00019997526
11772,23,0.19733176,0.00019997521
11773,23,0.21184590,0.00019997521
11774,23,0.19728199,0.00019997515
11775,23,0.19731756,0.00019997515
11776,23,0.19861750,0.0001999751
11777,23,0.17102434,0.0001999751
11778,23,0.19237155,0.00019997504
11779,23,0.21748672,0.00019997504
11780,23,0.18541431,0.00019997498
11781,23,0.17829104,0.00019997498
11782,23,0.18308373,0.00019997493
11783,23,0.19732095,0.00019997493
11784,23,0.20718820,0.00019997487
11785,23,0.20087627,0.00019997487
11786,23,0.19308080,0.00019997482
11787,23,0.18390043,0.00019997482
11788,23,0.20210351,0.00019997476
11789,23,0.19076224,0.00019997476
11790,23,0.18482585,0.0001999747
11791,23,0.18736500,0.0001999747
11792,23,0.19971156,0.00019997465
11793,23,0.19808051,0.00019997465
11794,23,0.21237698,0.00019997459
11795,23,0.20259292,0.00019997459
11796,23,0.20190279,0.00019997453
11797,23,0.20881066,0.00019997453
11798,23,0.19111669,0.00019997448
11799,23,0.17302033,0.00019997448
11800,23,0.20096840,0.00019997442
11801,23,0.17938419,0.00019997442
11802,23,0.18626088,0.00019997436
11803,23,0.19881251,0.00019997436
11804,23,0.18859352,0.00019997431
11805,23,0.20295957,0.00019997431
11806,23,0.19376199,0.00019997425
11807,23,0.22658831,0.00019997425
11808,23,0.20216915,0.00019997419
11809,23,0.17587811,0.00019997419
11810,23,0.18789275,0.00019997413
11811,23,0.21064855,0.00019997413
11812,23,0.18257423,0.00019997408
11813,23,0.20823917,0.00019997408
11814,23,0.18765193,0.00019997402
11815,23,0.21529792,0.00019997402
11816,23,0.22938390,0.00019997396
11817,23,0.19341405,0.00019997396
11818,23,0.18990727,0.0001999739
11819,23,0.18010360,0.0001999739
11820,23,0.19895171,0.00019997385
11821,23,0.20525652,0.00019997385
11822,23,0.18226250,0.00019997379
11823,23,0.18692835,0.00019997379
11824,23,0.22619823,0.00019997373
11825,23,0.20104741,0.00019997373
11826,23,0.19992442,0.00019997367
11827,23,0.19611116,0.00019997367
11828,23,0.18959305,0.00019997362
11829,23,0.18744257,0.00019997362
11830,23,0.18547229,0.00019997356
11831,23,0.18772882,0.00019997356
11832,23,0.19084027,0.0001999735
11833,23,0.20647100,0.0001999735
11834,23,0.18596549,0.00019997344
11835,23,0.20868307,0.00019997344
11836,23,0.19842489,0.00019997339
11837,23,0.18751830,0.00019997339
11838,23,0.19387235,0.00019997333
11839,23,0.19071491,0.00019997333
11840,23,0.21627751,0.00019997327
11841,23,0.23812570,0.00019997327
11842,23,0.19908352,0.00019997321
11843,23,0.21095899,0.00019997321
11844,23,0.18459482,0.00019997315
11845,23,0.20747073,0.00019997315
11846,23,0.20196269,0.00019997309
11847,23,0.20485830,0.00019997309
11848,23,0.20383491,0.00019997304
11849,23,0.19012748,0.00019997304
11850,23,0.19259655,0.00019997298
11851,23,0.20770453,0.00019997298
11852,23,0.18372959,0.00019997292
11853,23,0.19040333,0.00019997292
11854,23,0.18889573,0.00019997286
11855,23,0.18972209,0.00019997286
11856,23,0.19182356,0.0001999728
11857,23,0.19061278,0.0001999728
11858,23,0.18034460,0.00019997274
11859,23,0.20507029,0.00019997274
11860,23,0.19308151,0.00019997269
11861,23,0.18551199,0.00019997269
11862,23,0.19785772,0.00019997263
11863,23,0.19880149,0.00019997263
11864,23,0.20815279,0.00019997257
11865,23,0.19580753,0.00019997257
11866,23,0.22579731,0.00019997251
11867,23,0.20347428,0.00019997251
11868,23,0.20332296,0.00019997245
11869,23,0.18771185,0.00019997245
11870,23,0.18615617,0.00019997239
11871,23,0.18462078,0.00019997239
11872,23,0.19874525,0.00019997233
11873,23,0.17709696,0.00019997233
11874,23,0.19409749,0.00019997227
11875,23,0.19907981,0.00019997227
11876,23,0.20754763,0.00019997221
11877,23,0.19946912,0.00019997221
11878,23,0.19881262,0.00019997215
11879,23,0.21823986,0.00019997215
11880,23,0.19726108,0.00019997209
11881,23,0.20945828,0.00019997209
11882,23,0.19499789,0.00019997204
11883,23,0.19382079,0.00019997204
11884,23,0.19221796,0.00019997198
11885,23,0.20918153,0.00019997198
11886,23,0.19024017,0.00019997192
11887,23,0.19084927,0.00019997192
11888,23,0.21266098,0.00019997186
11889,23,0.19558883,0.00019997186
11890,23,0.20555408,0.0001999718
11891,23,0.19690278,0.0001999718
11892,23,0.18665729,0.00019997174
11893,23,0.20824645,0.00019997174
11894,23,0.20283918,0.00019997168
11895,23,0.17725605,0.00019997168
11896,23,0.20136538,0.00019997162
11897,23,0.19610752,0.00019997162
11898,23,0.18391885,0.00019997156
11899,23,0.19983728,0.00019997156
11900,23,0.18733771,0.0001999715
11901,23,0.18442106,0.0001999715
11902,23,0.19190346,0.00019997144
11903,23,0.21786077,0.00019997144
11904,23,0.19798003,0.00019997138
11905,23,0.19701511,0.00019997138
11906,23,0.23450749,0.00019997132
11907,23,0.19612016,0.00019997132
11908,23,0.20626478,0.00019997126
11909,23,0.19646521,0.00019997126
11910,23,0.22085793,0.0001999712
11911,23,0.19045588,0.0001999712
11912,23,0.19484903,0.00019997114
11913,23,0.19860710,0.00019997114
11914,23,0.19030781,0.00019997108
11915,23,0.20104192,0.00019997108
11916,23,0.20757098,0.00019997102
11917,23,0.20249340,0.00019997102
11918,23,0.19939345,0.00019997096
11919,23,0.20745593,0.00019997096
11920,23,0.20029972,0.00019997089
11921,23,0.18949781,0.00019997089
11922,23,0.20924020,0.00019997083
11923,23,0.21037105,0.00019997083
11924,23,0.17392059,0.00019997077
11925,23,0.19063163,0.00019997077
11926,23,0.20271194,0.00019997071
11927,23,0.18794386,0.00019997071
11928,23,0.18293495,0.00019997065
11929,23,0.17878750,0.00019997065
11930,23,0.18705620,0.00019997059
11931,23,0.18718609,0.00019997059
11932,23,0.17384498,0.00019997053
11933,23,0.18935739,0.00019997053
11934,23,0.18981557,0.00019997047
11935,23,0.19702366,0.00019997047
11936,23,0.18052581,0.00019997041
11937,23,0.18683252,0.00019997041
11938,23,0.21650608,0.00019997035
11939,23,0.22265604,0.00019997035
11940,23,0.20179875,0.00019997029
11941,23,0.18777862,0.00019997029
11942,23,0.18931724,0.00019997022
11943,23,0.19051738,0.00019997022
11944,23,0.22713719,0.00019997016
11945,23,0.19270678,0.00019997016
11946,23,0.18853952,0.0001999701
11947,23,0.20079584,0.0001999701
11948,23,0.20602198,0.00019997004
11949,23,0.19674051,0.00019997004
11950,23,0.20869122,0.00019996998
11951,23,0.19504207,0.00019996998
11952,23,0.20141809,0.00019996992
11953,23,0.18483043,0.00019996992
11954,23,0.22374074,0.00019996985
11955,23,0.20487335,0.00019996985
11956,23,0.19797981,0.00019996979
11957,23,0.18972343,0.00019996979
11958,23,0.19307096,0.00019996973
11959,23,0.20999821,0.00019996973
11960,23,0.19832455,0.00019996967
11961,24,0.19415569,0.00019996967
11962,24,0.19678678,0.00019996961
11963,24,0.19735736,0.00019996961
11964,24,0.18882300,0.00019996955
11965,24,0.16964494,0.00019996955
11966,24,0.19845167,0.00019996948
11967,24,0.19044924,0.00019996948
11968,24,0.18543230,0.00019996942
11969,24,0.21771422,0.00019996942
11970,24,0.18984881,0.00019996936
11971,24,0.22378798,0.00019996936
11972,24,0.18317816,0.0001999693
11973,24,0.19495447,0.0001999693
11974,24,0.19981606,0.00019996923
11975,24,0.20722686,0.00019996923
11976,24,0.19371697,0.00019996917
11977,24,0.20333348,0.00019996917
11978,24,0.18793437,0.00019996911
11979,24,0.20687158,0.00019996911
11980,24,0.19910567,0.00019996905
11981,24,0.19743723,0.00019996905
11982,24,0.19283390,0.00019996898
11983,24,0.17100413,0.00019996898
11984,24,0.17963739,0.00019996892
11985,24,0.20431766,0.00019996892
11986,24,0.18190849,0.00019996886
11987,24,0.18691683,0.00019996886
11988,24,0.20127124,0.0001999688
11989,24,0.19057809,0.0001999688
11990,24,0.19303393,0.00019996873
11991,24,0.18673070,0.00019996873
11992,24,0.21547413,0.00019996867
11993,24,0.20647320,0.00019996867
11994,24,0.18864165,0.00019996861
11995,24,0.18604407,0.00019996861
11996,24,0.19373888,0.00019996855
11997,24,0.19191666,0.00019996855
11998,24,0.21478923,0.00019996848
11999,24,0.19630596,0.00019996848
12000,24,0.18776818,0.00019996842
12001,24,0.21150719,0.00019996842
12002,24,0.19402005,0.00019996836
12003,24,0.18770966,0.00019996836
12004,24,0.20846982,0.00019996829
12005,24,0.17910750,0.00019996829
12006,24,0.23111050,0.00019996823
12007,24,0.18762006,0.00019996823
12008,24,0.20301457,0.00019996817
12009,24,0.18640548,0.00019996817
12010,24,0.18965223,0.0001999681
12011,24,0.19397861,0.0001999681
12012,24,0.20234664,0.00019996804
12013,24,0.18726374,0.00019996804
12014,24,0.23513269,0.00019996798
12015,24,0.20750247,0.00019996798
12016,24,0.20092840,0.00019996791
12017,24,0.19656393,0.00019996791
12018,24,0.22043511,0.00019996785
12019,24,0.19128710,0.00019996785
12020,24,0.21521682,0.00019996778
12021,24,0.21925665,0.00019996778
12022,24,0.20107360,0.00019996772
12023,24,0.19628730,0.00019996772
12024,24,0.18142205,0.00019996766
12025,24,0.19860141,0.00019996766
12026,24,0.19822566,0.00019996759
12027,24,0.17859006,0.00019996759
12028,24,0.18206997,0.00019996753
12029,24,0.20819624,0.00019996753
12030,24,0.19812454,0.00019996746
12031,24,0.22002213,0.00019996746
12032,24,0.21836869,0.0001999674
12033,24,0.18507592,0.0001999674
12034,24,0.19749676,0.00019996734
12035,24,0.19001943,0.00019996734
12036,24,0.18735415,0.00019996727
12037,24,0.19924136,0.00019996727
12038,24,0.21041134,0.00019996721
12039,24,0.20802960,0.00019996721
12040,24,0.20306836,0.00019996714
12041,24,0.20889008,0.00019996714
12042,24,0.19168654,0.00019996708
12043,24,0.19815540,0.00019996708
12044,24,0.19705898,0.00019996701
12045,24,0.17437562,0.00019996701
12046,24,0.20701709,0.00019996695
12047,24,0.20124479,0.00019996695
12048,24,0.18693261,0.00019996688
12049,24,0.20868671,0.00019996688
12050,24,0.19453739,0.00019996682
12051,24,0.20406920,0.00019996682
12052,24,0.18446666,0.00019996676
12053,24,0.19969030,0.00019996676
12054,24,0.17810817,0.00019996669
12055,24,0.18204556,0.00019996669
12056,24,0.22008924,0.00019996663
12057,24,0.20381537,0.00019996663
12058,24,0.20490690,0.00019996656
12059,24,0.19778679,0.00019996656
12060,24,0.17878921,0.0001999665
12061,24,0.20167086,0.0001999665
12062,24,0.19741943,0.00019996643
12063,24,0.18818362,0.00019996643
12064,24,0.20855881,0.00019996637
12065,24,0.20929003,0.00019996637
12066,24,0.21400107,0.0001999663
12067,24,0.19191328,0.0001999663
12068,24,0.19096546,0.00019996624
12069,24,0.21023269,0.00019996624
12070,24,0.21094002,0.00019996617
12071,24,0.18557015,0.00019996617
12072,24,0.20426865,0.0001999661
12073,24,0.21622773,0.0001999661
12074,24,0.18407786,0.00019996604
12075,24,0.19305584,0.00019996604
12076,24,0.19331077,0.00019996597
12077,24,0.21650673,0.00019996597
12078,24,0.19170599,0.00019996591
12079,24,0.17815648,0.00019996591
12080,24,0.18328209,0.00019996584
12081,24,0.20754246,0.00019996584
12082,24,0.19098628,0.00019996578
12083,24,0.22592051,0.00019996578
12084,24,0.18500265,0.00019996571
12085,24,0.19052480,0.00019996571
12086,24,0.18485501,0.00019996564
12087,24,0.18491592,0.00019996564
12088,24,0.18992765,0.00019996558
12089,24,0.21971424,0.00019996558
12090,24,0.20237197,0.00019996551
12091,24,0.19266087,0.00019996551
12092,24,0.19033170,0.00019996545
12093,24,0.18611699,0.00019996545
12094,24,0.19182535,0.00019996538
12095,24,0.19445555,0.00019996538
12096,24,0.18106548,0.00019996531
12097,24,0.18295321,0.00019996531
12098,24,0.20673190,0.00019996525
12099,24,0.19565468,0.00019996525
12100,24,0.17567492,0.00019996518
12101,24,0.19671778,0.00019996518
12102,24,0.18554129,0.00019996512
12103,24,0.20653701,0.00019996512
12104,24,0.21401885,0.00019996505
12105,24,0.18944664,0.00019996505
12106,24,0.19372591,0.00019996498
12107,24,0.19503094,0.00019996498
12108,24,0.18522058,0.00019996492
12109,24,0.21482511,0.00019996492
12110,24,0.20664999,0.00019996485
12111,24,0.20667310,0.00019996485
12112,24,0.20100379,0.00019996478
12113,24,0.21541363,0.00019996478
12114,24,0.18391132,0.00019996472
12115,24,0.17808791,0.00019996472
12116,24,0.19262628,0.00019996465
12117,24,0.17443037,0.00019996465
12118,24,0.20437257,0.00019996458
12119,24,0.21570939,0.00019996458
12120,24,0.18918885,0.00019996452
12121,24,0.20864652,0.00019996452
12122,24,0.18021008,0.00019996445
12123,24,0.17934711,0.00019996445
12124,24,0.20738001,0.00019996438
12125,24,0.19209880,0.00019996438
12126,24,0.19300638,0.00019996431
12127,24,0.19256258,0.00019996431
12128,24,0.18443744,0.00019996425
12129,24,0.20250937,0.00019996425
12130,24,0.19707806,0.00019996418
12131,24,0.18804301,0.00019996418
12132,24,0.19367796,0.00019996411
12133,24,0.18861137,0.00019996411
12134,24,0.19075188,0.00019996405
12135,24,0.20512907,0.00019996405
12136,24,0.20092791,0.00019996398
12137,24,0.18461251,0.00019996398
12138,24,0.17686363,0.00019996391
12139,24,0.18444295,0.00019996391
12140,24,0.20124510,0.00019996384
12141,24,0.18862398,0.00019996384
12142,24,0.20403880,0.00019996378
12143,24,0.20927708,0.00019996378
12144,24,0.19467326,0.00019996371
12145,24,0.21347642,0.00019996371
12146,24,0.20522982,0.00019996364
12147,24,0.18432665,0.00019996364
12148,24,0.22131515,0.00019996357
12149,24,0.20739309,0.00019996357
12150,24,0.21302427,0.0001999635
12151,24,0.19658358,0.0001999635
12152,24,0.18071212,0.00019996344
12153,24,0.20864040,0.00019996344
12154,24,0.19271207,0.00019996337
12155,24,0.21115974,0.00019996337
12156,24,0.20622282,0.0001999633
12157,24,0.22324331,0.0001999633
12158,24,0.18967754,0.00019996323
12159,24,0.19148868,0.00019996323
12160,24,0.20130242,0.00019996316
12161,24,0.20217736,0.00019996316
12162,24,0.20631857,0.0001999631
12163,24,0.21128708,0.0001999631
12164,24,0.20077753,0.00019996303
12165,24,0.21136026,0.00019996303
12166,24,0.19855152,0.00019996296
12167,24,0.19383600,0.00019996296
12168,24,0.19692595,0.00019996289
12169,24,0.19195536,0.00019996289
12170,24,0.18221296,0.00019996282
12171,24,0.18872124,0.00019996282
12172,24,0.20249124,0.00019996275
12173,24,0.20979382,0.00019996275
12174,24,0.18897881,0.00019996269
12175,24,0.20435855,0.00019996269
12176,24,0.22098023,0.00019996262
12177,24,0.19029187,0.00019996262
12178,24,0.19590203,0.00019996255
12179,24,0.20042174,0.00019996255
12180,24,0.20672345,0.00019996248
12181,24,0.17949922,0.00019996248
12182,24,0.20473987,0.00019996241
12183,24,0.18849503,0.00019996241
12184,24,0.19806963,0.00019996234
12185,24,0.20296758,0.00019996234
12186,24,0.19706745,0.00019996227
12187,24,0.19618262,0.00019996227
12188,24,0.19608048,0.0001999622
12189,24,0.18281586,0.0001999622
12190,24,0.17807385,0.00019996213
12191,24,0.22022690,0.00019996213
12192,24,0.19556163,0.00019996206
12193,24,0.18045487,0.00019996206
12194,24,0.19744027,0.000199962
12195,24,0.17097667,0.000199962
12196,24,0.18549377,0.00019996193
12197,24,0.18546537,0.00019996193
12198,24,0.19369383,0.00019996186
12199,24,0.19779046,0.00019996186
12200,24,0.21782660,0.00019996179
12201,24,0.19613327,0.00019996179
12202,24,0.19269691,0.00019996172
12203,24,0.18915983,0.00019996172
12204,24,0.20004940,0.00019996165
12205,24,0.20916176,0.00019996165
12206,24,0.20936805,0.00019996158
12207,24,0.22605337,0.00019996158
12208,24,0.18849370,0.00019996151
12209,24,0.19359304,0.00019996151
12210,24,0.19000210,0.00019996144
12211,24,0.18832870,0.00019996144
12212,24,0.22203346,0.00019996137
12213,24,0.19813654,0.00019996137
12214,24,0.19434090,0.0001999613
12215,24,0.17843159,0.0001999613
12216,24,0.19877784,0.00019996123
12217,24,0.19428518,0.00019996123
12218,24,0.18729633,0.00019996116
12219,24,0.20959343,0.00019996116
12220,24,0.20469676,0.00019996109
12221,24,0.20803300,0.00019996109
12222,24,0.18063933,0.00019996102
12223,24,0.19371372,0.00019996102
12224,24,0.20063205,0.00019996095
12225,24,0.18612872,0.00019996095
12226,24,0.20655139,0.00019996088
12227,24,0.18749130,0.00019996088
12228,24,0.20801841,0.00019996081
12229,24,0.18730085,0.00019996081
12230,24,0.18963371,0.00019996074
12231,24,0.18112202,0.00019996074
12232,24,0.19002931,0.00019996067
12233,24,0.18977495,0.00019996067
12234,24,0.20458134,0.0001999606
12235,24,0.18511595,0.0001999606
12236,24,0.19261292,0.00019996053
12237,24,0.19525316,0.00019996053
12238,24,0.18422519,0.00019996046
12239,24,0.19238451,0.00019996046
12240,24,0.19705041,0.00019996039
12241,24,0.18341120,0.00019996039
12242,24,0.18611176,0.00019996031
12243,24,0.19490565,0.00019996031
12244,24,0.18855448,0.00019996024
12245,24,0.20011722,0.00019996024
12246,24,0.20486733,0.00019996017
12247,24,0.17523034,0.00019996017
12248,24,0.18384007,0.0001999601
12249,24,0.21146260,0.0001999601
12250,24,0.17269284,0.00019996003
12251,24,0.19687255,0.00019996003
12252,24,0.17892532,0.00019995996
12253,24,0.19156899,0.00019995996
12254,24,0.21198674,0.00019995989
12255,24,0.19688924,0.00019995989
12256,24,0.20534651,0.00019995982
12257,24,0.20830950,0.00019995982
12258,24,0.20816289,0.00019995975
12259,24,0.20527843,0.00019995975
12260,24,0.20598115,0.00019995967
12261,24,0.20389660,0.00019995967
12262,24,0.20539038,0.0001999596
12263,24,0.18394461,0.0001999596
12264,24,0.17918988,0.00019995953
12265,24,0.22666556,0.00019995953
12266,24,0.19641995,0.00019995946
12267,24,0.20611385,0.00019995946
12268,24,0.19761142,0.00019995939
12269,24,0.21741192,0.00019995939
12270,24,0.21202715,0.00019995932
12271,24,0.20413478,0.00019995932
12272,24,0.20343021,0.00019995925
12273,24,0.17767224,0.00019995925
12274,24,0.21704881,0.00019995917
12275,24,0.20654666,0.00019995917
12276,24,0.17637883,0.0001999591
12277,24,0.21238275,0.0001999591
12278,24,0.19848402,0.00019995903
12279,24,0.19622871,0.00019995903
12280,24,0.18058009,0.00019995896
12281,24,0.20290725,0.00019995896
12282,24,0.21405990,0.00019995889
12283,24,0.18771021,0.00019995889
12284,24,0.20492880,0.00019995881
12285,24,0.23112790,0.00019995881
12286,24,0.17064582,0.00019995874
12287,24,0.19526923,0.00019995874
12288,24,0.18629090,0.00019995867
12289,24,0.17201892,0.00019995867
12290,24,0.18172693,0.0001999586
12291,24,0.21628655,0.0001999586
12292,24,0.19623490,0.00019995852
12293,24,0.19844468,0.00019995852
12294,24,0.20001124,0.00019995845
12295,24,0.20186271,0.00019995845
12296,24,0.17516395,0.00019995838
12297,24,0.19501708,0.00019995838
12298,24,0.21389841,0.00019995831
12299,24,0.18989110,0.00019995831
12300,24,0.17951769,0.00019995823
12301,24,0.21292269,0.00019995823
12302,24,0.20247896,0.00019995816
12303,24,0.22276852,0.00019995816
12304,24,0.20634967,0.00019995809
12305,24,0.20046200,0.00019995809
12306,24,0.20968121,0.00019995802
12307,24,0.20033385,0.00019995802
12308,24,0.19957753,0.00019995794
12309,24,0.19094260,0.00019995794
12310,24,0.19670548,0.00019995787
12311,24,0.20499125,0.00019995787
12312,24,0.20324822,0.0001999578
12313,24,0.19108279,0.0001999578
12314,24,0.20650944,0.00019995772
12315,24,0.17284603,0.00019995772
12316,24,0.20262165,0.00019995765
12317,24,0.17605276,0.00019995765
12318,24,0.21554971,0.00019995758
12319,24,0.21887943,0.00019995758
12320,24,0.20088978,0.00019995751
12321,24,0.20887481,0.00019995751
12322,24,0.22545131,0.00019995743
12323,24,0.18259436,0.00019995743
12324,24,0.21546263,0.00019995736
12325,24,0.21530522,0.00019995736
12326,24,0.19979058,0.00019995729
12327,24,0.18141817,0.00019995729
12328,24,0.18635058,0.00019995721
12329,24,0.20632198,0.00019995721
12330,24,0.21396568,0.00019995714
12331,24,0.19018184,0.00019995714
12332,24,0.18728477,0.00019995706
12333,24,0.19431435,0.00019995706
12334,24,0.19680169,0.00019995699
12335,24,0.18329760,0.00019995699
12336,24,0.20419033,0.00019995692
12337,24,0.19787140,0.00019995692
12338,24,0.20670393,0.00019995684
12339,24,0.19355960,0.00019995684
12340,24,0.21158759,0.00019995677
12341,24,0.18245634,0.00019995677
12342,24,0.18952677,0.0001999567
12343,24,0.19360691,0.0001999567
12344,24,0.19423635,0.00019995662
12345,24,0.21579701,0.00019995662
12346,24,0.20620885,0.00019995655
12347,24,0.20132020,0.00019995655
12348,24,0.20765598,0.00019995647
12349,24,0.23061551,0.00019995647
12350,24,0.18560229,0.0001999564
12351,24,0.18942012,0.0001999564
12352,24,0.20031802,0.00019995633
12353,24,0.20601387,0.00019995633
12354,24,0.19284454,0.00019995625
12355,24,0.19052024,0.00019995625
12356,24,0.19401845,0.00019995618
12357,24,0.19054440,0.00019995618
12358,24,0.19063170,0.0001999561
12359,24,0.19089058,0.0001999561
12360,24,0.17353688,0.00019995603
12361,24,0.20828778,0.00019995603
12362,24,0.20907894,0.00019995595
12363,24,0.19043782,0.00019995595
12364,24,0.17947769,0.00019995588
12365,24,0.18813932,0.00019995588
12366,24,0.17838372,0.0001999558
12367,24,0.20603491,0.0001999558
12368,24,0.18477389,0.00019995573
12369,24,0.19379793,0.00019995573
12370,24,0.18627159,0.00019995565
12371,24,0.20024820,0.00019995565
12372,24,0.18442529,0.00019995558
12373,24,0.19363226,0.00019995558
12374,24,0.17630884,0.0001999555
12375,24,0.19933578,0.0001999555
12376,24,0.20583495,0.00019995543
12377,24,0.19813094,0.00019995543
12378,24,0.20969677,0.00019995535
12379,24,0.18235512,0.00019995535
12380,24,0.17315719,0.00019995528
12381,24,0.18796666,0.00019995528
12382,24,0.21390930,0.0001999552
12383,24,0.20508277,0.0001999552
12384,24,0.19771411,0.00019995513
12385,24,0.19307023,0.00019995513
12386,24,0.18829754,0.00019995505
12387,24,0.19494617,0.00019995505
12388,24,0.19745092,0.00019995498
12389,24,0.18340421,0.00019995498
12390,24,0.19081572,0.0001999549
12391,24,0.20200722,0.0001999549
12392,24,0.18763928,0.00019995483
12393,24,0.20206566,0.00019995483
12394,24,0.20562024,0.00019995475
12395,24,0.20679928,0.00019995475
12396,24,0.20129652,0.00019995468
12397,24,0.20528002,0.00019995468
12398,24,0.22118182,0.0001999546
12399,24,0.18090554,0.0001999546
12400,24,0.21470676,0.00019995452
12401,24,0.20018035,0.00019995452
12402,24,0.18883443,0.00019995445
12403,24,0.22262080,0.00019995445
12404,24,0.18455802,0.00019995437
12405,24,0.18833752,0.00019995437
12406,24,0.18821926,0.0001999543
12407,24,0.18080378,0.0001999543
12408,24,0.17845485,0.00019995422
12409,24,0.20928261,0.00019995422
12410,24,0.19842419,0.00019995414
12411,24,0.21916592,0.00019995414
12412,24,0.19696651,0.00019995407
12413,24,0.19323526,0.00019995407
12414,24,0.19925810,0.00019995399
12415,24,0.18968900,0.00019995399
12416,24,0.19253303,0.00019995392
12417,24,0.22175637,0.00019995392
12418,24,0.16345651,0.00019995384
12419,24,0.18314385,0.00019995384
12420,24,0.20475158,0.00019995376
12421,24,0.19676478,0.00019995376
12422,24,0.18717676,0.00019995369
12423,24,0.19048448,0.00019995369
12424,24,0.21241598,0.00019995361
12425,24,0.17096563,0.00019995361
12426,24,0.20287068,0.00019995353
12427,24,0.20882532,0.00019995353
12428,24,0.19936305,0.00019995346
12429,24,0.18996130,0.00019995346
12430,24,0.18949984,0.00019995338
12431,24,0.19269319,0.00019995338
12432,24,0.19712982,0.0001999533
12433,24,0.19809015,0.0001999533
12434,24,0.18461175,0.00019995323
12435,24,0.19453171,0.00019995323
12436,24,0.18985100,0.00019995315
12437,24,0.18167846,0.00019995315
12438,24,0.19267514,0.00019995307
12439,24,0.20126824,0.00019995307
12440,24,0.17434900,0.000199953
12441,24,0.20052661,0.000199953
12442,24,0.17571850,0.00019995292
12443,24,0.18883331,0.00019995292
12444,24,0.18031730,0.00019995284
12445,24,0.20283736,0.00019995284
12446,24,0.19695719,0.00019995276
12447,24,0.20094019,0.00019995276
12448,24,0.18393004,0.00019995269
12449,24,0.21390910,0.00019995269
12450,24,0.18787493,0.00019995261
12451,24,0.18543193,0.00019995261
12452,24,0.18763722,0.00019995253
12453,24,0.18876457,0.00019995253
12454,24,0.19658563,0.00019995246
12455,24,0.21162349,0.00019995246
12456,24,0.19996639,0.00019995238
12457,24,0.20330873,0.00019995238
12458,24,0.20410599,0.0001999523
12459,24,0.18399604,0.0001999523
12460,24,0.19451462,0.00019995222
12461,24,0.19178221,0.00019995222
12462,24,0.19083834,0.00019995214
12463,24,0.19949476,0.00019995214
12464,24,0.18856885,0.00019995207
12465,24,0.18945430,0.00019995207
12466,24,0.20429274,0.00019995199
12467,24,0.18642433,0.00019995199
12468,24,0.21307315,0.00019995191
12469,24,0.19313189,0.00019995191
12470,24,0.19884939,0.00019995183
12471,24,0.19338816,0.00019995183
12472,24,0.20753305,0.00019995176
12473,24,0.18792544,0.00019995176
12474,24,0.19134887,0.00019995168
12475,24,0.20472284,0.00019995168
12476,24,0.20961700,0.0001999516
12477,24,0.18281651,0.0001999516
12478,24,0.19561285,0.00019995152
12479,24,0.17783788,0.00019995152
12480,24,0.20147718,0.00019995144
12481,25,0.21624197,0.00019995144
12482,25,0.22079347,0.00019995136
12483,25,0.19155513,0.00019995136
12484,25,0.19781609,0.00019995129
12485,25,0.20623174,0.00019995129
12486,25,0.17886172,0.00019995121
12487,25,0.19037564,0.00019995121
12488,25,0.20362562,0.00019995113
12489,25,0.20431805,0.00019995113
12490,25,0.19959916,0.00019995105
12491,25,0.20708984,0.00019995105
12492,25,0.19101214,0.00019995097
12493,25,0.19838993,0.00019995097
12494,25,0.18984389,0.00019995089
12495,25,0.20872517,0.00019995089
12496,25,0.19676931,0.00019995081
12497,25,0.19434364,0.00019995081
12498,25,0.20489220,0.00019995073
12499,25,0.22123975,0.00019995073
12500,25,0.21061540,0.00019995066
12501,25,0.19915898,0.00019995066
12502,25,0.18557040,0.00019995058
12503,25,0.20235927,0.00019995058
12504,25,0.19032876,0.0001999505
12505,25,0.20108913,0.0001999505
12506,25,0.18987262,0.00019995042
12507,25,0.19613159,0.00019995042
12508,25,0.19749737,0.00019995034
12509,25,0.18790846,0.00019995034
12510,25,0.20262967,0.00019995026
12511,25,0.18860345,0.00019995026
12512,25,0.19480012,0.00019995018
12513,25,0.19585750,0.00019995018
12514,25,0.19866562,0.0001999501
12515,25,0.17045732,0.0001999501
12516,25,0.19136029,0.00019995002
12517,25,0.19919884,0.00019995002
12518,25,0.18077962,0.00019994994
12519,25,0.18585260,0.00019994994
12520,25,0.19641377,0.00019994986
12521,25,0.20584558,0.00019994986
12522,25,0.20067222,0.00019994978
12523,25,0.18065622,0.00019994978
12524,25,0.19482508,0.0001999497
12525,25,0.17815442,0.0001999497
12526,25,0.19805132,0.00019994962
12527,25,0.19462889,0.00019994962
12528,25,0.19173411,0.00019994954
12529,25,0.20040448,0.00019994954
12530,25,0.19598484,0.00019994946
12531,25,0.19994208,0.00019994946
12532,25,0.20855790,0.00019994938
12533,25,0.19609244,0.00019994938
12534,25,0.19843644,0.0001999493
12535,25,0.20690046,0.0001999493
12536,25,0.18411715,0.00019994922
12537,25,0.19108602,0.00019994922
12538,25,0.18246321,0.00019994914
12539,25,0.21515417,0.00019994914
12540,25,0.18565740,0.00019994906
12541,25,0.20250531,0.00019994906
12542,25,0.21813647,0.00019994898
12543,25,0.18825957,0.00019994898
12544,25,0.18547170,0.0001999489
12545,25,0.20222190,0.0001999489
12546,25,0.19202276,0.00019994882
12547,25,0.21212891,0.00019994882
12548,25,0.19569810,0.00019994874
12549,25,0.18292625,0.00019994874
12550,25,0.18959232,0.00019994866
12551,25,0.18334994,0.00019994866
12552,25,0.19798690,0.00019994858
12553,25,0.20056422,0.00019994858
12554,25,0.18804510,0.0001999485
12555,25,0.18770081,0.0001999485
12556,25,0.19503531,0.00019994842
12557,25,0.18713817,0.00019994842
12558,25,0.19186459,0.00019994834
12559,25,0.18637200,0.00019994834
12560,25,0.17825156,0.00019994826
12561,25,0.18338019,0.00019994826
12562,25,0.20244224,0.00019994818
12563,25,0.19088234,0.00019994818
12564,25,0.18753643,0.0001999481
12565,25,0.19920002,0.0001999481
12566,25,0.19116093,0.00019994802
12567,25,0.20337157,0.00019994802
12568,25,0.23044491,0.00019994794
12569,25,0.20796977,0.00019994794
12570,25,0.19871549,0.00019994785
12571,25,0.19906528,0.00019994785
12572,25,0.18730235,0.00019994777
12573,25,0.17777248,0.00019994777
12574,25,0.19246772,0.00019994769
12575,25,0.20111135,0.00019994769
12576,25,0.19541745,0.00019994761
12577,25,0.18850525,0.00019994761
12578,25,0.21348621,0.00019994753
12579,25,0.18806627,0.00019994753
12580,25,0.18049778,0.00019994745
12581,25,0.19715512,0.00019994745
12582,25,0.18823898,0.00019994737
12583,25,0.19571413,0.00019994737
12584,25,0.19501396,0.00019994728
12585,25,0.17864156,0.00019994728
12586,25,0.16794793,0.0001999472
12587,25,0.20586808,0.0001999472
12588,25,0.20825130,0.00019994712
12589,25,0.17401126,0.00019994712
12590,25,0.22703508,0.00019994704
12591,25,0.20582317,0.00019994704
12592,25,0.21494657,0.00019994696
12593,25,0.20300978,0.00019994696
12594,25,0.19677512,0.00019994688
12595,25,0.19995899,0.00019994688
12596,25,0.19723126,0.00019994679
12597,25,0.20026225,0.00019994679
12598,25,0.22275390,0.00019994671
12599,25,0.20258491,0.00019994671
12600,25,0.20723803,0.00019994663
12601,25,0.20551786,0.00019994663
12602,25,0.18584834,0.00019994655
12603,25,0.20035990,0.00019994655
12604,25,0.18945095,0.00019994647
12605,25,0.20497501,0.00019994647
12606,25,0.18619657,0.00019994638
12607,25,0.20452973,0.00019994638
12608,25,0.20445916,0.0001999463
12609,25,0.18682425,0.0001999463
12610,25,0.22426696,0.00019994622
12611,25,0.21036839,0.00019994622
12612,25,0.20326711,0.00019994614
12613,25,0.18121777,0.00019994614
12614,25,0.20131692,0.00019994605
12615,25,0.19713163,0.00019994605
12616,25,0.20603305,0.00019994597
12617,25,0.22545476,0.00019994597
12618,25,0.18794434,0.00019994589
12619,25,0.20779516,0.00019994589
12620,25,0.19061859,0.00019994581
12621,25,0.18650675,0.00019994581
12622,25,0.19385868,0.00019994572
12623,25,0.20162365,0.00019994572
12624,25,0.20031054,0.00019994564
12625,25,0.19275048,0.00019994564
12626,25,0.22845279,0.00019994556
12627,25,0.19995756,0.00019994556
12628,25,0.17920731,0.00019994547
12629,25,0.17658186,0.00019994547
12630,25,0.19273798,0.00019994539
12631,25,0.20217811,0.00019994539
12632,25,0.19512667,0.00019994531
12633,25,0.19818442,0.00019994531
12634,25,0.19837941,0.00019994523
12635,25,0.22375770,0.00019994523
12636,25,0.23179097,0.00019994514
12637,25,0.19885546,0.00019994514
12638,25,0.20832957,0.00019994506
12639,25,0.19641986,0.00019994506
12640,25,0.19832015,0.00019994498
12641,25,0.19838054,0.00019994498
12642,25,0.19029427,0.00019994489
12643,25,0.19335781,0.00019994489
12644,25,0.19657959,0.00019994481
12645,25,0.18482968,0.00019994481
12646,25,0.20067413,0.00019994472
12647,25,0.19201680,0.00019994472
12648,25,0.20126352,0.00019994464
12649,25,0.19395867,0.00019994464
12650,25,0.19969358,0.00019994456
12651,25,0.19218676,0.00019994456
12652,25,0.17631075,0.00019994447
12653,25,0.21212508,0.00019994447
12654,25,0.20770191,0.00019994439
12655,25,0.20455559,0.00019994439
12656,25,0.20267704,0.00019994431
12657,25,0.18812467,0.00019994431
12658,25,0.19680257,0.00019994422
12659,25,0.19458571,0.00019994422
12660,25,0.18666302,0.00019994414
12661,25,0.18641467,0.00019994414
12662,25,0.21099946,0.00019994405
12663,25,0.19179747,0.00019994405
12664,25,0.19353050,0.00019994397
12665,25,0.18636969,0.00019994397
12666,25,0.20012450,0.00019994389
12667,25,0.19255570,0.00019994389
12668,25,0.19667336,0.0001999438
12669,25,0.18862660,0.0001999438
12670,25,0.19635911,0.00019994372
12671,25,0.19989608,0.00019994372
12672,25,0.17466167,0.00019994363
12673,25,0.19203658,0.00019994363
12674,25,0.19870977,0.00019994355
12675,25,0.19967853,0.00019994355
12676,25,0.17838179,0.00019994346
12677,25,0.18770511,0.00019994346
12678,25,0.19092342,0.00019994338
12679,25,0.22252147,0.00019994338
12680,25,0.18177849,0.0001999433
12681,25,0.18658622,0.0001999433
12682,25,0.19343980,0.00019994321
12683,25,0.20914550,0.00019994321
12684,25,0.18530639,0.00019994313
12685,25,0.18635914,0.00019994313
12686,25,0.20174666,0.00019994304
12687,25,0.17063014,0.00019994304
12688,25,0.18812624,0.00019994296
12689,25,0.20217043,0.00019994296
12690,25,0.19423623,0.00019994287
12691,25,0.20159224,0.00019994287
12692,25,0.20174789,0.00019994279
12693,25,0.20696476,0.00019994279
12694,25,0.20022692,0.0001999427
12695,25,0.21254607,0.0001999427
12696,25,0.21381991,0.00019994262
12697,25,0.19007476,0.00019994262
12698,25,0.20635197,0.00019994253
12699,25,0.20117243,0.00019994253
12700,25,0.20075522,0.00019994245
12701,25,0.20341720,0.00019994245
12702,25,0.22260563,0.00019994236
12703,25,0.19091149,0.00019994236
12704,25,0.18600658,0.00019994228
12705,25,0.21082449,0.00019994228
12706,25,0.19717264,0.00019994219
12707,25,0.20413841,0.00019994219
12708,25,0.21282515,0.0001999421
12709,25,0.20046110,0.0001999421
12710,25,0.20191132,0.00019994202
12711,25,0.18596549,0.00019994202
12712,25,0.19855721,0.00019994193
12713,25,0.20160963,0.00019994193
12714,25,0.19622956,0.00019994185
12715,25,0.20301619,0.00019994185
12716,25,0.20861395,0.00019994176
12717,25,0.17825232,0.00019994176
12718,25,0.19376773,0.00019994168
12719,25,0.19862372,0.00019994168
12720,25,0.21474999,0.00019994159
12721,25,0.19776134,0.00019994159
12722,25,0.19639315,0.0001999415
12723,25,0.20611440,0.0001999415
12724,25,0.18793470,0.00019994142
12725,25,0.18407248,0.00019994142
12726,25,0.18502927,0.00019994133
12727,25,0.17714408,0.00019994133
12728,25,0.17676413,0.00019994125
12729,25,0.20419987,0.00019994125
12730,25,0.22466098,0.00019994116
12731,25,0.17811155,0.00019994116
12732,25,0.20839712,0.00019994107
12733,25,0.20114179,0.00019994107
12734,25,0.20714633,0.00019994099
12735,25,0.19454110,0.00019994099
12736,25,0.17694356,0.0001999409
12737,25,0.18348439,0.0001999409
12738,25,0.20793234,0.00019994081
12739,25,0.19814971,0.00019994081
12740,25,0.18905626,0.00019994073
12741,25,0.19750662,0.00019994073
12742,25,0.20606823,0.00019994064
12743,25,0.19376452,0.00019994064
12744,25,0.21519774,0.00019994056
12745,25,0.18561392,0.00019994056
12746,25,0.19725525,0.00019994047
12747,25,0.19087127,0.00019994047
12748,25,0.21769245,0.00019994038
12749,25,0.19363482,0.00019994038
12750,25,0.21383998,0.00019994029
12751,25,0.19689403,0.00019994029
12752,25,0.17747368,0.00019994021
12753,25,0.19521102,0.00019994021
12754,25,0.18504214,0.00019994012
12755,25,0.20078768,0.00019994012
12756,25,0.19602276,0.00019994003
12757,25,0.21624619,0.00019994003
12758,25,0.19429180,0.00019993995
12759,25,0.21865089,0.00019993995
12760,25,0.20230360,0.00019993986
12761,25,0.19084913,0.00019993986
12762,25,0.19768940,0.00019993977
12763,25,0.18647799,0.00019993977
12764,25,0.18838950,0.00019993969
12765,25,0.17548323,0.00019993969
12766,25,0.18013234,0.0001999396
12767,25,0.18656363,0.0001999396
12768,25,0.18672061,0.00019993951
12769,25,0.19443530,0.00019993951
12770,25,0.20441413,0.00019993942
12771,25,0.18528567,0.00019993942
12772,25,0.20214275,0.00019993934
12773,25,0.19439490,0.00019993934
12774,25,0.19587007,0.00019993925
12775,25,0.19536853,0.00019993925
12776,25,0.19120479,0.00019993916
12777,25,0.20279874,0.00019993916
12778,25,0.17809540,0.00019993907
12779,25,0.19575162,0.00019993907
12780,25,0.22828521,0.00019993899
12781,25,0.19873786,0.00019993899
12782,25,0.18855341,0.0001999389
12783,25,0.22171791,0.0001999389
12784,25,0.16612731,0.00019993881
12785,25,0.20439784,0.00019993881
12786,25,0.19814219,0.00019993872
12787,25,0.20186795,0.00019993872
12788,25,0.19870993,0.00019993863
12789,25,0.18041870,0.00019993863
12790,25,0.18903060,0.00019993855
12791,25,0.19067748,0.00019993855
12792,25,0.18749774,0.00019993846
12793,25,0.18315797,0.00019993846
12794,25,0.18487787,0.00019993837
12795,25,0.19819291,0.00019993837
12796,25,0.20475408,0.00019993828
12797,25,0.19992283,0.00019993828
12798,25,0.20167394,0.00019993819
12799,25,0.18563312,0.00019993819
12800,25,0.19585840,0.0001999381
12801,25,0.17074820,0.0001999381
12802,25,0.19825122,0.00019993802
12803,25,0.19666047,0.00019993802
12804,25,0.19663909,0.00019993793
12805,25,0.23038192,0.00019993793
12806,25,0.19286932,0.00019993784
12807,25,0.20383044,0.00019993784
12808,25,0.18522654,0.00019993775
12809,25,0.18046699,0.00019993775
12810,25,0.19970083,0.00019993766
12811,25,0.18594727,0.00019993766
12812,25,0.19114266,0.00019993757
12813,25,0.19459908,0.00019993757
12814,25,0.18517937,0.00019993748
12815,25,0.18171641,0.00019993748
12816,25,0.18543071,0.00019993739
12817,25,0.18364099,0.00019993739
12818,25,0.17634714,0.00019993731
12819,25,0.18464090,0.00019993731
12820,25,0.18435876,0.00019993722
12821,25,0.20394069,0.00019993722
12822,25,0.18907756,0.00019993713
12823,25,0.18096919,0.00019993713
12824,25,0.19920366,0.00019993704
12825,25,0.20320630,0.00019993704
12826,25,0.19835380,0.00019993695
12827,25,0.20614758,0.00019993695
12828,25,0.19267979,0.00019993686
12829,25,0.22879219,0.00019993686
12830,25,0.19908492,0.00019993677
12831,25,0.17695922,0.00019993677
12832,25,0.20867570,0.00019993668
12833,25,0.18091051,0.00019993668
12834,25,0.19743980,0.00019993659
12835,25,0.21151550,0.00019993659
12836,25,0.20334761,0.0001999365
12837,25,0.21814068,0.0001999365
12838,25,0.19786799,0.00019993641
12839,25,0.19040394,0.00019993641
12840,25,0.18215196,0.00019993632
12841,25,0.18797994,0.00019993632
12842,25,0.20126987,0.00019993623
12843,25,0.20382464,0.00019993623
12844,25,0.19868132,0.00019993614
12845,25,0.20859565,0.00019993614
12846,25,0.20148280,0.00019993605
12847,25,0.22161844,0.00019993605
12848,25,0.17631653,0.00019993596
12849,25,0.19677636,0.00019993596
12850,25,0.19612677,0.00019993587
12851,25,0.19179446,0.00019993587
12852,25,0.19739316,0.00019993578
12853,25,0.18274674,0.00019993578
12854,25,0.18969157,0.00019993569
12855,25,0.18355775,0.00019993569
12856,25,0.19644849,0.0001999356
12857,25,0.18140736,0.0001999356
12858,25,0.19748850,0.00019993551
12859,25,0.20610540,0.00019993551
12860,25,0.21132846,0.00019993542
12861,25,0.18891628,0.00019993542
12862,25,0.18881276,0.00019993533
12863,25,0.18257286,0.00019993533
12864,25,0.18704264,0.00019993524
12865,25,0.18808492,0.00019993524
12866,25,0.19888414,0.00019993515
12867,25,0.19901235,0.00019993515
12868,25,0.19491373,0.00019993506
12869,25,0.17601119,0.00019993506
12870,25,0.22109114,0.00019993497
12871,25,0.18654031,0.00019993497
12872,25,0.19574329,0.00019993488
12873,25,0.23087724,0.00019993488
12874,25,0.17476316,0.00019993479
12875,25,0.19396710,0.00019993479
12876,25,0.20526125,0.0001999347
12877,25,0.18821651,0.0001999347
12878,25,0.22067459,0.00019993461
12879,25,0.20243940,0.00019993461
12880,25,0.18669416,0.00019993452
12881,25,0.19800030,0.00019993452
12882,25,0.20038526,0.00019993443
12883,25,0.19386268,0.00019993443
12884,25,0.18943532,0.00019993434
12885,25,0.18346778,0.00019993434
12886,25,0.20453018,0.00019993424
12887,25,0.19598296,0.00019993424
12888,25,0.20059787,0.00019993415
12889,25,0.18913372,0.00019993415
12890,25,0.18735769,0.00019993406
12891,25,0.19989796,0.00019993406
12892,25,0.21355343,0.00019993397
12893,25,0.18910153,0.00019993397
12894,25,0.19894303,0.00019993388
12895,25,0.19658709,0.00019993388
12896,25,0.19735615,0.00019993379
12897,25,0.17895833,0.00019993379
12898,25,0.18367717,0.0001999337
12899,25,0.21798737,0.0001999337
12900,25,0.21132970,0.0001999336
12901,25,0.19716015,0.0001999336
12902,25,0.20739122,0.00019993351
12903,25,0.18275507,0.00019993351
12904,25,0.18861730,0.00019993342
12905,25,0.20769125,0.00019993342
12906,25,0.20974734,0.00019993333
12907,25,0.21087469,0.00019993333
12908,25,0.18715517,0.00019993324
12909,25,0.19673939,0.00019993324
12910,25,0.18285653,0.00019993315
12911,25,0.19997109,0.00019993315
12912,25,0.20453697,0.00019993305
12913,25,0.17202683,0.00019993305
12914,25,0.20503592,0.00019993296
12915,25,0.19541515,0.00019993296
12916,25,0.19744547,0.00019993287
12917,25,0.20969673,0.00019993287
12918,25,0.18424721,0.00019993278
12919,25,0.18756753,0.00019993278
12920,25,0.20357282,0.00019993269
12921,25,0.19265336,0.00019993269
12922,25,0.20951518,0.00019993259
12923,25,0.19319190,0.00019993259
12924,25,0.20028752,0.0001999325
12925,25,0.19132468,0.0001999325
12926,25,0.19591171,0.00019993241
12927,25,0.19402058,0.00019993241
12928,25,0.18870300,0.00019993232
12929,25,0.18284665,0.00019993232
12930,25,0.18641764,0.00019993222
12931,25,0.21248960,0.00019993222
12932,25,0.17822619,0.00019993213
12933,25,0.18533418,0.00019993213
12934,25,0.19435890,0.00019993204
12935,25,0.19566949,0.00019993204
12936,25,0.20811738,0.00019993195
12937,25,0.17679596,0.00019993195
12938,25,0.22249310,0.00019993185
12939,25,0.20785405,0.00019993185
12940,25,0.18882097,0.00019993176
12941,25,0.20488341,0.00019993176
12942,25,0.20352904,0.00019993167
12943,25,0.21449958,0.00019993167
12944,25,0.18548845,0.00019993157
12945,25,0.20314164,0.00019993157
12946,25,0.19873163,0.00019993148
12947,25,0.20039691,0.00019993148
12948,25,0.21091042,0.00019993139
12949,25,0.17652777,0.00019993139
12950,25,0.20110102,0.0001999313
12951,25,0.20052846,0.0001999313
12952,25,0.19700982,0.0001999312
12953,25,0.21010883,0.0001999312
12954,25,0.22118112,0.00019993111
12955,25,0.18926416,0.00019993111
12956,25,0.19374712,0.00019993102
12957,25,0.21955769,0.00019993102
12958,25,0.18676467,0.00019993092
12959,25,0.18804827,0.00019993092
12960,25,0.19911243,0.00019993083
12961,25,0.19774975,0.00019993083
12962,25,0.19674243,0.00019993074
12963,25,0.19404164,0.00019993074
12964,25,0.19735371,0.00019993064
12965,25,0.21378562,0.00019993064
12966,25,0.19930263,0.00019993055
12967,25,0.17563552,0.00019993055
12968,25,0.21934551,0.00019993045
12969,25,0.18629085,0.00019993045
12970,25,0.22161102,0.00019993036
12971,25,0.21042977,0.00019993036
12972,25,0.19147739,0.00019993027
12973,25,0.18665253,0.00019993027
12974,25,0.19496326,0.00019993017
12975,25,0.20423417,0.00019993017
12976,25,0.19405535,0.00019993008
12977,25,0.21329461,0.00019993008
12978,25,0.19575064,0.00019992999
12979,25,0.21135192,0.00019992999
12980,25,0.18173817,0.00019992989
12981,25,0.19889219,0.00019992989
12982,25,0.23171870,0.0001999298
12983,25,0.18590161,0.0001999298
12984,25,0.20952813,0.0001999297
12985,25,0.18433008,0.0001999297
12986,25,0.19930059,0.00019992961
12987,25,0.20828094,0.00019992961
12988,25,0.19937941,0.00019992951
12989,25,0.17868476,0.00019992951
12990,25,0.21161474,0.00019992942
12991,25,0.19007404,0.00019992942
12992,25,0.18176337,0.00019992933
12993,25,0.17428520,0.00019992933
12994,25,0.17997326,0.00019992923
12995,25,0.20378114,0.00019992923
12996,25,0.19306909,0.00019992914
12997,25,0.19365369,0.00019992914
12998,25,0.19895731,0.00019992904
12999,25,0.20045862,0.00019992904
13000,25,0.18515706,0.00019992895
13001,26,0.19292527,0.00019992895
13002,26,0.18729292,0.00019992885
13003,26,0.22007829,0.00019992885
13004,26,0.19824357,0.00019992876
13005,26,0.20305252,0.00019992876
13006,26,0.18736564,0.00019992866
13007,26,0.20795953,0.00019992866
13008,26,0.18737146,0.00019992857
13009,26,0.18579170,0.00019992857
13010,26,0.19658597,0.00019992847
13011,26,0.18564679,0.00019992847
13012,26,0.20796753,0.00019992838
13013,26,0.19753881,0.00019992838
13014,26,0.18585627,0.00019992828
13015,26,0.18840809,0.00019992828
13016,26,0.20157763,0.00019992819
13017,26,0.19341202,0.00019992819
13018,26,0.17948164,0.00019992809
13019,26,0.19592917,0.00019992809
13020,26,0.19696413,0.000199928
13021,26,0.18676652,0.000199928
13022,26,0.19663681,0.0001999279
13023,26,0.21006986,0.0001999279
13024,26,0.19294178,0.00019992781
13025,26,0.19171079,0.00019992781
13026,26,0.17518370,0.00019992771
13027,26,0.20752499,0.00019992771
13028,26,0.19122279,0.00019992761
13029,26,0.20107326,0.00019992761
13030,26,0.17523882,0.00019992752
13031,26,0.21324585,0.00019992752
13032,26,0.21031931,0.00019992742
13033,26,0.18742667,0.00019992742
13034,26,0.19140151,0.00019992733
13035,26,0.19464679,0.00019992733
13036,26,0.19791991,0.00019992723
13037,26,0.19482012,0.00019992723
13038,26,0.17952617,0.00019992714
13039,26,0.20656390,0.00019992714
13040,26,0.18780977,0.00019992704
13041,26,0.21047248,0.00019992704
13042,26,0.18908568,0.00019992694
13043,26,0.18561821,0.00019992694
13044,26,0.19936773,0.00019992685
13045,26,0.18480757,0.00019992685
13046,26,0.18916103,0.00019992675
13047,26,0.19611356,0.00019992675
13048,26,0.18175751,0.00019992666
13049,26,0.18168020,0.00019992666
13050,26,0.20899329,0.00019992656
13051,26,0.17261477,0.00019992656
13052,26,0.18676682,0.00019992646
13053,26,0.20046878,0.00019992646
13054,26,0.19604474,0.00019992637
13055,26,0.20138997,0.00019992637
13056,26,0.17464414,0.00019992627
13057,26,0.20666473,0.00019992627
13058,26,0.18981200,0.00019992617
13059,26,0.20771085,0.00019992617
13060,26,0.20311236,0.00019992608
13061,26,0.19742179,0.00019992608
13062,26,0.21284474,0.00019992598
13063,26,0.20561196,0.00019992598
13064,26,0.18680498,0.00019992588
13065,26,0.18896401,0.00019992588
13066,26,0.18724234,0.00019992579
13067,26,0.22070585,0.00019992579
13068,26,0.19809082,0.00019992569
13069,26,0.18474008,0.00019992569
13070,26,0.18191488,0.00019992559
13071,26,0.21139318,0.00019992559
13072,26,0.18977341,0.0001999255
13073,26,0.19464141,0.0001999255
13074,26,0.18008293,0.0001999254
13075,26,0.19308622,0.0001999254
13076,26,0.19353573,0.0001999253
13077,26,0.19400573,0.0001999253
13078,26,0.19028741,0.0001999252
13079,26,0.18363439,0.0001999252
13080,26,0.19481465,0.00019992511
13081,26,0.18927379,0.00019992511
13082,26,0.20041460,0.00019992501
13083,26,0.17978033,0.00019992501
13084,26,0.20260371,0.00019992491
13085,26,0.16910876,0.00019992491
13086,26,0.18295664,0.00019992482
13087,26,0.19352153,0.00019992482
13088,26,0.19253893,0.00019992472
13089,26,0.20971358,0.00019992472
13090,26,0.21484299,0.00019992462
13091,26,0.20193660,0.00019992462
13092,26,0.18605317,0.00019992452
13093,26,0.19847843,0.00019992452
13094,26,0.21045157,0.00019992443
13095,26,0.19032672,0.00019992443
13096,26,0.19703409,0.00019992433
13097,26,0.17573412,0.00019992433
13098,26,0.18574384,0.00019992423
13099,26,0.19136126,0.00019992423
13100,26,0.20414069,0.00019992413
13101,26,0.18945438,0.00019992413
13102,26,0.20654258,0.00019992403
13103,26,0.21140425,0.00019992403
13104,26,0.19084181,0.00019992394
13105,26,0.20675634,0.00019992394
13106,26,0.20184268,0.00019992384
13107,26,0.20667322,0.00019992384
13108,26,0.17453013,0.00019992374
13109,26,0.18353471,0.00019992374
13110,26,0.18420820,0.00019992364
13111,26,0.18307126,0.00019992364
13112,26,0.18888210,0.00019992354
13113,26,0.18448207,0.00019992354
13114,26,0.18880247,0.00019992345
13115,26,0.20428057,0.00019992345
13116,26,0.20520866,0.00019992335
13117,26,0.18875046,0.00019992335
13118,26,0.18746710,0.00019992325
13119,26,0.19099894,0.00019992325
13120,26,0.19444698,0.00019992315
13121,26,0.19272521,0.00019992315
13122,26,0.18641655,0.00019992305
13123,26,0.18293881,0.00019992305
13124,26,0.19189028,0.00019992295
13125,26,0.20601927,0.00019992295
13126,26,0.19396587,0.00019992285
13127,26,0.20794155,0.00019992285
13128,26,0.19471744,0.00019992276
13129,26,0.20019777,0.00019992276
13130,26,0.19639365,0.00019992266
13131,26,0.19243027,0.00019992266
13132,26,0.22895281,0.00019992256
13133,26,0.20712455,0.00019992256
13134,26,0.19466874,0.00019992246
13135,26,0.19012672,0.00019992246
13136,26,0.19757733,0.00019992236
13137,26,0.19248034,0.00019992236
13138,26,0.18274884,0.00019992226
13139,26,0.17967251,0.00019992226
13140,26,0.21386260,0.00019992216
13141,26,0.18911447,0.00019992216
13142,26,0.17365605,0.00019992206
13143,26,0.19098812,0.00019992206
13144,26,0.17385210,0.00019992196
13145,26,0.21116430,0.00019992196
13146,26,0.19741221,0.00019992186
13147,26,0.18179213,0.00019992186
13148,26,0.19757631,0.00019992176
13149,26,0.20011118,0.00019992176
13150,26,0.19983813,0.00019992167
13151,26,0.18833704,0.00019992167
13152,26,0.22445284,0.00019992157
13153,26,0.21408100,0.00019992157
13154,26,0.18731798,0.00019992147
13155,26,0.19651794,0.00019992147
13156,26,0.19134600,0.00019992137
13157,26,0.20614727,0.00019992137
13158,26,0.18111324,0.00019992127
13159,26,0.19469929,0.00019992127
13160,26,0.18827450,0.00019992117
13161,26,0.21329074,0.00019992117
13162,26,0.19185054,0.00019992107
13163,26,0.17256865,0.00019992107
13164,26,0.19924408,0.00019992097
13165,26,0.18962432,0.00019992097
13166,26,0.19602056,0.00019992087
13167,26,0.20742634,0.00019992087
13168,26,0.18783164,0.00019992077
13169,26,0.20678228,0.00019992077
13170,26,0.18870433,0.00019992067
13171,26,0.19314803,0.00019992067
13172,26,0.19528590,0.00019992057
13173,26,0.18847407,0.00019992057
13174,26,0.19341180,0.00019992047
13175,26,0.20647362,0.00019992047
13176,26,0.20556876,0.00019992037
13177,26,0.18807268,0.00019992037
13178,26,0.17532825,0.00019992027
13179,26,0.20070517,0.00019992027
13180,26,0.20495282,0.00019992017
13181,26,0.18697885,0.00019992017
13182,26,0.21761186,0.00019992007
13183,26,0.17669652,0.00019992007
13184,26,0.20741870,0.00019991997
13185,26,0.20269206,0.00019991997
13186,26,0.18759418,0.00019991986
13187,26,0.19824754,0.00019991986
13188,26,0.21160175,0.00019991976
13189,26,0.20528479,0.00019991976
13190,26,0.18180948,0.00019991966
13191,26,0.21288374,0.00019991966
13192,26,0.19843698,0.00019991956
13193,26,0.19825085,0.00019991956
13194,26,0.20202239,0.00019991946
13195,26,0.20017780,0.00019991946
13196,26,0.19293207,0.00019991936
13197,26,0.17643453,0.00019991936
13198,26,0.19995584,0.00019991926
13199,26,0.20376404,0.00019991926
13200,26,0.21199282,0.00019991916
13201,26,0.21388049,0.00019991916
13202,26,0.22290251,0.00019991906
13203,26,0.21026154,0.00019991906
13204,26,0.22570057,0.00019991896
13205,26,0.20256580,0.00019991896
13206,26,0.20648246,0.00019991886
13207,26,0.20307918,0.00019991886
13208,26,0.20468606,0.00019991875
13209,26,0.20630999,0.00019991875
13210,26,0.18400267,0.00019991865
13211,26,0.17818876,0.00019991865
13212,26,0.17660494,0.00019991855
13213,26,0.18044713,0.00019991855
13214,26,0.18930562,0.00019991845
13215,26,0.19791390,0.00019991845
13216,26,0.21197070,0.00019991835
13217,26,0.18746212,0.00019991835
13218,26,0.18835367,0.00019991825
13219,26,0.23306468,0.00019991825
13220,26,0.20998229,0.00019991815
13221,26,0.17716572,0.00019991815
13222,26,0.21374655,0.00019991804
13223,26,0.21873964,0.00019991804
13224,26,0.19459756,0.00019991794
13225,26,0.18833821,0.00019991794
13226,26,0.19463207,0.00019991784
13227,26,0.19291213,0.00019991784
13228,26,0.19152965,0.00019991774
13229,26,0.20265786,0.00019991774
13230,26,0.19830963,0.00019991764
13231,26,0.20336635,0.00019991764
13232,26,0.19934964,0.00019991753
13233,26,0.18297672,0.00019991753
13234,26,0.20548029,0.00019991743
13235,26,0.17900324,0.00019991743
13236,26,0.20062327,0.00019991733
13237,26,0.21724169,0.00019991733
13238,26,0.19345540,0.00019991723
13239,26,0.19686706,0.00019991723
13240,26,0.20324183,0.00019991713
13241,26,0.19222160,0.00019991713
13242,26,0.20020747,0.00019991702
13243,26,0.18279715,0.00019991702
13244,26,0.18146798,0.00019991692
13245,26,0.18873039,0.00019991692
13246,26,0.18483740,0.00019991682
13247,26,0.22573896,0.00019991682
13248,26,0.17849217,0.00019991672
13249,26,0.20034809,0.00019991672
13250,26,0.19681235,0.00019991661
13251,26,0.20929742,0.00019991661
13252,26,0.19105251,0.00019991651
13253,26,0.20344301,0.00019991651
13254,26,0.19708003,0.00019991641
13255,26,0.21903630,0.00019991641
13256,26,0.19244705,0.00019991631
13257,26,0.20347257,0.00019991631
13258,26,0.18924142,0.0001999162
13259,26,0.19136849,0.0001999162
13260,26,0.19762035,0.0001999161
13261,26,0.18381988,0.0001999161
13262,26,0.19902307,0.000199916
13263,26,0.20401280,0.000199916
13264,26,0.18674433,0.00019991589
13265,26,0.19131650,0.00019991589
13266,26,0.17870328,0.00019991579
13267,26,0.19379194,0.00019991579
13268,26,0.19479728,0.00019991569
13269,26,0.19063407,0.00019991569
13270,26,0.20184684,0.00019991558
13271,26,0.19813962,0.00019991558
13272,26,0.21093057,0.00019991548
13273,26,0.20745678,0.00019991548
13274,26,0.19527248,0.00019991538
13275,26,0.19265199,0.00019991538
13276,26,0.20638588,0.00019991527
13277,26,0.19748351,0.00019991527
13278,26,0.19503930,0.00019991517
13279,26,0.21127190,0.00019991517
13280,26,0.21676402,0.00019991507
13281,26,0.17441292,0.00019991507
13282,26,0.19885084,0.00019991496
13283,26,0.19762436,0.00019991496
13284,26,0.19023417,0.00019991486
13285,26,0.19784558,0.00019991486
13286,26,0.22119106,0.00019991476
13287,26,0.19152723,0.00019991476
13288,26,0.19864057,0.00019991465
13289,26,0.19056498,0.00019991465
13290,26,0.20282803,0.00019991455
13291,26,0.20454773,0.00019991455
13292,26,0.16593759,0.00019991444
13293,26,0.20325243,0.00019991444
13294,26,0.20142937,0.00019991434
13295,26,0.19193834,0.00019991434
13296,26,0.20406997,0.00019991424
13297,26,0.19157402,0.00019991424
13298,26,0.19832203,0.00019991413
13299,26,0.18448445,0.00019991413
13300,26,0.18754621,0.00019991403
13301,26,0.19434117,0.00019991403
13302,26,0.20911169,0.00019991392
13303,26,0.19255991,0.00019991392
13304,26,0.21986102,0.00019991382
13305,26,0.17621320,0.00019991382
13306,26,0.19742683,0.00019991372
13307,26,0.19753206,0.00019991372
13308,26,0.19880460,0.00019991361
13309,26,0.18618076,0.00019991361
13310,26,0.21122429,0.00019991351
13311,26,0.18536870,0.00019991351
13312,26,0.21484071,0.0001999134
13313,26,0.18713823,0.0001999134
13314,26,0.20434275,0.0001999133
13315,26,0.16748759,0.0001999133
13316,26,0.19054891,0.00019991319
13317,26,0.18468006,0.00019991319
13318,26,0.18949835,0.00019991309
13319,26,0.19023199,0.00019991309
13320,26,0.19584113,0.00019991298
13321,26,0.21326540,0.00019991298
13322,26,0.19174118,0.00019991288
13323,26,0.21478537,0.00019991288
13324,26,0.21443671,0.00019991277
13325,26,0.19993147,0.00019991277
13326,26,0.19292106,0.00019991267
13327,26,0.20332725,0.00019991267
13328,26,0.20071952,0.00019991256
13329,26,0.21621466,0.00019991256
13330,26,0.19085880,0.00019991246
13331,26,0.19792074,0.00019991246
13332,26,0.19513650,0.00019991235
13333,26,0.19874978,0.00019991235
13334,26,0.17776842,0.00019991225
13335,26,0.18092319,0.00019991225
13336,26,0.18075551,0.00019991214
13337,26,0.20686466,0.00019991214
13338,26,0.20097841,0.00019991204
13339,26,0.20967428,0.00019991204
13340,26,0.21056850,0.00019991193
13341,26,0.21402018,0.00019991193
13342,26,0.18945469,0.00019991183
13343,26,0.20474206,0.00019991183
13344,26,0.18688947,0.00019991172
13345,26,0.20186229,0.00019991172
13346,26,0.19224072,0.00019991162
13347,26,0.19659311,0.00019991162
13348,26,0.20073806,0.00019991151
13349,26,0.20213544,0.00019991151
13350,26,0.22450800,0.0001999114
13351,26,0.17372619,0.0001999114
13352,26,0.18664052,0.0001999113
13353,26,0.20232722,0.0001999113
13354,26,0.21100098,0.00019991119
13355,26,0.19141296,0.00019991119
13356,26,0.19569390,0.00019991109
13357,26,0.19613348,0.00019991109
13358,26,0.18328746,0.00019991098
13359,26,0.19643918,0.00019991098
13360,26,0.20093714,0.00019991087
13361,26,0.20456955,0.00019991087
13362,26,0.22373587,0.00019991077
13363,26,0.18552439,0.00019991077
13364,26,0.20454831,0.00019991066
13365,26,0.18866006,0.00019991066
13366,26,0.19087321,0.00019991056
13367,26,0.19692583,0.00019991056
13368,26,0.19186154,0.00019991045
13369,26,0.18585089,0.00019991045
13370,26,0.17585795,0.00019991034
13371,26,0.18987246,0.00019991034
13372,26,0.18538703,0.00019991024
13373,26,0.19290373,0.00019991024
13374,26,0.19346473,0.00019991013
13375,26,0.20425269,0.00019991013
13376,26,0.17954451,0.00019991002
13377,26,0.18710333,0.00019991002
13378,26,0.19098610,0.00019990992
13379,26,0.20225552,0.00019990992
13380,26,0.20308036,0.00019990981
13381,26,0.17670478,0.00019990981
13382,26,0.18867929,0.0001999097
13383,26,0.19640473,0.0001999097
13384,26,0.18432042,0.0001999096
13385,26,0.19012114,0.0001999096
13386,26,0.19387868,0.00019990949
13387,26,0.19379237,0.00019990949
13388,26,0.21033314,0.00019990938
13389,26,0.19480300,0.00019990938
13390,26,0.19630313,0.00019990928
13391,26,0.18097800,0.00019990928
13392,26,0.21152152,0.00019990917
13393,26,0.18779360,0.00019990917
13394,26,0.20790283,0.00019990906
13395,26,0.19288892,0.00019990906
13396,26,0.17815045,0.00019990895
13397,26,0.17425963,0.00019990895
13398,26,0.20609437,0.00019990885
13399,26,0.20291603,0.00019990885
13400,26,0.18925908,0.00019990874
13401,26,0.18433142,0.00019990874
13402,26,0.19395225,0.00019990863
13403,26,0.18329783,0.00019990863
13404,26,0.19564067,0.00019990852
13405,26,0.20206335,0.00019990852
13406,26,0.17969461,0.00019990842
13407,26,0.19388358,0.00019990842
13408,26,0.19892322,0.00019990831
13409,26,0.19107124,0.00019990831
13410,26,0.19659656,0.0001999082
13411,26,0.20297383,0.0001999082
13412,26,0.21826144,0.00019990809
13413,26,0.20482966,0.00019990809
13414,26,0.19853732,0.00019990799
13415,26,0.22572663,0.00019990799
13416,26,0.20842198,0.00019990788
13417,26,0.17319296,0.00019990788
13418,26,0.18677171,0.00019990777
13419,26,0.18267643,0.00019990777
13420,26,0.18239972,0.00019990766
13421,26,0.19712585,0.00019990766
13422,26,0.18796451,0.00019990756
13423,26,0.19645479,0.00019990756
13424,26,0.19374192,0.00019990745
13425,26,0.20435657,0.00019990745
13426,26,0.21712159,0.00019990734
13427,26,0.18890604,0.00019990734
13428,26,0.19566377,0.00019990723
13429,26,0.19605270,0.00019990723
13430,26,0.20906313,0.00019990712
13431,26,0.21323392,0.00019990712
13432,26,0.19270965,0.00019990701
13433,26,0.18038976,0.00019990701
13434,26,0.19290419,0.00019990691
13435,26,0.18913542,0.00019990691
13436,26,0.19049931,0.0001999068
13437,26,0.18799306,0.0001999068
13438,26,0.20600714,0.00019990669
13439,26,0.22044319,0.00019990669
13440,26,0.20602842,0.00019990658
13441,26,0.20382197,0.00019990658
13442,26,0.21248084,0.00019990647
13443,26,0.19808647,0.00019990647
13444,26,0.16504048,0.00019990636
13445,26,0.18997428,0.00019990636
13446,26,0.20384970,0.00019990625
13447,26,0.20052974,0.00019990625
13448,26,0.20583960,0.00019990615
13449,26,0.19239135,0.00019990615
13450,26,0.18554898,0.00019990604
13451,26,0.18913485,0.00019990604
13452,26,0.19509369,0.00019990593
13453,26,0.19344398,0.00019990593
13454,26,0.21832752,0.00019990582
13455,26,0.20448987,0.00019990582
13456,26,0.20627026,0.00019990571
13457,26,0.17513414,0.00019990571
13458,26,0.19003783,0.0001999056
13459,26,0.19068249,0.0001999056
13460,26,0.17134874,0.00019990549
13461,26,0.19853543,0.00019990549
13462,26,0.21204372,0.00019990538
13463,26,0.18012147,0.00019990538
13464,26,0.16805959,0.00019990527
13465,26,0.17259063,0.00019990527
13466,26,0.20680110,0.00019990516
13467,26,0.20509121,0.00019990516
13468,26,0.20073840,0.00019990505
13469,26,0.20331413,0.00019990505
13470,26,0.20055845,0.00019990494
13471,26,0.20336710,0.00019990494
13472,26,0.17859213,0.00019990483
13473,26,0.20712943,0.00019990483
13474,26,0.18359153,0.00019990472
13475,26,0.17047425,0.00019990472
13476,26,0.19048794,0.00019990461
13477,26,0.16892515,0.00019990461
13478,26,0.18931288,0.00019990451
13479,26,0.21755011,0.00019990451
13480,26,0.19365142,0.0001999044
13481,26,0.16574989,0.0001999044
13482,26,0.18874338,0.00019990429
13483,26,0.19157447,0.00019990429
13484,26,0.18492307,0.00019990418
13485,26,0.20162643,0.00019990418
13486,26,0.18881127,0.00019990407
13487,26,0.22945026,0.00019990407
13488,26,0.21941222,0.00019990396
13489,26,0.20077190,0.00019990396
13490,26,0.19737820,0.00019990385
13491,26,0.19066989,0.00019990385
13492,26,0.17070358,0.00019990373
13493,26,0.20539336,0.00019990373
13494,26,0.18946940,0.00019990362
13495,26,0.18477970,0.00019990362
13496,26,0.20411295,0.00019990351
13497,26,0.22056916,0.00019990351
13498,26,0.20629670,0.0001999034
13499,26,0.19978905,0.0001999034
13500,26,0.20500501,0.00019990329
13501,26,0.18204506,0.00019990329
13502,26,0.19558337,0.00019990318
13503,26,0.22280291,0.00019990318
13504,26,0.20952439,0.00019990307
13505,26,0.19689324,0.00019990307
13506,26,0.19179352,0.00019990296
13507,26,0.19915187,0.00019990296
13508,26,0.19005045,0.00019990285
13509,26,0.19505614,0.00019990285
13510,26,0.17528291,0.00019990274
13511,26,0.21409747,0.00019990274
13512,26,0.19594033,0.00019990263
13513,26,0.21378295,0.00019990263
13514,26,0.18889149,0.00019990252
13515,26,0.18491200,0.00019990252
13516,26,0.17927125,0.00019990241
13517,26,0.18256633,0.00019990241
13518,26,0.19663768,0.0001999023
13519,26,0.19855790,0.0001999023
13520,26,0.20286958,0.00019990219
13521,27,0.17509514,0.00019990219
13522,27,0.20157064,0.00019990207
13523,27,0.19647975,0.00019990207
13524,27,0.19675936,0.00019990196
13525,27,0.18841107,0.00019990196
13526,27,0.18838848,0.00019990185
13527,27,0.22293210,0.00019990185
13528,27,0.19485272,0.00019990174
13529,27,0.21891046,0.00019990174
13530,27,0.19783323,0.00019990163
13531,27,0.21871866,0.00019990163
13532,27,0.18991041,0.00019990152
13533,27,0.19194126,0.00019990152
13534,27,0.19556880,0.00019990141
13535,27,0.18619448,0.00019990141
13536,27,0.18897139,0.00019990129
13537,27,0.18279262,0.00019990129
13538,27,0.18250953,0.00019990118
13539,27,0.21044751,0.00019990118
13540,27,0.19889311,0.00019990107
13541,27,0.18129580,0.00019990107
13542,27,0.19207819,0.00019990096
13543,27,0.19380850,0.00019990096
13544,27,0.18435080,0.00019990085
13545,27,0.21016508,0.00019990085
13546,27,0.21349658,0.00019990074
13547,27,0.20372091,0.00019990074
13548,27,0.17336558,0.00019990062
13549,27,0.18335019,0.00019990062
13550,27,0.19730586,0.00019990051
13551,27,0.20272098,0.00019990051
13552,27,0.19174786,0.0001999004
13553,27,0.18626243,0.0001999004
13554,27,0.21121560,0.00019990029
13555,27,0.18719751,0.00019990029
13556,27,0.19156963,0.00019990017
13557,27,0.21227224,0.00019990017
13558,27,0.21199694,0.00019990006
13559,27,0.20444703,0.00019990006
13560,27,0.19630954,0.00019989995
13561,27,0.20145461,0.00019989995
13562,27,0.18460512,0.00019989984
13563,27,0.18646456,0.00019989984
13564,27,0.20333751,0.00019989973
13565,27,0.18232256,0.00019989973
13566,27,0.18658651,0.00019989961
13567,27,0.18943380,0.00019989961
13568,27,0.20206416,0.0001998995
13569,27,0.17906620,0.0001998995
13570,27,0.21611765,0.00019989939
13571,27,0.18841083,0.00019989939
13572,27,0.18880470,0.00019989927
13573,27,0.18964413,0.00019989927
13574,27,0.20069556,0.00019989916
13575,27,0.19480804,0.00019989916
13576,27,0.19518499,0.00019989905
13577,27,0.19951616,0.00019989905
13578,27,0.19335377,0.00019989894
13579,27,0.21715467,0.00019989894
13580,27,0.19170308,0.00019989882
13581,27,0.21073385,0.00019989882
13582,27,0.19211844,0.00019989871
13583,27,0.17066117,0.00019989871
13584,27,0.20635386,0.0001998986
13585,27,0.21373771,0.0001998986
13586,27,0.18117382,0.00019989848
13587,27,0.17362078,0.00019989848
13588,27,0.19159448,0.00019989837
13589,27,0.20847327,0.00019989837
13590,27,0.19949538,0.00019989826
13591,27,0.19778712,0.00019989826
13592,27,0.18036002,0.00019989814
13593,27,0.18431939,0.00019989814
13594,27,0.19524895,0.00019989803
13595,27,0.20668077,0.00019989803
13596,27,0.17981619,0.00019989792
13597,27,0.20862693,0.00019989792
13598,27,0.18317768,0.0001998978
13599,27,0.21988964,0.0001998978
13600,27,0.18765877,0.00019989769
13601,27,0.19127989,0.00019989769
13602,27,0.20784082,0.00019989758
13603,27,0.20647001,0.00019989758
13604,27,0.17714839,0.00019989746
13605,27,0.20387729,0.00019989746
13606,27,0.20575710,0.00019989735
13607,27,0.18947640,0.00019989735
13608,27,0.19677322,0.00019989723
13609,27,0.18958178,0.00019989723
13610,27,0.21008760,0.00019989712
13611,27,0.19699301,0.00019989712
13612,27,0.18821689,0.00019989701
13613,27,0.19621564,0.00019989701
13614,27,0.17996818,0.00019989689
13615,27,0.20059676,0.00019989689
13616,27,0.20103075,0.00019989678
13617,27,0.21397099,0.00019989678
13618,27,0.22155465,0.00019989666
13619,27,0.23344186,0.00019989666
13620,27,0.21340390,0.00019989655
13621,27,0.17838189,0.00019989655
13622,27,0.18281694,0.00019989644
13623,27,0.19357909,0.00019989644
13624,27,0.18741430,0.00019989632
13625,27,0.20985720,0.00019989632
13626,27,0.21319896,0.00019989621
13627,27,0.19382517,0.00019989621
13628,27,0.18772677,0.00019989609
13629,27,0.19702454,0.00019989609
13630,27,0.20131132,0.00019989598
13631,27,0.19166543,0.00019989598
13632,27,0.19291408,0.00019989586
13633,27,0.21285416,0.00019989586
13634,27,0.18603979,0.00019989575
13635,27,0.20451972,0.00019989575
13636,27,0.19177191,0.00019989563
13637,27,0.19353247,0.00019989563
13638,27,0.21314199,0.00019989552
13639,27,0.20074883,0.00019989552
13640,27,0.18672906,0.0001998954
13641,27,0.19232570,0.0001998954
13642,27,0.19971281,0.00019989529
13643,27,0.17875902,0.00019989529
13644,27,0.18854403,0.00019989517
13645,27,0.19461942,0.00019989517
13646,27,0.19975205,0.00019989506
13647,27,0.19884749,0.00019989506
13648,27,0.17986825,0.00019989494
13649,27,0.19682401,0.00019989494
13650,27,0.18272282,0.00019989483
13651,27,0.20251131,0.00019989483
13652,27,0.21680111,0.00019989471
13653,27,0.19178867,0.00019989471
13654,27,0.17761947,0.0001998946
13655,27,0.17760518,0.0001998946
13656,27,0.20335452,0.00019989448
13657,27,0.18606813,0.00019989448
13658,27,0.16068654,0.00019989437
13659,27,0.19879070,0.00019989437
13660,27,0.20868093,0.00019989425
13661,27,0.19237006,0.00019989425
13662,27,0.19038507,0.00019989414
13663,27,0.18817833,0.00019989414
13664,27,0.20682870,0.00019989402
13665,27,0.20511605,0.00019989402
13666,27,0.20556809,0.0001998939
13667,27,0.17007248,0.0001998939
13668,27,0.20447741,0.00019989379
13669,27,0.20099905,0.00019989379
13670,27,0.19091210,0.00019989367
13671,27,0.20509292,0.00019989367
13672,27,0.20471053,0.00019989356
13673,27,0.19467969,0.00019989356
13674,27,0.19994065,0.00019989344
13675,27,0.18010184,0.00019989344
13676,27,0.20195778,0.00019989332
13677,27,0.19101293,0.00019989332
13678,27,0.18455465,0.00019989321
13679,27,0.21414331,0.00019989321
13680,27,0.21837790,0.00019989309
13681,27,0.20064245,0.00019989309
13682,27,0.19208360,0.00019989298
13683,27,0.19465682,0.00019989298
13684,27,0.20284377,0.00019989286
13685,27,0.19567899,0.00019989286
13686,27,0.22364749,0.00019989274
13687,27,0.19283806,0.00019989274
13688,27,0.20162119,0.00019989263
13689,27,0.19034551,0.00019989263
13690,27,0.18512820,0.00019989251
13691,27,0.19173574,0.00019989251
13692,27,0.21199067,0.00019989239
13693,27,0.18665868,0.00019989239
13694,27,0.20840427,0.00019989228
13695,27,0.20454688,0.00019989228
13696,27,0.19287422,0.00019989216
13697,27,0.20458527,0.00019989216
13698,27,0.21166082,0.00019989204
13699,27,0.19716425,0.00019989204
13700,27,0.20983447,0.00019989193
13701,27,0.20966251,0.00019989193
13702,27,0.17392905,0.00019989181
13703,27,0.19820510,0.00019989181
13704,27,0.21898419,0.00019989169
13705,27,0.18900722,0.00019989169
13706,27,0.17688271,0.00019989158
13707,27,0.18618993,0.00019989158
13708,27,0.20001927,0.00019989146
13709,27,0.18000750,0.00019989146
13710,27,0.18998733,0.00019989134
13711,27,0.19494039,0.00019989134
13712,27,0.20106207,0.00019989123
13713,27,0.16434455,0.00019989123
13714,27,0.21202894,0.00019989111
13715,27,0.20799989,0.00019989111
13716,27,0.20250113,0.00019989099
13717,27,0.18807377,0.00019989099
13718,27,0.19536380,0.00019989087
13719,27,0.17988667,0.00019989087
13720,27,0.18484540,0.00019989076
13721,27,0.18485457,0.00019989076
13722,27,0.19373889,0.00019989064
13723,27,0.18341525,0.00019989064
13724,27,0.19264288,0.00019989052
13725,27,0.17085648,0.00019989052
13726,27,0.20881611,0.0001998904
13727,27,0.19961579,0.0001998904
13728,27,0.19396797,0.00019989029
13729,27,0.19120759,0.00019989029
13730,27,0.19181521,0.00019989017
13731,27,0.17991874,0.00019989017
13732,27,0.19606470,0.00019989005
13733,27,0.21497364,0.00019989005
13734,27,0.19357194,0.00019988993
13735,27,0.19946754,0.00019988993
13736,27,0.18160398,0.00019988981
13737,27,0.19753560,0.00019988981
13738,27,0.19708295,0.0001998897
13739,27,0.21262760,0.0001998897
13740,27,0.20266089,0.00019988958
13741,27,0.19280177,0.00019988958
13742,27,0.20113930,0.00019988946
13743,27,0.17441331,0.00019988946
13744,27,0.18521357,0.00019988934
13745,27,0.17665079,0.00019988934
13746,27,0.17264131,0.00019988922
13747,27,0.19577672,0.00019988922
13748,27,0.19216125,0.00019988911
13749,27,0.21071325,0.00019988911
13750,27,0.18945384,0.00019988899
13751,27,0.18083711,0.00019988899
13752,27,0.16655868,0.00019988887
13753,27,0.18181443,0.00019988887
13754,27,0.18974130,0.00019988875
13755,27,0.17607729,0.00019988875
13756,27,0.20090386,0.00019988863
13757,27,0.20691366,0.00019988863
13758,27,0.19870621,0.00019988851
13759,27,0.20885600,0.00019988851
13760,27,0.18946321,0.00019988839
13761,27,0.19408023,0.00019988839
13762,27,0.18398744,0.00019988828
13763,27,0.17414528,0.00019988828
13764,27,0.22285563,0.00019988816
13765,27,0.17532574,0.00019988816
13766,27,0.18363486,0.00019988804
13767,27,0.19848411,0.00019988804
13768,27,0.19447282,0.00019988792
13769,27,0.21412301,0.00019988792
13770,27,0.19684699,0.0001998878
13771,27,0.18534674,0.0001998878
13772,27,0.19531189,0.00019988768
13773,27,0.18293035,0.00019988768
13774,27,0.18837942,0.00019988756
13775,27,0.19818372,0.00019988756
13776,27,0.20369786,0.00019988744
13777,27,0.17379072,0.00019988744
13778,27,0.20474392,0.00019988732
13779,27,0.19813062,0.00019988732
13780,27,0.18998827,0.0001998872
13781,27,0.20838328,0.0001998872
13782,27,0.16949232,0.00019988709
13783,27,0.20087941,0.00019988709
13784,27,0.17423041,0.00019988697
13785,27,0.20253579,0.00019988697
13786,27,0.17977411,0.00019988685
13787,27,0.20091391,0.00019988685
13788,27,0.20736215,0.00019988673
13789,27,0.20183802,0.00019988673
13790,27,0.19296478,0.00019988661
13791,27,0.19352955,0.00019988661
13792,27,0.19129902,0.00019988649
13793,27,0.18964511,0.00019988649
13794,27,0.20735042,0.00019988637
13795,27,0.19925518,0.00019988637
13796,27,0.20125604,0.00019988625
13797,27,0.20057903,0.00019988625
13798,27,0.16725107,0.00019988613
13799,27,0.19221883,0.00019988613
13800,27,0.18499854,0.00019988601
13801,27,0.17786551,0.00019988601
13802,27,0.17841673,0.00019988589
13803,27,0.18365112,0.00019988589
13804,27,0.18576176,0.00019988577
13805,27,0.17015328,0.00019988577
13806,27,0.20362972,0.00019988565
13807,27,0.18937106,0.00019988565
13808,27,0.17808218,0.00019988553
13809,27,0.19813175,0.00019988553
13810,27,0.20094652,0.00019988541
13811,27,0.18995304,0.00019988541
13812,27,0.17772965,0.00019988529
13813,27,0.18276258,0.00019988529
13814,27,0.20044859,0.00019988517
13815,27,0.18043478,0.00019988517
13816,27,0.21124186,0.00019988505
13817,27,0.17986102,0.00019988505
13818,27,0.21497883,0.00019988493
13819,27,0.18971480,0.00019988493
13820,27,0.17115031,0.00019988481
13821,27,0.19075729,0.00019988481
13822,27,0.18805782,0.00019988468
13823,27,0.18504199,0.00019988468
13824,27,0.19086118,0.00019988456
13825,27,0.21128491,0.00019988456
13826,27,0.19850172,0.00019988444
13827,27,0.19260351,0.00019988444
13828,27,0.17430881,0.00019988432
13829,27,0.18914281,0.00019988432
13830,27,0.20631939,0.0001998842
13831,27,0.18539143,0.0001998842
13832,27,0.20685290,0.00019988408
13833,27,0.19550405,0.00019988408
13834,27,0.18787940,0.00019988396
13835,27,0.18972611,0.00019988396
13836,27,0.18175441,0.00019988384
13837,27,0.19306324,0.00019988384
13838,27,0.21976802,0.00019988372
13839,27,0.19272760,0.00019988372
13840,27,0.20662203,0.0001998836
13841,27,0.17365576,0.0001998836
13842,27,0.19062324,0.00019988347
13843,27,0.19485648,0.00019988347
13844,27,0.19940621,0.00019988335
13845,27,0.20570236,0.00019988335
13846,27,0.19855481,0.00019988323
13847,27,0.20680906,0.00019988323
13848,27,0.19513807,0.00019988311
13849,27,0.20351508,0.00019988311
13850,27,0.19150999,0.00019988299
13851,27,0.19740172,0.00019988299
13852,27,0.18896808,0.00019988287
13853,27,0.19313648,0.00019988287
13854,27,0.19694655,0.00019988275
13855,27,0.19887358,0.00019988275
13856,27,0.22189419,0.00019988262
13857,27,0.20580789,0.00019988262
13858,27,0.17909434,0.0001998825
13859,27,0.18304099,0.0001998825
13860,27,0.17452981,0.00019988238
13861,27,0.18198772,0.00019988238
13862,27,0.19975454,0.00019988226
13863,27,0.20678347,0.00019988226
13864,27,0.20643650,0.00019988214
13865,27,0.20272441,0.00019988214
13866,27,0.21392107,0.00019988201
13867,27,0.19067554,0.00019988201
13868,27,0.19170626,0.00019988189
13869,27,0.19412871,0.00019988189
13870,27,0.19998857,0.00019988177
13871,27,0.20104866,0.00019988177
13872,27,0.19767869,0.00019988165
13873,27,0.19715208,0.00019988165
13874,27,0.20501943,0.00019988153
13875,27,0.21045136,0.00019988153
13876,27,0.21240230,0.0001998814
13877,27,0.21555342,0.0001998814
13878,27,0.19663893,0.00019988128
13879,27,0.17427601,0.00019988128
13880,27,0.19879909,0.00019988116
13881,27,0.21268246,0.00019988116
13882,27,0.20471022,0.00019988104
13883,27,0.18719302,0.00019988104
13884,27,0.18983001,0.00019988091
13885,27,0.20120777,0.00019988091
13886,27,0.20762391,0.00019988079
13887,27,0.19458196,0.00019988079
13888,27,0.17397705,0.00019988067
13889,27,0.19012371,0.00019988067
13890,27,0.18850099,0.00019988055
13891,27,0.20074084,0.00019988055
13892,27,0.20502062,0.00019988042
13893,27,0.18995222,0.00019988042
13894,27,0.19141510,0.0001998803
13895,27,0.19195418,0.0001998803
13896,27,0.18340643,0.00019988018
13897,27,0.18358150,0.00019988018
13898,27,0.19542730,0.00019988005
13899,27,0.19360197,0.00019988005
13900,27,0.20161505,0.00019987993
13901,27,0.18812008,0.00019987993
13902,27,0.20444961,0.00019987981
13903,27,0.19195443,0.00019987981
13904,27,0.20467265,0.00019987968
13905,27,0.19610992,0.00019987968
13906,27,0.19298743,0.00019987956
13907,27,0.20940426,0.00019987956
13908,27,0.21400686,0.00019987944
13909,27,0.18272676,0.00019987944
13910,27,0.18403853,0.00019987931
13911,27,0.19432251,0.00019987931
13912,27,0.20994958,0.00019987919
13913,27,0.20198596,0.00019987919
13914,27,0.18698926,0.00019987907
13915,27,0.19553030,0.00019987907
13916,27,0.21045847,0.00019987894
13917,27,0.20375925,0.00019987894
13918,27,0.20209704,0.00019987882
13919,27,0.18097691,0.00019987882
13920,27,0.20738073,0.0001998787
13921,27,0.17807414,0.0001998787
13922,27,0.18206470,0.00019987857
13923,27,0.18448935,0.00019987857
13924,27,0.19449921,0.00019987845
13925,27,0.19587584,0.00019987845
13926,27,0.20219909,0.00019987832
13927,27,0.21539980,0.00019987832
13928,27,0.17982417,0.0001998782
13929,27,0.21418597,0.0001998782
13930,27,0.19060512,0.00019987808
13931,27,0.20665781,0.00019987808
13932,27,0.19804120,0.00019987795
13933,27,0.17725380,0.00019987795
13934,27,0.20185904,0.00019987783
13935,27,0.19469330,0.00019987783
13936,27,0.18810993,0.0001998777
13937,27,0.19811681,0.0001998777
13938,27,0.18848830,0.00019987758
13939,27,0.17927618,0.00019987758
13940,27,0.19149478,0.00019987746
13941,27,0.17990215,0.00019987746
13942,27,0.20687924,0.00019987733
13943,27,0.19240430,0.00019987733
13944,27,0.21478796,0.00019987721
13945,27,0.18784985,0.00019987721
13946,27,0.19704124,0.00019987708
13947,27,0.20359081,0.00019987708
13948,27,0.18064266,0.00019987696
13949,27,0.17882125,0.00019987696
13950,27,0.21008964,0.00019987683
13951,27,0.20744404,0.00019987683
13952,27,0.18369971,0.00019987671
13953,27,0.18637846,0.00019987671
13954,27,0.20142491,0.00019987658
13955,27,0.18917935,0.00019987658
13956,27,0.19160278,0.00019987646
13957,27,0.22753371,0.00019987646
13958,27,0.20875449,0.00019987633
13959,27,0.21811974,0.00019987633
13960,27,0.19214760,0.00019987621
13961,27,0.18691772,0.00019987621
13962,27,0.18888880,0.00019987608
13963,27,0.20678662,0.00019987608
13964,27,0.21122739,0.00019987596
13965,27,0.18667401,0.00019987596
13966,27,0.18763182,0.00019987583
13967,27,0.17836638,0.00019987583
13968,27,0.19009334,0.00019987571
13969,27,0.19048244,0.00019987571
13970,27,0.17450796,0.00019987558
13971,27,0.18758886,0.00019987558
13972,27,0.19066097,0.00019987546
13973,27,0.19569921,0.00019987546
13974,27,0.19405566,0.00019987533
13975,27,0.19780958,0.00019987533
13976,27,0.20307221,0.00019987521
13977,27,0.19826221,0.00019987521
13978,27,0.17994134,0.00019987508
13979,27,0.18023559,0.00019987508
13980,27,0.18323098,0.00019987496
13981,27,0.18994839,0.00019987496
13982,27,0.20030864,0.00019987483
13983,27,0.19592224,0.00019987483
13984,27,0.20066738,0.0001998747
13985,27,0.19238810,0.0001998747
13986,27,0.18332972,0.00019987458
13987,27,0.20756213,0.00019987458
13988,27,0.19379392,0.00019987445
13989,27,0.21033286,0.00019987445
13990,27,0.19900200,0.00019987433
13991,27,0.20770408,0.00019987433
13992,27,0.19431341,0.0001998742
13993,27,0.19151612,0.0001998742
13994,27,0.20289043,0.00019987407
13995,27,0.18103336,0.00019987407
13996,27,0.18166432,0.00019987395
13997,27,0.19683048,0.00019987395
13998,27,0.20370640,0.00019987382
13999,27,0.18638073,0.00019987382
14000,27,0.20157892,0.0001998737
14001,27,0.20500274,0.0001998737
14002,27,0.18346088,0.00019987357
14003,27,0.20131384,0.00019987357
14004,27,0.19998844,0.00019987344
14005,27,0.20326133,0.00019987344
14006,27,0.19147964,0.00019987332
14007,27,0.17933309,0.00019987332
14008,27,0.20584436,0.00019987319
14009,27,0.20691200,0.00019987319
14010,27,0.18076475,0.00019987306
14011,27,0.20176883,0.00019987306
14012,27,0.19147423,0.00019987294
14013,27,0.19572528,0.00019987294
14014,27,0.19522515,0.00019987281
14015,27,0.20837310,0.00019987281
14016,27,0.20224752,0.00019987268
14017,27,0.17471392,0.00019987268
14018,27,0.18757544,0.00019987256
14019,27,0.18788818,0.00019987256
14020,27,0.19459026,0.00019987243
14021,27,0.19688049,0.00019987243
14022,27,0.18710873,0.0001998723
14023,27,0.17860173,0.0001998723
14024,27,0.20362811,0.00019987218
14025,27,0.21063603,0.00019987218
14026,27,0.17889325,0.00019987205
14027,27,0.17475657,0.00019987205
14028,27,0.18677087,0.00019987192
14029,27,0.19949770,0.00019987192
14030,27,0.19541559,0.00019987179
14031,27,0.18587196,0.00019987179
14032,27,0.20835808,0.00019987167
14033,27,0.20291917,0.00019987167
14034,27,0.18698321,0.00019987154
14035,27,0.21182793,0.00019987154
14036,27,0.20042358,0.00019987141
14037,27,0.18553063,0.00019987141
14038,27,0.18217175,0.00019987128
14039,27,0.18209775,0.00019987128
14040,27,0.18967459,0.00019987116
14041,28,0.19178595,0.00019987116
14042,28,0.20790869,0.00019987103
14043,28,0.20328853,0.00019987103
14044,28,0.22265543,0.0001998709
14045,28,0.20545377,0.0001998709
14046,28,0.19369330,0.00019987077
14047,28,0.18527873,0.00019987077
14048,28,0.20907055,0.00019987065
14049,28,0.19565745,0.00019987065
14050,28,0.19947842,0.00019987052
14051,28,0.16898862,0.00019987052
14052,28,0.20399018,0.00019987039
14053,28,0.20859371,0.00019987039
14054,28,0.20040755,0.00019987026
14055,28,0.21182854,0.00019987026
14056,28,0.19637831,0.00019987014
14057,28,0.19286418,0.00019987014
14058,28,0.18839978,0.00019987001
14059,28,0.20162037,0.00019987001
14060,28,0.18823899,0.00019986988
14061,28,0.16860528,0.00019986988
14062,28,0.20873432,0.00019986975
14063,28,0.19469775,0.00019986975
14064,28,0.18359709,0.00019986962
14065,28,0.17523037,0.00019986962
14066,28,0.20128305,0.00019986949
14067,28,0.19112225,0.00019986949
14068,28,0.20698911,0.00019986937
14069,28,0.19839337,0.00019986937
14070,28,0.19227092,0.00019986924
14071,28,0.18642421,0.00019986924
14072,28,0.21068251,0.00019986911
14073,28,0.19629417,0.00019986911
14074,28,0.21131074,0.00019986898
14075,28,0.18924314,0.00019986898
14076,28,0.18151204,0.00019986885
14077,28,0.20082228,0.00019986885
14078,28,0.18311436,0.00019986872
14079,28,0.18151823,0.00019986872
14080,28,0.17874196,0.00019986859
14081,28,0.19164568,0.00019986859
14082,28,0.20475057,0.00019986847
14083,28,0.18007718,0.00019986847
14084,28,0.19834422,0.00019986834
14085,28,0.20564468,0.00019986834
14086,28,0.20304470,0.00019986821
14087,28,0.19585133,0.00019986821
14088,28,0.19793458,0.00019986808
14089,28,0.20096345,0.00019986808
14090,28,0.20285204,0.00019986795
14091,28,0.18796575,0.00019986795
14092,28,0.21018238,0.00019986782
14093,28,0.20261413,0.00019986782
14094,28,0.20955604,0.00019986769
14095,28,0.19304140,0.00019986769
14096,28,0.18207389,0.00019986756
14097,28,0.19920312,0.00019986756
14098,28,0.21244784,0.00019986743
14099,28,0.19970390,0.00019986743
14100,28,0.19665506,0.0001998673
14101,28,0.20806684,0.0001998673
14102,28,0.19648159,0.00019986717
14103,28,0.19544344,0.00019986717
14104,28,0.20877640,0.00019986704
14105,28,0.20597672,0.00019986704
14106,28,0.18537670,0.00019986691
14107,28,0.21480937,0.00019986691
14108,28,0.19628210,0.00019986678
14109,28,0.18763046,0.00019986678
14110,28,0.18343997,0.00019986665
14111,28,0.21474217,0.00019986665
14112,28,0.19910128,0.00019986653
14113,28,0.19018555,0.00019986653
14114,28,0.19121395,0.0001998664
14115,28,0.18869323,0.0001998664
14116,28,0.19381954,0.00019986627
14117,28,0.18145129,0.00019986627
14118,28,0.20303494,0.00019986614
14119,28,0.20094700,0.00019986614
14120,28,0.18782538,0.00019986601
14121,28,0.18122356,0.00019986601
14122,28,0.19173901,0.00019986588
14123,28,0.19230326,0.00019986588
14124,28,0.17243323,0.00019986575
14125,28,0.19670008,0.00019986575
14126,28,0.21059768,0.00019986561
14127,28,0.21655621,0.00019986561
14128,28,0.20474184,0.00019986548
14129,28,0.20983315,0.00019986548
14130,28,0.19120008,0.00019986535
14131,28,0.18342344,0.00019986535
14132,28,0.19174528,0.00019986522
14133,28,0.20682971,0.00019986522
14134,28,0.19587334,0.00019986509
14135,28,0.21148069,0.00019986509
14136,28,0.19853576,0.00019986496
14137,28,0.17211860,0.00019986496
14138,28,0.20414574,0.00019986483
14139,28,0.20290858,0.00019986483
14140,28,0.20074290,0.0001998647
14141,28,0.17752977,0.0001998647
14142,28,0.18265751,0.00019986457
14143,28,0.20905827,0.00019986457
14144,28,0.20227869,0.00019986444
14145,28,0.18629003,0.00019986444
14146,28,0.21520813,0.00019986431
14147,28,0.20043892,0.00019986431
14148,28,0.17485924,0.00019986418
14149,28,0.21065077,0.00019986418
14150,28,0.19605027,0.00019986405
14151,28,0.19803196,0.00019986405
14152,28,0.19637503,0.00019986392
14153,28,0.20120148,0.00019986392
14154,28,0.19044349,0.00019986379
14155,28,0.22231950,0.00019986379
14156,28,0.20492263,0.00019986365
14157,28,0.17586571,0.00019986365
14158,28,0.21315224,0.00019986352
14159,28,0.19720365,0.00019986352
14160,28,0.20337561,0.00019986339
14161,28,0.20443772,0.00019986339
14162,28,0.20890208,0.00019986326
14163,28,0.21002617,0.00019986326
14164,28,0.19851698,0.00019986313
14165,28,0.20382018,0.00019986313
14166,28,0.20505877,0.000199863
14167,28,0.19443072,0.000199863
14168,28,0.18089396,0.00019986287
14169,28,0.17826314,0.00019986287
14170,28,0.17026441,0.00019986273
14171,28,0.20956631,0.00019986273
14172,28,0.21377113,0.0001998626
14173,28,0.18701598,0.0001998626
14174,28,0.20162606,0.00019986247
14175,28,0.19608735,0.00019986247
14176,28,0.20310235,0.00019986234
14177,28,0.20067950,0.00019986234
14178,28,0.18831716,0.00019986221
14179,28,0.19493289,0.00019986221
14180,28,0.18148072,0.00019986208
14181,28,0.18800469,0.00019986208
14182,28,0.20393123,0.00019986194
14183,28,0.19745137,0.00019986194
14184,28,0.19238706,0.00019986181
14185,28,0.20427759,0.00019986181
14186,28,0.18178436,0.00019986168
14187,28,0.17985299,0.00019986168
14188,28,0.19641030,0.00019986155
14189,28,0.22893289,0.00019986155
14190,28,0.20749664,0.00019986141
14191,28,0.21844915,0.00019986141
14192,28,0.18703707,0.00019986128
14193,28,0.22200973,0.00019986128
14194,28,0.19252983,0.00019986115
14195,28,0.19461747,0.00019986115
14196,28,0.20454182,0.00019986102
14197,28,0.20372102,0.00019986102
14198,28,0.18603821,0.00019986089
14199,28,0.18164939,0.00019986089
14200,28,0.20645645,0.00019986075
14201,28,0.20897299,0.00019986075
14202,28,0.21025017,0.00019986062
14203,28,0.19839123,0.00019986062
14204,28,0.20200218,0.00019986049
14205,28,0.18324578,0.00019986049
14206,28,0.20565389,0.00019986035
14207,28,0.18877159,0.00019986035
14208,28,0.18204294,0.00019986022
14209,28,0.19224420,0.00019986022
14210,28,0.17725165,0.00019986009
14211,28,0.19698156,0.00019986009
14212,28,0.20152953,0.00019985996
14213,28,0.18812405,0.00019985996
14214,28,0.21441385,0.00019985982
14215,28,0.18853384,0.00019985982
14216,28,0.22015744,0.00019985969
14217,28,0.17855150,0.00019985969
14218,28,0.19080515,0.00019985956
14219,28,0.18225789,0.00019985956
14220,28,0.19809543,0.00019985942
14221,28,0.16957705,0.00019985942
14222,28,0.20418577,0.00019985929
14223,28,0.19740279,0.00019985929
14224,28,0.20666906,0.00019985916
14225,28,0.19665249,0.00019985916
14226,28,0.19819376,0.00019985902
14227,28,0.18238574,0.00019985902
14228,28,0.18707034,0.00019985889
14229,28,0.18396111,0.00019985889
14230,28,0.20397826,0.00019985876
14231,28,0.17985602,0.00019985876
14232,28,0.21351404,0.00019985862
14233,28,0.20112802,0.00019985862
14234,28,0.20183580,0.00019985849
14235,28,0.22049636,0.00019985849
14236,28,0.18041866,0.00019985836
14237,28,0.19066347,0.00019985836
14238,28,0.20585175,0.00019985822
14239,28,0.18994148,0.00019985822
14240,28,0.20025277,0.00019985809
14241,28,0.17991498,0.00019985809
14242,28,0.19285695,0.00019985795
14243,28,0.22143610,0.00019985795
14244,28,0.20887470,0.00019985782
14245,28,0.18919256,0.00019985782
14246,28,0.17986028,0.00019985769
14247,28,0.18751155,0.00019985769
14248,28,0.17624980,0.00019985755
14249,28,0.20408343,0.00019985755
14250,28,0.19524655,0.00019985742
14251,28,0.19287010,0.00019985742
14252,28,0.18358445,0.00019985728
14253,28,0.18333901,0.00019985728
14254,28,0.19657031,0.00019985715
14255,28,0.20492798,0.00019985715
14256,28,0.17481144,0.00019985702
14257,28,0.18439224,0.00019985702
14258,28,0.20566650,0.00019985688
14259,28,0.18403251,0.00019985688
14260,28,0.19505870,0.00019985675
14261,28,0.19616362,0.00019985675
14262,28,0.18550044,0.00019985661
14263,28,0.17666809,0.00019985661
14264,28,0.20096417,0.00019985648
14265,28,0.16682310,0.00019985648
14266,28,0.19276483,0.00019985634
14267,28,0.21691968,0.00019985634
14268,28,0.19865723,0.00019985621
14269,28,0.19290291,0.00019985621
14270,28,0.19282961,0.00019985607
14271,28,0.20183183,0.00019985607
14272,28,0.18766747,0.00019985594
14273,28,0.16824205,0.00019985594
14274,28,0.18265966,0.0001998558
14275,28,0.21580841,0.0001998558
14276,28,0.19400422,0.00019985567
14277,28,0.20027782,0.00019985567
14278,28,0.18031168,0.00019985553
14279,28,0.19438148,0.00019985553
14280,28,0.19236380,0.0001998554
14281,28,0.19438154,0.0001998554
14282,28,0.19686414,0.00019985526
14283,28,0.18319541,0.00019985526
14284,28,0.18954101,0.00019985513
14285,28,0.20938107,0.00019985513
14286,28,0.17568284,0.00019985499
14287,28,0.19354936,0.00019985499
14288,28,0.17339814,0.00019985486
14289,28,0.19737209,0.00019985486
14290,28,0.19273601,0.00019985472
14291,28,0.19975559,0.00019985472
14292,28,0.19796367,0.00019985459
14293,28,0.20304090,0.00019985459
14294,28,0.18953991,0.00019985445
14295,28,0.20486028,0.00019985445
14296,28,0.19263035,0.00019985432
14297,28,0.19498439,0.00019985432
14298,28,0.19151306,0.00019985418
14299,28,0.19917582,0.00019985418
14300,28,0.18027209,0.00019985404
14301,28,0.19789614,0.00019985404
14302,28,0.19309075,0.00019985391
14303,28,0.18324584,0.00019985391
14304,28,0.20241973,0.00019985377
14305,28,0.19199511,0.00019985377
14306,28,0.21615273,0.00019985364
14307,28,0.18514302,0.00019985364
14308,28,0.19363789,0.0001998535
14309,28,0.18311520,0.0001998535
14310,28,0.18594013,0.00019985336
14311,28,0.18884340,0.00019985336
14312,28,0.18711686,0.00019985323
14313,28,0.21033528,0.00019985323
14314,28,0.17987128,0.00019985309
14315,28,0.20625058,0.00019985309
14316,28,0.21055922,0.00019985296
14317,28,0.19223605,0.00019985296
14318,28,0.20314956,0.00019985282
14319,28,0.19399990,0.00019985282
14320,28,0.18200935,0.00019985268
14321,28,0.19934745,0.00019985268
14322,28,0.18478572,0.00019985255
14323,28,0.19176966,0.00019985255
14324,28,0.17739746,0.00019985241
14325,28,0.17665477,0.00019985241
14326,28,0.20816538,0.00019985227
14327,28,0.21823931,0.00019985227
14328,28,0.19036946,0.00019985214
14329,28,0.19495495,0.00019985214
14330,28,0.20555496,0.000199852
14331,28,0.19087598,0.000199852
14332,28,0.18188582,0.00019985186
14333,28,0.19790693,0.00019985186
14334,28,0.16835697,0.00019985173
14335,28,0.19481422,0.00019985173
14336,28,0.17731304,0.00019985159
14337,28,0.17835316,0.00019985159
14338,28,0.18858501,0.00019985145
14339,28,0.17286260,0.00019985145
14340,28,0.19709907,0.00019985132
14341,28,0.20570254,0.00019985132
14342,28,0.20187192,0.00019985118
14343,28,0.22087026,0.00019985118
14344,28,0.19983090,0.00019985104
14345,28,0.19369441,0.00019985104
14346,28,0.21362536,0.00019985091
14347,28,0.19214872,0.00019985091
14348,28,0.19277148,0.00019985077
14349,28,0.19301964,0.00019985077
14350,28,0.19157553,0.00019985063
14351,28,0.21412568,0.00019985063
14352,28,0.19077943,0.00019985049
14353,28,0.18421823,0.00019985049
14354,28,0.19297934,0.00019985036
14355,28,0.18134005,0.00019985036
14356,28,0.19453722,0.00019985022
14357,28,0.19654079,0.00019985022
14358,28,0.20435147,0.00019985008
14359,28,0.19384731,0.00019985008
14360,28,0.19327761,0.00019984994
14361,28,0.19865513,0.00019984994
14362,28,0.18687315,0.00019984981
14363,28,0.20870031,0.00019984981
14364,28,0.20072660,0.00019984967
14365,28,0.22423182,0.00019984967
14366,28,0.22024713,0.00019984953
14367,28,0.20312174,0.00019984953
14368,28,0.19527729,0.00019984939
14369,28,0.18694715,0.00019984939
14370,28,0.17463671,0.00019984925
14371,28,0.20063812,0.00019984925
14372,28,0.19412567,0.00019984912
14373,28,0.23186626,0.00019984912
14374,28,0.17676172,0.00019984898
14375,28,0.18940237,0.00019984898
14376,28,0.19096895,0.00019984884
14377,28,0.19179943,0.00019984884
14378,28,0.17148982,0.0001998487
14379,28,0.19495896,0.0001998487
14380,28,0.19324991,0.00019984856
14381,28,0.18592830,0.00019984856
14382,28,0.20569427,0.00019984843
14383,28,0.18617448,0.00019984843
14384,28,0.21273440,0.00019984829
14385,28,0.18328522,0.00019984829
14386,28,0.18952103,0.00019984815
14387,28,0.16470017,0.00019984815
14388,28,0.19738707,0.00019984801
14389,28,0.18509686,0.00019984801
14390,28,0.20790267,0.00019984787
14391,28,0.20742519,0.00019984787
14392,28,0.19554907,0.00019984773
14393,28,0.19534080,0.00019984773
14394,28,0.17959964,0.00019984759
14395,28,0.20368207,0.00019984759
14396,28,0.19534747,0.00019984746
14397,28,0.21130140,0.00019984746
14398,28,0.17908481,0.00019984732
14399,28,0.18468811,0.00019984732
14400,28,0.21028416,0.00019984718
14401,28,0.20015638,0.00019984718
14402,28,0.18767948,0.00019984704
14403,28,0.17367920,0.00019984704
14404,28,0.21710494,0.0001998469
14405,28,0.20573139,0.0001998469
14406,28,0.19031337,0.00019984676
14407,28,0.20438716,0.00019984676
14408,28,0.18685362,0.00019984662
14409,28,0.18880609,0.00019984662
14410,28,0.21139260,0.00019984648
14411,28,0.18665017,0.00019984648
14412,28,0.18497208,0.00019984634
14413,28,0.18660879,0.00019984634
14414,28,0.18196793,0.0001998462
14415,28,0.21530339,0.0001998462
14416,28,0.19562031,0.00019984607
14417,28,0.19335502,0.00019984607
14418,28,0.18412256,0.00019984593
14419,28,0.18751813,0.00019984593
14420,28,0.17463861,0.00019984579
14421,28,0.18342879,0.00019984579
14422,28,0.18550025,0.00019984565
14423,28,0.19349374,0.00019984565
14424,28,0.18574996,0.00019984551
14425,28,0.21648055,0.00019984551
14426,28,0.18686962,0.00019984537
14427,28,0.18792921,0.00019984537
14428,28,0.20789900,0.00019984523
14429,28,0.17481676,0.00019984523
14430,28,0.19320136,0.00019984509
14431,28,0.20855106,0.00019984509
14432,28,0.20149179,0.00019984495
14433,28,0.17786680,0.00019984495
14434,28,0.18174489,0.00019984481
14435,28,0.20000894,0.00019984481
14436,28,0.19033906,0.00019984467
14437,28,0.20230384,0.00019984467
14438,28,0.18671463,0.00019984453
14439,28,0.18587382,0.00019984453
14440,28,0.18374246,0.00019984439
14441,28,0.19416235,0.00019984439
14442,28,0.21746676,0.00019984425
14443,28,0.19900389,0.00019984425
14444,28,0.20840126,0.00019984411
14445,28,0.19151667,0.00019984411
14446,28,0.20639420,0.00019984397
14447,28,0.18905923,0.00019984397
14448,28,0.18431149,0.00019984383
14449,28,0.18586197,0.00019984383
14450,28,0.19162169,0.00019984369
14451,28,0.18996923,0.00019984369
14452,28,0.19893324,0.00019984355
14453,28,0.18149967,0.00019984355
14454,28,0.18869610,0.00019984341
14455,28,0.20286593,0.00019984341
14456,28,0.20908107,0.00019984326
14457,28,0.19440313,0.00019984326
14458,28,0.21332452,0.00019984312
14459,28,0.20011954,0.00019984312
14460,28,0.20692664,0.00019984298
14461,28,0.20042171,0.00019984298
14462,28,0.20107815,0.00019984284
14463,28,0.20926878,0.00019984284
14464,28,0.20268710,0.0001998427
14465,28,0.18502773,0.0001998427
14466,28,0.22306344,0.00019984256
14467,28,0.19709545,0.00019984256
14468,28,0.19405574,0.00019984242
14469,28,0.19152233,0.00019984242
14470,28,0.18033475,0.00019984228
14471,28,0.20769136,0.00019984228
14472,28,0.18660736,0.00019984214
14473,28,0.18414190,0.00019984214
14474,28,0.18389244,0.000199842
14475,28,0.23054263,0.000199842
14476,28,0.18883014,0.00019984186
14477,28,0.19203997,0.00019984186
14478,28,0.19890288,0.00019984171
14479,28,0.17856878,0.00019984171
14480,28,0.20886771,0.00019984157
14481,28,0.21337830,0.00019984157
14482,28,0.18873121,0.00019984143
14483,28,0.19603306,0.00019984143
14484,28,0.20352107,0.00019984129
14485,28,0.20996362,0.00019984129
14486,28,0.18891814,0.00019984115
14487,28,0.21190353,0.00019984115
14488,28,0.18321353,0.00019984101
14489,28,0.20865297,0.00019984101
14490,28,0.20493011,0.00019984086
14491,28,0.19855763,0.00019984086
14492,28,0.19813067,0.00019984072
14493,28,0.20009714,0.00019984072
14494,28,0.19340932,0.00019984058
14495,28,0.20078138,0.00019984058
14496,28,0.18598430,0.00019984044
14497,28,0.16928184,0.00019984044
14498,28,0.18552990,0.0001998403
14499,28,0.18591113,0.0001998403
14500,28,0.17622668,0.00019984016
14501,28,0.20949478,0.00019984016
14502,28,0.19873798,0.00019984001
14503,28,0.21126506,0.00019984001
14504,28,0.20895906,0.00019983987
14505,28,0.19564568,0.00019983987
14506,28,0.18566962,0.00019983973
14507,28,0.18015535,0.00019983973
14508,28,0.20303096,0.00019983959
14509,28,0.20380266,0.00019983959
14510,28,0.17048821,0.00019983944
14511,28,0.19189627,0.00019983944
14512,28,0.19085063,0.0001998393
14513,28,0.19489899,0.0001998393
14514,28,0.20099457,0.00019983916
14515,28,0.18488039,0.00019983916
14516,28,0.19490112,0.00019983902
14517,28,0.23308907,0.00019983902
14518,28,0.19566096,0.00019983887
14519,28,0.20842046,0.00019983887
14520,28,0.19408557,0.00019983873
14521,28,0.18839438,0.00019983873
14522,28,0.18727262,0.00019983859
14523,28,0.21430166,0.00019983859
14524,28,0.18694539,0.00019983845
14525,28,0.20359676,0.00019983845
14526,28,0.20775840,0.0001998383
14527,28,0.20347087,0.0001998383
14528,28,0.19877720,0.00019983816
14529,28,0.20034808,0.00019983816
14530,28,0.21621548,0.00019983802
14531,28,0.18645476,0.00019983802
14532,28,0.19990134,0.00019983787
14533,28,0.18163563,0.00019983787
14534,28,0.21504824,0.00019983773
14535,28,0.18747503,0.00019983773
14536,28,0.20281143,0.00019983759
14537,28,0.20476702,0.00019983759
14538,28,0.19141266,0.00019983744
14539,28,0.20977797,0.00019983744
14540,28,0.18506216,0.0001998373
14541,28,0.20303957,0.0001998373
14542,28,0.18967059,0.00019983716
14543,28,0.19015630,0.00019983716
14544,28,0.18855309,0.00019983701
14545,28,0.19876491,0.00019983701
14546,28,0.19114985,0.00019983687
14547,28,0.19679749,0.00019983687
14548,28,0.17614767,0.00019983673
14549,28,0.17530105,0.00019983673
14550,28,0.20166855,0.00019983658
14551,28,0.16966362,0.00019983658
14552,28,0.19652350,0.00019983644
14553,28,0.18752141,0.00019983644
14554,28,0.19942048,0.0001998363
14555,28,0.18971021,0.0001998363
14556,28,0.21701609,0.00019983615
14557,28,0.21200606,0.00019983615
14558,28,0.19739734,0.00019983601
14559,28,0.18086660,0.00019983601
14560,28,0.23038478,0.00019983587
14561,29,0.19222739,0.00019983587
14562,29,0.18597840,0.00019983572
14563,29,0.22147785,0.00019983572
14564,29,0.19396432,0.00019983558
14565,29,0.19159214,0.00019983558
14566,29,0.20301895,0.00019983543
14567,29,0.19987115,0.00019983543
14568,29,0.20634344,0.00019983529
14569,29,0.18908198,0.00019983529
14570,29,0.20289452,0.00019983514
14571,29,0.21168841,0.00019983514
14572,29,0.19389299,0.000199835
14573,29,0.19085599,0.000199835
14574,29,0.18381047,0.00019983486
14575,29,0.18761660,0.00019983486
14576,29,0.19361338,0.00019983471
14577,29,0.20690723,0.00019983471
14578,29,0.18937990,0.00019983457
14579,29,0.21725583,0.00019983457
14580,29,0.19609182,0.00019983442
14581,29,0.18593295,0.00019983442
14582,29,0.17621605,0.00019983428
14583,29,0.18506223,0.00019983428
14584,29,0.19460176,0.00019983413
14585,29,0.19979562,0.00019983413
14586,29,0.18423460,0.00019983399
14587,29,0.18871662,0.00019983399
14588,29,0.19089241,0.00019983384
14589,29,0.19484656,0.00019983384
14590,29,0.19477643,0.0001998337
14591,29,0.19079518,0.0001998337
14592,29,0.19605370,0.00019983355
14593,29,0.19463164,0.00019983355
14594,29,0.19201151,0.00019983341
14595,29,0.19425970,0.00019983341
14596,29,0.18698546,0.00019983326
14597,29,0.21553755,0.00019983326
14598,29,0.19677608,0.00019983312
14599,29,0.19047077,0.00019983312
14600,29,0.19942439,0.00019983297
14601,29,0.17196555,0.00019983297
14602,29,0.20406358,0.00019983283
14603,29,0.20320703,0.00019983283
14604,29,0.18624444,0.00019983268
14605,29,0.19884713,0.00019983268
14606,29,0.19495267,0.00019983254
14607,29,0.19009119,0.00019983254
14608,29,0.21547003,0.00019983239
14609,29,0.19922900,0.00019983239
14610,29,0.18706289,0.00019983225
14611,29,0.22394265,0.00019983225
14612,29,0.20002818,0.0001998321
14613,29,0.19738275,0.0001998321
14614,29,0.20430377,0.00019983196
14615,29,0.19613558,0.00019983196
14616,29,0.19480544,0.00019983181
14617,29,0.20035055,0.00019983181
14618,29,0.20948359,0.00019983166
14619,29,0.18582201,0.00019983166
14620,29,0.18086831,0.00019983152
14621,29,0.20381907,0.00019983152
14622,29,0.20385741,0.00019983137
14623,29,0.20018342,0.00019983137
14624,29,0.19583389,0.00019983123
14625,29,0.20150572,0.00019983123
14626,29,0.19601938,0.00019983108
14627,29,0.19919457,0.00019983108
14628,29,0.19637741,0.00019983093
14629,29,0.20882696,0.00019983093
14630,29,0.20169739,0.00019983079
14631,29,0.18760295,0.00019983079
14632,29,0.20225188,0.00019983064
14633,29,0.19807227,0.00019983064
14634,29,0.17687292,0.0001998305
14635,29,0.19419061,0.0001998305
14636,29,0.17393462,0.00019983035
14637,29,0.19095482,0.00019983035
14638,29,0.20726775,0.0001998302
14639,29,0.19334070,0.0001998302
14640,29,0.19659725,0.00019983006
14641,29,0.19575782,0.00019983006
14642,29,0.20299971,0.00019982991
14643,29,0.19233152,0.00019982991
14644,29,0.20010325,0.00019982976
14645,29,0.18902926,0.00019982976
14646,29,0.18199365,0.00019982962
14647,29,0.18447319,0.00019982962
14648,29,0.18555382,0.00019982947
14649,29,0.19393361,0.00019982947
14650,29,0.20060457,0.00019982932
14651,29,0.17858356,0.00019982932
14652,29,0.19753140,0.00019982918
14653,29,0.19287585,0.00019982918
14654,29,0.18217164,0.00019982903
14655,29,0.17826833,0.00019982903
14656,29,0.18664080,0.00019982888
14657,29,0.20753768,0.00019982888
14658,29,0.17777070,0.00019982874
14659,29,0.20106898,0.00019982874
14660,29,0.18157598,0.00019982859
14661,29,0.18811329,0.00019982859
14662,29,0.21118610,0.00019982844
14663,29,0.20867176,0.00019982844
14664,29,0.19270067,0.0001998283
14665,29,0.18743108,0.0001998283
14666,29,0.18001647,0.00019982815
14667,29,0.18924592,0.00019982815
14668,29,0.19399454,0.000199828
14669,29,0.20227724,0.000199828
14670,29,0.19093056,0.00019982785
14671,29,0.20396768,0.00019982785
14672,29,0.19686739,0.00019982771
14673,29,0.20270960,0.00019982771
14674,29,0.17569281,0.00019982756
14675,29,0.19316033,0.00019982756
14676,29,0.20113148,0.00019982741
14677,29,0.18716905,0.00019982741
14678,29,0.17904000,0.00019982726
14679,29,0.18654381,0.00019982726
14680,29,0.21259354,0.00019982712
14681,29,0.19593258,0.00019982712
14682,29,0.18624851,0.00019982697
14683,29,0.20817991,0.00019982697
14684,29,0.17561176,0.00019982682
14685,29,0.17768916,0.00019982682
14686,29,0.19242318,0.00019982667
14687,29,0.20594355,0.00019982667
14688,29,0.18406565,0.00019982652
14689,29,0.18770353,0.00019982652
14690,29,0.18253963,0.00019982638
14691,29,0.17688550,0.00019982638
14692,29,0.19112439,0.00019982623
14693,29,0.18354243,0.00019982623
14694,29,0.18344378,0.00019982608
14695,29,0.18039435,0.00019982608
14696,29,0.19340242,0.00019982593
14697,29,0.18351278,0.00019982593
14698,29,0.21308176,0.00019982578
14699,29,0.19863261,0.00019982578
14700,29,0.18578495,0.00019982564
14701,29,0.19026510,0.00019982564
14702,29,0.18309011,0.00019982549
14703,29,0.21599245,0.00019982549
14704,29,0.18081842,0.00019982534
14705,29,0.20573892,0.00019982534
14706,29,0.19554083,0.00019982519
14707,29,0.20038150,0.00019982519
14708,29,0.20001295,0.00019982504
14709,29,0.20559649,0.00019982504
14710,29,0.19248642,0.00019982489
14711,29,0.18257686,0.00019982489
14712,29,0.21025856,0.00019982474
14713,29,0.17020094,0.00019982474
14714,29,0.17987381,0.0001998246
14715,29,0.19179837,0.0001998246
14716,29,0.19122112,0.00019982445
14717,29,0.19001897,0.00019982445
14718,29,0.18708637,0.0001998243
14719,29,0.20955527,0.0001998243
14720,29,0.18446462,0.00019982415
14721,29,0.20344509,0.00019982415
14722,29,0.17062177,0.000199824
14723,29,0.18946746,0.000199824
14724,29,0.21107404,0.00019982385
14725,29,0.19575773,0.00019982385
14726,29,0.21129298,0.0001998237
14727,29,0.18772550,0.0001998237
14728,29,0.18377629,0.00019982355
14729,29,0.17728744,0.00019982355
14730,29,0.18776022,0.0001998234
14731,29,0.19703192,0.0001998234
14732,29,0.20148624,0.00019982325
14733,29,0.18778017,0.00019982325
14734,29,0.21565829,0.0001998231
14735,29,0.19753000,0.0001998231
14736,29,0.21159001,0.00019982295
14737,29,0.18855776,0.00019982295
14738,29,0.18900493,0.0001998228
14739,29,0.21220906,0.0001998228
14740,29,0.20738934,0.00019982266
14741,29,0.20753166,0.00019982266
14742,29,0.20157044,0.00019982251
14743,29,0.17843911,0.00019982251
14744,29,0.20545311,0.00019982236
14745,29,0.21236213,0.00019982236
14746,29,0.18845412,0.00019982221
14747,29,0.19223826,0.00019982221
14748,29,0.20675758,0.00019982206
14749,29,0.18613297,0.00019982206
14750,29,0.17735693,0.00019982191
14751,29,0.19621661,0.00019982191
14752,29,0.18341692,0.00019982176
14753,29,0.17879711,0.00019982176
14754,29,0.19161217,0.00019982161
14755,29,0.19809648,0.00019982161
14756,29,0.19539329,0.00019982146
14757,29,0.18604133,0.00019982146
14758,29,0.17125647,0.00019982131
14759,29,0.20183341,0.00019982131
14760,29,0.21569091,0.00019982116
14761,29,0.18933250,0.00019982116
14762,29,0.19851494,0.00019982101
14763,29,0.19714072,0.00019982101
14764,29,0.19276287,0.00019982086
14765,29,0.19111069,0.00019982086
14766,29,0.20664552,0.00019982071
14767,29,0.20015818,0.00019982071
14768,29,0.17511897,0.00019982055
14769,29,0.22530872,0.00019982055
14770,29,0.18723781,0.0001998204
14771,29,0.18733068,0.0001998204
14772,29,0.19317065,0.00019982025
14773,29,0.19401471,0.00019982025
14774,29,0.21584101,0.0001998201
14775,29,0.19487831,0.0001998201
14776,29,0.19704729,0.00019981995
14777,29,0.19508603,0.00019981995
14778,29,0.19046946,0.0001998198
14779,29,0.22825284,0.0001998198
14780,29,0.20840283,0.00019981965
14781,29,0.18413857,0.00019981965
14782,29,0.20407183,0.0001998195
14783,29,0.19990972,0.0001998195
14784,29,0.19386975,0.00019981935
14785,29,0.21303050,0.00019981935
14786,29,0.18955421,0.0001998192
14787,29,0.19469428,0.0001998192
14788,29,0.22098918,0.00019981905
14789,29,0.19110401,0.00019981905
14790,29,0.19736257,0.0001998189
14791,29,0.19490953,0.0001998189
14792,29,0.20401125,0.00019981874
14793,29,0.21091318,0.00019981874
14794,29,0.20255367,0.00019981859
14795,29,0.17411157,0.00019981859
14796,29,0.20036043,0.00019981844
14797,29,0.17784579,0.00019981844
14798,29,0.19578907,0.00019981829
14799,29,0.20368998,0.00019981829
14800,29,0.20008118,0.00019981814
14801,29,0.19196875,0.00019981814
14802,29,0.18180147,0.00019981799
14803,29,0.19956462,0.00019981799
14804,29,0.21104829,0.00019981784
14805,29,0.17658882,0.00019981784
14806,29,0.19461152,0.00019981768
14807,29,0.19940999,0.00019981768
14808,29,0.17913300,0.00019981753
14809,29,0.21331909,0.00019981753
14810,29,0.18651955,0.00019981738
14811,29,0.19059859,0.00019981738
14812,29,0.19360161,0.00019981723
14813,29,0.18077777,0.00019981723
14814,29,0.19575918,0.00019981708
14815,29,0.20994420,0.00019981708
14816,29,0.18766938,0.00019981692
14817,29,0.18405350,0.00019981692
14818,29,0.19878732,0.00019981677
14819,29,0.20965619,0.00019981677
14820,29,0.18162575,0.00019981662
14821,29,0.20598467,0.00019981662
14822,29,0.21605368,0.00019981647
14823,29,0.19869052,0.00019981647
14824,29,0.18827288,0.00019981632
14825,29,0.19281547,0.00019981632
14826,29,0.18591760,0.00019981616
14827,29,0.19586140,0.00019981616
14828,29,0.19628416,0.00019981601
14829,29,0.18942039,0.00019981601
14830,29,0.18307039,0.00019981586
14831,29,0.17519808,0.00019981586
14832,29,0.19093177,0.00019981571
14833,29,0.19976258,0.00019981571
14834,29,0.18734309,0.00019981555
14835,29,0.18755598,0.00019981555
14836,29,0.19713411,0.0001998154
14837,29,0.17588948,0.0001998154
14838,29,0.18498862,0.00019981525
14839,29,0.16942985,0.00019981525
14840,29,0.18971038,0.0001998151
14841,29,0.17381020,0.0001998151
14842,29,0.18708988,0.00019981494
14843,29,0.19837679,0.00019981494
14844,29,0.20491950,0.00019981479
14845,29,0.20720974,0.00019981479
14846,29,0.21537797,0.00019981464
14847,29,0.18423162,0.00019981464
14848,29,0.20416750,0.00019981448
14849,29,0.19451861,0.00019981448
14850,29,0.20871086,0.00019981433
14851,29,0.19844034,0.00019981433
14852,29,0.17038840,0.00019981418
14853,29,0.20758149,0.00019981418
14854,29,0.20339233,0.00019981402
14855,29,0.19369929,0.00019981402
14856,29,0.20412710,0.00019981387
14857,29,0.20200221,0.00019981387
14858,29,0.20216395,0.00019981372
14859,29,0.18477795,0.00019981372
14860,29,0.21695271,0.00019981357
14861,29,0.19595411,0.00019981357
14862,29,0.18416268,0.00019981341
14863,29,0.18213820,0.00019981341
14864,29,0.19567648,0.00019981326
14865,29,0.18344900,0.00019981326
14866,29,0.19905591,0.0001998131
14867,29,0.20495608,0.0001998131
14868,29,0.18874478,0.00019981295
14869,29,0.20808922,0.00019981295
14870,29,0.17895865,0.0001998128
14871,29,0.19092399,0.0001998128
14872,29,0.18628855,0.00019981264
14873,29,0.19222562,0.00019981264
14874,29,0.16592693,0.00019981249
14875,29,0.21848555,0.00019981249
14876,29,0.18068738,0.00019981234
14877,29,0.19588803,0.00019981234
14878,29,0.19801629,0.00019981218
14879,29,0.18563344,0.00019981218
14880,29,0.18950526,0.00019981203
14881,29,0.20275085,0.00019981203
14882,29,0.18362790,0.00019981187
14883,29,0.17884536,0.00019981187
14884,29,0.18307562,0.00019981172
14885,29,0.19540660,0.00019981172
14886,29,0.18991692,0.00019981157
14887,29,0.18484309,0.00019981157
14888,29,0.18788831,0.00019981141
14889,29,0.18089359,0.00019981141
14890,29,0.19175151,0.00019981126
14891,29,0.19978115,0.00019981126
14892,29,0.20977108,0.0001998111
14893,29,0.17657958,0.0001998111
14894,29,0.22119910,0.00019981095
14895,29,0.18806429,0.00019981095
14896,29,0.18347359,0.00019981079
14897,29,0.18179049,0.00019981079
14898,29,0.18049213,0.00019981064
14899,29,0.18893954,0.00019981064
14900,29,0.18343617,0.00019981048
14901,29,0.19066055,0.00019981048
14902,29,0.20590080,0.00019981033
14903,29,0.19319119,0.00019981033
14904,29,0.18015574,0.00019981018
14905,29,0.20779800,0.00019981018
14906,29,0.18474004,0.00019981002
14907,29,0.20586269,0.00019981002
14908,29,0.18755014,0.00019980987
14909,29,0.18682118,0.00019980987
14910,29,0.21044204,0.00019980971
14911,29,0.22289491,0.00019980971
14912,29,0.20771013,0.00019980956
14913,29,0.20049214,0.00019980956
14914,29,0.19817653,0.0001998094
14915,29,0.19351202,0.0001998094
14916,29,0.21044438,0.00019980925
14917,29,0.19285388,0.00019980925
14918,29,0.18852697,0.00019980909
14919,29,0.19281973,0.00019980909
14920,29,0.20176417,0.00019980893
14921,29,0.21725436,0.00019980893
14922,29,0.20578136,0.00019980878
14923,29,0.18812183,0.00019980878
14924,29,0.19192070,0.00019980862
14925,29,0.20070161,0.00019980862
14926,29,0.17396913,0.00019980847
14927,29,0.20441937,0.00019980847
14928,29,0.19138125,0.00019980831
14929,29,0.20006151,0.00019980831
14930,29,0.21246901,0.00019980816
14931,29,0.20016733,0.00019980816
14932,29,0.18606217,0.000199808
14933,29,0.21401723,0.000199808
14934,29,0.19916974,0.00019980785
14935,29,0.18105355,0.00019980785
14936,29,0.19650942,0.00019980769
14937,29,0.21709515,0.00019980769
14938,29,0.21428183,0.00019980753
14939,29,0.18419786,0.00019980753
14940,29,0.18189971,0.00019980738
14941,29,0.20495851,0.00019980738
14942,29,0.18354350,0.00019980722
14943,29,0.18290849,0.00019980722
14944,29,0.20061387,0.00019980707
14945,29,0.18785651,0.00019980707
14946,29,0.19800778,0.00019980691
14947,29,0.17585485,0.00019980691
14948,29,0.18946917,0.00019980675
14949,29,0.20172447,0.00019980675
14950,29,0.19725873,0.0001998066
14951,29,0.17397328,0.0001998066
14952,29,0.19805177,0.00019980644
14953,29,0.21127157,0.00019980644
14954,29,0.17077066,0.00019980629
14955,29,0.20636731,0.00019980629
14956,29,0.18724141,0.00019980613
14957,29,0.19324179,0.00019980613
14958,29,0.21516378,0.00019980597
14959,29,0.18457758,0.00019980597
14960,29,0.20205703,0.00019980582
14961,29,0.19341069,0.00019980582
14962,29,0.19776507,0.00019980566
14963,29,0.20046097,0.00019980566
14964,29,0.18938170,0.0001998055
14965,29,0.21022792,0.0001998055
14966,29,0.21130824,0.00019980535
14967,29,0.20186141,0.00019980535
14968,29,0.21463890,0.00019980519
14969,29,0.20131667,0.00019980519
14970,29,0.17316481,0.00019980503
14971,29,0.18795313,0.00019980503
14972,29,0.20491643,0.00019980488
14973,29,0.19528209,0.00019980488
14974,29,0.19760464,0.00019980472
14975,29,0.18418360,0.00019980472
14976,29,0.18708593,0.00019980456
14977,29,0.20702191,0.00019980456
14978,29,0.17733881,0.0001998044
14979,29,0.20435943,0.0001998044
14980,29,0.18195529,0.00019980425
14981,29,0.16402362,0.00019980425
14982,29,0.19516638,0.00019980409
14983,29,0.18896663,0.00019980409
14984,29,0.18378717,0.00019980393
14985,29,0.18469036,0.00019980393
14986,29,0.18941076,0.00019980378
14987,29,0.18334900,0.00019980378
14988,29,0.19845210,0.00019980362
14989,29,0.21159825,0.00019980362
14990,29,0.18777949,0.00019980346
14991,29,0.18157798,0.00019980346
14992,29,0.22795609,0.0001998033
14993,29,0.20029119,0.0001998033
14994,29,0.20517011,0.00019980315
14995,29,0.21040674,0.00019980315
14996,29,0.19262870,0.00019980299
14997,29,0.19363540,0.00019980299
14998,29,0.21733877,0.00019980283
14999,29,0.19668865,0.00019980283
15000,29,0.19415715,0.00019980267
15001,29,0.18674465,0.00019980267
15002,29,0.20139882,0.00019980252
15003,29,0.19685534,0.00019980252
15004,29,0.18823709,0.00019980236
15005,29,0.18873198,0.00019980236
15006,29,0.18826936,0.0001998022
15007,29,0.17937668,0.0001998022
15008,29,0.20838815,0.00019980204
15009,29,0.19656985,0.00019980204
15010,29,0.21324067,0.00019980188
15011,29,0.18903293,0.00019980188
15012,29,0.19026984,0.00019980172
15013,29,0.18719423,0.00019980172
15014,29,0.19945705,0.00019980157
15015,29,0.19716904,0.00019980157
15016,29,0.19734412,0.00019980141
15017,29,0.19464442,0.00019980141
15018,29,0.19167025,0.00019980125
15019,29,0.20728102,0.00019980125
15020,29,0.19668052,0.00019980109
15021,29,0.20383912,0.00019980109
15022,29,0.17994134,0.00019980093
15023,29,0.19585074,0.00019980093
15024,29,0.20282872,0.00019980077
15025,29,0.19935061,0.00019980077
15026,29,0.20979492,0.00019980062
15027,29,0.20013727,0.00019980062
15028,29,0.19247659,0.00019980046
15029,29,0.20836896,0.00019980046
15030,29,0.17761810,0.0001998003
15031,29,0.18434507,0.0001998003
15032,29,0.19132863,0.00019980014
15033,29,0.21613705,0.00019980014
15034,29,0.18589973,0.00019979998
15035,29,0.21854599,0.00019979998
15036,29,0.21204825,0.00019979982
15037,29,0.21117288,0.00019979982
15038,29,0.19951698,0.00019979966
15039,29,0.20764320,0.00019979966
15040,29,0.19323915,0.0001997995
15041,29,0.19735232,0.0001997995
15042,29,0.19164903,0.00019979934
15043,29,0.18817356,0.00019979934
15044,29,0.18868575,0.00019979919
15045,29,0.20098279,0.00019979919
15046,29,0.16922291,0.00019979903
15047,29,0.19162631,0.00019979903
15048,29,0.17210756,0.00019979887
15049,29,0.20452233,0.00019979887
15050,29,0.17892395,0.00019979871
15051,29,0.20116907,0.00019979871
15052,29,0.19917977,0.00019979855
15053,29,0.18771026,0.00019979855
15054,29,0.18708365,0.00019979839
15055,29,0.19357076,0.00019979839
15056,29,0.19755900,0.00019979823
15057,29,0.20012517,0.00019979823
15058,29,0.18840833,0.00019979807
15059,29,0.18497840,0.00019979807
15060,29,0.18296660,0.00019979791
15061,29,0.20440431,0.00019979791
15062,29,0.18487576,0.00019979775
15063,29,0.20227346,0.00019979775
15064,29,0.18125111,0.00019979759
15065,29,0.20169425,0.00019979759
15066,29,0.18652101,0.00019979743
15067,29,0.22492462,0.00019979743
15068,29,0.17848696,0.00019979727
15069,29,0.22508332,0.00019979727
15070,29,0.20146458,0.00019979711
15071,29,0.19230546,0.00019979711
15072,29,0.19358878,0.00019979695
15073,29,0.19531144,0.00019979695
15074,29,0.19875124,0.00019979679
15075,29,0.20384102,0.00019979679
15076,29,0.20689817,0.00019979663
15077,29,0.18836887,0.00019979663
15078,29,0.19059020,0.00019979647
15079,29,0.18606146,0.00019979647
15080,29,0.19182196,0.00019979631
15081,30,0.17920607,0.00019979631
15082,30,0.21269011,0.00019979615
15083,30,0.19209296,0.00019979615
15084,30,0.17652424,0.00019979599
15085,30,0.17925754,0.00019979599
15086,30,0.20004021,0.00019979583
15087,30,0.20644623,0.00019979583
15088,30,0.21150270,0.00019979567
15089,30,0.22058105,0.00019979567
15090,30,0.19014046,0.00019979551
15091,30,0.18632694,0.00019979551
15092,30,0.19491048,0.00019979535
15093,30,0.18939619,0.00019979535
15094,30,0.18429552,0.00019979519
15095,30,0.19363782,0.00019979519
15096,30,0.21853860,0.00019979503
15097,30,0.18487912,0.00019979503
15098,30,0.20596229,0.00019979486
15099,30,0.21145494,0.00019979486
15100,30,0.19229166,0.0001997947
15101,30,0.18502198,0.0001997947
15102,30,0.19057444,0.00019979454
15103,30,0.20643863,0.00019979454
15104,30,0.18771297,0.00019979438
15105,30,0.19368696,0.00019979438
15106,30,0.19090734,0.00019979422
15107,30,0.18752825,0.00019979422
15108,30,0.19904305,0.00019979406
15109,30,0.20787427,0.00019979406
15110,30,0.16901000,0.0001997939
15111,30,0.20895258,0.0001997939
15112,30,0.18900333,0.00019979374
15113,30,0.20364168,0.00019979374
15114,30,0.18108745,0.00019979358
15115,30,0.19116592,0.00019979358
15116,30,0.21190149,0.00019979341
15117,30,0.19485103,0.00019979341
15118,30,0.20610192,0.00019979325
15119,30,0.18645142,0.00019979325
15120,30,0.20372504,0.00019979309
15121,30,0.20731100,0.00019979309
15122,30,0.18650717,0.00019979293
15123,30,0.20299946,0.00019979293
15124,30,0.18669614,0.00019979277
15125,30,0.18514796,0.00019979277
15126,30,0.19523910,0.00019979261
15127,30,0.18160945,0.00019979261
15128,30,0.18016736,0.00019979244
15129,30,0.19739956,0.00019979244
15130,30,0.20592412,0.00019979228
15131,30,0.19127332,0.00019979228
15132,30,0.18838032,0.00019979212
15133,30,0.19281347,0.00019979212
15134,30,0.19102709,0.00019979196
15135,30,0.19869831,0.00019979196
15136,30,0.17789288,0.0001997918
15137,30,0.18952480,0.0001997918
15138,30,0.18020712,0.00019979163
15139,30,0.19262537,0.00019979163
15140,30,0.18989900,0.00019979147
15141,30,0.20334756,0.00019979147
15142,30,0.18369727,0.00019979131
15143,30,0.19746986,0.00019979131
15144,30,0.19561243,0.00019979115
15145,30,0.18894958,0.00019979115
15146,30,0.19855836,0.00019979098
15147,30,0.20331211,0.00019979098
15148,30,0.19617844,0.00019979082
15149,30,0.20468609,0.00019979082
15150,30,0.17491400,0.00019979066
15151,30,0.18961035,0.00019979066
15152,30,0.19537129,0.0001997905
15153,30,0.19665615,0.0001997905
15154,30,0.20311600,0.00019979033
15155,30,0.19543199,0.00019979033
15156,30,0.18636169,0.00019979017
15157,30,0.19325787,0.00019979017
15158,30,0.18415141,0.00019979001
15159,30,0.19293675,0.00019979001
15160,30,0.18359572,0.00019978985
15161,30,0.21169581,0.00019978985
15162,30,0.20508343,0.00019978968
15163,30,0.21302606,0.00019978968
15164,30,0.21267083,0.00019978952
15165,30,0.18825327,0.00019978952
15166,30,0.17670412,0.00019978936
15167,30,0.19242209,0.00019978936
15168,30,0.18014526,0.00019978919
15169,30,0.16795929,0.00019978919
15170,30,0.20548002,0.00019978903
15171,30,0.19628592,0.00019978903
15172,30,0.17944805,0.00019978887
15173,30,0.18884498,0.00019978887
15174,30,0.19092484,0.0001997887
15175,30,0.19061643,0.0001997887
15176,30,0.18530862,0.00019978854
15177,30,0.19172750,0.00019978854
15178,30,0.20851453,0.00019978838
15179,30,0.18353830,0.00019978838
15180,30,0.19193134,0.00019978821
15181,30,0.18500157,0.00019978821
15182,30,0.19017537,0.00019978805
15183,30,0.18785544,0.00019978805
15184,30,0.20486753,0.00019978789
15185,30,0.17652415,0.00019978789
15186,30,0.18020865,0.00019978772
15187,30,0.19286005,0.00019978772
15188,30,0.21535932,0.00019978756
15189,30,0.19213934,0.00019978756
15190,30,0.22776082,0.0001997874
15191,30,0.19098763,0.0001997874
15192,30,0.18356583,0.00019978723
15193,30,0.17878257,0.00019978723
15194,30,0.20313597,0.00019978707
15195,30,0.19563629,0.00019978707
15196,30,0.17829859,0.0001997869
15197,30,0.18989959,0.0001997869
15198,30,0.21392773,0.00019978674
15199,30,0.18598624,0.00019978674
15200,30,0.20465343,0.00019978658
15201,30,0.18208297,0.00019978658
15202,30,0.21646799,0.00019978641
15203,30,0.18627937,0.00019978641
15204,30,0.17538211,0.00019978625
15205,30,0.20152266,0.00019978625
15206,30,0.18732055,0.00019978608
15207,30,0.20454222,0.00019978608
15208,30,0.19503982,0.00019978592
15209,30,0.19656511,0.00019978592
15210,30,0.18272783,0.00019978576
15211,30,0.19474418,0.00019978576
15212,30,0.17550655,0.00019978559
15213,30,0.21116538,0.00019978559
15214,30,0.18068807,0.00019978543
15215,30,0.20233001,0.00019978543
15216,30,0.19724928,0.00019978526
15217,30,0.18974693,0.00019978526
15218,30,0.20930648,0.0001997851
15219,30,0.17433463,0.0001997851
15220,30,0.19245559,0.00019978493
15221,30,0.19606997,0.00019978493
15222,30,0.18454552,0.00019978477
15223,30,0.16947967,0.00019978477
15224,30,0.17964764,0.0001997846
15225,30,0.20759752,0.0001997846
15226,30,0.19105081,0.00019978444
15227,30,0.20421839,0.00019978444
15228,30,0.16618034,0.00019978427
15229,30,0.18240210,0.00019978427
15230,30,0.17628147,0.00019978411
15231,30,0.18820252,0.00019978411
15232,30,0.20595704,0.00019978394
15233,30,0.19111612,0.00019978394
15234,30,0.19824058,0.00019978378
15235,30,0.19284974,0.00019978378
15236,30,0.20179611,0.00019978361
15237,30,0.19379850,0.00019978361
15238,30,0.19646032,0.00019978345
15239,30,0.20547858,0.00019978345
15240,30,0.20121601,0.00019978328
15241,30,0.19615328,0.00019978328
15242,30,0.17698750,0.00019978312
15243,30,0.21785939,0.00019978312
15244,30,0.19888619,0.00019978295
15245,30,0.18904528,0.00019978295
15246,30,0.22818194,0.00019978279
15247,30,0.21305977,0.00019978279
15248,30,0.20633493,0.00019978262
15249,30,0.20538807,0.00019978262
15250,30,0.17487438,0.00019978245
15251,30,0.20330222,0.00019978245
15252,30,0.20081110,0.00019978229
15253,30,0.17465544,0.00019978229
15254,30,0.17848998,0.00019978212
15255,30,0.20681579,0.00019978212
15256,30,0.19136892,0.00019978196
15257,30,0.19697416,0.00019978196
15258,30,0.18776004,0.00019978179
15259,30,0.23204809,0.00019978179
15260,30,0.17626289,0.00019978162
15261,30,0.19453795,0.00019978162
15262,30,0.19746514,0.00019978146
15263,30,0.20600811,0.00019978146
15264,30,0.19711351,0.00019978129
15265,30,0.19007495,0.00019978129
15266,30,0.18659592,0.00019978113
15267,30,0.20300362,0.00019978113
15268,30,0.19229655,0.00019978096
15269,30,0.17010874,0.00019978096
15270,30,0.18356474,0.00019978079
15271,30,0.20050003,0.00019978079
15272,30,0.18911858,0.00019978063
15273,30,0.20648374,0.00019978063
15274,30,0.18391144,0.00019978046
15275,30,0.19170253,0.00019978046
15276,30,0.19047295,0.00019978029
15277,30,0.19596092,0.00019978029
15278,30,0.20354125,0.00019978013
15279,30,0.19463179,0.00019978013
15280,30,0.19750273,0.00019977996
15281,30,0.19611448,0.00019977996
15282,30,0.19553900,0.0001997798
15283,30,0.21130919,0.0001997798
15284,30,0.21026950,0.00019977963
15285,30,0.19610521,0.00019977963
15286,30,0.20531425,0.00019977946
15287,30,0.19545156,0.00019977946
15288,30,0.18623157,0.00019977929
15289,30,0.18935366,0.00019977929
15290,30,0.19922359,0.00019977913
15291,30,0.19331278,0.00019977913
15292,30,0.20987280,0.00019977896
15293,30,0.20839792,0.00019977896
15294,30,0.19476074,0.00019977879
15295,30,0.19494088,0.00019977879
15296,30,0.21688366,0.00019977863
15297,30,0.21868038,0.00019977863
15298,30,0.20798942,0.00019977846
15299,30,0.19040938,0.00019977846
15300,30,0.21870771,0.00019977829
15301,30,0.18683198,0.00019977829
15302,30,0.20429969,0.00019977812
15303,30,0.19918944,0.00019977812
15304,30,0.19210482,0.00019977796
15305,30,0.18987322,0.00019977796
15306,30,0.23050448,0.00019977779
15307,30,0.21011779,0.00019977779
15308,30,0.18525958,0.00019977762
15309,30,0.20176721,0.00019977762
15310,30,0.20712318,0.00019977746
15311,30,0.20693775,0.00019977746
15312,30,0.19898516,0.00019977729
15313,30,0.20067196,0.00019977729
15314,30,0.18893833,0.00019977712
15315,30,0.18975122,0.00019977712
15316,30,0.19178921,0.00019977695
15317,30,0.18920735,0.00019977695
15318,30,0.20043375,0.00019977678
15319,30,0.20672992,0.00019977678
15320,30,0.18854973,0.00019977662
15321,30,0.19915676,0.00019977662
15322,30,0.19962549,0.00019977645
15323,30,0.19076486,0.00019977645
15324,30,0.20031145,0.00019977628
15325,30,0.18918441,0.00019977628
15326,30,0.20076445,0.00019977611
15327,30,0.19710952,0.00019977611
15328,30,0.19476664,0.00019977594
15329,30,0.18427761,0.00019977594
15330,30,0.18604217,0.00019977578
15331,30,0.18507512,0.00019977578
15332,30,0.19731648,0.00019977561
15333,30,0.19168052,0.00019977561
15334,30,0.18742628,0.00019977544
15335,30,0.18638481,0.00019977544
15336,30,0.20429963,0.00019977527
15337,30,0.20203765,0.00019977527
15338,30,0.18540269,0.0001997751
15339,30,0.20234734,0.0001997751
15340,30,0.18503769,0.00019977493
15341,30,0.17000964,0.00019977493
15342,30,0.20650823,0.00019977477
15343,30,0.18233465,0.00019977477
15344,30,0.18160610,0.0001997746
15345,30,0.20413116,0.0001997746
15346,30,0.16396175,0.00019977443
15347,30,0.18262412,0.00019977443
15348,30,0.19409697,0.00019977426
15349,30,0.21220361,0.00019977426
15350,30,0.18880922,0.00019977409
15351,30,0.19716163,0.00019977409
15352,30,0.17790063,0.00019977392
15353,30,0.19850601,0.00019977392
15354,30,0.19840594,0.00019977375
15355,30,0.19915219,0.00019977375
15356,30,0.19958173,0.00019977358
15357,30,0.18513814,0.00019977358
15358,30,0.20946303,0.00019977342
15359,30,0.22150519,0.00019977342
15360,30,0.18165575,0.00019977325
15361,30,0.20146894,0.00019977325
15362,30,0.19748306,0.00019977308
15363,30,0.18914379,0.00019977308
15364,30,0.18040605,0.00019977291
15365,30,0.18337475,0.00019977291
15366,30,0.19619918,0.00019977274
15367,30,0.18901616,0.00019977274
15368,30,0.21335822,0.00019977257
15369,30,0.19266415,0.00019977257
15370,30,0.18065037,0.0001997724
15371,30,0.19207373,0.0001997724
15372,30,0.20203961,0.00019977223
15373,30,0.19195628,0.00019977223
15374,30,0.18088394,0.00019977206
15375,30,0.19839892,0.00019977206
15376,30,0.18276027,0.00019977189
15377,30,0.19262406,0.00019977189
15378,30,0.18392335,0.00019977172
15379,30,0.18591744,0.00019977172
15380,30,0.19026878,0.00019977155
15381,30,0.20120095,0.00019977155
15382,30,0.19074956,0.00019977138
15383,30,0.20933689,0.00019977138
15384,30,0.21040335,0.00019977121
15385,30,0.17699936,0.00019977121
15386,30,0.18982551,0.00019977104
15387,30,0.20548527,0.00019977104
15388,30,0.19802958,0.00019977087
15389,30,0.19986394,0.00019977087
15390,30,0.20058149,0.0001997707
15391,30,0.19018452,0.0001997707
15392,30,0.17162889,0.00019977053
15393,30,0.20895351,0.00019977053
15394,30,0.20143934,0.00019977036
15395,30,0.17923921,0.00019977036
15396,30,0.21001621,0.00019977019
15397,30,0.19784608,0.00019977019
15398,30,0.22114179,0.00019977002
15399,30,0.21199398,0.00019977002
15400,30,0.18659337,0.00019976985
15401,30,0.17329448,0.00019976985
15402,30,0.19923192,0.00019976968
15403,30,0.19638854,0.00019976968
15404,30,0.19272225,0.00019976951
15405,30,0.21229893,0.00019976951
15406,30,0.21247536,0.00019976934
15407,30,0.20366938,0.00019976934
15408,30,0.20799030,0.00019976917
15409,30,0.19341554,0.00019976917
15410,30,0.20131381,0.000199769
15411,30,0.21742180,0.000199769
15412,30,0.19619839,0.00019976883
15413,30,0.19464786,0.00019976883
15414,30,0.18544504,0.00019976866
15415,30,0.19447619,0.00019976866
15416,30,0.20486158,0.00019976848
15417,30,0.18854757,0.00019976848
15418,30,0.17766501,0.00019976831
15419,30,0.18890652,0.00019976831
15420,30,0.20206910,0.00019976814
15421,30,0.18430203,0.00019976814
15422,30,0.20689207,0.00019976797
15423,30,0.18647909,0.00019976797
15424,30,0.18205048,0.0001997678
15425,30,0.17981704,0.0001997678
15426,30,0.19293131,0.00019976763
15427,30,0.20422585,0.00019976763
15428,30,0.19818087,0.00019976746
15429,30,0.20401913,0.00019976746
15430,30,0.18056658,0.00019976729
15431,30,0.17354539,0.00019976729
15432,30,0.18817063,0.00019976712
15433,30,0.19736192,0.00019976712
15434,30,0.18399955,0.00019976694
15435,30,0.19353712,0.00019976694
15436,30,0.19711515,0.00019976677
15437,30,0.18666948,0.00019976677
15438,30,0.16770035,0.0001997666
15439,30,0.17389011,0.0001997666
15440,30,0.22128023,0.00019976643
15441,30,0.18464974,0.00019976643
15442,30,0.19296308,0.00019976626
15443,30,0.21474780,0.00019976626
15444,30,0.17130935,0.00019976609
15445,30,0.20978746,0.00019976609
15446,30,0.21090886,0.00019976591
15447,30,0.19511697,0.00019976591
15448,30,0.19318029,0.00019976574
15449,30,0.20896734,0.00019976574
15450,30,0.19321631,0.00019976557
15451,30,0.18999141,0.00019976557
15452,30,0.18449338,0.0001997654
15453,30,0.17037623,0.0001997654
15454,30,0.18642984,0.00019976523
15455,30,0.18791178,0.00019976523
15456,30,0.18719406,0.00019976505
15457,30,0.19319852,0.00019976505
15458,30,0.20048878,0.00019976488
15459,30,0.20677783,0.00019976488
15460,30,0.18682237,0.00019976471
15461,30,0.20413820,0.00019976471
15462,30,0.19317882,0.00019976454
15463,30,0.21057577,0.00019976454
15464,30,0.17097007,0.00019976436
15465,30,0.21275768,0.00019976436
15466,30,0.20833325,0.00019976419
15467,30,0.16849095,0.00019976419
15468,30,0.19660516,0.00019976402
15469,30,0.19050184,0.00019976402
15470,30,0.19290489,0.00019976385
15471,30,0.18767433,0.00019976385
15472,30,0.19034553,0.00019976367
15473,30,0.17242013,0.00019976367
15474,30,0.19062458,0.0001997635
15475,30,0.18809447,0.0001997635
15476,30,0.19691899,0.00019976333
15477,30,0.18379198,0.00019976333
15478,30,0.17663474,0.00019976316
15479,30,0.19365698,0.00019976316
15480,30,0.19117270,0.00019976298
15481,30,0.18043627,0.00019976298
15482,30,0.19901119,0.00019976281
15483,30,0.20239802,0.00019976281
15484,30,0.20425797,0.00019976264
15485,30,0.18124856,0.00019976264
15486,30,0.19336425,0.00019976246
15487,30,0.18574603,0.00019976246
15488,30,0.19305439,0.00019976229
15489,30,0.19485576,0.00019976229
15490,30,0.21792939,0.00019976212
15491,30,0.19699337,0.00019976212
15492,30,0.19511993,0.00019976194
15493,30,0.19817695,0.00019976194
15494,30,0.17002003,0.00019976177
15495,30,0.19179267,0.00019976177
15496,30,0.19186665,0.0001997616
15497,30,0.20732410,0.0001997616
15498,30,0.20818551,0.00019976142
15499,30,0.19440913,0.00019976142
15500,30,0.22026955,0.00019976125
15501,30,0.19467254,0.00019976125
15502,30,0.17656727,0.00019976108
15503,30,0.19616331,0.00019976108
15504,30,0.19333652,0.0001997609
15505,30,0.19102512,0.0001997609
15506,30,0.20477347,0.00019976073
15507,30,0.18664978,0.00019976073
15508,30,0.22477347,0.00019976056
15509,30,0.20274608,0.00019976056
15510,30,0.19210482,0.00019976038
15511,30,0.19552334,0.00019976038
15512,30,0.18935560,0.00019976021
15513,30,0.19535841,0.00019976021
15514,30,0.21583043,0.00019976003
15515,30,0.18912028,0.00019976003
15516,30,0.19889601,0.00019975986
15517,30,0.17995244,0.00019975986
15518,30,0.17735572,0.00019975969
15519,30,0.20766389,0.00019975969
15520,30,0.21490316,0.00019975951
15521,30,0.19168362,0.00019975951
15522,30,0.19589181,0.00019975934
15523,30,0.18777394,0.00019975934
15524,30,0.19534373,0.00019975916
15525,30,0.19071195,0.00019975916
15526,30,0.17803894,0.00019975899
15527,30,0.17338841,0.00019975899
15528,30,0.17547065,0.00019975881
15529,30,0.19637726,0.00019975881
15530,30,0.20004262,0.00019975864
15531,30,0.19579241,0.00019975864
15532,30,0.19232388,0.00019975847
15533,30,0.19667727,0.00019975847
15534,30,0.22099093,0.00019975829
15535,30,0.21051733,0.00019975829
15536,30,0.17853104,0.00019975812
15537,30,0.19413437,0.00019975812
15538,30,0.22108267,0.00019975794
15539,30,0.22744597,0.00019975794
15540,30,0.20557843,0.00019975777
15541,30,0.18158884,0.00019975777
15542,30,0.18233649,0.00019975759
15543,30,0.20431410,0.00019975759
15544,30,0.19574115,0.00019975742
15545,30,0.20641834,0.00019975742
15546,30,0.20087068,0.00019975724
15547,30,0.20014556,0.00019975724
15548,30,0.18000078,0.00019975707
15549,30,0.18130518,0.00019975707
15550,30,0.18693820,0.00019975689
15551,30,0.20537992,0.00019975689
15552,30,0.18585975,0.00019975672
15553,30,0.18246654,0.00019975672
15554,30,0.18897036,0.00019975654
15555,30,0.17824429,0.00019975654
15556,30,0.19148031,0.00019975637
15557,30,0.18435788,0.00019975637
15558,30,0.19400676,0.00019975619
15559,30,0.17286068,0.00019975619
15560,30,0.19057222,0.00019975602
15561,30,0.17086196,0.00019975602
15562,30,0.20898084,0.00019975584
15563,30,0.18483175,0.00019975584
15564,30,0.18649426,0.00019975566
15565,30,0.20447685,0.00019975566
15566,30,0.20084906,0.00019975549
15567,30,0.18117131,0.00019975549
15568,30,0.21376106,0.00019975531
15569,30,0.19453676,0.00019975531
15570,30,0.20054932,0.00019975514
15571,30,0.18331188,0.00019975514
15572,30,0.19427876,0.00019975496
15573,30,0.17631507,0.00019975496
15574,30,0.18010648,0.00019975479
15575,30,0.17051785,0.00019975479
15576,30,0.23262154,0.00019975461
15577,30,0.20924945,0.00019975461
15578,30,0.20069475,0.00019975443
15579,30,0.19602384,0.00019975443
15580,30,0.19552569,0.00019975426
15581,30,0.19335718,0.00019975426
15582,30,0.20095041,0.00019975408
15583,30,0.19201238,0.00019975408
15584,30,0.20390792,0.00019975391
15585,30,0.19240844,0.00019975391
15586,30,0.19678092,0.00019975373
15587,30,0.20237327,0.00019975373
15588,30,0.18557115,0.00019975355
15589,30,0.19174357,0.00019975355
15590,30,0.18530364,0.00019975338
15591,30,0.17716809,0.00019975338
15592,30,0.18333121,0.0001997532
15593,30,0.18251766,0.0001997532
15594,30,0.19546954,0.00019975302
15595,30,0.17463131,0.00019975302
15596,30,0.19639026,0.00019975285
15597,30,0.20521858,0.00019975285
15598,30,0.19172321,0.00019975267
15599,30,0.21232721,0.00019975267
15600,30,0.17982943,0.00019975249
15601,31,0.18809618,0.00019975249
15602,31,0.19148214,0.00019975232
15603,31,0.20123304,0.00019975232
15604,31,0.18585256,0.00019975214
15605,31,0.20400992,0.00019975214
15606,31,0.20463961,0.00019975196
15607,31,0.19331509,0.00019975196
15608,31,0.19641845,0.00019975179
15609,31,0.16842757,0.00019975179
15610,31,0.18886207,0.00019975161
15611,31,0.18201716,0.00019975161
15612,31,0.18710704,0.00019975143
15613,31,0.18941768,0.00019975143
15614,31,0.19614020,0.00019975125
15615,31,0.18601958,0.00019975125
15616,31,0.18063803,0.00019975108
15617,31,0.19994192,0.00019975108
15618,31,0.19970599,0.0001997509
15619,31,0.22837979,0.0001997509
15620,31,0.19378190,0.00019975072
15621,31,0.18813626,0.00019975072
15622,31,0.18477836,0.00019975055
15623,31,0.19269729,0.00019975055
15624,31,0.20355196,0.00019975037
15625,31,0.18895109,0.00019975037
15626,31,0.18340544,0.00019975019
15627,31,0.20076908,0.00019975019
15628,31,0.19571057,0.00019975001
15629,31,0.16677114,0.00019975001
15630,31,0.18593438,0.00019974984
15631,31,0.20526604,0.00019974984
15632,31,0.18626499,0.00019974966
15633,31,0.18910411,0.00019974966
15634,31,0.20578542,0.00019974948
15635,31,0.21704836,0.00019974948
15636,31,0.18601499,0.0001997493
15637,31,0.20184970,0.0001997493
15638,31,0.19290356,0.00019974912
15639,31,0.20073159,0.00019974912
15640,31,0.20017441,0.00019974895
15641,31,0.18708202,0.00019974895
15642,31,0.20215198,0.00019974877
15643,31,0.21032512,0.00019974877
15644,31,0.19443491,0.00019974859
15645,31,0.19792430,0.00019974859
15646,31,0.18884540,0.00019974841
15647,31,0.19843800,0.00019974841
15648,31,0.20497681,0.00019974823
15649,31,0.19195922,0.00019974823
15650,31,0.18223965,0.00019974806
15651,31,0.19762786,0.00019974806
15652,31,0.19492276,0.00019974788
15653,31,0.20191000,0.00019974788
15654,31,0.19992709,0.0001997477
15655,31,0.18476541,0.0001997477
15656,31,0.19551165,0.00019974752
15657,31,0.18870014,0.00019974752
15658,31,0.18447489,0.00019974734
15659,31,0.18616730,0.00019974734
15660,31,0.18840858,0.00019974716
15661,31,0.22685082,0.00019974716
15662,31,0.18579985,0.00019974699
15663,31,0.18787260,0.00019974699
15664,31,0.20177136,0.00019974681
15665,31,0.17141058,0.00019974681
15666,31,0.21557358,0.00019974663
15667,31,0.17744285,0.00019974663
15668,31,0.18844220,0.00019974645
15669,31,0.18283518,0.00019974645
15670,31,0.17548989,0.00019974627
15671,31,0.22541571,0.00019974627
15672,31,0.16936807,0.00019974609
15673,31,0.19871031,0.00019974609
15674,31,0.19735922,0.00019974591
15675,31,0.19251019,0.00019974591
15676,31,0.17732729,0.00019974573
15677,31,0.19644584,0.00019974573
15678,31,0.17655201,0.00019974555
15679,31,0.20014526,0.00019974555
15680,31,0.17689933,0.00019974537
15681,31,0.18037221,0.00019974537
15682,31,0.18669370,0.0001997452
15683,31,0.18451837,0.0001997452
15684,31,0.22285149,0.00019974502
15685,31,0.19147201,0.00019974502
15686,31,0.16933690,0.00019974484
15687,31,0.20488487,0.00019974484
15688,31,0.18896185,0.00019974466
15689,31,0.19333054,0.00019974466
15690,31,0.19646491,0.00019974448
15691,31,0.19865516,0.00019974448
15692,31,0.19795652,0.0001997443
15693,31,0.18925031,0.0001997443
15694,31,0.19543248,0.00019974412
15695,31,0.21614353,0.00019974412
15696,31,0.20725934,0.00019974394
15697,31,0.18467319,0.00019974394
15698,31,0.18818434,0.00019974376
15699,31,0.16856343,0.00019974376
15700,31,0.17590086,0.00019974358
15701,31,0.18920363,0.00019974358
15702,31,0.18807863,0.0001997434
15703,31,0.20044133,0.0001997434
15704,31,0.19740084,0.00019974322
15705,31,0.22928007,0.00019974322
15706,31,0.18656868,0.00019974304
15707,31,0.20216142,0.00019974304
15708,31,0.21252075,0.00019974286
15709,31,0.20113182,0.00019974286
15710,31,0.20326480,0.00019974268
15711,31,0.19653955,0.00019974268
15712,31,0.19055946,0.0001997425
15713,31,0.19842188,0.0001997425
15714,31,0.18184631,0.00019974232
15715,31,0.19311315,0.00019974232
15716,31,0.19200136,0.00019974214
15717,31,0.20956509,0.00019974214
15718,31,0.20739356,0.00019974196
15719,31,0.17752883,0.00019974196
15720,31,0.19723935,0.00019974178
15721,31,0.20852923,0.00019974178
15722,31,0.20816594,0.0001997416
15723,31,0.18045495,0.0001997416
15724,31,0.19676110,0.00019974142
15725,31,0.20842516,0.00019974142
15726,31,0.18277787,0.00019974124
15727,31,0.19410889,0.00019974124
15728,31,0.20920484,0.00019974105
15729,31,0.19727951,0.00019974105
15730,31,0.19708310,0.00019974087
15731,31,0.20846392,0.00019974087
15732,31,0.19908273,0.00019974069
15733,31,0.19774339,0.00019974069
15734,31,0.17449886,0.00019974051
15735,31,0.19538017,0.00019974051
15736,31,0.19157290,0.00019974033
15737,31,0.20021559,0.00019974033
15738,31,0.19190891,0.00019974015
15739,31,0.22084726,0.00019974015
15740,31,0.17835543,0.00019973997
15741,31,0.19297035,0.00019973997
15742,31,0.20322166,0.00019973979
15743,31,0.20032623,0.00019973979
15744,31,0.19210395,0.00019973961
15745,31,0.22262044,0.00019973961
15746,31,0.18231384,0.00019973943
15747,31,0.17918646,0.00019973943
15748,31,0.18800630,0.00019973924
15749,31,0.20183752,0.00019973924
15750,31,0.19399527,0.00019973906
15751,31,0.18409398,0.00019973906
15752,31,0.16584797,0.00019973888
15753,31,0.19739707,0.00019973888
15754,31,0.20009570,0.0001997387
15755,31,0.19514935,0.0001997387
15756,31,0.17923015,0.00019973852
15757,31,0.18605830,0.00019973852
15758,31,0.18099068,0.00019973834
15759,31,0.18620427,0.00019973834
15760,31,0.19593301,0.00019973815
15761,31,0.19823591,0.00019973815
15762,31,0.19593512,0.00019973797
15763,31,0.18645689,0.00019973797
15764,31,0.19434087,0.00019973779
15765,31,0.20914121,0.00019973779
15766,31,0.18322051,0.00019973761
15767,31,0.20654447,0.00019973761
15768,31,0.19957052,0.00019973743
15769,31,0.19086388,0.00019973743
15770,31,0.19485237,0.00019973724
15771,31,0.19304341,0.00019973724
15772,31,0.18154325,0.00019973706
15773,31,0.19591345,0.00019973706
15774,31,0.18408161,0.00019973688
15775,31,0.20730236,0.00019973688
15776,31,0.23846899,0.0001997367
15777,31,0.19608745,0.0001997367
15778,31,0.17875218,0.00019973652
15779,31,0.20161031,0.00019973652
15780,31,0.20135383,0.00019973633
15781,31,0.19085550,0.00019973633
15782,31,0.19400378,0.00019973615
15783,31,0.18483716,0.00019973615
15784,31,0.22105964,0.00019973597
15785,31,0.18198429,0.00019973597
15786,31,0.21271107,0.00019973579
15787,31,0.20545624,0.00019973579
15788,31,0.19034566,0.0001997356
15789,31,0.17921111,0.0001997356
15790,31,0.19296044,0.00019973542
15791,31,0.21434113,0.00019973542
15792,31,0.17395884,0.00019973524
15793,31,0.20750006,0.00019973524
15794,31,0.21684366,0.00019973506
15795,31,0.17949755,0.00019973506
15796,31,0.20904711,0.00019973487
15797,31,0.19366078,0.00019973487
15798,31,0.19252846,0.00019973469
15799,31,0.19314402,0.00019973469
15800,31,0.22228067,0.00019973451
15801,31,0.18779530,0.00019973451
15802,31,0.18669231,0.00019973432
15803,31,0.19547690,0.00019973432
15804,31,0.19706060,0.00019973414
15805,31,0.18881960,0.00019973414
15806,31,0.20437115,0.00019973396
15807,31,0.20747638,0.00019973396
15808,31,0.17993043,0.00019973377
15809,31,0.19906600,0.00019973377
15810,31,0.21200156,0.00019973359
15811,31,0.19999629,0.00019973359
15812,31,0.19196817,0.00019973341
15813,31,0.21902043,0.00019973341
15814,31,0.20302565,0.00019973322
15815,31,0.18209822,0.00019973322
15816,31,0.20453171,0.00019973304
15817,31,0.18328330,0.00019973304
15818,31,0.18997008,0.00019973286
15819,31,0.19092059,0.00019973286
15820,31,0.18810789,0.00019973267
15821,31,0.20393640,0.00019973267
15822,31,0.17528786,0.00019973249
15823,31,0.16843982,0.00019973249
15824,31,0.17660128,0.00019973231
15825,31,0.19752897,0.00019973231
15826,31,0.18006495,0.00019973212
15827,31,0.18747042,0.00019973212
15828,31,0.18455617,0.00019973194
15829,31,0.19186397,0.00019973194
15830,31,0.20162581,0.00019973175
15831,31,0.18725646,0.00019973175
15832,31,0.19412675,0.00019973157
15833,31,0.17360660,0.00019973157
15834,31,0.18192944,0.00019973139
15835,31,0.21494038,0.00019973139
15836,31,0.18934090,0.0001997312
15837,31,0.18554533,0.0001997312
15838,31,0.19255143,0.00019973102
15839,31,0.18926382,0.00019973102
15840,31,0.19889866,0.00019973083
15841,31,0.18984333,0.00019973083
15842,31,0.18623236,0.00019973065
15843,31,0.19007264,0.00019973065
15844,31,0.18202819,0.00019973047
15845,31,0.20112343,0.00019973047
15846,31,0.18588348,0.00019973028
15847,31,0.18729092,0.00019973028
15848,31,0.20652525,0.0001997301
15849,31,0.20360075,0.0001997301
15850,31,0.20774564,0.00019972991
15851,31,0.19443482,0.00019972991
15852,31,0.20863475,0.00019972973
15853,31,0.21946947,0.00019972973
15854,31,0.20018154,0.00019972954
15855,31,0.19646986,0.00019972954
15856,31,0.18608016,0.00019972936
15857,31,0.19022599,0.00019972936
15858,31,0.17980365,0.00019972917
15859,31,0.18798313,0.00019972917
15860,31,0.18323465,0.00019972899
15861,31,0.21521963,0.00019972899
15862,31,0.20543464,0.0001997288
15863,31,0.20098229,0.0001997288
15864,31,0.20174114,0.00019972862
15865,31,0.18577138,0.00019972862
15866,31,0.21018136,0.00019972843
15867,31,0.20546451,0.00019972843
15868,31,0.20947510,0.00019972825
15869,31,0.18056795,0.00019972825
15870,31,0.18661107,0.00019972806
15871,31,0.20318876,0.00019972806
15872,31,0.20010135,0.00019972788
15873,31,0.18758112,0.00019972788
15874,31,0.20655958,0.00019972769
15875,31,0.21923025,0.00019972769
15876,31,0.18797414,0.00019972751
15877,31,0.19678095,0.00019972751
15878,31,0.18772669,0.00019972732
15879,31,0.19951029,0.00019972732
15880,31,0.17871483,0.00019972714
15881,31,0.19932808,0.00019972714
15882,31,0.18506745,0.00019972695
15883,31,0.17816150,0.00019972695
15884,31,0.18520086,0.00019972676
15885,31,0.19192378,0.00019972676
15886,31,0.19761446,0.00019972658
15887,31,0.20886597,0.00019972658
15888,31,0.19198258,0.00019972639
15889,31,0.19070040,0.00019972639
15890,31,0.19060211,0.00019972621
15891,31,0.18686008,0.00019972621
15892,31,0.18639359,0.00019972602
15893,31,0.19650535,0.00019972602
15894,31,0.21193729,0.00019972584
15895,31,0.19279057,0.00019972584
15896,31,0.19710723,0.00019972565
15897,31,0.20352751,0.00019972565
15898,31,0.19129311,0.00019972546
15899,31,0.20600072,0.00019972546
15900,31,0.18414058,0.00019972528
15901,31,0.22935793,0.00019972528
15902,31,0.18591720,0.00019972509
15903,31,0.20809585,0.00019972509
15904,31,0.18550634,0.0001997249
15905,31,0.19164678,0.0001997249
15906,31,0.20801970,0.00019972472
15907,31,0.19044209,0.00019972472
15908,31,0.17670386,0.00019972453
15909,31,0.20215099,0.00019972453
15910,31,0.20992777,0.00019972435
15911,31,0.18461739,0.00019972435
15912,31,0.18811341,0.00019972416
15913,31,0.22193895,0.00019972416
15914,31,0.16691452,0.00019972397
15915,31,0.17603132,0.00019972397
15916,31,0.19034703,0.00019972379
15917,31,0.19704242,0.00019972379
15918,31,0.17859526,0.0001997236
15919,31,0.20598298,0.0001997236
15920,31,0.18673393,0.00019972341
15921,31,0.19325010,0.00019972341
15922,31,0.21206045,0.00019972323
15923,31,0.18470755,0.00019972323
15924,31,0.18384613,0.00019972304
15925,31,0.20692852,0.00019972304
15926,31,0.20573318,0.00019972285
15927,31,0.21116742,0.00019972285
15928,31,0.21971533,0.00019972266
15929,31,0.19167082,0.00019972266
15930,31,0.20326738,0.00019972248
15931,31,0.18494701,0.00019972248
15932,31,0.19798909,0.00019972229
15933,31,0.21192931,0.00019972229
15934,31,0.19596314,0.0001997221
15935,31,0.18584676,0.0001997221
15936,31,0.18535800,0.00019972192
15937,31,0.20293005,0.00019972192
15938,31,0.20201005,0.00019972173
15939,31,0.19639185,0.00019972173
15940,31,0.20731276,0.00019972154
15941,31,0.19660276,0.00019972154
15942,31,0.19404170,0.00019972135
15943,31,0.23302004,0.00019972135
15944,31,0.20105127,0.00019972117
15945,31,0.19355485,0.00019972117
15946,31,0.19262616,0.00019972098
15947,31,0.19009480,0.00019972098
15948,31,0.19490059,0.00019972079
15949,31,0.17877062,0.00019972079
15950,31,0.20719524,0.0001997206
15951,31,0.20311266,0.0001997206
15952,31,0.19691081,0.00019972042
15953,31,0.22067142,0.00019972042
15954,31,0.19270426,0.00019972023
15955,31,0.17994934,0.00019972023
15956,31,0.18481427,0.00019972004
15957,31,0.17155379,0.00019972004
15958,31,0.18526757,0.00019971985
15959,31,0.16734146,0.00019971985
15960,31,0.20088403,0.00019971966
15961,31,0.17877622,0.00019971966
15962,31,0.18994911,0.00019971948
15963,31,0.17172313,0.00019971948
15964,31,0.18910134,0.00019971929
15965,31,0.20278808,0.00019971929
15966,31,0.18315218,0.0001997191
15967,31,0.16289987,0.0001997191
15968,31,0.20051141,0.00019971891
15969,31,0.19846496,0.00019971891
15970,31,0.20049365,0.00019971872
15971,31,0.17954822,0.00019971872
15972,31,0.17136908,0.00019971853
15973,31,0.17648347,0.00019971853
15974,31,0.19005387,0.00019971835
15975,31,0.18912318,0.00019971835
15976,31,0.18939927,0.00019971816
15977,31,0.20841527,0.00019971816
15978,31,0.21776006,0.00019971797
15979,31,0.18658513,0.00019971797
15980,31,0.20974620,0.00019971778
15981,31,0.20041293,0.00019971778
15982,31,0.18590635,0.00019971759
15983,31,0.18508497,0.00019971759
15984,31,0.19904850,0.0001997174
15985,31,0.18539758,0.0001997174
15986,31,0.18661311,0.00019971721
15987,31,0.19559839,0.00019971721
15988,31,0.18369658,0.00019971702
15989,31,0.18095970,0.00019971702
15990,31,0.19334485,0.00019971684
15991,31,0.19482140,0.00019971684
15992,31,0.20817839,0.00019971665
15993,31,0.19119604,0.00019971665
15994,31,0.19707869,0.00019971646
15995,31,0.18635644,0.00019971646
15996,31,0.18152511,0.00019971627
15997,31,0.17004959,0.00019971627
15998,31,0.17886169,0.00019971608
15999,31,0.17929585,0.00019971608
16000,31,0.20510048,0.00019971589
16001,31,0.18554476,0.00019971589
16002,31,0.18023451,0.0001997157
16003,31,0.19083287,0.0001997157
16004,31,0.19260325,0.00019971551
16005,31,0.21130827,0.00019971551
16006,31,0.18007115,0.00019971532
16007,31,0.17999887,0.00019971532
16008,31,0.19819270,0.00019971513
16009,31,0.19818662,0.00019971513
16010,31,0.21278164,0.00019971494
16011,31,0.18509041,0.00019971494
16012,31,0.17054819,0.00019971475
16013,31,0.20077112,0.00019971475
16014,31,0.17869814,0.00019971456
16015,31,0.18911526,0.00019971456
16016,31,0.18816592,0.00019971437
16017,31,0.16972852,0.00019971437
16018,31,0.18882269,0.00019971418
16019,31,0.17956297,0.00019971418
16020,31,0.18769529,0.00019971399
16021,31,0.18741782,0.00019971399
16022,31,0.17627563,0.0001997138
16023,31,0.17909871,0.0001997138
16024,31,0.20868324,0.00019971361
16025,31,0.17813191,0.00019971361
16026,31,0.19867708,0.00019971342
16027,31,0.20012578,0.00019971342
16028,31,0.19544083,0.00019971323
16029,31,0.19516693,0.00019971323
16030,31,0.18291147,0.00019971304
16031,31,0.20476349,0.00019971304
16032,31,0.19794366,0.00019971285
16033,31,0.21468945,0.00019971285
16034,31,0.20260562,0.00019971266
16035,31,0.19268513,0.00019971266
16036,31,0.19743419,0.00019971247
16037,31,0.21816920,0.00019971247
16038,31,0.19888932,0.00019971228
16039,31,0.20096979,0.00019971228
16040,31,0.19707805,0.00019971209
16041,31,0.18545485,0.00019971209
16042,31,0.19398734,0.0001997119
16043,31,0.19698980,0.0001997119
16044,31,0.19931777,0.00019971171
16045,31,0.19923301,0.00019971171
16046,31,0.17629822,0.00019971152
16047,31,0.18725148,0.00019971152
16048,31,0.18313809,0.00019971133
16049,31,0.18622187,0.00019971133
16050,31,0.21410862,0.00019971114
16051,31,0.17863221,0.00019971114
16052,31,0.19605196,0.00019971095
16053,31,0.18778807,0.00019971095
16054,31,0.19970948,0.00019971076
16055,31,0.21049796,0.00019971076
16056,31,0.20765503,0.00019971056
16057,31,0.18972340,0.00019971056
16058,31,0.19898468,0.00019971037
16059,31,0.19088598,0.00019971037
16060,31,0.17706622,0.00019971018
16061,31,0.18553269,0.00019971018
16062,31,0.19444473,0.00019970999
16063,31,0.19709767,0.00019970999
16064,31,0.17873539,0.0001997098
16065,31,0.18483162,0.0001997098
16066,31,0.18714902,0.00019970961
16067,31,0.17529328,0.00019970961
16068,31,0.19441110,0.00019970942
16069,31,0.19913393,0.00019970942
16070,31,0.21552026,0.00019970923
16071,31,0.19139753,0.00019970923
16072,31,0.18617339,0.00019970903
16073,31,0.18276465,0.00019970903
16074,31,0.20172076,0.00019970884
16075,31,0.19329596,0.00019970884
16076,31,0.20314996,0.00019970865
16077,31,0.17528316,0.00019970865
16078,31,0.18341063,0.00019970846
16079,31,0.18634048,0.00019970846
16080,31,0.16686983,0.00019970827
16081,31,0.17359050,0.00019970827
16082,31,0.18314691,0.00019970808
16083,31,0.17756137,0.00019970808
16084,31,0.21988507,0.00019970788
16085,31,0.19445658,0.00019970788
16086,31,0.21183345,0.00019970769
16087,31,0.20089251,0.00019970769
16088,31,0.18397781,0.0001997075
16089,31,0.18396495,0.0001997075
16090,31,0.19570214,0.00019970731
16091,31,0.19144547,0.00019970731
16092,31,0.20601495,0.00019970711
16093,31,0.20607705,0.00019970711
16094,31,0.19982380,0.00019970692
16095,31,0.21085832,0.00019970692
16096,31,0.18296660,0.00019970673
16097,31,0.19288824,0.00019970673
16098,31,0.20768619,0.00019970654
16099,31,0.21278596,0.00019970654
16100,31,0.18920110,0.00019970635
16101,31,0.18550391,0.00019970635
16102,31,0.20088017,0.00019970615
16103,31,0.18873672,0.00019970615
16104,31,0.18128739,0.00019970596
16105,31,0.20898674,0.00019970596
16106,31,0.19618884,0.00019970577
16107,31,0.20534664,0.00019970577
16108,31,0.19014747,0.00019970558
16109,31,0.18529299,0.00019970558
16110,31,0.20599347,0.00019970538
16111,31,0.20287122,0.00019970538
16112,31,0.18964884,0.00019970519
16113,31,0.18645841,0.00019970519
16114,31,0.17332734,0.000199705
16115,31,0.19601519,0.000199705
16116,31,0.21131489,0.0001997048
16117,31,0.18021984,0.0001997048
16118,31,0.20959851,0.00019970461
16119,31,0.19328719,0.00019970461
16120,31,0.18039849,0.00019970442
16121,32,0.17908508,0.00019970442
16122,32,0.19572145,0.00019970422
16123,32,0.18333152,0.00019970422
16124,32,0.19609639,0.00019970403
16125,32,0.19458869,0.00019970403
16126,32,0.20571962,0.00019970384
16127,32,0.20597607,0.00019970384
16128,32,0.18869884,0.00019970364
16129,32,0.19615410,0.00019970364
16130,32,0.19763519,0.00019970345
16131,32,0.19981401,0.00019970345
16132,32,0.20157644,0.00019970326
16133,32,0.20049818,0.00019970326
16134,32,0.18696567,0.00019970306
16135,32,0.16428620,0.00019970306
16136,32,0.20697053,0.00019970287
16137,32,0.19841693,0.00019970287
16138,32,0.19378304,0.00019970268
16139,32,0.19308594,0.00019970268
16140,32,0.18844484,0.00019970248
16141,32,0.19926344,0.00019970248
16142,32,0.22443220,0.00019970229
16143,32,0.18538292,0.00019970229
16144,32,0.19254898,0.0001997021
16145,32,0.22243091,0.0001997021
16146,32,0.20932442,0.0001997019
16147,32,0.18579927,0.0001997019
16148,32,0.17679967,0.00019970171
16149,32,0.15957510,0.00019970171
16150,32,0.18863735,0.00019970151
16151,32,0.17983758,0.00019970151
16152,32,0.19978550,0.00019970132
16153,32,0.19924279,0.00019970132
16154,32,0.19640668,0.00019970113
16155,32,0.18240823,0.00019970113
16156,32,0.19198143,0.00019970093
16157,32,0.19127530,0.00019970093
16158,32,0.18970235,0.00019970074
16159,32,0.17507522,0.00019970074
16160,32,0.17119525,0.00019970054
16161,32,0.21251798,0.00019970054
16162,32,0.20241162,0.00019970035
16163,32,0.18954219,0.00019970035
16164,32,0.19783767,0.00019970015
16165,32,0.18951082,0.00019970015
16166,32,0.18767320,0.00019969996
16167,32,0.18109897,0.00019969996
16168,32,0.19773611,0.00019969977
16169,32,0.17927690,0.00019969977
16170,32,0.19410153,0.00019969957
16171,32,0.22224733,0.00019969957
16172,32,0.20318672,0.00019969938
16173,32,0.19102637,0.00019969938
16174,32,0.19175053,0.00019969918
16175,32,0.16121031,0.00019969918
16176,32,0.16945606,0.00019969899
16177,32,0.18305032,0.00019969899
16178,32,0.18028744,0.00019969879
16179,32,0.20022517,0.00019969879
16180,32,0.19000985,0.0001996986
16181,32,0.21105708,0.0001996986
16182,32,0.17521095,0.0001996984
16183,32,0.19005585,0.0001996984
16184,32,0.18435322,0.00019969821
16185,32,0.20195359,0.00019969821
16186,32,0.20242575,0.00019969801
16187,32,0.20104547,0.00019969801
16188,32,0.18100666,0.00019969782
16189,32,0.21368094,0.00019969782
16190,32,0.19559214,0.00019969762
16191,32,0.18776202,0.00019969762
16192,32,0.18549938,0.00019969743
16193,32,0.19224325,0.00019969743
16194,32,0.19991329,0.00019969723
16195,32,0.21586558,0.00019969723
16196,32,0.17422779,0.00019969703
16197,32,0.17268464,0.00019969703
16198,32,0.18028143,0.00019969684
16199,32,0.18589845,0.00019969684
16200,32,0.18253599,0.00019969664
16201,32,0.18877874,0.00019969664
16202,32,0.20387064,0.00019969645
16203,32,0.20374373,0.00019969645
16204,32,0.18069042,0.00019969625
16205,32,0.19146006,0.00019969625
16206,32,0.19077285,0.00019969606
16207,32,0.20364791,0.00019969606
16208,32,0.18865485,0.00019969586
16209,32,0.19415551,0.00019969586
16210,32,0.18496567,0.00019969566
16211,32,0.20811823,0.00019969566
16212,32,0.19101413,0.00019969547
16213,32,0.19612268,0.00019969547
16214,32,0.18599419,0.00019969527
16215,32,0.19227032,0.00019969527
16216,32,0.20733194,0.00019969508
16217,32,0.19214933,0.00019969508
16218,32,0.18921398,0.00019969488
16219,32,0.18518443,0.00019969488
16220,32,0.20363338,0.00019969468
16221,32,0.18686850,0.00019969468
16222,32,0.19911705,0.00019969449
16223,32,0.19126298,0.00019969449
16224,32,0.19307287,0.00019969429
16225,32,0.19610453,0.00019969429
16226,32,0.19932531,0.0001996941
16227,32,0.18063504,0.0001996941
16228,32,0.18416463,0.0001996939
16229,32,0.24433894,0.0001996939
16230,32,0.19088031,0.0001996937
16231,32,0.18135758,0.0001996937
16232,32,0.19755705,0.00019969351
16233,32,0.18262425,0.00019969351
16234,32,0.18331547,0.00019969331
16235,32,0.20281509,0.00019969331
16236,32,0.19937526,0.00019969311
16237,32,0.17967507,0.00019969311
16238,32,0.18464693,0.00019969292
16239,32,0.20546956,0.00019969292
16240,32,0.19435538,0.00019969272
16241,32,0.19964698,0.00019969272
16242,32,0.19163488,0.00019969252
16243,32,0.20983279,0.00019969252
16244,32,0.20477907,0.00019969232
16245,32,0.19440736,0.00019969232
16246,32,0.18112656,0.00019969213
16247,32,0.20157607,0.00019969213
16248,32,0.21110538,0.00019969193
16249,32,0.17034295,0.00019969193
16250,32,0.20008118,0.00019969173
16251,32,0.21275806,0.00019969173
16252,32,0.19887897,0.00019969154
16253,32,0.19394554,0.00019969154
16254,32,0.18372683,0.00019969134
16255,32,0.19768560,0.00019969134
16256,32,0.18588056,0.00019969114
16257,32,0.19567850,0.00019969114
16258,32,0.20370115,0.00019969094
16259,32,0.19855219,0.00019969094
16260,32,0.19290169,0.00019969075
16261,32,0.20838134,0.00019969075
16262,32,0.17813434,0.00019969055
16263,32,0.17459965,0.00019969055
16264,32,0.20179930,0.00019969035
16265,32,0.17624950,0.00019969035
16266,32,0.18913116,0.00019969015
16267,32,0.20050938,0.00019969015
16268,32,0.20910674,0.00019968996
16269,32,0.18116112,0.00019968996
16270,32,0.18751843,0.00019968976
16271,32,0.20993046,0.00019968976
16272,32,0.20054172,0.00019968956
16273,32,0.20064238,0.00019968956
16274,32,0.20494932,0.00019968936
16275,32,0.17620495,0.00019968936
16276,32,0.18989903,0.00019968916
16277,32,0.19258124,0.00019968916
16278,32,0.20641883,0.00019968897
16279,32,0.19388293,0.00019968897
16280,32,0.19311149,0.00019968877
16281,32,0.19844855,0.00019968877
16282,32,0.18647940,0.00019968857
16283,32,0.19932000,0.00019968857
16284,32,0.17413129,0.00019968837
16285,32,0.19297403,0.00019968837
16286,32,0.20424767,0.00019968817
16287,32,0.18825932,0.00019968817
16288,32,0.19450623,0.00019968798
16289,32,0.21233201,0.00019968798
16290,32,0.18738049,0.00019968778
16291,32,0.20421094,0.00019968778
16292,32,0.19575886,0.00019968758
16293,32,0.19616944,0.00019968758
16294,32,0.19002508,0.00019968738
16295,32,0.19135028,0.00019968738
16296,32,0.18911415,0.00019968718
16297,32,0.22112079,0.00019968718
16298,32,0.20992923,0.00019968698
16299,32,0.19643630,0.00019968698
16300,32,0.18127544,0.00019968678
16301,32,0.20506141,0.00019968678
16302,32,0.19285811,0.00019968659
16303,32,0.21076423,0.00019968659
16304,32,0.21021409,0.00019968639
16305,32,0.16654137,0.00019968639
16306,32,0.20908332,0.00019968619
16307,32,0.19883114,0.00019968619
16308,32,0.19661655,0.00019968599
16309,32,0.20672733,0.00019968599
16310,32,0.17948191,0.00019968579
16311,32,0.18941423,0.00019968579
16312,32,0.21292843,0.00019968559
16313,32,0.19030911,0.00019968559
16314,32,0.18282397,0.00019968539
16315,32,0.17694838,0.00019968539
16316,32,0.20444570,0.00019968519
16317,32,0.17291532,0.00019968519
16318,32,0.19771397,0.00019968499
16319,32,0.18960284,0.00019968499
16320,32,0.19237892,0.00019968479
16321,32,0.19902508,0.00019968479
16322,32,0.19001293,0.00019968459
16323,32,0.19216967,0.00019968459
16324,32,0.19710854,0.00019968439
16325,32,0.18928729,0.00019968439
16326,32,0.18743041,0.00019968419
16327,32,0.19130377,0.00019968419
16328,32,0.18325678,0.000199684
16329,32,0.18611008,0.000199684
16330,32,0.18849961,0.0001996838
16331,32,0.19680293,0.0001996838
16332,32,0.19218375,0.0001996836
16333,32,0.19319524,0.0001996836
16334,32,0.20123470,0.0001996834
16335,32,0.18085724,0.0001996834
16336,32,0.19311674,0.0001996832
16337,32,0.17604990,0.0001996832
16338,32,0.17079026,0.000199683
16339,32,0.18902384,0.000199683
16340,32,0.19665967,0.0001996828
16341,32,0.21958949,0.0001996828
16342,32,0.19990791,0.0001996826
16343,32,0.18045671,0.0001996826
16344,32,0.18511772,0.0001996824
16345,32,0.19110347,0.0001996824
16346,32,0.19019824,0.0001996822
16347,32,0.19208731,0.0001996822
16348,32,0.20537983,0.000199682
16349,32,0.19468613,0.000199682
16350,32,0.20822684,0.0001996818
16351,32,0.20024854,0.0001996818
16352,32,0.18125828,0.00019968159
16353,32,0.20170233,0.00019968159
16354,32,0.19338243,0.00019968139
16355,32,0.19245440,0.00019968139
16356,32,0.19920978,0.00019968119
16357,32,0.21151279,0.00019968119
16358,32,0.20014000,0.00019968099
16359,32,0.20421886,0.00019968099
16360,32,0.18626346,0.00019968079
16361,32,0.18711326,0.00019968079
16362,32,0.20473106,0.00019968059
16363,32,0.18770657,0.00019968059
16364,32,0.19265318,0.00019968039
16365,32,0.19446689,0.00019968039
16366,32,0.20911320,0.00019968019
16367,32,0.18891832,0.00019968019
16368,32,0.18716784,0.00019967999
16369,32,0.18409832,0.00019967999
16370,32,0.19771813,0.00019967979
16371,32,0.19524010,0.00019967979
16372,32,0.18325718,0.00019967959
16373,32,0.20469277,0.00019967959
16374,32,0.18116978,0.00019967939
16375,32,0.18889862,0.00019967939
16376,32,0.19809127,0.00019967919
16377,32,0.17361709,0.00019967919
16378,32,0.18525515,0.00019967898
16379,32,0.18181975,0.00019967898
16380,32,0.19611810,0.00019967878
16381,32,0.20023504,0.00019967878
16382,32,0.20438756,0.00019967858
16383,32,0.19736168,0.00019967858
16384,32,0.17807718,0.00019967838
16385,32,0.17382391,0.00019967838
16386,32,0.16975668,0.00019967818
16387,32,0.19099736,0.00019967818
16388,32,0.21250725,0.00019967798
16389,32,0.19559717,0.00019967798
16390,32,0.18552957,0.00019967778
16391,32,0.19545451,0.00019967778
16392,32,0.18336661,0.00019967757
16393,32,0.17492576,0.00019967757
16394,32,0.20908655,0.00019967737
16395,32,0.21022823,0.00019967737
16396,32,0.18079527,0.00019967717
16397,32,0.20263621,0.00019967717
16398,32,0.20114958,0.00019967697
16399,32,0.19646330,0.00019967697
16400,32,0.17740673,0.00019967677
16401,32,0.20463058,0.00019967677
16402,32,0.21815813,0.00019967657
16403,32,0.17268142,0.00019967657
16404,32,0.19820145,0.00019967636
16405,32,0.21667202,0.00019967636
16406,32,0.17793059,0.00019967616
16407,32,0.18806796,0.00019967616
16408,32,0.18411873,0.00019967596
16409,32,0.18326780,0.00019967596
16410,32,0.21312326,0.00019967576
16411,32,0.20212543,0.00019967576
16412,32,0.16875026,0.00019967555
16413,32,0.18467461,0.00019967555
16414,32,0.18321860,0.00019967535
16415,32,0.21202628,0.00019967535
16416,32,0.21499218,0.00019967515
16417,32,0.19188747,0.00019967515
16418,32,0.18365099,0.00019967495
16419,32,0.20369773,0.00019967495
16420,32,0.22431850,0.00019967474
16421,32,0.19049560,0.00019967474
16422,32,0.18910189,0.00019967454
16423,32,0.19548056,0.00019967454
16424,32,0.17894819,0.00019967434
16425,32,0.17525382,0.00019967434
16426,32,0.19511531,0.00019967414
16427,32,0.19584322,0.00019967414
16428,32,0.18869787,0.00019967393
16429,32,0.18952399,0.00019967393
16430,32,0.18671294,0.00019967373
16431,32,0.20404001,0.00019967373
16432,32,0.21012330,0.00019967353
16433,32,0.18477735,0.00019967353
16434,32,0.18496765,0.00019967333
16435,32,0.17887296,0.00019967333
16436,32,0.19967444,0.00019967312
16437,32,0.20144016,0.00019967312
16438,32,0.18666373,0.00019967292
16439,32,0.23263969,0.00019967292
16440,32,0.17735344,0.00019967272
16441,32,0.18029030,0.00019967272
16442,32,0.19113986,0.00019967251
16443,32,0.20719330,0.00019967251
16444,32,0.19227262,0.00019967231
16445,32,0.17342214,0.00019967231
16446,32,0.21599111,0.00019967211
16447,32,0.20017238,0.00019967211
16448,32,0.19269234,0.0001996719
16449,32,0.18916588,0.0001996719
16450,32,0.19606037,0.0001996717
16451,32,0.20574062,0.0001996717
16452,32,0.19048911,0.0001996715
16453,32,0.17405422,0.0001996715
16454,32,0.18414898,0.00019967129
16455,32,0.20280470,0.00019967129
16456,32,0.20314701,0.00019967109
16457,32,0.19954748,0.00019967109
16458,32,0.20446815,0.00019967089
16459,32,0.18257952,0.00019967089
16460,32,0.19020735,0.00019967068
16461,32,0.21897613,0.00019967068
16462,32,0.19286618,0.00019967048
16463,32,0.19074808,0.00019967048
16464,32,0.19174780,0.00019967027
16465,32,0.19091690,0.00019967027
16466,32,0.19876774,0.00019967007
16467,32,0.19518562,0.00019967007
16468,32,0.18791202,0.00019966987
16469,32,0.19311035,0.00019966987
16470,32,0.18046780,0.00019966966
16471,32,0.19987981,0.00019966966
16472,32,0.20028411,0.00019966946
16473,32,0.18203112,0.00019966946
16474,32,0.20291157,0.00019966925
16475,32,0.19734482,0.00019966925
16476,32,0.19088241,0.00019966905
16477,32,0.17898627,0.00019966905
16478,32,0.19791579,0.00019966884
16479,32,0.18628579,0.00019966884
16480,32,0.17755696,0.00019966864
16481,32,0.20764548,0.00019966864
16482,32,0.17225881,0.00019966844
16483,32,0.20641930,0.00019966844
16484,32,0.19732577,0.00019966823
16485,32,0.19743343,0.00019966823
16486,32,0.20694485,0.00019966803
16487,32,0.18894543,0.00019966803
16488,32,0.18478443,0.00019966782
16489,32,0.19423746,0.00019966782
16490,32,0.19664393,0.00019966762
16491,32,0.19812928,0.00019966762
16492,32,0.18609932,0.00019966741
16493,32,0.20021108,0.00019966741
16494,32,0.20082265,0.00019966721
16495,32,0.18619339,0.00019966721
16496,32,0.20106207,0.000199667
16497,32,0.17999119,0.000199667
16498,32,0.18756877,0.0001996668
16499,32,0.21983492,0.0001996668
16500,32,0.19878465,0.00019966659
16501,32,0.17282856,0.00019966659
16502,32,0.18556045,0.00019966639
16503,32,0.19743881,0.00019966639
16504,32,0.22170721,0.00019966618
16505,32,0.17440656,0.00019966618
16506,32,0.20991093,0.00019966598
16507,32,0.19155240,0.00019966598
16508,32,0.17981300,0.00019966577
16509,32,0.18778306,0.00019966577
16510,32,0.17896080,0.00019966557
16511,32,0.19908136,0.00019966557
16512,32,0.20174721,0.00019966536
16513,32,0.20576261,0.00019966536
16514,32,0.18097417,0.00019966516
16515,32,0.18414180,0.00019966516
16516,32,0.18161564,0.00019966495
16517,32,0.21038541,0.00019966495
16518,32,0.18556955,0.00019966474
16519,32,0.18652558,0.00019966474
16520,32,0.16701855,0.00019966454
16521,32,0.19931585,0.00019966454
16522,32,0.20135267,0.00019966433
16523,32,0.21500795,0.00019966433
16524,32,0.20968325,0.00019966413
16525,32,0.20624529,0.00019966413
16526,32,0.18599422,0.00019966392
16527,32,0.17603382,0.00019966392
16528,32,0.19869393,0.00019966372
16529,32,0.19119358,0.00019966372
16530,32,0.18615425,0.00019966351
16531,32,0.18797408,0.00019966351
16532,32,0.17413585,0.0001996633
16533,32,0.19676635,0.0001996633
16534,32,0.19566233,0.0001996631
16535,32,0.19891389,0.0001996631
16536,32,0.17996223,0.00019966289
16537,32,0.19104679,0.00019966289
16538,32,0.20319939,0.00019966269
16539,32,0.19183663,0.00019966269
16540,32,0.19668330,0.00019966248
16541,32,0.19858725,0.00019966248
16542,32,0.18193190,0.00019966227
16543,32,0.18729407,0.00019966227
16544,32,0.18694684,0.00019966207
16545,32,0.19290328,0.00019966207
16546,32,0.17774497,0.00019966186
16547,32,0.19200870,0.00019966186
16548,32,0.20047669,0.00019966165
16549,32,0.18408202,0.00019966165
16550,32,0.19503404,0.00019966145
16551,32,0.19154263,0.00019966145
16552,32,0.18384156,0.00019966124
16553,32,0.17309289,0.00019966124
16554,32,0.19319516,0.00019966103
16555,32,0.18942085,0.00019966103
16556,32,0.19067562,0.00019966083
16557,32,0.19134133,0.00019966083
16558,32,0.18763848,0.00019966062
16559,32,0.19453600,0.00019966062
16560,32,0.17928925,0.00019966041
16561,32,0.18164498,0.00019966041
16562,32,0.18768613,0.00019966021
16563,32,0.18761531,0.00019966021
16564,32,0.19378088,0.00019966
16565,32,0.19111636,0.00019966
16566,32,0.17712231,0.00019965979
16567,32,0.23947521,0.00019965979
16568,32,0.17773157,0.00019965958
16569,32,0.18581998,0.00019965958
16570,32,0.19767523,0.00019965938
16571,32,0.19717669,0.00019965938
16572,32,0.18645330,0.00019965917
16573,32,0.18385312,0.00019965917
16574,32,0.19470161,0.00019965896
16575,32,0.20263617,0.00019965896
16576,32,0.17357856,0.00019965876
16577,32,0.19975546,0.00019965876
16578,32,0.19697852,0.00019965855
16579,32,0.20197803,0.00019965855
16580,32,0.19428870,0.00019965834
16581,32,0.18596093,0.00019965834
16582,32,0.18004724,0.00019965813
16583,32,0.17502870,0.00019965813
16584,32,0.18867646,0.00019965792
16585,32,0.20797105,0.00019965792
16586,32,0.18520999,0.00019965772
16587,32,0.18799479,0.00019965772
16588,32,0.18376783,0.00019965751
16589,32,0.19658966,0.00019965751
16590,32,0.21443796,0.0001996573
16591,32,0.18416026,0.0001996573
16592,32,0.20905325,0.00019965709
16593,32,0.22056848,0.00019965709
16594,32,0.19451380,0.00019965689
16595,32,0.20211282,0.00019965689
16596,32,0.18872806,0.00019965668
16597,32,0.21309955,0.00019965668
16598,32,0.18704839,0.00019965647
16599,32,0.18801862,0.00019965647
16600,32,0.19141959,0.00019965626
16601,32,0.18595771,0.00019965626
16602,32,0.17901734,0.00019965605
16603,32,0.16995327,0.00019965605
16604,32,0.19504425,0.00019965584
16605,32,0.19547558,0.00019965584
16606,32,0.18689105,0.00019965564
16607,32,0.18139835,0.00019965564
16608,32,0.20772198,0.00019965543
16609,32,0.18241508,0.00019965543
16610,32,0.18371466,0.00019965522
16611,32,0.17324230,0.00019965522
16612,32,0.20120634,0.00019965501
16613,32,0.19744888,0.00019965501
16614,32,0.20378968,0.0001996548
16615,32,0.19000025,0.0001996548
16616,32,0.21144283,0.00019965459
16617,32,0.19122839,0.00019965459
16618,32,0.19595309,0.00019965438
16619,32,0.19559120,0.00019965438
16620,32,0.19527750,0.00019965418
16621,32,0.18000376,0.00019965418
16622,32,0.20167147,0.00019965397
16623,32,0.18907352,0.00019965397
16624,32,0.18021661,0.00019965376
16625,32,0.18256453,0.00019965376
16626,32,0.18064819,0.00019965355
16627,32,0.19585980,0.00019965355
16628,32,0.19322440,0.00019965334
16629,32,0.19262993,0.00019965334
16630,32,0.18674597,0.00019965313
16631,32,0.18607742,0.00019965313
16632,32,0.18470937,0.00019965292
16633,32,0.19189985,0.00019965292
16634,32,0.19186588,0.00019965271
16635,32,0.19617163,0.00019965271
16636,32,0.19244562,0.0001996525
16637,32,0.19300051,0.0001996525
16638,32,0.19845410,0.00019965229
16639,32,0.17377575,0.00019965229
16640,32,0.18031046,0.00019965208
16641,33,0.15589958,0.00019965208
16642,33,0.17648132,0.00019965187
16643,33,0.20196880,0.00019965187
16644,33,0.18345219,0.00019965167
16645,33,0.18348990,0.00019965167
16646,33,0.20828171,0.00019965146
16647,33,0.16635545,0.00019965146
16648,33,0.19423492,0.00019965125
16649,33,0.17274372,0.00019965125
16650,33,0.21014564,0.00019965104
16651,33,0.18160577,0.00019965104
16652,33,0.17190757,0.00019965083
16653,33,0.22325969,0.00019965083
16654,33,0.21181399,0.00019965062
16655,33,0.20239070,0.00019965062
16656,33,0.18183276,0.00019965041
16657,33,0.18166201,0.00019965041
16658,33,0.20068401,0.0001996502
16659,33,0.18079655,0.0001996502
16660,33,0.18756886,0.00019964999
16661,33,0.20924875,0.00019964999
16662,33,0.19550940,0.00019964978
16663,33,0.19858101,0.00019964978
16664,33,0.19058791,0.00019964957
16665,33,0.20192178,0.00019964957
16666,33,0.18584435,0.00019964936
16667,33,0.17514321,0.00019964936
16668,33,0.19255884,0.00019964915
16669,33,0.17788056,0.00019964915
16670,33,0.20222051,0.00019964894
16671,33,0.22351360,0.00019964894
16672,33,0.18412156,0.00019964872
16673,33,0.18017636,0.00019964872
16674,33,0.20671339,0.00019964851
16675,33,0.21117364,0.00019964851
16676,33,0.18106753,0.0001996483
16677,33,0.21450570,0.0001996483
16678,33,0.19208315,0.00019964809
16679,33,0.19054143,0.00019964809
16680,33,0.17435843,0.00019964788
16681,33,0.20226769,0.00019964788
16682,33,0.19945703,0.00019964767
16683,33,0.19864471,0.00019964767
16684,33,0.19078080,0.00019964746
16685,33,0.16549088,0.00019964746
16686,33,0.17624082,0.00019964725
16687,33,0.17286907,0.00019964725
16688,33,0.20966752,0.00019964704
16689,33,0.19753382,0.00019964704
16690,33,0.19918461,0.00019964683
16691,33,0.18383442,0.00019964683
16692,33,0.19365390,0.00019964662
16693,33,0.17605476,0.00019964662
16694,33,0.20709294,0.00019964641
16695,33,0.19422917,0.00019964641
16696,33,0.19127579,0.00019964619
16697,33,0.18735096,0.00019964619
16698,33,0.18542263,0.00019964598
16699,33,0.19417219,0.00019964598
16700,33,0.19135152,0.00019964577
16701,33,0.19624712,0.00019964577
16702,33,0.19296616,0.00019964556
16703,33,0.19479747,0.00019964556
16704,33,0.18753946,0.00019964535
16705,33,0.19061656,0.00019964535
16706,33,0.17251475,0.00019964514
16707,33,0.19460416,0.00019964514
16708,33,0.17978688,0.00019964493
16709,33,0.17616220,0.00019964493
16710,33,0.19592063,0.00019964471
16711,33,0.19168465,0.00019964471
16712,33,0.21211441,0.0001996445
16713,33,0.20384102,0.0001996445
16714,33,0.17114778,0.00019964429
16715,33,0.18887983,0.00019964429
16716,33,0.20317186,0.00019964408
16717,33,0.18767223,0.00019964408
16718,33,0.20539877,0.00019964387
16719,33,0.19769867,0.00019964387
16720,33,0.19533595,0.00019964366
16721,33,0.18168193,0.00019964366
16722,33,0.19754721,0.00019964344
16723,33,0.19761798,0.00019964344
16724,33,0.17259575,0.00019964323
16725,33,0.19980821,0.00019964323
16726,33,0.19047552,0.00019964302
16727,33,0.18305159,0.00019964302
16728,33,0.21624710,0.00019964281
16729,33,0.17221154,0.00019964281
16730,33,0.18886836,0.00019964259
16731,33,0.18918191,0.00019964259
16732,33,0.19654281,0.00019964238
16733,33,0.20052545,0.00019964238
16734,33,0.19422841,0.00019964217
16735,33,0.19684088,0.00019964217
16736,33,0.20002390,0.00019964196
16737,33,0.20082600,0.00019964196
16738,33,0.21485384,0.00019964174
16739,33,0.19963935,0.00019964174
16740,33,0.18771307,0.00019964153
16741,33,0.17762324,0.00019964153
16742,33,0.19892962,0.00019964132
16743,33,0.21658291,0.00019964132
16744,33,0.20856319,0.00019964111
16745,33,0.20029649,0.00019964111
16746,33,0.20261723,0.00019964089
16747,33,0.19929977,0.00019964089
16748,33,0.18790226,0.00019964068
16749,33,0.18612185,0.00019964068
16750,33,0.19633909,0.00019964047
16751,33,0.18717112,0.00019964047
16752,33,0.18811782,0.00019964026
16753,33,0.19914603,0.00019964026
16754,33,0.20508432,0.00019964004
16755,33,0.18550713,0.00019964004
16756,33,0.18154441,0.00019963983
16757,33,0.20153485,0.00019963983
16758,33,0.18926290,0.00019963962
16759,33,0.19750945,0.00019963962
16760,33,0.19059896,0.0001996394
16761,33,0.17671175,0.0001996394
16762,33,0.19234671,0.00019963919
16763,33,0.21457608,0.00019963919
16764,33,0.20123021,0.00019963898
16765,33,0.20518477,0.00019963898
16766,33,0.17265967,0.00019963876
16767,33,0.20698673,0.00019963876
16768,33,0.21032819,0.00019963855
16769,33,0.21124986,0.00019963855
16770,33,0.18503346,0.00019963834
16771,33,0.19360231,0.00019963834
16772,33,0.17352927,0.00019963812
16773,33,0.19997306,0.00019963812
16774,33,0.17890950,0.00019963791
16775,33,0.19897717,0.00019963791
16776,33,0.20262796,0.0001996377
16777,33,0.20699477,0.0001996377
16778,33,0.17834064,0.00019963748
16779,33,0.18715578,0.00019963748
16780,33,0.22287856,0.00019963727
16781,33,0.19926769,0.00019963727
16782,33,0.17841293,0.00019963705
16783,33,0.19177860,0.00019963705
16784,33,0.17779398,0.00019963684
16785,33,0.20243989,0.00019963684
16786,33,0.21573041,0.00019963663
16787,33,0.21353765,0.00019963663
16788,33,0.20882075,0.00019963641
16789,33,0.19622906,0.00019963641
16790,33,0.19017893,0.0001996362
16791,33,0.18604867,0.0001996362
16792,33,0.18163463,0.00019963598
16793,33,0.17496763,0.00019963598
16794,33,0.16852558,0.00019963577
16795,33,0.20593388,0.00019963577
16796,33,0.17612325,0.00019963555
16797,33,0.19906899,0.00019963555
16798,33,0.19209583,0.00019963534
16799,33,0.18437779,0.00019963534
16800,33,0.19639193,0.00019963513
16801,33,0.20037536,0.00019963513
16802,33,0.24704070,0.00019963491
16803,33,0.19463469,0.00019963491
16804,33,0.19615261,0.0001996347
16805,33,0.17257436,0.0001996347
16806,33,0.18592262,0.00019963448
16807,33,0.17586085,0.00019963448
16808,33,0.17423411,0.00019963427
16809,33,0.19850503,0.00019963427
16810,33,0.19045018,0.00019963405
16811,33,0.18676315,0.00019963405
16812,33,0.18503906,0.00019963384
16813,33,0.18925098,0.00019963384
16814,33,0.18759564,0.00019963362
16815,33,0.19941863,0.00019963362
16816,33,0.20559712,0.00019963341
16817,33,0.18507449,0.00019963341
16818,33,0.19574900,0.00019963319
16819,33,0.19039275,0.00019963319
16820,33,0.20603500,0.00019963298
16821,33,0.17067918,0.00019963298
16822,33,0.18309200,0.00019963276
16823,33,0.17631502,0.00019963276
16824,33,0.17548087,0.00019963255
16825,33,0.20822357,0.00019963255
16826,33,0.20553252,0.00019963233
16827,33,0.18841036,0.00019963233
16828,33,0.18085201,0.00019963212
16829,33,0.17495723,0.00019963212
16830,33,0.19316489,0.0001996319
16831,33,0.19844352,0.0001996319
16832,33,0.17079143,0.00019963169
16833,33,0.17949899,0.00019963169
16834,33,0.17582925,0.00019963147
16835,33,0.19247158,0.00019963147
16836,33,0.18399793,0.00019963125
16837,33,0.20782457,0.00019963125
16838,33,0.19593708,0.00019963104
16839,33,0.20608689,0.00019963104
16840,33,0.17245616,0.00019963082
16841,33,0.21021728,0.00019963082
16842,33,0.19842049,0.00019963061
16843,33,0.18398674,0.00019963061
16844,33,0.18704887,0.00019963039
16845,33,0.18281983,0.00019963039
16846,33,0.23411788,0.00019963018
16847,33,0.19701745,0.00019963018
16848,33,0.18129669,0.00019962996
16849,33,0.19476426,0.00019962996
16850,33,0.18073249,0.00019962974
16851,33,0.21793939,0.00019962974
16852,33,0.18873802,0.00019962953
16853,33,0.18529762,0.00019962953
16854,33,0.18064697,0.00019962931
16855,33,0.19911411,0.00019962931
16856,33,0.20015043,0.00019962909
16857,33,0.20428795,0.00019962909
16858,33,0.20023510,0.00019962888
16859,33,0.18488620,0.00019962888
16860,33,0.19523184,0.00019962866
16861,33,0.19100924,0.00019962866
16862,33,0.19579966,0.00019962845
16863,33,0.18531956,0.00019962845
16864,33,0.18720537,0.00019962823
16865,33,0.18715239,0.00019962823
16866,33,0.19373539,0.00019962801
16867,33,0.19658743,0.00019962801
16868,33,0.19117041,0.0001996278
16869,33,0.18389301,0.0001996278
16870,33,0.18214427,0.00019962758
16871,33,0.19739600,0.00019962758
16872,33,0.17481369,0.00019962736
16873,33,0.18946348,0.00019962736
16874,33,0.21360554,0.00019962715
16875,33,0.20591922,0.00019962715
16876,33,0.22228707,0.00019962693
16877,33,0.17228742,0.00019962693
16878,33,0.20567317,0.00019962671
16879,33,0.18244751,0.00019962671
16880,33,0.19624621,0.0001996265
16881,33,0.18151477,0.0001996265
16882,33,0.18813087,0.00019962628
16883,33,0.18856914,0.00019962628
16884,33,0.19827570,0.00019962606
16885,33,0.19789489,0.00019962606
16886,33,0.20859221,0.00019962584
16887,33,0.19576663,0.00019962584
16888,33,0.20322518,0.00019962563
16889,33,0.18971245,0.00019962563
16890,33,0.19368286,0.00019962541
16891,33,0.18711703,0.00019962541
16892,33,0.17926884,0.00019962519
16893,33,0.18771440,0.00019962519
16894,33,0.19196542,0.00019962497
16895,33,0.18958329,0.00019962497
16896,33,0.19241625,0.00019962476
16897,33,0.19900627,0.00019962476
16898,33,0.18013744,0.00019962454
16899,33,0.19341165,0.00019962454
16900,33,0.19926406,0.00019962432
16901,33,0.17944659,0.00019962432
16902,33,0.19432731,0.0001996241
16903,33,0.21989240,0.0001996241
16904,33,0.19809838,0.00019962389
16905,33,0.19025949,0.00019962389
16906,33,0.18526074,0.00019962367
16907,33,0.18095236,0.00019962367
16908,33,0.22354402,0.00019962345
16909,33,0.18143182,0.00019962345
16910,33,0.20080176,0.00019962323
16911,33,0.18347359,0.00019962323
16912,33,0.18665841,0.00019962301
16913,33,0.17211077,0.00019962301
16914,33,0.18236767,0.0001996228
16915,33,0.19454326,0.0001996228
16916,33,0.19699496,0.00019962258
16917,33,0.20676859,0.00019962258
16918,33,0.18922731,0.00019962236
16919,33,0.18470113,0.00019962236
16920,33,0.18778348,0.00019962214
16921,33,0.20298167,0.00019962214
16922,33,0.18259351,0.00019962192
16923,33,0.21330893,0.00019962192
16924,33,0.19263935,0.00019962171
16925,33,0.19909473,0.00019962171
16926,33,0.19696607,0.00019962149
16927,33,0.18586154,0.00019962149
16928,33,0.23477384,0.00019962127
16929,33,0.17968072,0.00019962127
16930,33,0.20193715,0.00019962105
16931,33,0.19293353,0.00019962105
16932,33,0.20698468,0.00019962083
16933,33,0.18940841,0.00019962083
16934,33,0.20251019,0.00019962061
16935,33,0.21043377,0.00019962061
16936,33,0.18481870,0.00019962039
16937,33,0.19741924,0.00019962039
16938,33,0.19112208,0.00019962018
16939,33,0.19009529,0.00019962018
16940,33,0.19386692,0.00019961996
16941,33,0.20674387,0.00019961996
16942,33,0.18952781,0.00019961974
16943,33,0.18797502,0.00019961974
16944,33,0.19129546,0.00019961952
16945,33,0.19808891,0.00019961952
16946,33,0.19203264,0.0001996193
16947,33,0.17437294,0.0001996193
16948,33,0.19101581,0.00019961908
16949,33,0.18516488,0.00019961908
16950,33,0.19821887,0.00019961886
16951,33,0.16981001,0.00019961886
16952,33,0.18764544,0.00019961864
16953,33,0.17377374,0.00019961864
16954,33,0.20787141,0.00019961842
16955,33,0.19838664,0.00019961842
16956,33,0.19099624,0.0001996182
16957,33,0.19975293,0.0001996182
16958,33,0.21753670,0.00019961798
16959,33,0.20614514,0.00019961798
16960,33,0.19097185,0.00019961776
16961,33,0.19853579,0.00019961776
16962,33,0.18178137,0.00019961754
16963,33,0.20449694,0.00019961754
16964,33,0.21370003,0.00019961733
16965,33,0.19891106,0.00019961733
16966,33,0.17208126,0.00019961711
16967,33,0.19749047,0.00019961711
16968,33,0.18311305,0.00019961689
16969,33,0.20755890,0.00019961689
16970,33,0.20875502,0.00019961667
16971,33,0.18954045,0.00019961667
16972,33,0.19041753,0.00019961645
16973,33,0.19331622,0.00019961645
16974,33,0.18133020,0.00019961623
16975,33,0.20592341,0.00019961623
16976,33,0.19903067,0.00019961601
16977,33,0.17064300,0.00019961601
16978,33,0.16381258,0.00019961579
16979,33,0.19017301,0.00019961579
16980,33,0.19099404,0.00019961557
16981,33,0.19761722,0.00019961557
16982,33,0.19300027,0.00019961535
16983,33,0.17364891,0.00019961535
16984,33,0.19421247,0.00019961513
16985,33,0.20060532,0.00019961513
16986,33,0.18815716,0.0001996149
16987,33,0.20515363,0.0001996149
16988,33,0.20253500,0.00019961468
16989,33,0.20176241,0.00019961468
16990,33,0.18135782,0.00019961446
16991,33,0.18800735,0.00019961446
16992,33,0.18536504,0.00019961424
16993,33,0.19932373,0.00019961424
16994,33,0.19598705,0.00019961402
16995,33,0.17820893,0.00019961402
16996,33,0.18757150,0.0001996138
16997,33,0.18439285,0.0001996138
16998,33,0.18000974,0.00019961358
16999,33,0.18977000,0.00019961358
17000,33,0.18341976,0.00019961336
17001,33,0.19850592,0.00019961336
17002,33,0.19408214,0.00019961314
17003,33,0.20054156,0.00019961314
17004,33,0.18901576,0.00019961292
17005,33,0.19958140,0.00019961292
17006,33,0.21018548,0.0001996127
17007,33,0.20186716,0.0001996127
17008,33,0.20732476,0.00019961248
17009,33,0.18509531,0.00019961248
17010,33,0.19236070,0.00019961226
17011,33,0.20036404,0.00019961226
17012,33,0.19214244,0.00019961204
17013,33,0.18544526,0.00019961204
17014,33,0.18501110,0.00019961181
17015,33,0.19065338,0.00019961181
17016,33,0.17796226,0.00019961159
17017,33,0.19029689,0.00019961159
17018,33,0.21050967,0.00019961137
17019,33,0.19836777,0.00019961137
17020,33,0.19093736,0.00019961115
17021,33,0.20703508,0.00019961115
17022,33,0.19930266,0.00019961093
17023,33,0.21079026,0.00019961093
17024,33,0.19738716,0.00019961071
17025,33,0.19398682,0.00019961071
17026,33,0.20323588,0.00019961049
17027,33,0.18813545,0.00019961049
17028,33,0.19800393,0.00019961026
17029,33,0.19086082,0.00019961026
17030,33,0.19320595,0.00019961004
17031,33,0.19857740,0.00019961004
17032,33,0.20609595,0.00019960982
17033,33,0.21545188,0.00019960982
17034,33,0.18083417,0.0001996096
17035,33,0.17591402,0.0001996096
17036,33,0.19025865,0.00019960938
17037,33,0.18588434,0.00019960938
17038,33,0.22367576,0.00019960915
17039,33,0.16826688,0.00019960915
17040,33,0.19294649,0.00019960893
17041,33,0.20525582,0.00019960893
17042,33,0.17407383,0.00019960871
17043,33,0.18388751,0.00019960871
17044,33,0.20855147,0.00019960849
17045,33,0.19396074,0.00019960849
17046,33,0.19536787,0.00019960827
17047,33,0.18728243,0.00019960827
17048,33,0.19713993,0.00019960804
17049,33,0.19809051,0.00019960804
17050,33,0.19299489,0.00019960782
17051,33,0.18308765,0.00019960782
17052,33,0.18754585,0.0001996076
17053,33,0.18565544,0.0001996076
17054,33,0.18712890,0.00019960738
17055,33,0.18552633,0.00019960738
17056,33,0.18831712,0.00019960715
17057,33,0.17598727,0.00019960715
17058,33,0.20837599,0.00019960693
17059,33,0.20247312,0.00019960693
17060,33,0.19622125,0.00019960671
17061,33,0.18946877,0.00019960671
17062,33,0.21116325,0.00019960649
17063,33,0.18975930,0.00019960649
17064,33,0.19688840,0.00019960626
17065,33,0.17985779,0.00019960626
17066,33,0.20118523,0.00019960604
17067,33,0.20074140,0.00019960604
17068,33,0.17794748,0.00019960582
17069,33,0.20196623,0.00019960582
17070,33,0.19562025,0.00019960559
17071,33,0.18161307,0.00019960559
17072,33,0.17232409,0.00019960537
17073,33,0.18952988,0.00019960537
17074,33,0.18408090,0.00019960515
17075,33,0.20621981,0.00019960515
17076,33,0.18675418,0.00019960493
17077,33,0.19227706,0.00019960493
17078,33,0.18939620,0.0001996047
17079,33,0.18184607,0.0001996047
17080,33,0.21272962,0.00019960448
17081,33,0.19707856,0.00019960448
17082,33,0.20225830,0.00019960426
17083,33,0.16911180,0.00019960426
17084,33,0.17635103,0.00019960403
17085,33,0.18608212,0.00019960403
17086,33,0.19118656,0.00019960381
17087,33,0.21216322,0.00019960381
17088,33,0.16492434,0.00019960359
17089,33,0.21107353,0.00019960359
17090,33,0.18685973,0.00019960336
17091,33,0.20414914,0.00019960336
17092,33,0.18968493,0.00019960314
17093,33,0.18433005,0.00019960314
17094,33,0.18628092,0.00019960291
17095,33,0.19606103,0.00019960291
17096,33,0.18651408,0.00019960269
17097,33,0.18540795,0.00019960269
17098,33,0.18653218,0.00019960247
17099,33,0.20031120,0.00019960247
17100,33,0.18067667,0.00019960224
17101,33,0.17901628,0.00019960224
17102,33,0.18290673,0.00019960202
17103,33,0.22252671,0.00019960202
17104,33,0.18067476,0.00019960179
17105,33,0.18780243,0.00019960179
17106,33,0.17808624,0.00019960157
17107,33,0.19467412,0.00019960157
17108,33,0.18857400,0.00019960135
17109,33,0.18856512,0.00019960135
17110,33,0.18115029,0.00019960112
17111,33,0.17199445,0.00019960112
17112,33,0.18503959,0.0001996009
17113,33,0.20411995,0.0001996009
17114,33,0.19892420,0.00019960067
17115,33,0.21427608,0.00019960067
17116,33,0.18314950,0.00019960045
17117,33,0.18686311,0.00019960045
17118,33,0.21185194,0.00019960022
17119,33,0.19821234,0.00019960022
17120,33,0.18802531,0.0001996
17121,33,0.22338301,0.0001996
17122,33,0.17342751,0.00019959978
17123,33,0.19653650,0.00019959978
17124,33,0.21068723,0.00019959955
17125,33,0.20969245,0.00019959955
17126,33,0.18683793,0.00019959933
17127,33,0.19180821,0.00019959933
17128,33,0.20576043,0.0001995991
17129,33,0.18132983,0.0001995991
17130,33,0.16367058,0.00019959888
17131,33,0.19620498,0.00019959888
17132,33,0.18692885,0.00019959865
17133,33,0.19531009,0.00019959865
17134,33,0.21439625,0.00019959843
17135,33,0.20614606,0.00019959843
17136,33,0.17742388,0.0001995982
17137,33,0.19468573,0.0001995982
17138,33,0.20078580,0.00019959798
17139,33,0.18710524,0.00019959798
17140,33,0.18026978,0.00019959775
17141,33,0.19820876,0.00019959775
17142,33,0.19265673,0.00019959753
17143,33,0.19266796,0.00019959753
17144,33,0.21333627,0.0001995973
17145,33,0.19227341,0.0001995973
17146,33,0.19642361,0.00019959708
17147,33,0.18154362,0.00019959708
17148,33,0.17260902,0.00019959685
17149,33,0.18646128,0.00019959685
17150,33,0.18031700,0.00019959662
17151,33,0.19239835,0.00019959662
17152,33,0.20083077,0.0001995964
17153,33,0.19963911,0.0001995964
17154,33,0.20348226,0.00019959617
17155,33,0.19290242,0.00019959617
17156,33,0.19795689,0.00019959595
17157,33,0.20302410,0.00019959595
17158,33,0.19314711,0.00019959572
17159,33,0.17378940,0.00019959572
17160,33,0.19563505,0.0001995955
17161,34,0.20429324,0.0001995955
17162,34,0.19036590,0.00019959527
17163,34,0.18006082,0.00019959527
17164,34,0.19859964,0.00019959504
17165,34,0.16711940,0.00019959504
17166,34,0.18660872,0.00019959482
17167,34,0.19682832,0.00019959482
17168,34,0.19712107,0.00019959459
17169,34,0.20593156,0.00019959459
17170,34,0.18193305,0.00019959437
17171,34,0.17994288,0.00019959437
17172,34,0.21056589,0.00019959414
17173,34,0.20450738,0.00019959414
17174,34,0.19623111,0.00019959391
17175,34,0.18695064,0.00019959391
17176,34,0.17289795,0.00019959369
17177,34,0.18065841,0.00019959369
17178,34,0.18675676,0.00019959346
17179,34,0.17529759,0.00019959346
17180,34,0.20277599,0.00019959323
17181,34,0.20394516,0.00019959323
17182,34,0.18809694,0.00019959301
17183,34,0.20106964,0.00019959301
17184,34,0.18716884,0.00019959278
17185,34,0.19737931,0.00019959278
17186,34,0.20728989,0.00019959255
17187,34,0.19025873,0.00019959255
17188,34,0.19844022,0.00019959233
17189,34,0.20453782,0.00019959233
17190,34,0.19661738,0.0001995921
17191,34,0.21565297,0.0001995921
17192,34,0.19220328,0.00019959187
17193,34,0.19359303,0.00019959187
17194,34,0.19543479,0.00019959165
17195,34,0.20455891,0.00019959165
17196,34,0.20729905,0.00019959142
17197,34,0.19799311,0.00019959142
17198,34,0.20732139,0.00019959119
17199,34,0.18782537,0.00019959119
17200,34,0.21533251,0.00019959097
17201,34,0.18146832,0.00019959097
17202,34,0.18161023,0.00019959074
17203,34,0.16268863,0.00019959074
17204,34,0.19163720,0.00019959051
17205,34,0.20047557,0.00019959051
17206,34,0.18849938,0.00019959029
17207,34,0.17918587,0.00019959029
17208,34,0.19563408,0.00019959006
17209,34,0.18840957,0.00019959006
17210,34,0.19819304,0.00019958983
17211,34,0.20038374,0.00019958983
17212,34,0.19527574,0.0001995896
17213,34,0.20608786,0.0001995896
17214,34,0.19591287,0.00019958938
17215,34,0.17818807,0.00019958938
17216,34,0.20840240,0.00019958915
17217,34,0.18946126,0.00019958915
17218,34,0.20398524,0.00019958892
17219,34,0.19783230,0.00019958892
17220,34,0.17803062,0.00019958869
17221,34,0.19155958,0.00019958869
17222,34,0.18865879,0.00019958847
17223,34,0.17549688,0.00019958847
17224,34,0.21187615,0.00019958824
17225,34,0.20201667,0.00019958824
17226,34,0.21897480,0.00019958801
17227,34,0.20022446,0.00019958801
17228,34,0.19419008,0.00019958778
17229,34,0.18778168,0.00019958778
17230,34,0.18141583,0.00019958755
17231,34,0.21504827,0.00019958755
17232,34,0.21377383,0.00019958733
17233,34,0.19440958,0.00019958733
17234,34,0.19120272,0.0001995871
17235,34,0.19230504,0.0001995871
17236,34,0.21882746,0.00019958687
17237,34,0.18893985,0.00019958687
17238,34,0.19113851,0.00019958664
17239,34,0.19301119,0.00019958664
17240,34,0.18253629,0.00019958641
17241,34,0.18941633,0.00019958641
17242,34,0.21283658,0.00019958618
17243,34,0.17357281,0.00019958618
17244,34,0.18642136,0.00019958596
17245,34,0.20601299,0.00019958596
17246,34,0.19096272,0.00019958573
17247,34,0.19138083,0.00019958573
17248,34,0.18369611,0.0001995855
17249,34,0.22008152,0.0001995855
17250,34,0.19910775,0.00019958527
17251,34,0.18135263,0.00019958527
17252,34,0.20009634,0.00019958504
17253,34,0.19223495,0.00019958504
17254,34,0.18586777,0.00019958481
17255,34,0.18804333,0.00019958481
17256,34,0.18641339,0.00019958458
17257,34,0.19069794,0.00019958458
17258,34,0.20224220,0.00019958435
17259,34,0.19187351,0.00019958435
17260,34,0.19972408,0.00019958413
17261,34,0.18913661,0.00019958413
17262,34,0.19450583,0.0001995839
17263,34,0.16625695,0.0001995839
17264,34,0.18201859,0.00019958367
17265,34,0.19016296,0.00019958367
17266,34,0.18501721,0.00019958344
17267,34,0.19127499,0.00019958344
17268,34,0.20412347,0.00019958321
17269,34,0.20083852,0.00019958321
17270,34,0.17415388,0.00019958298
17271,34,0.19036719,0.00019958298
17272,34,0.20794752,0.00019958275
17273,34,0.17856376,0.00019958275
17274,34,0.20120738,0.00019958252
17275,34,0.19429687,0.00019958252
17276,34,0.17313017,0.00019958229
17277,34,0.20953575,0.00019958229
17278,34,0.17971103,0.00019958206
17279,34,0.18310463,0.00019958206
17280,34,0.18728204,0.00019958183
17281,34,0.20159966,0.00019958183
17282,34,0.16966155,0.0001995816
17283,34,0.17999955,0.0001995816
17284,34,0.19610959,0.00019958137
17285,34,0.19240744,0.00019958137
17286,34,0.19288337,0.00019958114
17287,34,0.18515168,0.00019958114
17288,34,0.18278384,0.00019958091
17289,34,0.19311054,0.00019958091
17290,34,0.21881692,0.00019958068
17291,34,0.18178937,0.00019958068
17292,34,0.18107884,0.00019958045
17293,34,0.17964812,0.00019958045
17294,34,0.20085952,0.00019958022
17295,34,0.19815840,0.00019958022
17296,34,0.18838003,0.00019957999
17297,34,0.18304324,0.00019957999
17298,34,0.19715345,0.00019957976
17299,34,0.18486486,0.00019957976
17300,34,0.18866163,0.00019957953
17301,34,0.17944960,0.00019957953
17302,34,0.19588055,0.0001995793
17303,34,0.20332150,0.0001995793
17304,34,0.19729073,0.00019957907
17305,34,0.19644092,0.00019957907
17306,34,0.17461090,0.00019957884
17307,34,0.19637856,0.00019957884
17308,34,0.19496877,0.00019957861
17309,34,0.18843029,0.00019957861
17310,34,0.20822664,0.00019957838
17311,34,0.18821417,0.00019957838
17312,34,0.18799987,0.00019957815
17313,34,0.19348788,0.00019957815
17314,34,0.18658580,0.00019957792
17315,34,0.19247492,0.00019957792
17316,34,0.19450453,0.00019957769
17317,34,0.20264432,0.00019957769
17318,34,0.18561825,0.00019957746
17319,34,0.20205599,0.00019957746
17320,34,0.19136176,0.00019957723
17321,34,0.19099905,0.00019957723
17322,34,0.18727639,0.000199577
17323,34,0.21695061,0.000199577
17324,34,0.18212181,0.00019957677
17325,34,0.17582484,0.00019957677
17326,34,0.16853422,0.00019957654
17327,34,0.18745711,0.00019957654
17328,34,0.19344465,0.0001995763
17329,34,0.16691218,0.0001995763
17330,34,0.21618178,0.00019957607
17331,34,0.22884290,0.00019957607
17332,34,0.17660533,0.00019957584
17333,34,0.20436540,0.00019957584
17334,34,0.19379696,0.00019957561
17335,34,0.20852524,0.00019957561
17336,34,0.19452138,0.00019957538
17337,34,0.18216060,0.00019957538
17338,34,0.17484759,0.00019957515
17339,34,0.19499643,0.00019957515
17340,34,0.19990367,0.00019957492
17341,34,0.19275774,0.00019957492
17342,34,0.19669291,0.00019957469
17343,34,0.20723514,0.00019957469
17344,34,0.18896781,0.00019957445
17345,34,0.19879134,0.00019957445
17346,34,0.18813996,0.00019957422
17347,34,0.16440052,0.00019957422
17348,34,0.19317162,0.00019957399
17349,34,0.19675067,0.00019957399
17350,34,0.21562678,0.00019957376
17351,34,0.18941577,0.00019957376
17352,34,0.18134768,0.00019957353
17353,34,0.18828066,0.00019957353
17354,34,0.17962094,0.00019957329
17355,34,0.17227340,0.00019957329
17356,34,0.20144360,0.00019957306
17357,34,0.19449407,0.00019957306
17358,34,0.17683254,0.00019957283
17359,34,0.17647757,0.00019957283
17360,34,0.19091134,0.0001995726
17361,34,0.19188127,0.0001995726
17362,34,0.19817333,0.00019957237
17363,34,0.18514223,0.00019957237
17364,34,0.18160987,0.00019957213
17365,34,0.18272077,0.00019957213
17366,34,0.19063319,0.0001995719
17367,34,0.19374911,0.0001995719
17368,34,0.20769225,0.00019957167
17369,34,0.21902549,0.00019957167
17370,34,0.19258371,0.00019957144
17371,34,0.17878754,0.00019957144
17372,34,0.17417459,0.0001995712
17373,34,0.18058336,0.0001995712
17374,34,0.19526979,0.00019957097
17375,34,0.19713879,0.00019957097
17376,34,0.20027657,0.00019957074
17377,34,0.18639284,0.00019957074
17378,34,0.22013395,0.00019957051
17379,34,0.19286609,0.00019957051
17380,34,0.18752868,0.00019957027
17381,34,0.20775969,0.00019957027
17382,34,0.19814809,0.00019957004
17383,34,0.18241163,0.00019957004
17384,34,0.18201582,0.00019956981
17385,34,0.18878390,0.00019956981
17386,34,0.18393704,0.00019956958
17387,34,0.19991937,0.00019956958
17388,34,0.19028327,0.00019956934
17389,34,0.21444698,0.00019956934
17390,34,0.20233348,0.00019956911
17391,34,0.17313167,0.00019956911
17392,34,0.18571499,0.00019956888
17393,34,0.18064293,0.00019956888
17394,34,0.18630044,0.00019956864
17395,34,0.21503706,0.00019956864
17396,34,0.19093639,0.00019956841
17397,34,0.19204350,0.00019956841
17398,34,0.17694500,0.00019956818
17399,34,0.19695899,0.00019956818
17400,34,0.21812135,0.00019956794
17401,34,0.16872270,0.00019956794
17402,34,0.18101586,0.00019956771
17403,34,0.18128674,0.00019956771
17404,34,0.19687031,0.00019956748
17405,34,0.18933427,0.00019956748
17406,34,0.20273046,0.00019956724
17407,34,0.18840742,0.00019956724
17408,34,0.20074470,0.00019956701
17409,34,0.18496366,0.00019956701
17410,34,0.17036386,0.00019956678
17411,34,0.19574018,0.00019956678
17412,34,0.18224485,0.00019956654
17413,34,0.20207499,0.00019956654
17414,34,0.20630336,0.00019956631
17415,34,0.20113876,0.00019956631
17416,34,0.18283007,0.00019956607
17417,34,0.18425441,0.00019956607
17418,34,0.19114132,0.00019956584
17419,34,0.18298976,0.00019956584
17420,34,0.22364123,0.00019956561
17421,34,0.19392800,0.00019956561
17422,34,0.20523326,0.00019956537
17423,34,0.18714577,0.00019956537
17424,34,0.20541051,0.00019956514
17425,34,0.17812875,0.00019956514
17426,34,0.17240994,0.0001995649
17427,34,0.19658589,0.0001995649
17428,34,0.19684319,0.00019956467
17429,34,0.17999402,0.00019956467
17430,34,0.17207415,0.00019956444
17431,34,0.21336466,0.00019956444
17432,34,0.18074842,0.0001995642
17433,34,0.19885910,0.0001995642
17434,34,0.19355145,0.00019956397
17435,34,0.19796497,0.00019956397
17436,34,0.18658204,0.00019956373
17437,34,0.20539120,0.00019956373
17438,34,0.18253104,0.0001995635
17439,34,0.17145698,0.0001995635
17440,34,0.19991954,0.00019956326
17441,34,0.20011850,0.00019956326
17442,34,0.18596978,0.00019956303
17443,34,0.20879418,0.00019956303
17444,34,0.18786904,0.00019956279
17445,34,0.18258314,0.00019956279
17446,34,0.19391422,0.00019956256
17447,34,0.19453152,0.00019956256
17448,34,0.19240020,0.00019956232
17449,34,0.20240819,0.00019956232
17450,34,0.20010029,0.00019956209
17451,34,0.18492681,0.00019956209
17452,34,0.18210907,0.00019956185
17453,34,0.23299646,0.00019956185
17454,34,0.19413324,0.00019956162
17455,34,0.20159227,0.00019956162
17456,34,0.19557263,0.00019956138
17457,34,0.19551262,0.00019956138
17458,34,0.17288500,0.00019956115
17459,34,0.18351176,0.00019956115
17460,34,0.18596394,0.00019956091
17461,34,0.17986317,0.00019956091
17462,34,0.19487205,0.00019956068
17463,34,0.20745473,0.00019956068
17464,34,0.19195779,0.00019956044
17465,34,0.17788056,0.00019956044
17466,34,0.19671027,0.00019956021
17467,34,0.19053860,0.00019956021
17468,34,0.21076247,0.00019955997
17469,34,0.19801146,0.00019955997
17470,34,0.19182654,0.00019955974
17471,34,0.19087076,0.00019955974
17472,34,0.19636932,0.0001995595
17473,34,0.19918853,0.0001995595
17474,34,0.19499291,0.00019955927
17475,34,0.19267102,0.00019955927
17476,34,0.19277997,0.00019955903
17477,34,0.18418635,0.00019955903
17478,34,0.16994730,0.00019955879
17479,34,0.18579747,0.00019955879
17480,34,0.17730643,0.00019955856
17481,34,0.17885627,0.00019955856
17482,34,0.19602838,0.00019955832
17483,34,0.18610367,0.00019955832
17484,34,0.20655516,0.00019955809
17485,34,0.19330195,0.00019955809
17486,34,0.19639222,0.00019955785
17487,34,0.18175361,0.00019955785
17488,34,0.18038523,0.00019955761
17489,34,0.19560774,0.00019955761
17490,34,0.19402944,0.00019955738
17491,34,0.19897234,0.00019955738
17492,34,0.19857661,0.00019955714
17493,34,0.18073632,0.00019955714
17494,34,0.18431789,0.00019955691
17495,34,0.18561395,0.00019955691
17496,34,0.17668088,0.00019955667
17497,34,0.18809813,0.00019955667
17498,34,0.19937816,0.00019955643
17499,34,0.20454125,0.00019955643
17500,34,0.19885840,0.0001995562
17501,34,0.18662421,0.0001995562
17502,34,0.19313006,0.00019955596
17503,34,0.18662806,0.00019955596
17504,34,0.20430654,0.00019955572
17505,34,0.18121982,0.00019955572
17506,34,0.20362529,0.00019955549
17507,34,0.20078817,0.00019955549
17508,34,0.18758647,0.00019955525
17509,34,0.19777410,0.00019955525
17510,34,0.18554847,0.00019955501
17511,34,0.18179795,0.00019955501
17512,34,0.20072678,0.00019955478
17513,34,0.19744889,0.00019955478
17514,34,0.18118124,0.00019955454
17515,34,0.20961817,0.00019955454
17516,34,0.19625466,0.0001995543
17517,34,0.20639308,0.0001995543
17518,34,0.20259944,0.00019955407
17519,34,0.17692149,0.00019955407
17520,34,0.19065243,0.00019955383
17521,34,0.18626197,0.00019955383
17522,34,0.18300918,0.00019955359
17523,34,0.20352024,0.00019955359
17524,34,0.19549771,0.00019955335
17525,34,0.21974178,0.00019955335
17526,34,0.21152999,0.00019955312
17527,34,0.17956312,0.00019955312
17528,34,0.20413280,0.00019955288
17529,34,0.19295928,0.00019955288
17530,34,0.18035683,0.00019955264
17531,34,0.18809269,0.00019955264
17532,34,0.19721988,0.0001995524
17533,34,0.19852331,0.0001995524
17534,34,0.19510514,0.00019955217
17535,34,0.18783429,0.00019955217
17536,34,0.19488926,0.00019955193
17537,34,0.18701701,0.00019955193
17538,34,0.19501066,0.00019955169
17539,34,0.20145099,0.00019955169
17540,34,0.17180787,0.00019955145
17541,34,0.17967053,0.00019955145
17542,34,0.18153387,0.00019955122
17543,34,0.20668179,0.00019955122
17544,34,0.19517572,0.00019955098
17545,34,0.20004861,0.00019955098
17546,34,0.18661873,0.00019955074
17547,34,0.22258425,0.00019955074
17548,34,0.18006018,0.0001995505
17549,34,0.20470417,0.0001995505
17550,34,0.19444299,0.00019955026
17551,34,0.19665176,0.00019955026
17552,34,0.18876845,0.00019955003
17553,34,0.18092723,0.00019955003
17554,34,0.18323763,0.00019954979
17555,34,0.19635506,0.00019954979
17556,34,0.17762932,0.00019954955
17557,34,0.18766740,0.00019954955
17558,34,0.19712566,0.00019954931
17559,34,0.19039476,0.00019954931
17560,34,0.19832209,0.00019954907
17561,34,0.18410417,0.00019954907
17562,34,0.20273538,0.00019954883
17563,34,0.19929205,0.00019954883
17564,34,0.19806319,0.0001995486
17565,34,0.17471930,0.0001995486
17566,34,0.19426295,0.00019954836
17567,34,0.19387768,0.00019954836
17568,34,0.17605823,0.00019954812
17569,34,0.18645294,0.00019954812
17570,34,0.17499144,0.00019954788
17571,34,0.18977888,0.00019954788
17572,34,0.19970860,0.00019954764
17573,34,0.20006220,0.00019954764
17574,34,0.19068840,0.0001995474
17575,34,0.19534691,0.0001995474
17576,34,0.18932959,0.00019954716
17577,34,0.19513814,0.00019954716
17578,34,0.20634779,0.00019954692
17579,34,0.19043022,0.00019954692
17580,34,0.20776650,0.00019954669
17581,34,0.18255398,0.00019954669
17582,34,0.18930741,0.00019954645
17583,34,0.20028152,0.00019954645
17584,34,0.20408806,0.00019954621
17585,34,0.17448415,0.00019954621
17586,34,0.17326726,0.00019954597
17587,34,0.19870991,0.00019954597
17588,34,0.19081701,0.00019954573
17589,34,0.18581979,0.00019954573
17590,34,0.16701984,0.00019954549
17591,34,0.18213969,0.00019954549
17592,34,0.20284353,0.00019954525
17593,34,0.19925316,0.00019954525
17594,34,0.18493070,0.00019954501
17595,34,0.18093377,0.00019954501
17596,34,0.19753274,0.00019954477
17597,34,0.19214888,0.00019954477
17598,34,0.18108135,0.00019954453
17599,34,0.17229967,0.00019954453
17600,34,0.19347854,0.00019954429
17601,34,0.18557110,0.00019954429
17602,34,0.17493667,0.00019954405
17603,34,0.18740337,0.00019954405
17604,34,0.19985540,0.00019954381
17605,34,0.18542108,0.00019954381
17606,34,0.20563425,0.00019954357
17607,34,0.18666475,0.00019954357
17608,34,0.18403500,0.00019954333
17609,34,0.19500715,0.00019954333
17610,34,0.19130081,0.00019954309
17611,34,0.18302755,0.00019954309
17612,34,0.19469114,0.00019954285
17613,34,0.19030070,0.00019954285
17614,34,0.18204530,0.00019954261
17615,34,0.19670828,0.00019954261
17616,34,0.20109282,0.00019954237
17617,34,0.17861676,0.00019954237
17618,34,0.19516976,0.00019954213
17619,34,0.19349790,0.00019954213
17620,34,0.18852885,0.00019954189
17621,34,0.18979385,0.00019954189
17622,34,0.18574961,0.00019954165
17623,34,0.19147529,0.00019954165
17624,34,0.18708345,0.00019954141
17625,34,0.19778901,0.00019954141
17626,34,0.18766043,0.00019954117
17627,34,0.19394161,0.00019954117
17628,34,0.21035640,0.00019954093
17629,34,0.17391784,0.00019954093
17630,34,0.19493213,0.00019954069
17631,34,0.19949163,0.00019954069
17632,34,0.17845881,0.00019954045
17633,34,0.19275716,0.00019954045
17634,34,0.17215718,0.00019954021
17635,34,0.21501499,0.00019954021
17636,34,0.19721173,0.00019953997
17637,34,0.21850803,0.00019953997
17638,34,0.19016118,0.00019953973
17639,34,0.19502240,0.00019953973
17640,34,0.17951950,0.00019953949
17641,34,0.19992991,0.00019953949
17642,34,0.17536695,0.00019953925
17643,34,0.20052020,0.00019953925
17644,34,0.19610068,0.000199539
17645,34,0.19218664,0.000199539
17646,34,0.20586433,0.00019953876
17647,34,0.19204991,0.00019953876
17648,34,0.18780868,0.00019953852
17649,34,0.17908120,0.00019953852
17650,34,0.19954017,0.00019953828
17651,34,0.20738564,0.00019953828
17652,34,0.20144634,0.00019953804
17653,34,0.23536137,0.00019953804
17654,34,0.18985084,0.0001995378
17655,34,0.22695398,0.0001995378
17656,34,0.16259466,0.00019953756
17657,34,0.18367998,0.00019953756
17658,34,0.18405239,0.00019953732
17659,34,0.18455280,0.00019953732
17660,34,0.19559304,0.00019953707
17661,34,0.19906555,0.00019953707
17662,34,0.19704051,0.00019953683
17663,34,0.17617485,0.00019953683
17664,34,0.19102328,0.00019953659
17665,34,0.18328366,0.00019953659
17666,34,0.20179816,0.00019953635
17667,34,0.18943083,0.00019953635
17668,34,0.16740629,0.00019953611
17669,34,0.18079846,0.00019953611
17670,34,0.21242356,0.00019953587
17671,34,0.18392412,0.00019953587
17672,34,0.17692137,0.00019953562
17673,34,0.22869240,0.00019953562
17674,34,0.19365509,0.00019953538
17675,34,0.18980095,0.00019953538
17676,34,0.19420165,0.00019953514
17677,34,0.18224704,0.00019953514
17678,34,0.17866142,0.0001995349
17679,34,0.17838998,0.0001995349
17680,34,0.18790944,0.00019953465
17681,35,0.18016577,0.00019953465
17682,35,0.18965319,0.00019953441
17683,35,0.19106443,0.00019953441
17684,35,0.21187319,0.00019953417
17685,35,0.19155665,0.00019953417
17686,35,0.17455092,0.00019953393
17687,35,0.16904253,0.00019953393
17688,35,0.20053802,0.00019953369
17689,35,0.17876984,0.00019953369
17690,35,0.18506275,0.00019953344
17691,35,0.20042147,0.00019953344
17692,35,0.19648212,0.0001995332
17693,35,0.20321733,0.0001995332
17694,35,0.21236968,0.00019953296
17695,35,0.18474977,0.00019953296
17696,35,0.20546296,0.00019953272
17697,35,0.19406597,0.00019953272
17698,35,0.19762529,0.00019953247
17699,35,0.18789747,0.00019953247
17700,35,0.18573411,0.00019953223
17701,35,0.18132238,0.00019953223
17702,35,0.18299083,0.00019953199
17703,35,0.18788607,0.00019953199
17704,35,0.21797220,0.00019953174
17705,35,0.21268241,0.00019953174
17706,35,0.19929491,0.0001995315
17707,35,0.17943235,0.0001995315
17708,35,0.18127953,0.00019953126
17709,35,0.16267359,0.00019953126
17710,35,0.18633848,0.00019953102
17711,35,0.17548141,0.00019953102
17712,35,0.17289801,0.00019953077
17713,35,0.19416173,0.00019953077
17714,35,0.18414666,0.00019953053
17715,35,0.19763769,0.00019953053
17716,35,0.20181166,0.00019953029
17717,35,0.17399591,0.00019953029
17718,35,0.19452445,0.00019953004
17719,35,0.19229229,0.00019953004
17720,35,0.20133513,0.0001995298
17721,35,0.18133235,0.0001995298
17722,35,0.18933694,0.00019952956
17723,35,0.19584097,0.00019952956
17724,35,0.19395092,0.00019952931
17725,35,0.20344444,0.00019952931
17726,35,0.18735722,0.00019952907
17727,35,0.20240369,0.00019952907
17728,35,0.17681827,0.00019952882
17729,35,0.21192408,0.00019952882
17730,35,0.22831880,0.00019952858
17731,35,0.17882961,0.00019952858
17732,35,0.18729769,0.00019952834
17733,35,0.18286289,0.00019952834
17734,35,0.17539947,0.00019952809
17735,35,0.19162013,0.00019952809
17736,35,0.20701273,0.00019952785
17737,35,0.20840569,0.00019952785
17738,35,0.21161117,0.00019952761
17739,35,0.19713208,0.00019952761
17740,35,0.19297382,0.00019952736
17741,35,0.19451769,0.00019952736
17742,35,0.20362431,0.00019952712
17743,35,0.18202917,0.00019952712
17744,35,0.19652295,0.00019952687
17745,35,0.19983974,0.00019952687
17746,35,0.20005573,0.00019952663
17747,35,0.19483338,0.00019952663
17748,35,0.18864520,0.00019952638
17749,35,0.21044037,0.00019952638
17750,35,0.19615838,0.00019952614
17751,35,0.19851138,0.00019952614
17752,35,0.20957215,0.0001995259
17753,35,0.20396085,0.0001995259
17754,35,0.19082934,0.00019952565
17755,35,0.17634074,0.00019952565
17756,35,0.19101174,0.00019952541
17757,35,0.18765947,0.00019952541
17758,35,0.19954225,0.00019952516
17759,35,0.19409192,0.00019952516
17760,35,0.17641294,0.00019952492
17761,35,0.20600291,0.00019952492
17762,35,0.18939979,0.00019952467
17763,35,0.17180474,0.00019952467
17764,35,0.19481580,0.00019952443
17765,35,0.21001400,0.00019952443
17766,35,0.18916021,0.00019952418
17767,35,0.18700197,0.00019952418
17768,35,0.18993086,0.00019952394
17769,35,0.18598625,0.00019952394
17770,35,0.18709309,0.00019952369
17771,35,0.19989327,0.00019952369
17772,35,0.17710359,0.00019952345
17773,35,0.19270355,0.00019952345
17774,35,0.20153192,0.0001995232
17775,35,0.18503714,0.0001995232
17776,35,0.17402090,0.00019952296
17777,35,0.18762729,0.00019952296
17778,35,0.19107260,0.00019952271
17779,35,0.22241741,0.00019952271
17780,35,0.17545314,0.00019952247
17781,35,0.17195101,0.00019952247
17782,35,0.19665891,0.00019952222
17783,35,0.19514830,0.00019952222
17784,35,0.19334190,0.00019952198
17785,35,0.18880711,0.00019952198
17786,35,0.20659576,0.00019952173
17787,35,0.18701361,0.00019952173
17788,35,0.17383280,0.00019952149
17789,35,0.19553082,0.00019952149
17790,35,0.18606831,0.00019952124
17791,35,0.19116473,0.00019952124
17792,35,0.21283366,0.00019952099
17793,35,0.19493362,0.00019952099
17794,35,0.19549091,0.00019952075
17795,35,0.19576675,0.00019952075
17796,35,0.20894153,0.0001995205
17797,35,0.18433365,0.0001995205
17798,35,0.20669980,0.00019952026
17799,35,0.19302291,0.00019952026
17800,35,0.19401132,0.00019952001
17801,35,0.21043669,0.00019952001
17802,35,0.20121056,0.00019951977
17803,35,0.19262674,0.00019951977
17804,35,0.18653446,0.00019951952
17805,35,0.18697794,0.00019951952
17806,35,0.18554012,0.00019951927
17807,35,0.19570537,0.00019951927
17808,35,0.20156176,0.00019951903
17809,35,0.19453409,0.00019951903
17810,35,0.20801024,0.00019951878
17811,35,0.20566837,0.00019951878
17812,35,0.19256182,0.00019951853
17813,35,0.20492740,0.00019951853
17814,35,0.16592002,0.00019951829
17815,35,0.22594857,0.00019951829
17816,35,0.18799357,0.00019951804
17817,35,0.19071229,0.00019951804
17818,35,0.19148178,0.00019951779
17819,35,0.17627484,0.00019951779
17820,35,0.19365862,0.00019951755
17821,35,0.17968628,0.00019951755
17822,35,0.19488865,0.0001995173
17823,35,0.18425083,0.0001995173
17824,35,0.18202479,0.00019951706
17825,35,0.16685893,0.00019951706
17826,35,0.18395343,0.00019951681
17827,35,0.19273050,0.00019951681
17828,35,0.18206827,0.00019951656
17829,35,0.19310188,0.00019951656
17830,35,0.19724637,0.00019951631
17831,35,0.19594911,0.00019951631
17832,35,0.18763252,0.00019951607
17833,35,0.18471305,0.00019951607
17834,35,0.19077243,0.00019951582
17835,35,0.20098774,0.00019951582
17836,35,0.19795170,0.00019951557
17837,35,0.20265983,0.00019951557
17838,35,0.18769947,0.00019951533
17839,35,0.18624823,0.00019951533
17840,35,0.19251724,0.00019951508
17841,35,0.18458872,0.00019951508
17842,35,0.20543164,0.00019951483
17843,35,0.20784090,0.00019951483
17844,35,0.17641504,0.00019951458
17845,35,0.18351693,0.00019951458
17846,35,0.18696859,0.00019951434
17847,35,0.17183937,0.00019951434
17848,35,0.20549949,0.00019951409
17849,35,0.19459087,0.00019951409
17850,35,0.19025156,0.00019951384
17851,35,0.18782751,0.00019951384
17852,35,0.19500439,0.0001995136
17853,35,0.22021616,0.0001995136
17854,35,0.17039186,0.00019951335
17855,35,0.19158810,0.00019951335
17856,35,0.20475337,0.0001995131
17857,35,0.20482908,0.0001995131
17858,35,0.21523197,0.00019951285
17859,35,0.19610521,0.00019951285
17860,35,0.19708419,0.0001995126
17861,35,0.19582208,0.0001995126
17862,35,0.17575680,0.00019951236
17863,35,0.19443616,0.00019951236
17864,35,0.20274433,0.00019951211
17865,35,0.22087677,0.00019951211
17866,35,0.20196393,0.00019951186
17867,35,0.18113370,0.00019951186
17868,35,0.20014061,0.00019951161
17869,35,0.17732449,0.00019951161
17870,35,0.18503141,0.00019951136
17871,35,0.19893181,0.00019951136
17872,35,0.19826777,0.00019951112
17873,35,0.18990275,0.00019951112
17874,35,0.18554448,0.00019951087
17875,35,0.18997702,0.00019951087
17876,35,0.18993874,0.00019951062
17877,35,0.18367328,0.00019951062
17878,35,0.17151839,0.00019951037
17879,35,0.19244380,0.00019951037
17880,35,0.18700334,0.00019951012
17881,35,0.18292695,0.00019951012
17882,35,0.20884223,0.00019950987
17883,35,0.17644307,0.00019950987
17884,35,0.18386799,0.00019950963
17885,35,0.17894584,0.00019950963
17886,35,0.18455477,0.00019950938
17887,35,0.19073713,0.00019950938
17888,35,0.19485344,0.00019950913
17889,35,0.18527958,0.00019950913
17890,35,0.19889866,0.00019950888
17891,35,0.18305993,0.00019950888
17892,35,0.20784670,0.00019950863
17893,35,0.15494724,0.00019950863
17894,35,0.18563449,0.00019950838
17895,35,0.20073438,0.00019950838
17896,35,0.18942362,0.00019950813
17897,35,0.19278423,0.00019950813
17898,35,0.17817496,0.00019950788
17899,35,0.19521691,0.00019950788
17900,35,0.18448922,0.00019950763
17901,35,0.20129578,0.00019950763
17902,35,0.18024817,0.00019950739
17903,35,0.19243956,0.00019950739
17904,35,0.18493158,0.00019950714
17905,35,0.19887756,0.00019950714
17906,35,0.17407705,0.00019950689
17907,35,0.19550551,0.00019950689
17908,35,0.20134561,0.00019950664
17909,35,0.19578548,0.00019950664
17910,35,0.19462569,0.00019950639
17911,35,0.20502216,0.00019950639
17912,35,0.20069377,0.00019950614
17913,35,0.18456192,0.00019950614
17914,35,0.17918225,0.00019950589
17915,35,0.18695554,0.00019950589
17916,35,0.19682990,0.00019950564
17917,35,0.20131315,0.00019950564
17918,35,0.18384740,0.00019950539
17919,35,0.18042031,0.00019950539
17920,35,0.17394088,0.00019950514
17921,35,0.20126446,0.00019950514
17922,35,0.18767701,0.00019950489
17923,35,0.20242347,0.00019950489
17924,35,0.20064817,0.00019950464
17925,35,0.19728449,0.00019950464
17926,35,0.21429586,0.00019950439
17927,35,0.18068759,0.00019950439
17928,35,0.18599768,0.00019950414
17929,35,0.20133206,0.00019950414
17930,35,0.21157625,0.00019950389
17931,35,0.19464771,0.00019950389
17932,35,0.17437424,0.00019950364
17933,35,0.17831166,0.00019950364
17934,35,0.18362726,0.00019950339
17935,35,0.21052141,0.00019950339
17936,35,0.21013366,0.00019950314
17937,35,0.18861341,0.00019950314
17938,35,0.18703373,0.00019950289
17939,35,0.21979819,0.00019950289
17940,35,0.19651774,0.00019950264
17941,35,0.17259479,0.00019950264
17942,35,0.17465039,0.00019950239
17943,35,0.19369359,0.00019950239
17944,35,0.18309408,0.00019950214
17945,35,0.21503326,0.00019950214
17946,35,0.17877916,0.00019950189
17947,35,0.19809039,0.00019950189
17948,35,0.18630904,0.00019950164
17949,35,0.21866639,0.00019950164
17950,35,0.18850560,0.00019950139
17951,35,0.18412556,0.00019950139
17952,35,0.20068938,0.00019950114
17953,35,0.19566998,0.00019950114
17954,35,0.19452909,0.00019950089
17955,35,0.19330356,0.00019950089
17956,35,0.20786680,0.00019950064
17957,35,0.18426543,0.00019950064
17958,35,0.18463624,0.00019950038
17959,35,0.21472256,0.00019950038
17960,35,0.17861958,0.00019950013
17961,35,0.19466902,0.00019950013
17962,35,0.19379261,0.00019949988
17963,35,0.20115799,0.00019949988
17964,35,0.19017777,0.00019949963
17965,35,0.18823740,0.00019949963
17966,35,0.20657547,0.00019949938
17967,35,0.19102615,0.00019949938
17968,35,0.18828464,0.00019949913
17969,35,0.17891817,0.00019949913
17970,35,0.19859014,0.00019949888
17971,35,0.18037720,0.00019949888
17972,35,0.18049417,0.00019949863
17973,35,0.17733777,0.00019949863
17974,35,0.20768733,0.00019949838
17975,35,0.18840215,0.00019949838
17976,35,0.17306784,0.00019949812
17977,35,0.18965313,0.00019949812
17978,35,0.20143732,0.00019949787
17979,35,0.18373401,0.00019949787
17980,35,0.18530054,0.00019949762
17981,35,0.18249223,0.00019949762
17982,35,0.20342040,0.00019949737
17983,35,0.18105499,0.00019949737
17984,35,0.18386693,0.00019949712
17985,35,0.19978459,0.00019949712
17986,35,0.19351049,0.00019949687
17987,35,0.19293284,0.00019949687
17988,35,0.21087736,0.00019949661
17989,35,0.20671868,0.00019949661
17990,35,0.17320667,0.00019949636
17991,35,0.17062841,0.00019949636
17992,35,0.19577287,0.00019949611
17993,35,0.19232030,0.00019949611
