step,epoch,loss,lr
1,1,2.37336421,3e-08
2,1,2.47432327,6e-08
3,1,2.37952709,6e-08
4,1,2.38617611,9e-08
5,1,2.40023136,9e-08
6,1,2.36299849,1.2e-07
7,1,2.47099829,1.2e-07
8,1,2.34287548,1.5e-07
9,1,2.38421011,1.5e-07
10,1,2.45063353,1.8e-07
11,1,2.50758314,1.8e-07
12,1,2.46133232,2.1e-07
13,1,2.42494345,2.1e-07
14,1,2.39293194,2.4e-07
15,1,2.40638447,2.4e-07
16,1,2.41443872,2.7e-07
17,1,2.39485168,2.7e-07
18,1,2.41105819,3e-07
19,1,2.39430761,3e-07
20,1,2.41576195,3.3e-07
21,1,2.40182233,3.3e-07
22,1,2.42110538,3.6e-07
23,1,2.44582582,3.6e-07
24,1,2.32799411,3.9e-07
25,1,2.41140270,3.9e-07
26,1,2.38472319,4.2e-07
27,1,2.40431952,4.2e-07
28,1,2.43484616,4.5e-07
29,1,2.38074446,4.5e-07
30,1,2.47218013,4.8e-07
31,1,2.27939415,4.8e-07
32,1,2.36637497,5.1e-07
33,1,2.46619225,5.1e-07
34,1,2.35727835,5.4e-07
35,1,2.37477875,5.4e-07
36,1,2.37668371,5.7e-07
37,1,2.31913185,5.7e-07
38,1,2.30821657,6e-07
39,1,2.34145832,6e-07
40,1,2.41143608,6.3e-07
41,1,2.30010986,6.3e-07
42,1,2.37364483,6.6e-07
43,1,2.39938617,6.6e-07
44,1,2.36448956,6.9e-07
45,1,2.36025572,6.9e-07
46,1,2.34865761,7.2e-07
47,1,2.28602719,7.2e-07
48,1,2.29871035,7.5e-07
49,1,2.27539611,7.5e-07
50,1,2.28218699,7.8e-07
51,1,2.33130836,7.8e-07
52,1,2.32544780,8.1e-07
53,1,2.30762672,8.1e-07
54,1,2.36365652,8.4e-07
55,1,2.27482390,8.4e-07
56,1,2.33701277,8.7e-07
57,1,2.28057790,8.7e-07
58,1,2.34429622,9e-07
59,1,2.39054060,9e-07
60,1,2.29961634,9.3e-07
61,1,2.29045653,9.3e-07
62,1,2.32655811,9.6e-07
63,1,2.28328061,9.6e-07
64,1,2.25277138,9.9e-07
65,1,2.22031021,9.9e-07
66,1,2.20684218,1.02e-06
67,1,2.27819204,1.02e-06
68,1,2.25394487,1.05e-06
69,1,2.21059132,1.05e-06
70,1,2.24905014,1.08e-06
71,1,2.18514347,1.08e-06
72,1,2.14277363,1.11e-06
73,1,2.26066780,1.11e-06
74,1,2.23821592,1.14e-06
75,1,2.22632408,1.14e-06
76,1,2.25349236,1.17e-06
77,1,2.18693709,1.17e-06
78,1,2.18961740,1.2e-06
79,1,2.18295670,1.2e-06
80,1,2.21578789,1.23e-06
81,1,2.17520881,1.23e-06
82,1,2.22608280,1.26e-06
83,1,2.10151052,1.26e-06
84,1,2.18806458,1.29e-06
85,1,2.15860581,1.29e-06
86,1,2.15721416,1.32e-06
87,1,2.12799644,1.32e-06
88,1,2.11434555,1.35e-06
89,1,2.09904003,1.35e-06
90,1,2.16253948,1.38e-06
91,1,2.15327168,1.38e-06
92,1,2.15321708,1.41e-06
93,1,2.15498114,1.41e-06
94,1,2.10230422,1.44e-06
95,1,2.10080647,1.44e-06
96,1,2.09936595,1.47e-06
97,1,2.14128399,1.47e-06
98,1,2.07971311,1.5e-06
99,1,2.10347414,1.5e-06
100,1,2.08467245,1.53e-06
101,1,2.04107547,1.53e-06
102,1,2.07884645,1.56e-06
103,1,2.07872868,1.56e-06
104,1,2.10258150,1.59e-06
105,1,2.08588076,1.59e-06
106,1,2.08587122,1.62e-06
107,1,2.09800863,1.62e-06
108,1,2.08728361,1.65e-06
109,1,2.02156091,1.65e-06
110,1,2.02003479,1.68e-06
111,1,2.10758972,1.68e-06
112,1,2.07372642,1.71e-06
113,1,2.04005408,1.71e-06
114,1,2.07978129,1.74e-06
115,1,2.09856582,1.74e-06
116,1,2.06395054,1.77e-06
117,1,2.06310129,1.77e-06
118,1,2.02112865,1.8e-06
119,1,2.00561118,1.8e-06
120,1,2.00736284,1.83e-06
121,1,2.06810760,1.83e-06
122,1,1.97595215,1.86e-06
123,1,2.00635433,1.86e-06
124,1,2.02134609,1.89e-06
125,1,2.04614305,1.89e-06
126,1,2.05206490,1.92e-06
127,1,1.97931838,1.92e-06
128,1,2.00234771,1.95e-06
129,1,2.02032018,1.95e-06
130,1,1.98895669,1.98e-06
131,1,2.00891829,1.98e-06
132,1,1.99220204,2.01e-06
133,1,2.04415274,2.01e-06
134,1,1.99873960,2.04e-06
135,1,1.99845147,2.04e-06
136,1,1.97824335,2.07e-06
137,1,1.91585958,2.07e-06
138,1,1.98559177,2.1e-06
139,1,1.99581456,2.1e-06
140,1,1.95192325,2.13e-06
141,1,1.96175265,2.13e-06
142,1,1.95771480,2.16e-06
143,1,1.95813417,2.16e-06
144,1,1.96550465,2.19e-06
145,1,1.92603946,2.19e-06
146,1,1.90530097,2.22e-06
147,1,1.98198879,2.22e-06
148,1,1.93714976,2.25e-06
149,1,1.95423639,2.25e-06
150,1,1.90370941,2.28e-06
151,1,1.94651008,2.28e-06
152,1,1.92729044,2.31e-06
153,1,1.91532683,2.31e-06
154,1,1.91802192,2.34e-06
155,1,1.94488287,2.34e-06
156,1,1.91738975,2.37e-06
157,1,1.88005674,2.37e-06
158,1,1.88689828,2.4e-06
159,1,1.87510753,2.4e-06
160,1,1.90459919,2.43e-06
161,1,1.87156272,2.43e-06
162,1,1.93482435,2.46e-06
163,1,1.86370039,2.46e-06
164,1,1.86912036,2.49e-06
165,1,1.90678358,2.49e-06
166,1,1.91588783,2.52e-06
167,1,1.87768912,2.52e-06
168,1,1.87357330,2.55e-06
169,1,1.86265373,2.55e-06
170,1,1.83677745,2.58e-06
171,1,1.83493257,2.58e-06
172,1,1.89179111,2.61e-06
173,1,1.88364875,2.61e-06
174,1,1.83233583,2.64e-06
175,1,1.88243461,2.64e-06
176,1,1.88719559,2.67e-06
177,1,1.80794144,2.67e-06
178,1,1.88353467,2.7e-06
179,1,1.83761430,2.7e-06
180,1,1.85105264,2.73e-06
181,1,1.81091917,2.73e-06
182,1,1.78420484,2.76e-06
183,1,1.81567132,2.76e-06
184,1,1.85309768,2.79e-06
185,1,1.84223545,2.79e-06
186,1,1.81261146,2.82e-06
187,1,1.86643934,2.82e-06
188,1,1.84465253,2.85e-06
189,1,1.82468832,2.85e-06
190,1,1.81128263,2.88e-06
191,1,1.85275149,2.88e-06
192,1,1.84059751,2.91e-06
193,1,1.79629993,2.91e-06
194,1,1.81427741,2.94e-06
195,1,1.78961158,2.94e-06
196,1,1.80717969,2.97e-06
197,1,1.80003774,2.97e-06
198,1,1.76346672,3e-06
199,1,1.83073461,3e-06
200,1,1.80327177,3.03e-06
201,1,1.80350959,3.03e-06
202,1,1.83131433,3.06e-06
203,1,1.81525135,3.06e-06
204,1,1.78934002,3.09e-06
205,1,1.80999827,3.09e-06
206,1,1.75892198,3.12e-06
207,1,1.74415016,3.12e-06
208,1,1.77900767,3.15e-06
209,1,1.78155088,3.15e-06
210,1,1.79212940,3.18e-06
211,1,1.76359069,3.18e-06
212,1,1.78184962,3.21e-06
213,1,1.75963712,3.21e-06
214,1,1.74146736,3.24e-06
215,1,1.73009181,3.24e-06
216,1,1.76896513,3.27e-06
217,1,1.79249799,3.27e-06
218,1,1.75524521,3.3e-06
219,1,1.74857306,3.3e-06
220,1,1.74665141,3.33e-06
221,1,1.74886835,3.33e-06
222,1,1.78358364,3.36e-06
223,1,1.75473869,3.36e-06
224,1,1.73062646,3.39e-06
225,1,1.70143390,3.39e-06
226,1,1.68807352,3.42e-06
227,1,1.76726103,3.42e-06
228,1,1.72659683,3.45e-06
229,1,1.71066928,3.45e-06
230,1,1.68690491,3.48e-06
231,1,1.77410960,3.48e-06
232,1,1.70846248,3.51e-06
233,1,1.67518497,3.51e-06
234,1,1.69178677,3.54e-06
235,1,1.71723688,3.54e-06
236,1,1.71113718,3.57e-06
237,1,1.76877570,3.57e-06
238,1,1.71329391,3.6e-06
239,1,1.69440246,3.6e-06
240,1,1.66047800,3.63e-06
241,1,1.65471840,3.63e-06
242,1,1.71626925,3.66e-06
243,1,1.70500350,3.66e-06
244,1,1.67600536,3.69e-06
245,1,1.66912746,3.69e-06
246,1,1.72371697,3.72e-06
247,1,1.66967368,3.72e-06
248,1,1.71819377,3.75e-06
249,1,1.69331861,3.75e-06
250,1,1.67976642,3.78e-06
251,1,1.63103890,3.78e-06
252,1,1.66077733,3.81e-06
253,1,1.61534584,3.81e-06
254,1,1.67093539,3.84e-06
255,1,1.69478357,3.84e-06
256,1,1.70202136,3.87e-06
257,1,1.65454602,3.87e-06
258,1,1.66196871,3.9e-06
259,1,1.62206268,3.9e-06
260,1,1.67307210,3.93e-06
261,1,1.59785199,3.93e-06
262,1,1.64313030,3.96e-06
263,1,1.67215669,3.96e-06
264,1,1.61715686,3.99e-06
265,1,1.62898540,3.99e-06
266,1,1.66507697,4.02e-06
267,1,1.58901000,4.02e-06
268,1,1.62793064,4.05e-06
269,1,1.63657415,4.05e-06
270,1,1.62913644,4.08e-06
271,1,1.57436776,4.08e-06
272,1,1.65812445,4.11e-06
273,1,1.57954395,4.11e-06
274,1,1.56185949,4.14e-06
275,1,1.56978357,4.14e-06
276,1,1.54092884,4.17e-06
277,1,1.59697580,4.17e-06
278,1,1.61857653,4.2e-06
279,1,1.56007743,4.2e-06
280,1,1.62465322,4.23e-06
281,1,1.57101524,4.23e-06
282,1,1.59783816,4.26e-06
283,1,1.55629039,4.26e-06
284,1,1.60125768,4.29e-06
285,1,1.57824278,4.29e-06
286,1,1.55499935,4.32e-06
287,1,1.54435480,4.32e-06
288,1,1.55328977,4.35e-06
289,1,1.61090279,4.35e-06
290,1,1.56426215,4.38e-06
291,1,1.59353149,4.38e-06
292,1,1.53146017,4.41e-06
293,1,1.52927208,4.41e-06
294,1,1.63580787,4.44e-06
295,1,1.55353832,4.44e-06
296,1,1.50599647,4.47e-06
297,1,1.57664716,4.47e-06
298,1,1.52369153,4.5e-06
299,1,1.56741786,4.5e-06
300,1,1.57296312,4.53e-06
301,1,1.55606496,4.53e-06
302,1,1.55585003,4.56e-06
303,1,1.46574247,4.56e-06
304,1,1.47837257,4.59e-06
305,1,1.46155977,4.59e-06
306,1,1.45960319,4.62e-06
307,1,1.52232981,4.62e-06
308,1,1.47556782,4.65e-06
309,1,1.45720220,4.65e-06
310,1,1.46131039,4.68e-06
311,1,1.50439930,4.68e-06
312,1,1.52790773,4.71e-06
313,1,1.51632726,4.71e-06
314,1,1.53545284,4.74e-06
315,1,1.54407477,4.74e-06
316,1,1.48077941,4.77e-06
317,1,1.44049156,4.77e-06
318,1,1.38536203,4.8e-06
319,1,1.45656431,4.8e-06
320,1,1.48631668,4.83e-06
321,1,1.41530550,4.83e-06
322,1,1.38623655,4.86e-06
323,1,1.41395986,4.86e-06
324,1,1.40172553,4.89e-06
325,1,1.37430036,4.89e-06
326,1,1.45122421,4.92e-06
327,1,1.43255889,4.92e-06
328,1,1.39155293,4.95e-06
329,1,1.41315126,4.95e-06
330,1,1.40624642,4.98e-06
331,1,1.38903332,4.98e-06
332,1,1.39433515,5.01e-06
333,1,1.37011802,5.01e-06
334,1,1.38967931,5.04e-06
335,1,1.38780499,5.04e-06
336,1,1.36749780,5.07e-06
337,1,1.36277318,5.07e-06
338,1,1.34180379,5.1e-06
339,1,1.37064779,5.1e-06
340,1,1.36858130,5.13e-06
341,1,1.39118421,5.13e-06
342,1,1.39009511,5.16e-06
343,1,1.30060947,5.16e-06
344,1,1.40420866,5.19e-06
345,1,1.34845233,5.19e-06
346,1,1.37530971,5.22e-06
347,1,1.37772584,5.22e-06
348,1,1.37698936,5.25e-06
349,1,1.38557911,5.25e-06
350,1,1.32970095,5.28e-06
351,1,1.30521393,5.28e-06
352,1,1.28919327,5.31e-06
353,1,1.33637357,5.31e-06
354,1,1.38320446,5.34e-06
355,1,1.21547306,5.34e-06
356,1,1.39674735,5.37e-06
357,1,1.26884282,5.37e-06
358,1,1.29533005,5.4e-06
359,1,1.24759483,5.4e-06
360,1,1.30373883,5.43e-06
361,1,1.30532920,5.43e-06
362,1,1.32182682,5.46e-06
363,1,1.32962692,5.46e-06
364,1,1.30127656,5.49e-06
365,1,1.26952648,5.49e-06
366,1,1.22432828,5.52e-06
367,1,1.34876049,5.52e-06
368,1,1.24371421,5.55e-06
369,1,1.33740544,5.55e-06
370,1,1.34216452,5.58e-06
371,1,1.22928953,5.58e-06
372,1,1.24528098,5.61e-06
373,1,1.18228126,5.61e-06
374,1,1.29938161,5.64e-06
375,1,1.16709423,5.64e-06
376,1,1.23109579,5.67e-06
377,1,1.20446432,5.67e-06
378,1,1.26696467,5.7e-06
379,1,1.18254924,5.7e-06
380,1,1.21896791,5.73e-06
381,1,1.18718910,5.73e-06
382,1,1.31671178,5.76e-06
383,1,1.16371441,5.76e-06
384,1,1.19672775,5.79e-06
385,1,1.24263906,5.79e-06
386,1,1.15602350,5.82e-06
387,1,1.12586474,5.82e-06
388,1,1.16698909,5.85e-06
389,1,1.12682462,5.85e-06
390,1,1.20289171,5.88e-06
391,1,1.11610699,5.88e-06
392,1,1.10079062,5.91e-06
393,1,1.24854934,5.91e-06
394,1,1.17774856,5.94e-06
395,1,1.15392244,5.94e-06
396,1,1.14336896,5.97e-06
397,1,1.13259244,5.97e-06
398,1,1.13989186,6e-06
399,1,1.07644355,6e-06
400,1,1.08225894,6.03e-06
401,1,0.99229258,6.03e-06
402,1,1.13676083,6.06e-06
403,1,1.11467361,6.06e-06
404,1,1.22698700,6.09e-06
405,1,1.10538554,6.09e-06
406,1,1.12670350,6.12e-06
407,1,1.12299263,6.12e-06
408,1,1.07849395,6.15e-06
409,1,1.06777501,6.15e-06
410,1,1.12286949,6.18e-06
411,1,1.04120779,6.18e-06
412,1,1.08827531,6.21e-06
413,1,1.09732413,6.21e-06
414,1,1.09885073,6.24e-06
415,1,1.11908746,6.24e-06
416,1,1.11318386,6.27e-06
417,1,1.11012959,6.27e-06
418,1,1.08069968,6.3e-06
419,1,1.13510633,6.3e-06
420,1,1.12781382,6.33e-06
421,1,1.18188477,6.33e-06
422,1,1.05862212,6.36e-06
423,1,1.04624927,6.36e-06
424,1,1.02456236,6.39e-06
425,1,1.15306151,6.39e-06
426,1,1.07443285,6.42e-06
427,1,1.12954199,6.42e-06
428,1,1.12099290,6.45e-06
429,1,1.05183530,6.45e-06
430,1,0.98518920,6.48e-06
431,1,1.02944255,6.48e-06
432,1,1.10747695,6.51e-06
433,1,1.00365901,6.51e-06
434,1,1.00113368,6.54e-06
435,1,1.07049990,6.54e-06
436,1,0.97148174,6.57e-06
437,1,1.07352161,6.57e-06
438,1,0.92260474,6.6e-06
439,1,1.09388471,6.6e-06
440,1,1.00118291,6.63e-06
441,1,0.97932160,6.63e-06
442,1,1.07138824,6.66e-06
443,1,1.05844235,6.66e-06
444,1,0.96925038,6.69e-06
445,1,1.01939762,6.69e-06
446,1,1.02595544,6.72e-06
447,1,0.96685541,6.72e-06
448,1,0.99407715,6.75e-06
449,1,1.01569521,6.75e-06
450,1,0.98779798,6.78e-06
451,1,0.98328686,6.78e-06
452,1,0.99260807,6.81e-06
453,1,1.01231861,6.81e-06
454,1,0.90608346,6.84e-06
455,1,0.98689306,6.84e-06
456,1,0.93260545,6.87e-06
457,1,0.96296328,6.87e-06
458,1,0.91438234,6.9e-06
459,1,0.96357316,6.9e-06
460,1,0.93744749,6.93e-06
461,1,0.98252743,6.93e-06
462,1,0.94484776,6.96e-06
463,1,0.95378816,6.96e-06
464,1,1.00566125,6.99e-06
465,1,1.02740180,6.99e-06
466,1,0.96857232,7.02e-06
467,1,0.92884195,7.02e-06
468,1,1.03710127,7.05e-06
469,1,0.92327279,7.05e-06
470,1,0.94727409,7.08e-06
471,1,0.96569079,7.08e-06
472,1,0.91237426,7.11e-06
473,1,1.00523305,7.11e-06
474,1,0.97888124,7.14e-06
475,1,0.90639114,7.14e-06
476,1,0.89729667,7.17e-06
477,1,0.82474029,7.17e-06
478,1,0.87489128,7.2e-06
479,1,0.86722648,7.2e-06
480,1,1.00149393,7.23e-06
481,1,0.93332076,7.23e-06
482,1,0.96522427,7.26e-06
483,1,0.93135762,7.26e-06
484,1,0.91999483,7.29e-06
485,1,0.95184487,7.29e-06
486,1,0.94759387,7.32e-06
487,1,0.92185056,7.32e-06
488,1,0.83920878,7.35e-06
489,1,0.94583029,7.35e-06
490,1,0.95756924,7.38e-06
491,1,0.94893599,7.38e-06
492,1,0.92016017,7.41e-06
493,1,0.86926597,7.41e-06
494,1,0.85080016,7.44e-06
495,1,0.94181746,7.44e-06
496,1,0.92046154,7.47e-06
497,1,0.96183342,7.47e-06
498,1,0.98285234,7.5e-06
499,1,1.01830137,7.5e-06
500,1,0.98485625,7.53e-06
501,1,0.88566518,7.53e-06
502,1,0.94737840,7.56e-06
503,1,0.90587020,7.56e-06
504,1,0.86595941,7.59e-06
505,1,0.91700971,7.59e-06
506,1,0.86533976,7.62e-06
507,1,0.83553886,7.62e-06
508,1,0.83892119,7.65e-06
509,1,0.83830923,7.65e-06
510,1,0.81434095,7.68e-06
511,1,0.98143309,7.68e-06
512,1,0.90540904,7.71e-06
513,1,0.95053327,7.71e-06
514,1,0.79801655,7.74e-06
515,1,0.89604962,7.74e-06
516,1,0.77144051,7.77e-06
517,1,0.92072618,7.77e-06
518,1,0.92686290,7.8e-06
519,1,0.93850434,7.8e-06
520,1,0.91124934,7.83e-06
521,2,0.95616645,7.83e-06
522,2,0.92438287,7.86e-06
523,2,0.83580124,7.86e-06
524,2,0.80147046,7.89e-06
525,2,0.84558058,7.89e-06
526,2,0.83506954,7.92e-06
527,2,0.91321039,7.92e-06
528,2,0.78739327,7.95e-06
529,2,0.84586573,7.95e-06
530,2,0.80657762,7.98e-06
531,2,0.86241668,7.98e-06
532,2,0.75328016,8.01e-06
533,2,0.86546338,8.01e-06
534,2,0.85130358,8.04e-06
535,2,0.95111370,8.04e-06
536,2,0.88498700,8.07e-06
537,2,0.87855637,8.07e-06
538,2,0.89753693,8.1e-06
539,2,0.82477367,8.1e-06
540,2,0.82546490,8.13e-06
541,2,0.84251374,8.13e-06
542,2,0.92681563,8.16e-06
543,2,0.86917418,8.16e-06
544,2,0.84662789,8.19e-06
545,2,0.92437875,8.19e-06
546,2,0.89678240,8.22e-06
547,2,0.81959665,8.22e-06
548,2,0.86075181,8.25e-06
549,2,0.84459209,8.25e-06
550,2,0.82899332,8.28e-06
551,2,0.90096116,8.28e-06
552,2,0.85625857,8.31e-06
553,2,0.89776742,8.31e-06
554,2,0.89324969,8.34e-06
555,2,0.88752460,8.34e-06
556,2,0.99175727,8.37e-06
557,2,0.77790356,8.37e-06
558,2,0.81405371,8.4e-06
559,2,0.88586700,8.4e-06
560,2,0.84953284,8.43e-06
561,2,0.92440861,8.43e-06
562,2,0.76678008,8.46e-06
563,2,0.84523082,8.46e-06
564,2,0.85254741,8.49e-06
565,2,0.81822038,8.49e-06
566,2,0.84895372,8.52e-06
567,2,0.81940907,8.52e-06
568,2,0.92396230,8.55e-06
569,2,0.87795299,8.55e-06
570,2,0.88401473,8.58e-06
571,2,0.90590942,8.58e-06
572,2,0.80083650,8.61e-06
573,2,0.94499767,8.61e-06
574,2,0.85768050,8.64e-06
575,2,0.86182308,8.64e-06
576,2,0.89285719,8.67e-06
577,2,0.81140751,8.67e-06
578,2,0.82292098,8.7e-06
579,2,0.88042921,8.7e-06
580,2,0.86746633,8.73e-06
581,2,0.84376895,8.73e-06
582,2,0.82145852,8.76e-06
583,2,0.80651087,8.76e-06
584,2,0.89172471,8.79e-06
585,2,0.89362776,8.79e-06
586,2,0.81114191,8.82e-06
587,2,0.80750769,8.82e-06
588,2,0.77091998,8.85e-06
589,2,0.78135031,8.85e-06
590,2,0.81501663,8.88e-06
591,2,0.89560771,8.88e-06
592,2,0.81206799,8.91e-06
593,2,0.87998813,8.91e-06
594,2,0.76425147,8.94e-06
595,2,0.76531708,8.94e-06
596,2,0.87747335,8.97e-06
597,2,0.79986471,8.97e-06
598,2,0.85265034,9e-06
599,2,0.72240579,9e-06
600,2,0.77855957,9.03e-06
601,2,0.84464663,9.03e-06
602,2,0.92279053,9.06e-06
603,2,0.90608180,9.06e-06
604,2,0.85183620,9.09e-06
605,2,0.88074130,9.09e-06
606,2,0.81368178,9.12e-06
607,2,0.75354117,9.12e-06
608,2,0.78244770,9.15e-06
609,2,0.93859333,9.15e-06
610,2,0.90587187,9.18e-06
611,2,0.87452435,9.18e-06
612,2,0.86492646,9.21e-06
613,2,0.86735189,9.21e-06
614,2,0.90976620,9.24e-06
615,2,0.79293251,9.24e-06
616,2,0.80318904,9.27e-06
617,2,0.77820653,9.27e-06
618,2,0.75679845,9.3e-06
619,2,0.83914632,9.3e-06
620,2,0.74909723,9.33e-06
621,2,0.78884077,9.33e-06
622,2,0.78967541,9.36e-06
623,2,0.88075370,9.36e-06
624,2,0.74653006,9.39e-06
625,2,0.85628200,9.39e-06
626,2,0.93158710,9.42e-06
627,2,0.72643369,9.42e-06
628,2,0.82273614,9.45e-06
629,2,0.80712074,9.45e-06
630,2,0.84936541,9.48e-06
631,2,0.79547215,9.48e-06
632,2,0.82891721,9.51e-06
633,2,0.85775089,9.51e-06
634,2,0.71779335,9.54e-06
635,2,0.86340630,9.54e-06
636,2,0.82990378,9.57e-06
637,2,0.79066932,9.57e-06
638,2,0.77839202,9.6e-06
639,2,0.76348495,9.6e-06
640,2,0.73429763,9.63e-06
641,2,0.82371259,9.63e-06
642,2,0.85210502,9.66e-06
643,2,0.84336901,9.66e-06
644,2,0.74393833,9.69e-06
645,2,0.81368995,9.69e-06
646,2,0.87386596,9.72e-06
647,2,0.76268554,9.72e-06
648,2,0.89640689,9.75e-06
649,2,0.85561502,9.75e-06
650,2,0.77684414,9.78e-06
651,2,0.83810633,9.78e-06
652,2,0.76348102,9.81e-06
653,2,0.71779889,9.81e-06
654,2,0.85749030,9.84e-06
655,2,0.83834857,9.84e-06
656,2,0.79275966,9.87e-06
657,2,0.77610147,9.87e-06
658,2,0.81893033,9.9e-06
659,2,0.83062238,9.9e-06
660,2,0.80233496,9.93e-06
661,2,0.79012460,9.93e-06
662,2,0.76148003,9.96e-06
663,2,0.85339594,9.96e-06
664,2,0.79727733,9.99e-06
665,2,0.72916520,9.99e-06
666,2,0.80250049,1.002e-05
667,2,0.79513091,1.002e-05
668,2,0.74534249,1.005e-05
669,2,0.78723586,1.005e-05
670,2,0.71657753,1.008e-05
671,2,0.68799323,1.008e-05
672,2,0.70441926,1.011e-05
673,2,0.83349919,1.011e-05
674,2,0.82051390,1.014e-05
675,2,0.76611441,1.014e-05
676,2,0.82164276,1.017e-05
677,2,0.70300043,1.017e-05
678,2,0.75552386,1.02e-05
679,2,0.83686507,1.02e-05
680,2,0.68505377,1.023e-05
681,2,0.84517545,1.023e-05
682,2,0.83372295,1.026e-05
683,2,0.69552791,1.026e-05
684,2,0.78807640,1.029e-05
685,2,0.91311920,1.029e-05
686,2,0.77911425,1.032e-05
687,2,0.76209486,1.032e-05
688,2,0.91291803,1.035e-05
689,2,0.83612967,1.035e-05
690,2,0.76383197,1.038e-05
691,2,0.75222367,1.038e-05
692,2,0.73014611,1.041e-05
693,2,0.71085852,1.041e-05
694,2,0.78492022,1.044e-05
695,2,0.78732598,1.044e-05
696,2,0.76610923,1.047e-05
697,2,0.71374452,1.047e-05
698,2,0.81807154,1.05e-05
699,2,0.80241680,1.05e-05
700,2,0.85106701,1.053e-05
701,2,0.72298467,1.053e-05
702,2,0.85685009,1.056e-05
703,2,0.73831296,1.056e-05
704,2,0.74269652,1.059e-05
705,2,0.73626804,1.059e-05
706,2,0.74112862,1.062e-05
707,2,0.79812062,1.062e-05
708,2,0.69371432,1.065e-05
709,2,0.78250647,1.065e-05
710,2,0.80997658,1.068e-05
711,2,0.79527205,1.068e-05
712,2,0.69340372,1.071e-05
713,2,0.76117861,1.071e-05
714,2,0.75961185,1.074e-05
715,2,0.78264749,1.074e-05
716,2,0.80053163,1.077e-05
717,2,0.81257981,1.077e-05
718,2,0.81504047,1.08e-05
719,2,0.71163625,1.08e-05
720,2,0.75698507,1.083e-05
721,2,0.70523304,1.083e-05
722,2,0.71891284,1.086e-05
723,2,0.85717458,1.086e-05
724,2,0.81258774,1.089e-05
725,2,0.71135080,1.089e-05
726,2,0.79227656,1.092e-05
727,2,0.81145877,1.092e-05
728,2,0.76660430,1.095e-05
729,2,0.72275007,1.095e-05
730,2,0.74813199,1.098e-05
731,2,0.80914378,1.098e-05
732,2,0.78452772,1.101e-05
733,2,0.80037999,1.101e-05
734,2,0.71741140,1.104e-05
735,2,0.74967813,1.104e-05
736,2,0.70564735,1.107e-05
737,2,0.71739113,1.107e-05
738,2,0.68038821,1.11e-05
739,2,0.73847449,1.11e-05
740,2,0.83925313,1.113e-05
741,2,0.69986379,1.113e-05
742,2,0.79358423,1.116e-05
743,2,0.71279228,1.116e-05
744,2,0.71004361,1.119e-05
745,2,0.81708646,1.119e-05
746,2,0.74524450,1.122e-05
747,2,0.67149723,1.122e-05
748,2,0.86018348,1.125e-05
749,2,0.74486244,1.125e-05
750,2,0.81773067,1.128e-05
751,2,0.83401620,1.128e-05
752,2,0.79542184,1.131e-05
753,2,0.88111007,1.131e-05
754,2,0.73797888,1.134e-05
755,2,0.80392551,1.134e-05
756,2,0.79334706,1.137e-05
757,2,0.82175422,1.137e-05
758,2,0.77496815,1.14e-05
759,2,0.66513622,1.14e-05
760,2,0.68982857,1.143e-05
761,2,0.73671663,1.143e-05
762,2,0.85449409,1.146e-05
763,2,0.80397666,1.146e-05
764,2,0.75768661,1.149e-05
765,2,0.80316639,1.149e-05
766,2,0.76822126,1.152e-05
767,2,0.74256176,1.152e-05
768,2,0.70971912,1.155e-05
769,2,0.76955986,1.155e-05
770,2,0.76420557,1.158e-05
771,2,0.84276074,1.158e-05
772,2,0.71228290,1.161e-05
773,2,0.71463025,1.161e-05
774,2,0.66769814,1.164e-05
775,2,0.84668100,1.164e-05
776,2,0.76782095,1.167e-05
777,2,0.65525734,1.167e-05
778,2,0.77426171,1.17e-05
779,2,0.82016248,1.17e-05
780,2,0.78820825,1.173e-05
781,2,0.75576419,1.173e-05
782,2,0.66482139,1.176e-05
783,2,0.78936380,1.176e-05
784,2,0.82309866,1.179e-05
785,2,0.75500792,1.179e-05
786,2,0.75557584,1.182e-05
787,2,0.74807549,1.182e-05
788,2,0.71195400,1.185e-05
789,2,0.76144457,1.185e-05
790,2,0.78775430,1.188e-05
791,2,0.63837743,1.188e-05
792,2,0.69781697,1.191e-05
793,2,0.66786641,1.191e-05
794,2,0.75232166,1.194e-05
795,2,0.78356302,1.194e-05
796,2,0.74078190,1.197e-05
797,2,0.76115239,1.197e-05
798,2,0.75730026,1.2e-05
799,2,0.71246374,1.2e-05
800,2,0.73373550,1.203e-05
801,2,0.77268159,1.203e-05
802,2,0.73202014,1.206e-05
803,2,0.73515940,1.206e-05
804,2,0.75506252,1.209e-05
805,2,0.73052919,1.209e-05
806,2,0.73991573,1.212e-05
807,2,0.77330422,1.212e-05
808,2,0.71926951,1.215e-05
809,2,0.73618293,1.215e-05
810,2,0.76713192,1.218e-05
811,2,0.81098485,1.218e-05
812,2,0.72237051,1.221e-05
813,2,0.68089342,1.221e-05
814,2,0.73585033,1.224e-05
815,2,0.74614972,1.224e-05
816,2,0.71516645,1.227e-05
817,2,0.68788850,1.227e-05
818,2,0.66749811,1.23e-05
819,2,0.73008573,1.23e-05
820,2,0.74360293,1.233e-05
821,2,0.66132820,1.233e-05
822,2,0.69376552,1.236e-05
823,2,0.76903003,1.236e-05
824,2,0.72562379,1.239e-05
825,2,0.65042663,1.239e-05
826,2,0.71297836,1.242e-05
827,2,0.73485488,1.242e-05
828,2,0.74228048,1.245e-05
829,2,0.78744662,1.245e-05
830,2,0.67470235,1.248e-05
831,2,0.80916733,1.248e-05
832,2,0.70243585,1.251e-05
833,2,0.71051931,1.251e-05
834,2,0.68378913,1.254e-05
835,2,0.75591397,1.254e-05
836,2,0.70336747,1.257e-05
837,2,0.79106736,1.257e-05
838,2,0.60621375,1.26e-05
839,2,0.72777414,1.26e-05
840,2,0.71321201,1.263e-05
841,2,0.76453894,1.263e-05
842,2,0.72286361,1.266e-05
843,2,0.74815911,1.266e-05
844,2,0.70370531,1.269e-05
845,2,0.76373929,1.269e-05
846,2,0.74508089,1.272e-05
847,2,0.69928712,1.272e-05
848,2,0.77573538,1.275e-05
849,2,0.71694183,1.275e-05
850,2,0.77564538,1.278e-05
851,2,0.68289185,1.278e-05
852,2,0.68443334,1.281e-05
853,2,0.76002043,1.281e-05
854,2,0.68329847,1.284e-05
855,2,0.72974318,1.284e-05
856,2,0.71363658,1.287e-05
857,2,0.72587919,1.287e-05
858,2,0.76943433,1.29e-05
859,2,0.75435209,1.29e-05
860,2,0.71545637,1.293e-05
861,2,0.66071987,1.293e-05
862,2,0.71211660,1.296e-05
863,2,0.70687866,1.296e-05
864,2,0.72520876,1.299e-05
865,2,0.67156565,1.299e-05
866,2,0.72371936,1.302e-05
867,2,0.69315898,1.302e-05
868,2,0.65818822,1.305e-05
869,2,0.79321587,1.305e-05
870,2,0.71521586,1.308e-05
871,2,0.59875226,1.308e-05
872,2,0.59906000,1.311e-05
873,2,0.63702321,1.311e-05
874,2,0.66342771,1.314e-05
875,2,0.70571297,1.314e-05
876,2,0.71559727,1.317e-05
877,2,0.68651557,1.317e-05
878,2,0.81205595,1.32e-05
879,2,0.67203975,1.32e-05
880,2,0.65132260,1.323e-05
881,2,0.80926412,1.323e-05
882,2,0.65891087,1.326e-05
883,2,0.62993777,1.326e-05
884,2,0.68851900,1.329e-05
885,2,0.65717697,1.329e-05
886,2,0.75184929,1.332e-05
887,2,0.81527871,1.332e-05
888,2,0.66702545,1.335e-05
889,2,0.72124815,1.335e-05
890,2,0.75495791,1.338e-05
891,2,0.63758254,1.338e-05
892,2,0.67528713,1.341e-05
893,2,0.68437141,1.341e-05
894,2,0.69589442,1.344e-05
895,2,0.74046725,1.344e-05
896,2,0.79969805,1.347e-05
897,2,0.66091055,1.347e-05
898,2,0.64438272,1.35e-05
899,2,0.74315733,1.35e-05
900,2,0.70700616,1.353e-05
901,2,0.69378895,1.353e-05
902,2,0.73236227,1.356e-05
903,2,0.70015162,1.356e-05
904,2,0.64692241,1.359e-05
905,2,0.70444739,1.359e-05
906,2,0.72289085,1.362e-05
907,2,0.74529332,1.362e-05
908,2,0.64010876,1.365e-05
909,2,0.73092246,1.365e-05
910,2,0.73533720,1.368e-05
911,2,0.65325272,1.368e-05
912,2,0.68266356,1.371e-05
913,2,0.70945680,1.371e-05
914,2,0.72626531,1.374e-05
915,2,0.70941132,1.374e-05
916,2,0.63377351,1.377e-05
917,2,0.62268579,1.377e-05
918,2,0.73801863,1.38e-05
919,2,0.69299859,1.38e-05
920,2,0.69175476,1.383e-05
921,2,0.70031071,1.383e-05
922,2,0.71645176,1.386e-05
923,2,0.67844886,1.386e-05
924,2,0.71178168,1.389e-05
925,2,0.72053236,1.389e-05
926,2,0.77072644,1.392e-05
927,2,0.66100490,1.392e-05
928,2,0.67512417,1.395e-05
929,2,0.80863160,1.395e-05
930,2,0.69701833,1.398e-05
931,2,0.73652905,1.398e-05
932,2,0.73522282,1.401e-05
933,2,0.70004416,1.401e-05
934,2,0.79771876,1.404e-05
935,2,0.71994925,1.404e-05
936,2,0.62944889,1.407e-05
937,2,0.65775907,1.407e-05
938,2,0.67271614,1.41e-05
939,2,0.76791322,1.41e-05
940,2,0.69986212,1.413e-05
941,2,0.74266499,1.413e-05
942,2,0.76748371,1.416e-05
943,2,0.72867274,1.416e-05
944,2,0.70782518,1.419e-05
945,2,0.69483411,1.419e-05
946,2,0.72654265,1.422e-05
947,2,0.68690288,1.422e-05
948,2,0.73282146,1.425e-05
949,2,0.63296801,1.425e-05
950,2,0.71071047,1.428e-05
951,2,0.76102769,1.428e-05
952,2,0.65051204,1.431e-05
953,2,0.74552906,1.431e-05
954,2,0.68118680,1.434e-05
955,2,0.66430140,1.434e-05
956,2,0.75769913,1.437e-05
957,2,0.66265047,1.437e-05
958,2,0.69452560,1.44e-05
959,2,0.68149984,1.44e-05
960,2,0.71247470,1.443e-05
961,2,0.78454435,1.443e-05
962,2,0.68818223,1.446e-05
963,2,0.67655993,1.446e-05
964,2,0.67478704,1.449e-05
965,2,0.69491929,1.449e-05
966,2,0.67696190,1.452e-05
967,2,0.68707222,1.452e-05
968,2,0.68520761,1.455e-05
969,2,0.73429632,1.455e-05
970,2,0.64678383,1.458e-05
971,2,0.68823385,1.458e-05
972,2,0.66966379,1.461e-05
973,2,0.64176893,1.461e-05
974,2,0.72534937,1.464e-05
975,2,0.68740213,1.464e-05
976,2,0.74380910,1.467e-05
977,2,0.68338192,1.467e-05
978,2,0.63537633,1.47e-05
979,2,0.58700979,1.47e-05
980,2,0.63548040,1.473e-05
981,2,0.67435670,1.473e-05
982,2,0.66073048,1.476e-05
983,2,0.69413680,1.476e-05
984,2,0.67235804,1.479e-05
985,2,0.65841591,1.479e-05
986,2,0.63799167,1.482e-05
987,2,0.69226921,1.482e-05
988,2,0.71955603,1.485e-05
989,2,0.70484149,1.485e-05
990,2,0.67025423,1.488e-05
991,2,0.65920776,1.488e-05
992,2,0.69582862,1.491e-05
993,2,0.65543854,1.491e-05
994,2,0.76649463,1.494e-05
995,2,0.64558023,1.494e-05
996,2,0.62097281,1.497e-05
997,2,0.67339987,1.497e-05
998,2,0.62915915,1.5e-05
999,2,0.62771535,1.5e-05
1000,2,0.61840320,1.503e-05
1001,2,0.67098230,1.503e-05
1002,2,0.69525331,1.506e-05
1003,2,0.70564765,1.506e-05
1004,2,0.62535650,1.509e-05
1005,2,0.69651532,1.509e-05
1006,2,0.69493616,1.512e-05
1007,2,0.68520707,1.512e-05
1008,2,0.75188494,1.515e-05
1009,2,0.70232457,1.515e-05
1010,2,0.67406195,1.518e-05
1011,2,0.66672802,1.518e-05
1012,2,0.69090861,1.521e-05
1013,2,0.74981540,1.521e-05
1014,2,0.70175052,1.524e-05
1015,2,0.67564356,1.524e-05
1016,2,0.64731812,1.527e-05
1017,2,0.60337079,1.527e-05
1018,2,0.58564281,1.53e-05
1019,2,0.68148726,1.53e-05
1020,2,0.68387353,1.533e-05
1021,2,0.62221062,1.533e-05
1022,2,0.63765043,1.536e-05
1023,2,0.66260904,1.536e-05
1024,2,0.70924520,1.539e-05
1025,2,0.70044708,1.539e-05
1026,2,0.70612568,1.542e-05
1027,2,0.65289938,1.542e-05
1028,2,0.69068146,1.545e-05
1029,2,0.65497881,1.545e-05
1030,2,0.67494726,1.548e-05
1031,2,0.67309999,1.548e-05
1032,2,0.67416954,1.551e-05
1033,2,0.63688934,1.551e-05
1034,2,0.67682111,1.554e-05
1035,2,0.60296214,1.554e-05
1036,2,0.67533606,1.557e-05
1037,2,0.66960895,1.557e-05
1038,2,0.61214638,1.56e-05
1039,2,0.63799691,1.56e-05
1040,2,0.75453651,1.563e-05
1041,3,0.76063627,1.563e-05
1042,3,0.70004719,1.566e-05
1043,3,0.68719929,1.566e-05
1044,3,0.63025707,1.569e-05
1045,3,0.64303249,1.569e-05
1046,3,0.70337248,1.572e-05
1047,3,0.62937331,1.572e-05
1048,3,0.67965448,1.575e-05
1049,3,0.52812088,1.575e-05
1050,3,0.65727711,1.578e-05
1051,3,0.61503309,1.578e-05
1052,3,0.64951706,1.581e-05
1053,3,0.74044293,1.581e-05
1054,3,0.66486758,1.584e-05
1055,3,0.60540402,1.584e-05
1056,3,0.65873688,1.587e-05
1057,3,0.69177234,1.587e-05
1058,3,0.70508999,1.59e-05
1059,3,0.72345650,1.59e-05
1060,3,0.64176846,1.593e-05
1061,3,0.65346724,1.593e-05
1062,3,0.67031145,1.596e-05
1063,3,0.68714857,1.596e-05
1064,3,0.61766541,1.599e-05
1065,3,0.61399817,1.599e-05
1066,3,0.64069611,1.602e-05
1067,3,0.72643244,1.602e-05
1068,3,0.66027939,1.605e-05
1069,3,0.67725444,1.605e-05
1070,3,0.72349119,1.608e-05
1071,3,0.61455077,1.608e-05
1072,3,0.69178289,1.611e-05
1073,3,0.69547033,1.611e-05
1074,3,0.60934860,1.614e-05
1075,3,0.61028528,1.614e-05
1076,3,0.60260320,1.617e-05
1077,3,0.71786731,1.617e-05
1078,3,0.73105693,1.62e-05
1079,3,0.67627263,1.62e-05
1080,3,0.55410659,1.623e-05
1081,3,0.64913762,1.623e-05
1082,3,0.55371976,1.626e-05
1083,3,0.67703903,1.626e-05
1084,3,0.60571069,1.629e-05
1085,3,0.63100517,1.629e-05
1086,3,0.73366898,1.632e-05
1087,3,0.62592107,1.632e-05
1088,3,0.60818434,1.635e-05
1089,3,0.69707561,1.635e-05
1090,3,0.71183366,1.638e-05
1091,3,0.59553373,1.638e-05
1092,3,0.73295963,1.641e-05
1093,3,0.67494649,1.641e-05
1094,3,0.69144219,1.644e-05
1095,3,0.68814176,1.644e-05
1096,3,0.57066393,1.647e-05
1097,3,0.68248880,1.647e-05
1098,3,0.65250099,1.65e-05
1099,3,0.60214370,1.65e-05
1100,3,0.70546234,1.653e-05
1101,3,0.61974734,1.653e-05
1102,3,0.67154670,1.656e-05
1103,3,0.72764957,1.656e-05
1104,3,0.63161367,1.659e-05
1105,3,0.65497863,1.659e-05
1106,3,0.68170488,1.662e-05
1107,3,0.67066830,1.662e-05
1108,3,0.63889039,1.665e-05
1109,3,0.64404249,1.665e-05
1110,3,0.67822587,1.668e-05
1111,3,0.68793935,1.668e-05
1112,3,0.64299417,1.671e-05
1113,3,0.60998166,1.671e-05
1114,3,0.61144972,1.674e-05
1115,3,0.61634010,1.674e-05
1116,3,0.63112730,1.677e-05
1117,3,0.59726262,1.677e-05
1118,3,0.61615324,1.68e-05
1119,3,0.67043221,1.68e-05
1120,3,0.65556306,1.683e-05
1121,3,0.62761366,1.683e-05
1122,3,0.65522194,1.686e-05
1123,3,0.73663294,1.686e-05
1124,3,0.66664743,1.689e-05
1125,3,0.64301151,1.689e-05
1126,3,0.63210440,1.692e-05
1127,3,0.68703914,1.692e-05
1128,3,0.63490450,1.695e-05
1129,3,0.69467276,1.695e-05
1130,3,0.64611787,1.698e-05
1131,3,0.63425958,1.698e-05
1132,3,0.70938867,1.701e-05
1133,3,0.73080575,1.701e-05
1134,3,0.57026654,1.704e-05
1135,3,0.68407792,1.704e-05
1136,3,0.63441694,1.707e-05
1137,3,0.62273753,1.707e-05
1138,3,0.58216929,1.71e-05
1139,3,0.67291570,1.71e-05
1140,3,0.60646963,1.713e-05
1141,3,0.59610391,1.713e-05
1142,3,0.67428935,1.716e-05
1143,3,0.61133939,1.716e-05
1144,3,0.58730841,1.719e-05
1145,3,0.64526737,1.719e-05
1146,3,0.67974138,1.722e-05
1147,3,0.58583266,1.722e-05
1148,3,0.71610081,1.725e-05
1149,3,0.70455611,1.725e-05
1150,3,0.62638301,1.728e-05
1151,3,0.69729871,1.728e-05
1152,3,0.64317942,1.731e-05
1153,3,0.64781690,1.731e-05
1154,3,0.64554811,1.734e-05
1155,3,0.68791074,1.734e-05
1156,3,0.53768218,1.737e-05
1157,3,0.62511039,1.737e-05
1158,3,0.63916540,1.74e-05
1159,3,0.59048283,1.74e-05
1160,3,0.60868722,1.743e-05
1161,3,0.63391280,1.743e-05
1162,3,0.63683367,1.746e-05
1163,3,0.56133813,1.746e-05
1164,3,0.61780447,1.749e-05
1165,3,0.58833808,1.749e-05
1166,3,0.65608633,1.752e-05
1167,3,0.70204443,1.752e-05
1168,3,0.69925237,1.755e-05
1169,3,0.56003559,1.755e-05
1170,3,0.57569802,1.758e-05
1171,3,0.65203714,1.758e-05
1172,3,0.59012330,1.761e-05
1173,3,0.58938271,1.761e-05
1174,3,0.62218428,1.764e-05
1175,3,0.64404118,1.764e-05
1176,3,0.60436004,1.767e-05
1177,3,0.68375844,1.767e-05
1178,3,0.60442168,1.77e-05
1179,3,0.63534677,1.77e-05
1180,3,0.70148361,1.773e-05
1181,3,0.67407227,1.773e-05
1182,3,0.71730649,1.776e-05
1183,3,0.60800421,1.776e-05
1184,3,0.68600196,1.779e-05
1185,3,0.64514595,1.779e-05
1186,3,0.67491484,1.782e-05
1187,3,0.62762624,1.782e-05
1188,3,0.68466467,1.785e-05
1189,3,0.68686408,1.785e-05
1190,3,0.56455338,1.788e-05
1191,3,0.67277908,1.788e-05
1192,3,0.56909776,1.791e-05
1193,3,0.69577968,1.791e-05
1194,3,0.55352068,1.794e-05
1195,3,0.63840604,1.794e-05
1196,3,0.58580017,1.797e-05
1197,3,0.63312262,1.797e-05
1198,3,0.69411862,1.8e-05
1199,3,0.61779612,1.8e-05
1200,3,0.74081272,1.803e-05
1201,3,0.62853521,1.803e-05
1202,3,0.61993039,1.806e-05
1203,3,0.61700571,1.806e-05
1204,3,0.60047150,1.809e-05
1205,3,0.61007857,1.809e-05
1206,3,0.64638239,1.812e-05
1207,3,0.62261069,1.812e-05
1208,3,0.60716391,1.815e-05
1209,3,0.67673969,1.815e-05
1210,3,0.60594416,1.818e-05
1211,3,0.61913013,1.818e-05
1212,3,0.65061682,1.821e-05
1213,3,0.59543616,1.821e-05
1214,3,0.60297740,1.824e-05
1215,3,0.67249537,1.824e-05
1216,3,0.64384544,1.827e-05
1217,3,0.63862008,1.827e-05
1218,3,0.66984141,1.83e-05
1219,3,0.58323228,1.83e-05
1220,3,0.61774385,1.833e-05
1221,3,0.60803926,1.833e-05
1222,3,0.62234664,1.836e-05
1223,3,0.63702601,1.836e-05
1224,3,0.68544209,1.839e-05
1225,3,0.60518980,1.839e-05
1226,3,0.58847237,1.842e-05
1227,3,0.68264914,1.842e-05
1228,3,0.66696870,1.845e-05
1229,3,0.65801382,1.845e-05
1230,3,0.66860127,1.848e-05
1231,3,0.60788566,1.848e-05
1232,3,0.61575520,1.851e-05
1233,3,0.61164278,1.851e-05
1234,3,0.61470437,1.854e-05
1235,3,0.64339417,1.854e-05
1236,3,0.61925852,1.857e-05
1237,3,0.64959300,1.857e-05
1238,3,0.62339920,1.86e-05
1239,3,0.59500647,1.86e-05
1240,3,0.61079723,1.863e-05
1241,3,0.61617815,1.863e-05
1242,3,0.59975213,1.866e-05
1243,3,0.60719538,1.866e-05
1244,3,0.67971325,1.869e-05
1245,3,0.57609338,1.869e-05
1246,3,0.61051071,1.872e-05
1247,3,0.64845043,1.872e-05
1248,3,0.65788805,1.875e-05
1249,3,0.53058296,1.875e-05
1250,3,0.62794733,1.878e-05
1251,3,0.64270163,1.878e-05
1252,3,0.65310419,1.881e-05
1253,3,0.65258598,1.881e-05
1254,3,0.59808230,1.884e-05
1255,3,0.67540276,1.884e-05
1256,3,0.64748085,1.887e-05
1257,3,0.61591005,1.887e-05
1258,3,0.56809580,1.89e-05
1259,3,0.64051402,1.89e-05
1260,3,0.62859476,1.893e-05
1261,3,0.63304937,1.893e-05
1262,3,0.58520246,1.896e-05
1263,3,0.60906154,1.896e-05
1264,3,0.63196874,1.899e-05
1265,3,0.57926464,1.899e-05
1266,3,0.65554428,1.902e-05
1267,3,0.61726177,1.902e-05
1268,3,0.63330424,1.905e-05
1269,3,0.66226947,1.905e-05
1270,3,0.72342622,1.908e-05
1271,3,0.70088875,1.908e-05
1272,3,0.58246684,1.911e-05
1273,3,0.61640114,1.911e-05
1274,3,0.69232172,1.914e-05
1275,3,0.66724080,1.914e-05
1276,3,0.60092705,1.917e-05
1277,3,0.70311403,1.917e-05
1278,3,0.58815134,1.92e-05
1279,3,0.62978709,1.92e-05
1280,3,0.71894860,1.923e-05
1281,3,0.61285961,1.923e-05
1282,3,0.60123914,1.926e-05
1283,3,0.60371745,1.926e-05
1284,3,0.62073827,1.929e-05
1285,3,0.60468340,1.929e-05
1286,3,0.64790916,1.932e-05
1287,3,0.59253252,1.932e-05
1288,3,0.53819114,1.935e-05
1289,3,0.55666292,1.935e-05
1290,3,0.61559373,1.938e-05
1291,3,0.61556017,1.938e-05
1292,3,0.61182678,1.941e-05
1293,3,0.61368716,1.941e-05
1294,3,0.59908432,1.944e-05
1295,3,0.55562848,1.944e-05
1296,3,0.64987922,1.947e-05
1297,3,0.65781003,1.947e-05
1298,3,0.62468863,1.95e-05
1299,3,0.68177652,1.95e-05
1300,3,0.57424796,1.953e-05
1301,3,0.60273159,1.953e-05
1302,3,0.61999339,1.956e-05
1303,3,0.65696436,1.956e-05
1304,3,0.55245918,1.959e-05
1305,3,0.63554746,1.959e-05
1306,3,0.61801744,1.962e-05
1307,3,0.56490010,1.962e-05
1308,3,0.61860764,1.965e-05
1309,3,0.61914778,1.965e-05
1310,3,0.62276632,1.968e-05
1311,3,0.58067966,1.968e-05
1312,3,0.62234914,1.971e-05
1313,3,0.63247240,1.971e-05
1314,3,0.60623497,1.974e-05
1315,3,0.65343362,1.974e-05
1316,3,0.57409132,1.977e-05
1317,3,0.61855578,1.977e-05
1318,3,0.51892900,1.98e-05
1319,3,0.60651511,1.98e-05
1320,3,0.53797156,1.983e-05
1321,3,0.58002591,1.983e-05
1322,3,0.64330518,1.986e-05
1323,3,0.61183161,1.986e-05
1324,3,0.64560378,1.989e-05
1325,3,0.61434841,1.989e-05
1326,3,0.62500876,1.992e-05
1327,3,0.60858655,1.992e-05
1328,3,0.55229819,1.995e-05
1329,3,0.66376197,1.995e-05
1330,3,0.68466520,1.998e-05
1331,3,0.66195273,1.998e-05
1332,3,0.59347403,2.001e-05
1333,3,0.56563008,2.001e-05
1334,3,0.62270099,2.004e-05
1335,3,0.59191930,2.004e-05
1336,3,0.58766687,2.007e-05
1337,3,0.68668741,2.007e-05
1338,3,0.63186359,2.01e-05
1339,3,0.56515336,2.01e-05
1340,3,0.65340734,2.013e-05
1341,3,0.66233671,2.013e-05
1342,3,0.59016329,2.016e-05
1343,3,0.53654921,2.016e-05
1344,3,0.61044502,2.019e-05
1345,3,0.61079907,2.019e-05
1346,3,0.58826107,2.022e-05
1347,3,0.63859290,2.022e-05
1348,3,0.65088594,2.025e-05
1349,3,0.60030043,2.025e-05
1350,3,0.61615551,2.028e-05
1351,3,0.66769117,2.028e-05
1352,3,0.59094161,2.031e-05
1353,3,0.53508008,2.031e-05
1354,3,0.59172487,2.034e-05
1355,3,0.53155637,2.034e-05
1356,3,0.54817677,2.037e-05
1357,3,0.53008735,2.037e-05
1358,3,0.60644293,2.04e-05
1359,3,0.62661207,2.04e-05
1360,3,0.68744081,2.043e-05
1361,3,0.63939905,2.043e-05
1362,3,0.57782906,2.046e-05
1363,3,0.53732783,2.046e-05
1364,3,0.56821591,2.049e-05
1365,3,0.66847789,2.049e-05
1366,3,0.59531206,2.052e-05
1367,3,0.65315521,2.052e-05
1368,3,0.55806255,2.055e-05
1369,3,0.64302647,2.055e-05
1370,3,0.66925359,2.058e-05
1371,3,0.55380547,2.058e-05
1372,3,0.55796289,2.061e-05
1373,3,0.67230439,2.061e-05
1374,3,0.58749890,2.064e-05
1375,3,0.59478009,2.064e-05
1376,3,0.58890939,2.067e-05
1377,3,0.59736222,2.067e-05
1378,3,0.70756888,2.07e-05
1379,3,0.55199409,2.07e-05
1380,3,0.59862298,2.073e-05
1381,3,0.58077759,2.073e-05
1382,3,0.68982172,2.076e-05
1383,3,0.56631351,2.076e-05
1384,3,0.64174789,2.079e-05
1385,3,0.69881362,2.079e-05
1386,3,0.68748534,2.082e-05
1387,3,0.53995949,2.082e-05
1388,3,0.58874571,2.085e-05
1389,3,0.60855222,2.085e-05
1390,3,0.54916000,2.088e-05
1391,3,0.64019585,2.088e-05
1392,3,0.53114903,2.091e-05
1393,3,0.62191743,2.091e-05
1394,3,0.58460534,2.094e-05
1395,3,0.55413383,2.094e-05
1396,3,0.60964119,2.097e-05
1397,3,0.62800330,2.097e-05
1398,3,0.64791489,2.1e-05
1399,3,0.67563981,2.1e-05
1400,3,0.63500357,2.103e-05
1401,3,0.62054986,2.103e-05
1402,3,0.55291986,2.106e-05
1403,3,0.61290872,2.106e-05
1404,3,0.62013912,2.109e-05
1405,3,0.60423630,2.109e-05
1406,3,0.61597866,2.112e-05
1407,3,0.59809613,2.112e-05
1408,3,0.55115771,2.115e-05
1409,3,0.63555443,2.115e-05
1410,3,0.57284772,2.118e-05
1411,3,0.64483434,2.118e-05
1412,3,0.64674991,2.121e-05
1413,3,0.59039491,2.121e-05
1414,3,0.62350005,2.124e-05
1415,3,0.65110260,2.124e-05
1416,3,0.69235802,2.127e-05
1417,3,0.63021195,2.127e-05
1418,3,0.59252137,2.13e-05
1419,3,0.61879998,2.13e-05
1420,3,0.58169001,2.133e-05
1421,3,0.57130158,2.133e-05
1422,3,0.61501116,2.136e-05
1423,3,0.64872807,2.136e-05
1424,3,0.55473709,2.139e-05
1425,3,0.66751039,2.139e-05
1426,3,0.53529871,2.142e-05
1427,3,0.59406507,2.142e-05
1428,3,0.52815104,2.145e-05
1429,3,0.64179587,2.145e-05
1430,3,0.58708978,2.148e-05
1431,3,0.57330656,2.148e-05
1432,3,0.65738565,2.151e-05
1433,3,0.55397820,2.151e-05
1434,3,0.60700572,2.154e-05
1435,3,0.69933605,2.154e-05
1436,3,0.60807931,2.157e-05
1437,3,0.58678252,2.157e-05
1438,3,0.59317267,2.16e-05
1439,3,0.66529322,2.16e-05
1440,3,0.56286848,2.163e-05
1441,3,0.57426226,2.163e-05
1442,3,0.66732740,2.166e-05
1443,3,0.56817579,2.166e-05
1444,3,0.55685043,2.169e-05
1445,3,0.60593152,2.169e-05
1446,3,0.63828200,2.172e-05
1447,3,0.62041169,2.172e-05
1448,3,0.53213489,2.175e-05
1449,3,0.58590126,2.175e-05
1450,3,0.63493699,2.178e-05
1451,3,0.54408169,2.178e-05
1452,3,0.53092539,2.181e-05
1453,3,0.59411108,2.181e-05
1454,3,0.58305401,2.184e-05
1455,3,0.60830283,2.184e-05
1456,3,0.54393536,2.187e-05
1457,3,0.54330039,2.187e-05
1458,3,0.56740332,2.19e-05
1459,3,0.65114290,2.19e-05
1460,3,0.59116167,2.193e-05
1461,3,0.57551521,2.193e-05
1462,3,0.61705446,2.196e-05
1463,3,0.61314547,2.196e-05
1464,3,0.66834164,2.199e-05
1465,3,0.61353439,2.199e-05
1466,3,0.58999407,2.202e-05
1467,3,0.55750263,2.202e-05
1468,3,0.56284565,2.205e-05
1469,3,0.53402174,2.205e-05
1470,3,0.67212176,2.208e-05
1471,3,0.54933691,2.208e-05
1472,3,0.53712440,2.211e-05
1473,3,0.57835686,2.211e-05
1474,3,0.65846884,2.214e-05
1475,3,0.53795236,2.214e-05
1476,3,0.60394782,2.217e-05
1477,3,0.55197799,2.217e-05
1478,3,0.63782728,2.22e-05
1479,3,0.59009993,2.22e-05
1480,3,0.68867385,2.223e-05
1481,3,0.55927360,2.223e-05
1482,3,0.59887910,2.226e-05
1483,3,0.66104859,2.226e-05
1484,3,0.50260872,2.229e-05
1485,3,0.56637651,2.229e-05
1486,3,0.58171058,2.232e-05
1487,3,0.62853920,2.232e-05
1488,3,0.59182584,2.235e-05
1489,3,0.57459539,2.235e-05
1490,3,0.63613534,2.238e-05
1491,3,0.59825581,2.238e-05
1492,3,0.54734540,2.241e-05
1493,3,0.63235605,2.241e-05
1494,3,0.64058471,2.244e-05
1495,3,0.64374745,2.244e-05
1496,3,0.60279077,2.247e-05
1497,3,0.64775050,2.247e-05
1498,3,0.57255578,2.25e-05
1499,3,0.63864756,2.25e-05
1500,3,0.52206469,2.253e-05
1501,3,0.69055915,2.253e-05
1502,3,0.60075712,2.256e-05
1503,3,0.59832001,2.256e-05
1504,3,0.67895794,2.259e-05
1505,3,0.53076619,2.259e-05
1506,3,0.56403965,2.262e-05
1507,3,0.59443831,2.262e-05
1508,3,0.52884090,2.265e-05
1509,3,0.58902371,2.265e-05
1510,3,0.52887684,2.268e-05
1511,3,0.55493855,2.268e-05
1512,3,0.54058266,2.271e-05
1513,3,0.68115282,2.271e-05
1514,3,0.66047257,2.274e-05
1515,3,0.56888068,2.274e-05
1516,3,0.60917962,2.277e-05
1517,3,0.59525555,2.277e-05
1518,3,0.62077534,2.28e-05
1519,3,0.49291939,2.28e-05
1520,3,0.63041496,2.283e-05
1521,3,0.62679464,2.283e-05
1522,3,0.56890649,2.286e-05
1523,3,0.49569511,2.286e-05
1524,3,0.56769884,2.289e-05
1525,3,0.57970834,2.289e-05
1526,3,0.54268897,2.292e-05
1527,3,0.53047585,2.292e-05
1528,3,0.59112835,2.295e-05
1529,3,0.61888540,2.295e-05
1530,3,0.54917085,2.298e-05
1531,3,0.59686220,2.298e-05
1532,3,0.61800438,2.301e-05
1533,3,0.57244241,2.301e-05
1534,3,0.55403411,2.304e-05
1535,3,0.56204450,2.304e-05
1536,3,0.61009640,2.307e-05
1537,3,0.61469066,2.307e-05
1538,3,0.58584231,2.31e-05
1539,3,0.58005250,2.31e-05
1540,3,0.55359805,2.313e-05
1541,3,0.61000079,2.313e-05
1542,3,0.61408800,2.316e-05
1543,3,0.54543018,2.316e-05
1544,3,0.62498230,2.319e-05
1545,3,0.57187986,2.319e-05
1546,3,0.52705562,2.322e-05
1547,3,0.63192540,2.322e-05
1548,3,0.60790038,2.325e-05
1549,3,0.58516932,2.325e-05
1550,3,0.58103871,2.328e-05
1551,3,0.61756140,2.328e-05
1552,3,0.53686976,2.331e-05
1553,3,0.62681359,2.331e-05
1554,3,0.58097064,2.334e-05
1555,3,0.60142118,2.334e-05
1556,3,0.56814450,2.337e-05
1557,3,0.58813429,2.337e-05
1558,3,0.56138450,2.34e-05
1559,3,0.59510177,2.34e-05
1560,3,0.62706727,2.343e-05
1561,4,0.59776187,2.343e-05
1562,4,0.53338730,2.346e-05
1563,4,0.59940219,2.346e-05
1564,4,0.60388607,2.349e-05
1565,4,0.57875752,2.349e-05
1566,4,0.59232754,2.352e-05
1567,4,0.61543101,2.352e-05
1568,4,0.55184454,2.355e-05
1569,4,0.61373013,2.355e-05
1570,4,0.60895973,2.358e-05
1571,4,0.52493000,2.358e-05
1572,4,0.50772130,2.361e-05
1573,4,0.56402743,2.361e-05
1574,4,0.55027717,2.364e-05
1575,4,0.56725925,2.364e-05
1576,4,0.59804165,2.367e-05
1577,4,0.52766681,2.367e-05
1578,4,0.50415266,2.37e-05
1579,4,0.56316972,2.37e-05
1580,4,0.59917414,2.373e-05
1581,4,0.58097953,2.373e-05
1582,4,0.60996926,2.376e-05
1583,4,0.57083857,2.376e-05
1584,4,0.57318759,2.379e-05
1585,4,0.55845422,2.379e-05
1586,4,0.65835857,2.382e-05
1587,4,0.49303454,2.382e-05
1588,4,0.55981106,2.385e-05
1589,4,0.58337843,2.385e-05
1590,4,0.57433391,2.388e-05
1591,4,0.63585782,2.388e-05
1592,4,0.57635874,2.391e-05
1593,4,0.58146775,2.391e-05
1594,4,0.52532011,2.394e-05
1595,4,0.62823308,2.394e-05
1596,4,0.55469459,2.397e-05
1597,4,0.59653914,2.397e-05
1598,4,0.61130846,2.4e-05
1599,4,0.50808167,2.4e-05
1600,4,0.60796791,2.403e-05
1601,4,0.67104763,2.403e-05
1602,4,0.62079823,2.406e-05
1603,4,0.55454105,2.406e-05
1604,4,0.58458507,2.409e-05
1605,4,0.70329732,2.409e-05
1606,4,0.51510954,2.412e-05
1607,4,0.54125696,2.412e-05
1608,4,0.63720089,2.415e-05
1609,4,0.57703543,2.415e-05
1610,4,0.57797313,2.418e-05
1611,4,0.60060179,2.418e-05
1612,4,0.55771792,2.421e-05
1613,4,0.66404098,2.421e-05
1614,4,0.61116076,2.424e-05
1615,4,0.58567667,2.424e-05
1616,4,0.60658377,2.427e-05
1617,4,0.59027439,2.427e-05
1618,4,0.56253481,2.43e-05
1619,4,0.58853787,2.43e-05
1620,4,0.61173946,2.433e-05
1621,4,0.50669777,2.433e-05
1622,4,0.49272907,2.436e-05
1623,4,0.62267423,2.436e-05
1624,4,0.57907742,2.439e-05
1625,4,0.57586169,2.439e-05
1626,4,0.53696287,2.442e-05
1627,4,0.54001617,2.442e-05
1628,4,0.54528368,2.445e-05
1629,4,0.61707962,2.445e-05
1630,4,0.61113685,2.448e-05
1631,4,0.51622784,2.448e-05
1632,4,0.59199572,2.451e-05
1633,4,0.53280461,2.451e-05
1634,4,0.59778476,2.454e-05
1635,4,0.60264051,2.454e-05
1636,4,0.50391650,2.457e-05
1637,4,0.51175886,2.457e-05
1638,4,0.56739807,2.46e-05
1639,4,0.56871998,2.46e-05
1640,4,0.60055518,2.463e-05
1641,4,0.53248972,2.463e-05
1642,4,0.53126925,2.466e-05
1643,4,0.59507406,2.466e-05
1644,4,0.52995431,2.469e-05
1645,4,0.55005246,2.469e-05
1646,4,0.64796937,2.472e-05
1647,4,0.58721775,2.472e-05
1648,4,0.51740718,2.475e-05
1649,4,0.60165203,2.475e-05
1650,4,0.56372690,2.478e-05
1651,4,0.63224506,2.478e-05
1652,4,0.57414514,2.481e-05
1653,4,0.54233474,2.481e-05
1654,4,0.55365896,2.484e-05
1655,4,0.54917383,2.484e-05
1656,4,0.52089250,2.487e-05
1657,4,0.61192387,2.487e-05
1658,4,0.59998369,2.49e-05
1659,4,0.62449241,2.49e-05
1660,4,0.52954602,2.493e-05
1661,4,0.47080946,2.493e-05
1662,4,0.52877247,2.496e-05
1663,4,0.54331481,2.496e-05
1664,4,0.57396805,2.499e-05
1665,4,0.55060333,2.499e-05
1666,4,0.53389162,2.502e-05
1667,4,0.62437570,2.502e-05
1668,4,0.49767411,2.505e-05
1669,4,0.56128293,2.505e-05
1670,4,0.54181767,2.508e-05
1671,4,0.56445599,2.508e-05
1672,4,0.56720090,2.511e-05
1673,4,0.52342165,2.511e-05
1674,4,0.68025577,2.514e-05
1675,4,0.66229165,2.514e-05
1676,4,0.50551093,2.517e-05
1677,4,0.54447997,2.517e-05
1678,4,0.60473168,2.52e-05
1679,4,0.57929766,2.52e-05
1680,4,0.56519288,2.523e-05
1681,4,0.61233163,2.523e-05
1682,4,0.55867952,2.526e-05
1683,4,0.57229191,2.526e-05
1684,4,0.61724490,2.529e-05
1685,4,0.51726747,2.529e-05
1686,4,0.59544730,2.532e-05
1687,4,0.55571473,2.532e-05
1688,4,0.53073084,2.535e-05
1689,4,0.56267214,2.535e-05
1690,4,0.59378731,2.538e-05
1691,4,0.55880058,2.538e-05
1692,4,0.53315651,2.541e-05
1693,4,0.59062266,2.541e-05
1694,4,0.61222982,2.544e-05
1695,4,0.53386092,2.544e-05
1696,4,0.64269423,2.547e-05
1697,4,0.55281103,2.547e-05
1698,4,0.62118995,2.55e-05
1699,4,0.54933357,2.55e-05
1700,4,0.58299291,2.553e-05
1701,4,0.59622312,2.553e-05
1702,4,0.48507488,2.556e-05
1703,4,0.54062164,2.556e-05
1704,4,0.56839752,2.559e-05
1705,4,0.58290493,2.559e-05
1706,4,0.59919310,2.562e-05
1707,4,0.52331519,2.562e-05
1708,4,0.57962656,2.565e-05
1709,4,0.64109743,2.565e-05
1710,4,0.65631342,2.568e-05
1711,4,0.54818755,2.568e-05
1712,4,0.61214685,2.571e-05
1713,4,0.52552795,2.571e-05
1714,4,0.47902918,2.574e-05
1715,4,0.54670423,2.574e-05
1716,4,0.61114919,2.577e-05
1717,4,0.60661817,2.577e-05
1718,4,0.59829473,2.58e-05
1719,4,0.55619961,2.58e-05
1720,4,0.54953253,2.583e-05
1721,4,0.52830464,2.583e-05
1722,4,0.58562434,2.586e-05
1723,4,0.53794575,2.586e-05
1724,4,0.59208196,2.589e-05
1725,4,0.60258746,2.589e-05
1726,4,0.50034702,2.592e-05
1727,4,0.60047591,2.592e-05
1728,4,0.61091018,2.595e-05
1729,4,0.54518908,2.595e-05
1730,4,0.58181083,2.598e-05
1731,4,0.54914176,2.598e-05
1732,4,0.60739028,2.601e-05
1733,4,0.55128431,2.601e-05
1734,4,0.57438147,2.604e-05
1735,4,0.61023372,2.604e-05
1736,4,0.55601782,2.607e-05
1737,4,0.54071152,2.607e-05
1738,4,0.54897094,2.61e-05
1739,4,0.55371439,2.61e-05
1740,4,0.57871473,2.613e-05
1741,4,0.52064085,2.613e-05
1742,4,0.56338763,2.616e-05
1743,4,0.57848996,2.616e-05
1744,4,0.54833376,2.619e-05
1745,4,0.63755918,2.619e-05
1746,4,0.49843329,2.622e-05
1747,4,0.65629756,2.622e-05
1748,4,0.57167971,2.625e-05
1749,4,0.64997488,2.625e-05
1750,4,0.55074346,2.628e-05
1751,4,0.51400220,2.628e-05
1752,4,0.57191992,2.631e-05
1753,4,0.58630037,2.631e-05
1754,4,0.62269068,2.634e-05
1755,4,0.55385065,2.634e-05
1756,4,0.56922936,2.637e-05
1757,4,0.48703551,2.637e-05
1758,4,0.62977678,2.64e-05
1759,4,0.56742066,2.64e-05
1760,4,0.54469061,2.643e-05
1761,4,0.55358815,2.643e-05
1762,4,0.59361172,2.646e-05
1763,4,0.56871837,2.646e-05
1764,4,0.62668175,2.649e-05
1765,4,0.63332248,2.649e-05
1766,4,0.51211524,2.652e-05
1767,4,0.60744739,2.652e-05
1768,4,0.55604440,2.655e-05
1769,4,0.61260712,2.655e-05
1770,4,0.50830197,2.658e-05
1771,4,0.67183059,2.658e-05
1772,4,0.61562741,2.661e-05
1773,4,0.52918786,2.661e-05
1774,4,0.64672387,2.664e-05
1775,4,0.53352559,2.664e-05
1776,4,0.57356161,2.667e-05
1777,4,0.60647595,2.667e-05
1778,4,0.60436487,2.67e-05
1779,4,0.54958022,2.67e-05
1780,4,0.57213056,2.673e-05
1781,4,0.64098334,2.673e-05
1782,4,0.57094854,2.676e-05
1783,4,0.58468193,2.676e-05
1784,4,0.55108976,2.679e-05
1785,4,0.60741353,2.679e-05
1786,4,0.55243897,2.682e-05
1787,4,0.60073245,2.682e-05
1788,4,0.53770375,2.685e-05
1789,4,0.60442048,2.685e-05
1790,4,0.54994154,2.688e-05
1791,4,0.51081789,2.688e-05
1792,4,0.58112305,2.691e-05
1793,4,0.56200147,2.691e-05
1794,4,0.63242292,2.694e-05
1795,4,0.55937982,2.694e-05
1796,4,0.51951975,2.697e-05
1797,4,0.57633448,2.697e-05
1798,4,0.55087060,2.7e-05
1799,4,0.58792466,2.7e-05
1800,4,0.55843222,2.703e-05
1801,4,0.49513698,2.703e-05
1802,4,0.61865896,2.706e-05
1803,4,0.59592390,2.706e-05
1804,4,0.51613754,2.709e-05
1805,4,0.51083517,2.709e-05
1806,4,0.55533755,2.712e-05
1807,4,0.47552070,2.712e-05
1808,4,0.57078731,2.715e-05
1809,4,0.59799278,2.715e-05
1810,4,0.59130812,2.718e-05
1811,4,0.59963512,2.718e-05
1812,4,0.54686111,2.721e-05
1813,4,0.60103738,2.721e-05
1814,4,0.53749526,2.724e-05
1815,4,0.59009975,2.724e-05
1816,4,0.53887796,2.727e-05
1817,4,0.68447435,2.727e-05
1818,4,0.55555600,2.73e-05
1819,4,0.53484386,2.73e-05
1820,4,0.51273054,2.733e-05
1821,4,0.57623374,2.733e-05
1822,4,0.55517691,2.736e-05
1823,4,0.54033524,2.736e-05
1824,4,0.52836478,2.739e-05
1825,4,0.58294070,2.739e-05
1826,4,0.52611566,2.742e-05
1827,4,0.57916260,2.742e-05
1828,4,0.57378519,2.745e-05
1829,4,0.51720726,2.745e-05
1830,4,0.54287881,2.748e-05
1831,4,0.58327568,2.748e-05
1832,4,0.56638384,2.751e-05
1833,4,0.57189155,2.751e-05
1834,4,0.53283215,2.754e-05
1835,4,0.55798554,2.754e-05
1836,4,0.51015705,2.757e-05
1837,4,0.54249209,2.757e-05
1838,4,0.49015349,2.76e-05
1839,4,0.59487003,2.76e-05
1840,4,0.53420752,2.763e-05
1841,4,0.54637396,2.763e-05
1842,4,0.63117373,2.766e-05
1843,4,0.60053539,2.766e-05
1844,4,0.50835168,2.769e-05
1845,4,0.52352637,2.769e-05
1846,4,0.58244723,2.772e-05
1847,4,0.55305958,2.772e-05
1848,4,0.55536550,2.775e-05
1849,4,0.51418757,2.775e-05
1850,4,0.56744665,2.778e-05
1851,4,0.66092134,2.778e-05
1852,4,0.57227725,2.781e-05
1853,4,0.48100376,2.781e-05
1854,4,0.55778956,2.784e-05
1855,4,0.49276847,2.784e-05
1856,4,0.52775472,2.787e-05
1857,4,0.55880976,2.787e-05
1858,4,0.54711586,2.79e-05
1859,4,0.56228608,2.79e-05
1860,4,0.59497458,2.793e-05
1861,4,0.56285870,2.793e-05
1862,4,0.63034654,2.796e-05
1863,4,0.58831233,2.796e-05
1864,4,0.61110294,2.799e-05
1865,4,0.57336140,2.799e-05
1866,4,0.58153141,2.802e-05
1867,4,0.62464726,2.802e-05
1868,4,0.56484097,2.805e-05
1869,4,0.55516070,2.805e-05
1870,4,0.48551211,2.808e-05
1871,4,0.52363229,2.808e-05
1872,4,0.56876826,2.811e-05
1873,4,0.54358810,2.811e-05
1874,4,0.62369382,2.814e-05
1875,4,0.49320364,2.814e-05
1876,4,0.51364183,2.817e-05
1877,4,0.58081663,2.817e-05
1878,4,0.59716284,2.82e-05
1879,4,0.59010142,2.82e-05
1880,4,0.51655698,2.823e-05
1881,4,0.61815143,2.823e-05
1882,4,0.49290296,2.826e-05
1883,4,0.57455605,2.826e-05
1884,4,0.52442586,2.829e-05
1885,4,0.56176865,2.829e-05
1886,4,0.53602850,2.832e-05
1887,4,0.62350738,2.832e-05
1888,4,0.51208353,2.835e-05
1889,4,0.53882384,2.835e-05
1890,4,0.53966397,2.838e-05
1891,4,0.51841956,2.838e-05
1892,4,0.55696118,2.841e-05
1893,4,0.47180980,2.841e-05
1894,4,0.67652726,2.844e-05
1895,4,0.49081135,2.844e-05
1896,4,0.51437485,2.847e-05
1897,4,0.50293642,2.847e-05
1898,4,0.48961776,2.85e-05
1899,4,0.52535534,2.85e-05
1900,4,0.53975737,2.853e-05
1901,4,0.62561697,2.853e-05
1902,4,0.54948682,2.856e-05
1903,4,0.56802827,2.856e-05
1904,4,0.53468299,2.859e-05
1905,4,0.58716094,2.859e-05
1906,4,0.57493317,2.862e-05
1907,4,0.55067217,2.862e-05
1908,4,0.56981266,2.865e-05
1909,4,0.50109112,2.865e-05
1910,4,0.54275060,2.868e-05
1911,4,0.54649997,2.868e-05
1912,4,0.53956425,2.871e-05
1913,4,0.50074142,2.871e-05
1914,4,0.57950914,2.874e-05
1915,4,0.49809974,2.874e-05
1916,4,0.46048960,2.877e-05
1917,4,0.61961269,2.877e-05
1918,4,0.52035463,2.88e-05
1919,4,0.59320462,2.88e-05
1920,4,0.50108075,2.883e-05
1921,4,0.53968942,2.883e-05
1922,4,0.62268388,2.886e-05
1923,4,0.58225203,2.886e-05
1924,4,0.58981490,2.889e-05
1925,4,0.56110054,2.889e-05
1926,4,0.55155939,2.892e-05
1927,4,0.62476969,2.892e-05
1928,4,0.47226787,2.895e-05
1929,4,0.53961557,2.895e-05
1930,4,0.49407119,2.898e-05
1931,4,0.51024413,2.898e-05
1932,4,0.49047631,2.901e-05
1933,4,0.60927719,2.901e-05
1934,4,0.51840639,2.904e-05
1935,4,0.53035522,2.904e-05
1936,4,0.52495384,2.907e-05
1937,4,0.59909451,2.907e-05
1938,4,0.59688365,2.91e-05
1939,4,0.57750952,2.91e-05
1940,4,0.53463453,2.913e-05
1941,4,0.50549769,2.913e-05
1942,4,0.57065868,2.916e-05
1943,4,0.57667154,2.916e-05
1944,4,0.61527991,2.919e-05
1945,4,0.47807193,2.919e-05
1946,4,0.46193907,2.922e-05
1947,4,0.52761471,2.922e-05
1948,4,0.54541504,2.925e-05
1949,4,0.48424074,2.925e-05
1950,4,0.62108123,2.928e-05
1951,4,0.60038102,2.928e-05
1952,4,0.58335698,2.931e-05
1953,4,0.57798064,2.931e-05
1954,4,0.54812801,2.934e-05
1955,4,0.57242924,2.934e-05
1956,4,0.62348199,2.937e-05
1957,4,0.54851699,2.937e-05
1958,4,0.55707407,2.94e-05
1959,4,0.58555812,2.94e-05
1960,4,0.51218522,2.943e-05
1961,4,0.55255789,2.943e-05
1962,4,0.58433175,2.946e-05
1963,4,0.53229958,2.946e-05
1964,4,0.51786631,2.949e-05
1965,4,0.56140125,2.949e-05
1966,4,0.61131132,2.952e-05
1967,4,0.59694886,2.952e-05
1968,4,0.55681270,2.955e-05
1969,4,0.49408695,2.955e-05
1970,4,0.53478849,2.958e-05
1971,4,0.53795671,2.958e-05
1972,4,0.54795831,2.961e-05
1973,4,0.66069949,2.961e-05
1974,4,0.51565671,2.964e-05
1975,4,0.58980632,2.964e-05
1976,4,0.58852589,2.967e-05
1977,4,0.58480233,2.967e-05
1978,4,0.50530809,2.97e-05
1979,4,0.64417422,2.97e-05
1980,4,0.50060833,2.973e-05
1981,4,0.52912301,2.973e-05
1982,4,0.59374654,2.976e-05
1983,4,0.53925455,2.976e-05
1984,4,0.54022694,2.979e-05
1985,4,0.55314404,2.979e-05
1986,4,0.62039530,2.982e-05
1987,4,0.53030574,2.982e-05
1988,4,0.61621147,2.985e-05
1989,4,0.64105684,2.985e-05
1990,4,0.44403481,2.988e-05
1991,4,0.51084542,2.988e-05
1992,4,0.57001340,2.991e-05
1993,4,0.51608324,2.991e-05
1994,4,0.53037512,2.994e-05
1995,4,0.50777674,2.994e-05
1996,4,0.50771725,2.997e-05
1997,4,0.48915339,2.997e-05
1998,4,0.54695410,3e-05
1999,4,0.55504596,3e-05
2000,4,0.51352119,3.003e-05
2001,4,0.53138822,3.003e-05
2002,4,0.57027012,3.006e-05
2003,4,0.55852145,3.006e-05
2004,4,0.56754470,3.009e-05
2005,4,0.56568873,3.009e-05
2006,4,0.56252897,3.012e-05
2007,4,0.54368567,3.012e-05
2008,4,0.52715397,3.015e-05
2009,4,0.52805799,3.015e-05
2010,4,0.63098526,3.018e-05
2011,4,0.51429576,3.018e-05
2012,4,0.56739175,3.021e-05
2013,4,0.49804720,3.021e-05
2014,4,0.55759400,3.024e-05
2015,4,0.48596665,3.024e-05
2016,4,0.51806909,3.027e-05
2017,4,0.55031055,3.027e-05
2018,4,0.60767102,3.03e-05
2019,4,0.62095094,3.03e-05
2020,4,0.55688411,3.033e-05
2021,4,0.56361759,3.033e-05
2022,4,0.55616248,3.036e-05
2023,4,0.53766704,3.036e-05
2024,4,0.55395287,3.039e-05
2025,4,0.59429157,3.039e-05
2026,4,0.54367858,3.042e-05
2027,4,0.52747953,3.042e-05
2028,4,0.49703097,3.045e-05
2029,4,0.60715574,3.045e-05
2030,4,0.55128586,3.048e-05
2031,4,0.60056031,3.048e-05
2032,4,0.50648183,3.051e-05
2033,4,0.64264703,3.051e-05
2034,4,0.56991994,3.054e-05
2035,4,0.56539154,3.054e-05
2036,4,0.63443440,3.057e-05
2037,4,0.52562749,3.057e-05
2038,4,0.49678978,3.06e-05
2039,4,0.52496570,3.06e-05
2040,4,0.54768455,3.063e-05
2041,4,0.55675054,3.063e-05
2042,4,0.46120453,3.066e-05
2043,4,0.52195853,3.066e-05
2044,4,0.55427349,3.069e-05
2045,4,0.55673277,3.069e-05
2046,4,0.55789751,3.072e-05
2047,4,0.63683283,3.072e-05
2048,4,0.57690012,3.075e-05
2049,4,0.55505323,3.075e-05
2050,4,0.61329329,3.078e-05
2051,4,0.48787963,3.078e-05
2052,4,0.53709960,3.081e-05
2053,4,0.51575458,3.081e-05
2054,4,0.53635681,3.084e-05
2055,4,0.60381383,3.084e-05
2056,4,0.55071008,3.087e-05
2057,4,0.59267879,3.087e-05
2058,4,0.59076595,3.09e-05
2059,4,0.57534206,3.09e-05
2060,4,0.52310896,3.093e-05
2061,4,0.55599684,3.093e-05
2062,4,0.48696160,3.096e-05
2063,4,0.56727147,3.096e-05
2064,4,0.60071880,3.099e-05
2065,4,0.56754845,3.099e-05
2066,4,0.54587042,3.102e-05
2067,4,0.50887418,3.102e-05
2068,4,0.52568388,3.105e-05
2069,4,0.46273753,3.105e-05
2070,4,0.57009518,3.108e-05
2071,4,0.56157321,3.108e-05
2072,4,0.49987739,3.111e-05
2073,4,0.52097905,3.111e-05
2074,4,0.58459473,3.114e-05
2075,4,0.60045171,3.114e-05
2076,4,0.48676655,3.117e-05
2077,4,0.56216908,3.117e-05
2078,4,0.51899242,3.12e-05
2079,4,0.53905839,3.12e-05
2080,4,0.56030190,3.123e-05
2081,5,0.59609485,3.123e-05
2082,5,0.54082870,3.126e-05
2083,5,0.54928076,3.126e-05
2084,5,0.51096219,3.129e-05
2085,5,0.48742110,3.129e-05
2086,5,0.61780691,3.132e-05
2087,5,0.56695122,3.132e-05
2088,5,0.54348564,3.135e-05
2089,5,0.55981028,3.135e-05
2090,5,0.49829531,3.138e-05
2091,5,0.50663400,3.138e-05
2092,5,0.53678620,3.141e-05
2093,5,0.52788383,3.141e-05
2094,5,0.51390487,3.144e-05
2095,5,0.54475236,3.144e-05
2096,5,0.48763752,3.147e-05
2097,5,0.50439358,3.147e-05
2098,5,0.60788810,3.15e-05
2099,5,0.51983976,3.15e-05
2100,5,0.57091314,3.153e-05
2101,5,0.56460166,3.153e-05
2102,5,0.53838539,3.156e-05
2103,5,0.51238942,3.156e-05
2104,5,0.56930614,3.159e-05
2105,5,0.45311069,3.159e-05
2106,5,0.56352305,3.162e-05
2107,5,0.60791796,3.162e-05
2108,5,0.57483834,3.165e-05
2109,5,0.51350135,3.165e-05
2110,5,0.53056729,3.168e-05
2111,5,0.56757778,3.168e-05
2112,5,0.52645981,3.171e-05
2113,5,0.48616752,3.171e-05
2114,5,0.50781882,3.174e-05
2115,5,0.48946485,3.174e-05
2116,5,0.59511483,3.177e-05
2117,5,0.51691115,3.177e-05
2118,5,0.56669819,3.18e-05
2119,5,0.58838940,3.18e-05
2120,5,0.49009237,3.183e-05
2121,5,0.52958578,3.183e-05
2122,5,0.55316490,3.186e-05
2123,5,0.58700627,3.186e-05
2124,5,0.56710970,3.189e-05
2125,5,0.49704868,3.189e-05
2126,5,0.54371059,3.192e-05
2127,5,0.57876217,3.192e-05
2128,5,0.55695337,3.195e-05
2129,5,0.64728320,3.195e-05
2130,5,0.53256518,3.198e-05
2131,5,0.57894611,3.198e-05
2132,5,0.48755085,3.201e-05
2133,5,0.57815588,3.201e-05
2134,5,0.56718612,3.204e-05
2135,5,0.53377193,3.204e-05
2136,5,0.49476451,3.207e-05
2137,5,0.51772106,3.207e-05
2138,5,0.54920399,3.21e-05
2139,5,0.55899298,3.21e-05
2140,5,0.53495443,3.213e-05
2141,5,0.54963994,3.213e-05
2142,5,0.54546845,3.216e-05
2143,5,0.47702056,3.216e-05
2144,5,0.51203197,3.219e-05
2145,5,0.47317061,3.219e-05
2146,5,0.57911325,3.222e-05
2147,5,0.57111502,3.222e-05
2148,5,0.52743500,3.225e-05
2149,5,0.54421878,3.225e-05
2150,5,0.54595506,3.228e-05
2151,5,0.54729378,3.228e-05
2152,5,0.53545809,3.231e-05
2153,5,0.55708826,3.231e-05
2154,5,0.56485516,3.234e-05
2155,5,0.49524111,3.234e-05
2156,5,0.55335379,3.237e-05
2157,5,0.54157913,3.237e-05
2158,5,0.49339423,3.24e-05
2159,5,0.47907767,3.24e-05
2160,5,0.55885184,3.243e-05
2161,5,0.57677948,3.243e-05
2162,5,0.48036966,3.246e-05
2163,5,0.57400048,3.246e-05
2164,5,0.61184967,3.249e-05
2165,5,0.56225872,3.249e-05
2166,5,0.50717038,3.252e-05
2167,5,0.50505090,3.252e-05
2168,5,0.50720024,3.255e-05
2169,5,0.55321217,3.255e-05
2170,5,0.49798641,3.258e-05
2171,5,0.61163074,3.258e-05
2172,5,0.50187093,3.261e-05
2173,5,0.57988572,3.261e-05
2174,5,0.49597484,3.264e-05
2175,5,0.54781830,3.264e-05
2176,5,0.55216300,3.267e-05
2177,5,0.48240456,3.267e-05
2178,5,0.49923429,3.27e-05
2179,5,0.56073618,3.27e-05
2180,5,0.50767368,3.273e-05
2181,5,0.53697574,3.273e-05
2182,5,0.48446259,3.276e-05
2183,5,0.48931623,3.276e-05
2184,5,0.47631305,3.279e-05
2185,5,0.53485072,3.279e-05
2186,5,0.61325181,3.282e-05
2187,5,0.51281112,3.282e-05
2188,5,0.61977845,3.285e-05
2189,5,0.49696288,3.285e-05
2190,5,0.62327647,3.288e-05
2191,5,0.54212308,3.288e-05
2192,5,0.59965438,3.291e-05
2193,5,0.51759446,3.291e-05
2194,5,0.54036725,3.294e-05
2195,5,0.56969559,3.294e-05
2196,5,0.51733190,3.297e-05
2197,5,0.50853801,3.297e-05
2198,5,0.55622762,3.3e-05
2199,5,0.56142122,3.3e-05
2200,5,0.55133057,3.303e-05
2201,5,0.49097109,3.303e-05
2202,5,0.53239942,3.306e-05
2203,5,0.60308874,3.306e-05
2204,5,0.47260317,3.309e-05
2205,5,0.51416409,3.309e-05
2206,5,0.50232404,3.312e-05
2207,5,0.48227036,3.312e-05
2208,5,0.53711522,3.315e-05
2209,5,0.50424206,3.315e-05
2210,5,0.52914929,3.318e-05
2211,5,0.48375338,3.318e-05
2212,5,0.55592644,3.321e-05
2213,5,0.55622303,3.321e-05
2214,5,0.53832042,3.324e-05
2215,5,0.52311558,3.324e-05
2216,5,0.54660809,3.327e-05
2217,5,0.51016361,3.327e-05
2218,5,0.58241522,3.33e-05
2219,5,0.55938542,3.33e-05
2220,5,0.47087324,3.333e-05
2221,5,0.49275821,3.333e-05
2222,5,0.54655665,3.336e-05
2223,5,0.49025759,3.336e-05
2224,5,0.61585808,3.339e-05
2225,5,0.51072079,3.339e-05
2226,5,0.54558063,3.342e-05
2227,5,0.64376920,3.342e-05
2228,5,0.48776779,3.345e-05
2229,5,0.57625937,3.345e-05
2230,5,0.48932967,3.348e-05
2231,5,0.49375433,3.348e-05
2232,5,0.47691262,3.351e-05
2233,5,0.43071765,3.351e-05
2234,5,0.49611282,3.354e-05
2235,5,0.53183401,3.354e-05
2236,5,0.50529009,3.357e-05
2237,5,0.53348637,3.357e-05
2238,5,0.47007024,3.36e-05
2239,5,0.60241938,3.36e-05
2240,5,0.58326650,3.363e-05
2241,5,0.50984025,3.363e-05
2242,5,0.49547181,3.366e-05
2243,5,0.53648001,3.366e-05
2244,5,0.46122834,3.369e-05
2245,5,0.52404332,3.369e-05
2246,5,0.54824477,3.372e-05
2247,5,0.54798472,3.372e-05
2248,5,0.58512890,3.375e-05
2249,5,0.54130423,3.375e-05
2250,5,0.52874905,3.378e-05
2251,5,0.53329581,3.378e-05
2252,5,0.49038595,3.381e-05
2253,5,0.51889020,3.381e-05
2254,5,0.57847703,3.384e-05
2255,5,0.49960870,3.384e-05
2256,5,0.58680886,3.387e-05
2257,5,0.49889848,3.387e-05
2258,5,0.54891843,3.39e-05
2259,5,0.56128359,3.39e-05
2260,5,0.54230428,3.393e-05
2261,5,0.54558128,3.393e-05
2262,5,0.53390133,3.396e-05
2263,5,0.48782524,3.396e-05
2264,5,0.50017941,3.399e-05
2265,5,0.54291952,3.399e-05
2266,5,0.55301845,3.402e-05
2267,5,0.54805142,3.402e-05
2268,5,0.51691151,3.405e-05
2269,5,0.43380126,3.405e-05
2270,5,0.49847651,3.408e-05
2271,5,0.49135226,3.408e-05
2272,5,0.57192731,3.411e-05
2273,5,0.43414530,3.411e-05
2274,5,0.58116454,3.414e-05
2275,5,0.52438456,3.414e-05
2276,5,0.52817512,3.417e-05
2277,5,0.51235592,3.417e-05
2278,5,0.54768652,3.42e-05
2279,5,0.46330810,3.42e-05
2280,5,0.46626878,3.423e-05
2281,5,0.53524303,3.423e-05
2282,5,0.64593291,3.426e-05
2283,5,0.51049244,3.426e-05
2284,5,0.58492666,3.429e-05
2285,5,0.51798415,3.429e-05
2286,5,0.50809443,3.432e-05
2287,5,0.56611824,3.432e-05
2288,5,0.49726900,3.435e-05
2289,5,0.49624252,3.435e-05
2290,5,0.52915668,3.438e-05
2291,5,0.49658960,3.438e-05
2292,5,0.58752388,3.441e-05
2293,5,0.47719550,3.441e-05
2294,5,0.44189417,3.444e-05
2295,5,0.52430505,3.444e-05
2296,5,0.57562804,3.447e-05
2297,5,0.51788390,3.447e-05
2298,5,0.48416144,3.45e-05
2299,5,0.49409604,3.45e-05
2300,5,0.57883668,3.453e-05
2301,5,0.50393635,3.453e-05
2302,5,0.54718888,3.456e-05
2303,5,0.53459758,3.456e-05
2304,5,0.53130263,3.459e-05
2305,5,0.51288122,3.459e-05
2306,5,0.59591883,3.462e-05
2307,5,0.51379985,3.462e-05
2308,5,0.54665303,3.465e-05
2309,5,0.50012892,3.465e-05
2310,5,0.56743264,3.468e-05
2311,5,0.52590436,3.468e-05
2312,5,0.56353301,3.471e-05
2313,5,0.50397915,3.471e-05
2314,5,0.52706110,3.474e-05
2315,5,0.64655608,3.474e-05
2316,5,0.48937434,3.477e-05
2317,5,0.61773741,3.477e-05
2318,5,0.56619114,3.48e-05
2319,5,0.56086957,3.48e-05
2320,5,0.54211593,3.483e-05
2321,5,0.50231707,3.483e-05
2322,5,0.46365079,3.486e-05
2323,5,0.51493090,3.486e-05
2324,5,0.52986449,3.489e-05
2325,5,0.54066312,3.489e-05
2326,5,0.61460602,3.492e-05
2327,5,0.49065205,3.492e-05
2328,5,0.53291917,3.495e-05
2329,5,0.57901371,3.495e-05
2330,5,0.48922452,3.498e-05
2331,5,0.55304515,3.498e-05
2332,5,0.50618654,3.501e-05
2333,5,0.56315053,3.501e-05
2334,5,0.55767918,3.504e-05
2335,5,0.54545921,3.504e-05
2336,5,0.53819901,3.507e-05
2337,5,0.54297060,3.507e-05
2338,5,0.50379604,3.51e-05
2339,5,0.53633356,3.51e-05
2340,5,0.49710751,3.513e-05
2341,5,0.54378682,3.513e-05
2342,5,0.56732178,3.516e-05
2343,5,0.56519997,3.516e-05
2344,5,0.51081502,3.519e-05
2345,5,0.53887337,3.519e-05
2346,5,0.46729633,3.522e-05
2347,5,0.49795091,3.522e-05
2348,5,0.56092805,3.525e-05
2349,5,0.54914689,3.525e-05
2350,5,0.57000273,3.528e-05
2351,5,0.50428545,3.528e-05
2352,5,0.49527711,3.531e-05
2353,5,0.47383031,3.531e-05
2354,5,0.54319477,3.534e-05
2355,5,0.59641916,3.534e-05
2356,5,0.51764560,3.537e-05
2357,5,0.48081797,3.537e-05
2358,5,0.51538652,3.54e-05
2359,5,0.55867100,3.54e-05
2360,5,0.46654579,3.543e-05
2361,5,0.59674078,3.543e-05
2362,5,0.56829977,3.546e-05
2363,5,0.64360189,3.546e-05
2364,5,0.50367349,3.549e-05
2365,5,0.53286123,3.549e-05
2366,5,0.52297848,3.552e-05
2367,5,0.50690043,3.552e-05
2368,5,0.55824775,3.555e-05
2369,5,0.47148442,3.555e-05
2370,5,0.55387920,3.558e-05
2371,5,0.57584542,3.558e-05
2372,5,0.55976611,3.561e-05
2373,5,0.52812541,3.561e-05
2374,5,0.50460666,3.564e-05
2375,5,0.51423115,3.564e-05
2376,5,0.54837674,3.567e-05
2377,5,0.52730888,3.567e-05
2378,5,0.51608276,3.57e-05
2379,5,0.51519543,3.57e-05
2380,5,0.48472923,3.573e-05
2381,5,0.52803010,3.573e-05
2382,5,0.51252472,3.576e-05
2383,5,0.53418010,3.576e-05
2384,5,0.51233834,3.579e-05
2385,5,0.52866763,3.579e-05
2386,5,0.51487529,3.582e-05
2387,5,0.48188922,3.582e-05
2388,5,0.52621603,3.585e-05
2389,5,0.50240660,3.585e-05
2390,5,0.58083767,3.588e-05
2391,5,0.51419371,3.588e-05
2392,5,0.53507578,3.591e-05
2393,5,0.48929930,3.591e-05
2394,5,0.54184312,3.594e-05
2395,5,0.58810925,3.594e-05
2396,5,0.56690705,3.597e-05
2397,5,0.48090670,3.597e-05
2398,5,0.56658363,3.6e-05
2399,5,0.53815973,3.6e-05
2400,5,0.51235765,3.603e-05
2401,5,0.54736125,3.603e-05
2402,5,0.44392037,3.606e-05
2403,5,0.50567812,3.606e-05
2404,5,0.49491513,3.609e-05
2405,5,0.47867554,3.609e-05
2406,5,0.55560815,3.612e-05
2407,5,0.60135454,3.612e-05
2408,5,0.57491291,3.615e-05
2409,5,0.60567874,3.615e-05
2410,5,0.55229414,3.618e-05
2411,5,0.50307775,3.618e-05
2412,5,0.46881849,3.621e-05
2413,5,0.56094235,3.621e-05
2414,5,0.62230414,3.624e-05
2415,5,0.53592706,3.624e-05
2416,5,0.53471440,3.627e-05
2417,5,0.47895694,3.627e-05
2418,5,0.53877020,3.63e-05
2419,5,0.48229712,3.63e-05
2420,5,0.53663063,3.633e-05
2421,5,0.57030886,3.633e-05
2422,5,0.62013739,3.636e-05
2423,5,0.50414366,3.636e-05
2424,5,0.48356733,3.639e-05
2425,5,0.54980159,3.639e-05
2426,5,0.48221180,3.642e-05
2427,5,0.56412363,3.642e-05
2428,5,0.50764793,3.645e-05
2429,5,0.53501856,3.645e-05
2430,5,0.58823401,3.648e-05
2431,5,0.49517474,3.648e-05
2432,5,0.49179944,3.651e-05
2433,5,0.59597558,3.651e-05
2434,5,0.55440378,3.654e-05
2435,5,0.49159473,3.654e-05
2436,5,0.52766681,3.657e-05
2437,5,0.43757057,3.657e-05
2438,5,0.48194915,3.66e-05
2439,5,0.49567112,3.66e-05
2440,5,0.53870273,3.663e-05
2441,5,0.47779652,3.663e-05
2442,5,0.44400820,3.666e-05
2443,5,0.55695784,3.666e-05
2444,5,0.52416307,3.669e-05
2445,5,0.50106394,3.669e-05
2446,5,0.55781341,3.672e-05
2447,5,0.48970684,3.672e-05
2448,5,0.54540634,3.675e-05
2449,5,0.55760211,3.675e-05
2450,5,0.50073314,3.678e-05
2451,5,0.53403628,3.678e-05
2452,5,0.48552632,3.681e-05
2453,5,0.48181209,3.681e-05
2454,5,0.56765008,3.684e-05
2455,5,0.52784008,3.684e-05
2456,5,0.49890828,3.687e-05
2457,5,0.49470410,3.687e-05
2458,5,0.50002396,3.69e-05
2459,5,0.51848155,3.69e-05
2460,5,0.52642953,3.693e-05
2461,5,0.48025215,3.693e-05
2462,5,0.49459976,3.696e-05
2463,5,0.48873663,3.696e-05
2464,5,0.59449881,3.699e-05
2465,5,0.44547173,3.699e-05
2466,5,0.49988210,3.702e-05
2467,5,0.49963522,3.702e-05
2468,5,0.54370999,3.705e-05
2469,5,0.51137853,3.705e-05
2470,5,0.48453897,3.708e-05
2471,5,0.51982856,3.708e-05
2472,5,0.47027659,3.711e-05
2473,5,0.51322830,3.711e-05
2474,5,0.50401825,3.714e-05
2475,5,0.58459121,3.714e-05
2476,5,0.51757658,3.717e-05
2477,5,0.54370153,3.717e-05
2478,5,0.53185195,3.72e-05
2479,5,0.55478233,3.72e-05
2480,5,0.53849220,3.723e-05
2481,5,0.51232171,3.723e-05
2482,5,0.49666214,3.726e-05
2483,5,0.51700127,3.726e-05
2484,5,0.44574699,3.729e-05
2485,5,0.54298246,3.729e-05
2486,5,0.46097040,3.732e-05
2487,5,0.54217339,3.732e-05
2488,5,0.60543716,3.735e-05
2489,5,0.50446069,3.735e-05
2490,5,0.40732706,3.738e-05
2491,5,0.46833020,3.738e-05
2492,5,0.51101774,3.741e-05
2493,5,0.50788581,3.741e-05
2494,5,0.53301668,3.744e-05
2495,5,0.47438192,3.744e-05
2496,5,0.50481474,3.747e-05
2497,5,0.44385540,3.747e-05
2498,5,0.49181837,3.75e-05
2499,5,0.51868796,3.75e-05
2500,5,0.61323088,3.753e-05
2501,5,0.46057898,3.753e-05
2502,5,0.51571679,3.756e-05
2503,5,0.49140269,3.756e-05
2504,5,0.50178891,3.759e-05
2505,5,0.48667654,3.759e-05
2506,5,0.47037348,3.762e-05
2507,5,0.56067991,3.762e-05
2508,5,0.49915013,3.765e-05
2509,5,0.54967451,3.765e-05
2510,5,0.51177394,3.768e-05
2511,5,0.57371366,3.768e-05
2512,5,0.51529521,3.771e-05
2513,5,0.52061778,3.771e-05
2514,5,0.54239368,3.774e-05
2515,5,0.53267813,3.774e-05
2516,5,0.48171985,3.777e-05
2517,5,0.48674268,3.777e-05
2518,5,0.50117928,3.78e-05
2519,5,0.49683309,3.78e-05
2520,5,0.44564337,3.783e-05
2521,5,0.51561189,3.783e-05
2522,5,0.54849386,3.786e-05
2523,5,0.52277935,3.786e-05
2524,5,0.52772033,3.789e-05
2525,5,0.49418554,3.789e-05
2526,5,0.50992131,3.792e-05
2527,5,0.49772164,3.792e-05
2528,5,0.54676485,3.795e-05
2529,5,0.59280682,3.795e-05
2530,5,0.52123106,3.798e-05
2531,5,0.51705241,3.798e-05
2532,5,0.42316371,3.801e-05
2533,5,0.51909316,3.801e-05
2534,5,0.52953994,3.804e-05
2535,5,0.53277820,3.804e-05
2536,5,0.51307446,3.807e-05
2537,5,0.48501059,3.807e-05
2538,5,0.46495566,3.81e-05
2539,5,0.60740721,3.81e-05
2540,5,0.50719559,3.813e-05
2541,5,0.50879693,3.813e-05
2542,5,0.50243723,3.816e-05
2543,5,0.58476770,3.816e-05
2544,5,0.51294869,3.819e-05
2545,5,0.53204894,3.819e-05
2546,5,0.59687853,3.822e-05
2547,5,0.56499338,3.822e-05
2548,5,0.43618637,3.825e-05
2549,5,0.51292342,3.825e-05
2550,5,0.50403380,3.828e-05
2551,5,0.43354821,3.828e-05
2552,5,0.53600222,3.831e-05
2553,5,0.49959597,3.831e-05
2554,5,0.52997255,3.834e-05
2555,5,0.50433922,3.834e-05
2556,5,0.57400882,3.837e-05
2557,5,0.46932119,3.837e-05
2558,5,0.50987792,3.84e-05
2559,5,0.51016867,3.84e-05
2560,5,0.50856876,3.843e-05
2561,5,0.59434217,3.843e-05
2562,5,0.48772156,3.846e-05
2563,5,0.56688201,3.846e-05
2564,5,0.45091748,3.849e-05
2565,5,0.57761228,3.849e-05
2566,5,0.59648556,3.852e-05
2567,5,0.49014497,3.852e-05
2568,5,0.50684035,3.855e-05
2569,5,0.50898880,3.855e-05
2570,5,0.44561684,3.858e-05
2571,5,0.52198708,3.858e-05
2572,5,0.44511265,3.861e-05
2573,5,0.57216781,3.861e-05
2574,5,0.50350648,3.864e-05
2575,5,0.48100591,3.864e-05
2576,5,0.46308416,3.867e-05
2577,5,0.52431864,3.867e-05
2578,5,0.56856716,3.87e-05
2579,5,0.44421002,3.87e-05
2580,5,0.50225258,3.873e-05
2581,5,0.50819290,3.873e-05
2582,5,0.45206031,3.876e-05
2583,5,0.48559985,3.876e-05
2584,5,0.50771934,3.879e-05
2585,5,0.52528149,3.879e-05
2586,5,0.51761758,3.882e-05
2587,5,0.50186443,3.882e-05
2588,5,0.48874569,3.885e-05
2589,5,0.51628757,3.885e-05
2590,5,0.45531249,3.888e-05
2591,5,0.50645971,3.888e-05
2592,5,0.54357958,3.891e-05
2593,5,0.52239251,3.891e-05
2594,5,0.45951658,3.894e-05
2595,5,0.63002229,3.894e-05
2596,5,0.48292226,3.897e-05
2597,5,0.46041149,3.897e-05
2598,5,0.51904267,3.9e-05
2599,5,0.58467549,3.9e-05
2600,5,0.48506293,3.903e-05
2601,6,0.47853422,3.903e-05
2602,6,0.46480995,3.906e-05
2603,6,0.54365337,3.906e-05
2604,6,0.50551283,3.909e-05
2605,6,0.53469396,3.909e-05
2606,6,0.52351069,3.912e-05
2607,6,0.48397586,3.912e-05
2608,6,0.46033329,3.915e-05
2609,6,0.50646281,3.915e-05
2610,6,0.49408215,3.918e-05
2611,6,0.50525844,3.918e-05
2612,6,0.54431945,3.921e-05
2613,6,0.51350677,3.921e-05
2614,6,0.49791631,3.924e-05
2615,6,0.54438353,3.924e-05
2616,6,0.45150441,3.927e-05
2617,6,0.49096268,3.927e-05
2618,6,0.57872605,3.93e-05
2619,6,0.54177064,3.93e-05
2620,6,0.50049067,3.933e-05
2621,6,0.50522900,3.933e-05
2622,6,0.43034458,3.936e-05
2623,6,0.54389417,3.936e-05
2624,6,0.48879069,3.939e-05
2625,6,0.54850829,3.939e-05
2626,6,0.44143385,3.942e-05
2627,6,0.55953282,3.942e-05
2628,6,0.46251684,3.945e-05
2629,6,0.52300090,3.945e-05
2630,6,0.54899788,3.948e-05
2631,6,0.52454311,3.948e-05
2632,6,0.53385204,3.951e-05
2633,6,0.57909846,3.951e-05
2634,6,0.45204729,3.954e-05
2635,6,0.52194828,3.954e-05
2636,6,0.50269473,3.957e-05
2637,6,0.54806721,3.957e-05
2638,6,0.50726473,3.96e-05
2639,6,0.50830966,3.96e-05
2640,6,0.49615642,3.963e-05
2641,6,0.49903053,3.963e-05
2642,6,0.50351512,3.966e-05
2643,6,0.53715688,3.966e-05
2644,6,0.49930674,3.969e-05
2645,6,0.55052799,3.969e-05
2646,6,0.57688636,3.972e-05
2647,6,0.47176749,3.972e-05
2648,6,0.50874722,3.975e-05
2649,6,0.52185136,3.975e-05
2650,6,0.51882225,3.978e-05
2651,6,0.58150208,3.978e-05
2652,6,0.50895995,3.981e-05
2653,6,0.46659634,3.981e-05
2654,6,0.49548638,3.984e-05
2655,6,0.48802543,3.984e-05
2656,6,0.48997819,3.987e-05
2657,6,0.53057611,3.987e-05
2658,6,0.52844167,3.99e-05
2659,6,0.55851996,3.99e-05
2660,6,0.52070248,3.993e-05
2661,6,0.45231292,3.993e-05
2662,6,0.44985673,3.996e-05
2663,6,0.47073877,3.996e-05
2664,6,0.51976556,3.999e-05
2665,6,0.56184763,3.999e-05
2666,6,0.49205077,4.002e-05
2667,6,0.53132105,4.002e-05
2668,6,0.57537311,4.005e-05
2669,6,0.46430773,4.005e-05
2670,6,0.52287501,4.008e-05
2671,6,0.47595605,4.008e-05
2672,6,0.44550759,4.011e-05
2673,6,0.49239111,4.011e-05
2674,6,0.49438936,4.014e-05
2675,6,0.47665536,4.014e-05
2676,6,0.47516116,4.017e-05
2677,6,0.48062700,4.017e-05
2678,6,0.51120019,4.02e-05
2679,6,0.50246847,4.02e-05
2680,6,0.49711275,4.023e-05
2681,6,0.52246773,4.023e-05
2682,6,0.54270989,4.026e-05
2683,6,0.48252767,4.026e-05
2684,6,0.55323052,4.029e-05
2685,6,0.55979049,4.029e-05
2686,6,0.48524448,4.032e-05
2687,6,0.48157793,4.032e-05
2688,6,0.48742795,4.035e-05
2689,6,0.53895360,4.035e-05
2690,6,0.54702145,4.038e-05
2691,6,0.53812456,4.038e-05
2692,6,0.48171291,4.041e-05
2693,6,0.50892133,4.041e-05
2694,6,0.46272251,4.044e-05
2695,6,0.46815035,4.044e-05
2696,6,0.55115688,4.047e-05
2697,6,0.50419766,4.047e-05
2698,6,0.57105112,4.05e-05
2699,6,0.46396106,4.05e-05
2700,6,0.52689403,4.053e-05
2701,6,0.52972603,4.053e-05
2702,6,0.45709056,4.056e-05
2703,6,0.46038771,4.056e-05
2704,6,0.53775167,4.059e-05
2705,6,0.50211895,4.059e-05
2706,6,0.49625620,4.062e-05
2707,6,0.53027070,4.062e-05
2708,6,0.50843829,4.065e-05
2709,6,0.50873518,4.065e-05
2710,6,0.52313542,4.068e-05
2711,6,0.42365813,4.068e-05
2712,6,0.51354808,4.071e-05
2713,6,0.49170563,4.071e-05
2714,6,0.50167024,4.074e-05
2715,6,0.50427341,4.074e-05
2716,6,0.48196015,4.077e-05
2717,6,0.48617357,4.077e-05
2718,6,0.58626437,4.08e-05
2719,6,0.54740041,4.08e-05
2720,6,0.47536540,4.083e-05
2721,6,0.54016769,4.083e-05
2722,6,0.47596607,4.086e-05
2723,6,0.45721400,4.086e-05
2724,6,0.51105964,4.089e-05
2725,6,0.49377954,4.089e-05
2726,6,0.48512274,4.092e-05
2727,6,0.46837112,4.092e-05
2728,6,0.47977600,4.095e-05
2729,6,0.51483452,4.095e-05
2730,6,0.48707026,4.098e-05
2731,6,0.53123426,4.098e-05
2732,6,0.48403367,4.101e-05
2733,6,0.47449571,4.101e-05
2734,6,0.54150474,4.104e-05
2735,6,0.55263543,4.104e-05
2736,6,0.51013124,4.107e-05
2737,6,0.47224855,4.107e-05
2738,6,0.50005805,4.11e-05
2739,6,0.50731462,4.11e-05
2740,6,0.46793970,4.113e-05
2741,6,0.52136284,4.113e-05
2742,6,0.46149224,4.116e-05
2743,6,0.49314165,4.116e-05
2744,6,0.55665195,4.119e-05
2745,6,0.47094011,4.119e-05
2746,6,0.49952245,4.122e-05
2747,6,0.49377617,4.122e-05
2748,6,0.50125343,4.125e-05
2749,6,0.43792677,4.125e-05
2750,6,0.52900952,4.128e-05
2751,6,0.41502357,4.128e-05
2752,6,0.44037423,4.131e-05
2753,6,0.55452579,4.131e-05
2754,6,0.53483361,4.134e-05
2755,6,0.51149452,4.134e-05
2756,6,0.53108001,4.137e-05
2757,6,0.51785481,4.137e-05
2758,6,0.50063056,4.14e-05
2759,6,0.46134371,4.14e-05
2760,6,0.52004498,4.143e-05
2761,6,0.53378844,4.143e-05
2762,6,0.50134140,4.146e-05
2763,6,0.45768046,4.146e-05
2764,6,0.49746561,4.149e-05
2765,6,0.53175533,4.149e-05
2766,6,0.55132878,4.152e-05
2767,6,0.47834238,4.152e-05
2768,6,0.52938735,4.155e-05
2769,6,0.51863903,4.155e-05
2770,6,0.46189138,4.158e-05
2771,6,0.53462338,4.158e-05
2772,6,0.60638726,4.161e-05
2773,6,0.55927491,4.161e-05
2774,6,0.45728979,4.164e-05
2775,6,0.50179201,4.164e-05
2776,6,0.48683771,4.167e-05
2777,6,0.50784320,4.167e-05
2778,6,0.52618307,4.17e-05
2779,6,0.44919002,4.17e-05
2780,6,0.46843851,4.173e-05
2781,6,0.52290356,4.173e-05
2782,6,0.49685511,4.176e-05
2783,6,0.54963839,4.176e-05
2784,6,0.46253484,4.179e-05
2785,6,0.49532756,4.179e-05
2786,6,0.51111627,4.182e-05
2787,6,0.45307988,4.182e-05
2788,6,0.45792693,4.185e-05
2789,6,0.57387006,4.185e-05
2790,6,0.55641520,4.188e-05
2791,6,0.49224854,4.188e-05
2792,6,0.53044361,4.191e-05
2793,6,0.50815988,4.191e-05
2794,6,0.56102014,4.194e-05
2795,6,0.45817631,4.194e-05
2796,6,0.48972577,4.197e-05
2797,6,0.50823116,4.197e-05
2798,6,0.43912297,4.2e-05
2799,6,0.52393103,4.2e-05
2800,6,0.50252879,4.203e-05
2801,6,0.54265893,4.203e-05
2802,6,0.49692044,4.206e-05
2803,6,0.50416970,4.206e-05
2804,6,0.47429937,4.209e-05
2805,6,0.50980306,4.209e-05
2806,6,0.47272009,4.212e-05
2807,6,0.48316830,4.212e-05
2808,6,0.56671965,4.215e-05
2809,6,0.51549846,4.215e-05
2810,6,0.54065275,4.218e-05
2811,6,0.52984792,4.218e-05
2812,6,0.50414979,4.221e-05
2813,6,0.58046240,4.221e-05
2814,6,0.52298969,4.224e-05
2815,6,0.52000052,4.224e-05
2816,6,0.51937973,4.227e-05
2817,6,0.44771236,4.227e-05
2818,6,0.48485070,4.23e-05
2819,6,0.48658988,4.23e-05
2820,6,0.55421078,4.233e-05
2821,6,0.45188367,4.233e-05
2822,6,0.50838560,4.236e-05
2823,6,0.55354160,4.236e-05
2824,6,0.53672707,4.239e-05
2825,6,0.49430370,4.239e-05
2826,6,0.55501145,4.242e-05
2827,6,0.52817798,4.242e-05
2828,6,0.47327626,4.245e-05
2829,6,0.48656321,4.245e-05
2830,6,0.55563611,4.248e-05
2831,6,0.46126947,4.248e-05
2832,6,0.47601557,4.251e-05
2833,6,0.48965558,4.251e-05
2834,6,0.50137711,4.254e-05
2835,6,0.50361657,4.254e-05
2836,6,0.49986434,4.257e-05
2837,6,0.52787018,4.257e-05
2838,6,0.46897289,4.26e-05
2839,6,0.51437747,4.26e-05
2840,6,0.46836838,4.263e-05
2841,6,0.49277276,4.263e-05
2842,6,0.50947320,4.266e-05
2843,6,0.50606513,4.266e-05
2844,6,0.49454996,4.269e-05
2845,6,0.48382831,4.269e-05
2846,6,0.58830094,4.272e-05
2847,6,0.54303789,4.272e-05
2848,6,0.50333160,4.275e-05
2849,6,0.45457518,4.275e-05
2850,6,0.46202254,4.278e-05
2851,6,0.44519460,4.278e-05
2852,6,0.44654274,4.281e-05
2853,6,0.50596416,4.281e-05
2854,6,0.45902833,4.284e-05
2855,6,0.45574784,4.284e-05
2856,6,0.59472060,4.287e-05
2857,6,0.53955066,4.287e-05
2858,6,0.50038064,4.29e-05
2859,6,0.57166135,4.29e-05
2860,6,0.57518691,4.293e-05
2861,6,0.49638778,4.293e-05
2862,6,0.42494056,4.296e-05
2863,6,0.49419630,4.296e-05
2864,6,0.49256262,4.299e-05
2865,6,0.47057891,4.299e-05
2866,6,0.55317950,4.302e-05
2867,6,0.52835310,4.302e-05
2868,6,0.52839488,4.305e-05
2869,6,0.51683080,4.305e-05
2870,6,0.39605236,4.308e-05
2871,6,0.56591266,4.308e-05
2872,6,0.45472798,4.311e-05
2873,6,0.46322185,4.311e-05
2874,6,0.50546515,4.314e-05
2875,6,0.49608096,4.314e-05
2876,6,0.46636280,4.317e-05
2877,6,0.53516811,4.317e-05
2878,6,0.43979964,4.32e-05
2879,6,0.54893649,4.32e-05
2880,6,0.45430279,4.323e-05
2881,6,0.48847708,4.323e-05
2882,6,0.53114158,4.326e-05
2883,6,0.53354192,4.326e-05
2884,6,0.50175023,4.329e-05
2885,6,0.49180031,4.329e-05
2886,6,0.50744337,4.332e-05
2887,6,0.47474861,4.332e-05
2888,6,0.61037314,4.335e-05
2889,6,0.52343267,4.335e-05
2890,6,0.56949759,4.338e-05
2891,6,0.48890182,4.338e-05
2892,6,0.52243018,4.341e-05
2893,6,0.49107015,4.341e-05
2894,6,0.49729538,4.344e-05
2895,6,0.46437609,4.344e-05
2896,6,0.46928942,4.347e-05
2897,6,0.50529039,4.347e-05
2898,6,0.44955659,4.35e-05
2899,6,0.44052285,4.35e-05
2900,6,0.47148520,4.353e-05
2901,6,0.45561147,4.353e-05
2902,6,0.54751587,4.356e-05
2903,6,0.50572038,4.356e-05
2904,6,0.46701014,4.359e-05
2905,6,0.50272584,4.359e-05
2906,6,0.45092663,4.362e-05
2907,6,0.48168659,4.362e-05
2908,6,0.52689993,4.365e-05
2909,6,0.52426237,4.365e-05
2910,6,0.49581528,4.368e-05
2911,6,0.47822028,4.368e-05
2912,6,0.46901363,4.371e-05
2913,6,0.47246814,4.371e-05
2914,6,0.55809641,4.374e-05
2915,6,0.50909442,4.374e-05
2916,6,0.49594554,4.377e-05
2917,6,0.45415515,4.377e-05
2918,6,0.55063975,4.38e-05
2919,6,0.51706922,4.38e-05
2920,6,0.48837709,4.383e-05
2921,6,0.45832869,4.383e-05
2922,6,0.50474149,4.386e-05
2923,6,0.48508835,4.386e-05
2924,6,0.48246253,4.389e-05
2925,6,0.52501309,4.389e-05
2926,6,0.50502259,4.392e-05
2927,6,0.47053906,4.392e-05
2928,6,0.50394046,4.395e-05
2929,6,0.49743208,4.395e-05
2930,6,0.46816981,4.398e-05
2931,6,0.47529459,4.398e-05
2932,6,0.47115082,4.401e-05
2933,6,0.45711613,4.401e-05
2934,6,0.50011623,4.404e-05
2935,6,0.51605362,4.404e-05
2936,6,0.48644957,4.407e-05
2937,6,0.46474624,4.407e-05
2938,6,0.48768044,4.41e-05
2939,6,0.50343484,4.41e-05
2940,6,0.47507566,4.413e-05
2941,6,0.51173234,4.413e-05
2942,6,0.49198598,4.416e-05
2943,6,0.47968727,4.416e-05
2944,6,0.50210077,4.419e-05
2945,6,0.55162591,4.419e-05
2946,6,0.45889685,4.422e-05
2947,6,0.49656904,4.422e-05
2948,6,0.43891260,4.425e-05
2949,6,0.49318522,4.425e-05
2950,6,0.51083148,4.428e-05
2951,6,0.43388030,4.428e-05
2952,6,0.48566687,4.431e-05
2953,6,0.42795929,4.431e-05
2954,6,0.49528033,4.434e-05
2955,6,0.53170431,4.434e-05
2956,6,0.50689840,4.437e-05
2957,6,0.49463305,4.437e-05
2958,6,0.47875518,4.44e-05
2959,6,0.48975357,4.44e-05
2960,6,0.52124971,4.443e-05
2961,6,0.50688255,4.443e-05
2962,6,0.50374591,4.446e-05
2963,6,0.52809942,4.446e-05
2964,6,0.47734219,4.449e-05
2965,6,0.46418819,4.449e-05
2966,6,0.45625004,4.452e-05
2967,6,0.57160300,4.452e-05
2968,6,0.48190320,4.455e-05
2969,6,0.47521612,4.455e-05
2970,6,0.51140398,4.458e-05
2971,6,0.53583187,4.458e-05
2972,6,0.54598105,4.461e-05
2973,6,0.49849927,4.461e-05
2974,6,0.47359800,4.464e-05
2975,6,0.48268303,4.464e-05
2976,6,0.50285715,4.467e-05
2977,6,0.46622181,4.467e-05
2978,6,0.43901145,4.47e-05
2979,6,0.51062244,4.47e-05
2980,6,0.42556298,4.473e-05
2981,6,0.54271024,4.473e-05
2982,6,0.48477060,4.476e-05
2983,6,0.47834277,4.476e-05
2984,6,0.51075184,4.479e-05
2985,6,0.50539565,4.479e-05
2986,6,0.52101487,4.482e-05
2987,6,0.48985252,4.482e-05
2988,6,0.49619168,4.485e-05
2989,6,0.49300823,4.485e-05
2990,6,0.54549873,4.488e-05
2991,6,0.46587396,4.488e-05
2992,6,0.54080057,4.491e-05
2993,6,0.49032745,4.491e-05
2994,6,0.55801952,4.494e-05
2995,6,0.53533167,4.494e-05
2996,6,0.55293268,4.497e-05
2997,6,0.50795788,4.497e-05
2998,6,0.46956789,4.5e-05
2999,6,0.52684397,4.5e-05
3000,6,0.49170548,4.503e-05
3001,6,0.50959057,4.503e-05
3002,6,0.44437861,4.506e-05
3003,6,0.47044751,4.506e-05
3004,6,0.51444209,4.509e-05
3005,6,0.49345857,4.509e-05
3006,6,0.46127042,4.512e-05
3007,6,0.46679235,4.512e-05
3008,6,0.52254289,4.515e-05
3009,6,0.47398609,4.515e-05
3010,6,0.44668716,4.518e-05
3011,6,0.54128146,4.518e-05
3012,6,0.48933476,4.521e-05
3013,6,0.45335230,4.521e-05
3014,6,0.45324200,4.524e-05
3015,6,0.50789881,4.524e-05
3016,6,0.48416075,4.527e-05
3017,6,0.54045057,4.527e-05
3018,6,0.51755011,4.53e-05
3019,6,0.54068589,4.53e-05
3020,6,0.51144850,4.533e-05
3021,6,0.53031170,4.533e-05
3022,6,0.49813390,4.536e-05
3023,6,0.49428558,4.536e-05
3024,6,0.46107674,4.539e-05
3025,6,0.48774299,4.539e-05
3026,6,0.52958280,4.542e-05
3027,6,0.46058047,4.542e-05
3028,6,0.50658870,4.545e-05
3029,6,0.52504772,4.545e-05
3030,6,0.50148034,4.548e-05
3031,6,0.46597123,4.548e-05
3032,6,0.52752060,4.551e-05
3033,6,0.47518489,4.551e-05
3034,6,0.50986671,4.554e-05
3035,6,0.46642756,4.554e-05
3036,6,0.55346322,4.557e-05
3037,6,0.47820625,4.557e-05
3038,6,0.47286820,4.56e-05
3039,6,0.47777987,4.56e-05
3040,6,0.50473040,4.563e-05
3041,6,0.51277804,4.563e-05
3042,6,0.50107181,4.566e-05
3043,6,0.49736398,4.566e-05
3044,6,0.48372149,4.569e-05
3045,6,0.55711883,4.569e-05
3046,6,0.45088679,4.572e-05
3047,6,0.44942138,4.572e-05
3048,6,0.51198757,4.575e-05
3049,6,0.47739643,4.575e-05
3050,6,0.47691214,4.578e-05
3051,6,0.46204138,4.578e-05
3052,6,0.47832388,4.581e-05
3053,6,0.48623189,4.581e-05
3054,6,0.49450201,4.584e-05
3055,6,0.51400441,4.584e-05
3056,6,0.48193178,4.587e-05
3057,6,0.47620958,4.587e-05
3058,6,0.54668951,4.59e-05
3059,6,0.56784242,4.59e-05
3060,6,0.57587957,4.593e-05
3061,6,0.48646888,4.593e-05
3062,6,0.46564794,4.596e-05
3063,6,0.46402788,4.596e-05
3064,6,0.50186175,4.599e-05
3065,6,0.47951755,4.599e-05
3066,6,0.52261055,4.602e-05
3067,6,0.54538316,4.602e-05
3068,6,0.52094698,4.605e-05
3069,6,0.49016353,4.605e-05
3070,6,0.43699759,4.608e-05
3071,6,0.44864485,4.608e-05
3072,6,0.47272658,4.611e-05
3073,6,0.56172562,4.611e-05
3074,6,0.46093702,4.614e-05
3075,6,0.52507186,4.614e-05
3076,6,0.48604712,4.617e-05
3077,6,0.47611350,4.617e-05
3078,6,0.45622486,4.62e-05
3079,6,0.54534769,4.62e-05
3080,6,0.43102854,4.623e-05
3081,6,0.55833876,4.623e-05
3082,6,0.46471030,4.626e-05
3083,6,0.56316280,4.626e-05
3084,6,0.45865649,4.629e-05
3085,6,0.44703814,4.629e-05
3086,6,0.45713776,4.632e-05
3087,6,0.48508602,4.632e-05
3088,6,0.48938847,4.635e-05
3089,6,0.50518668,4.635e-05
3090,6,0.44131303,4.638e-05
3091,6,0.49524778,4.638e-05
3092,6,0.47341442,4.641e-05
3093,6,0.53588456,4.641e-05
3094,6,0.49582028,4.644e-05
3095,6,0.54380912,4.644e-05
3096,6,0.47811469,4.647e-05
3097,6,0.43291768,4.647e-05
3098,6,0.47976014,4.65e-05
3099,6,0.44987518,4.65e-05
3100,6,0.44512278,4.653e-05
3101,6,0.50965005,4.653e-05
3102,6,0.45526659,4.656e-05
3103,6,0.46118397,4.656e-05
3104,6,0.52613735,4.659e-05
3105,6,0.54963982,4.659e-05
3106,6,0.42055854,4.662e-05
3107,6,0.47356373,4.662e-05
3108,6,0.52223730,4.665e-05
3109,6,0.45688829,4.665e-05
3110,6,0.47334453,4.668e-05
3111,6,0.45038694,4.668e-05
3112,6,0.56210709,4.671e-05
3113,6,0.47776985,4.671e-05
3114,6,0.47844148,4.674e-05
3115,6,0.43545008,4.674e-05
3116,6,0.44318157,4.677e-05
3117,6,0.49746406,4.677e-05
3118,6,0.46903634,4.68e-05
3119,6,0.45014736,4.68e-05
3120,6,0.56118488,4.683e-05
3121,7,0.42314190,4.683e-05
3122,7,0.46304330,4.686e-05
3123,7,0.47428843,4.686e-05
3124,7,0.52903736,4.689e-05
3125,7,0.55852699,4.689e-05
3126,7,0.50440365,4.692e-05
3127,7,0.57678419,4.692e-05
3128,7,0.51452982,4.695e-05
3129,7,0.47317082,4.695e-05
3130,7,0.46688566,4.698e-05
3131,7,0.46128947,4.698e-05
3132,7,0.53480065,4.701e-05
3133,7,0.45274788,4.701e-05
3134,7,0.48569310,4.704e-05
3135,7,0.46234846,4.704e-05
3136,7,0.53641218,4.707e-05
3137,7,0.50148129,4.707e-05
3138,7,0.53617454,4.71e-05
3139,7,0.54181445,4.71e-05
3140,7,0.49220872,4.713e-05
3141,7,0.51783818,4.713e-05
3142,7,0.51124918,4.716e-05
3143,7,0.53314036,4.716e-05
3144,7,0.49170059,4.719e-05
3145,7,0.49025464,4.719e-05
3146,7,0.52608150,4.722e-05
3147,7,0.47194088,4.722e-05
3148,7,0.48245367,4.725e-05
3149,7,0.42822513,4.725e-05
3150,7,0.48965710,4.728e-05
3151,7,0.45624536,4.728e-05
3152,7,0.46498799,4.731e-05
3153,7,0.47319311,4.731e-05
3154,7,0.53404671,4.734e-05
3155,7,0.50244498,4.734e-05
3156,7,0.55106568,4.737e-05
3157,7,0.42861933,4.737e-05
3158,7,0.50595319,4.74e-05
3159,7,0.57437921,4.74e-05
3160,7,0.49159271,4.743e-05
3161,7,0.45671451,4.743e-05
3162,7,0.51845312,4.746e-05
3163,7,0.45244837,4.746e-05
3164,7,0.44639498,4.749e-05
3165,7,0.48402977,4.749e-05
3166,7,0.53368115,4.752e-05
3167,7,0.52003539,4.752e-05
3168,7,0.51847351,4.755e-05
3169,7,0.45794970,4.755e-05
3170,7,0.41791281,4.758e-05
3171,7,0.48973274,4.758e-05
3172,7,0.49348351,4.761e-05
3173,7,0.45706075,4.761e-05
3174,7,0.47366303,4.764e-05
3175,7,0.49628791,4.764e-05
3176,7,0.48806256,4.767e-05
3177,7,0.46345878,4.767e-05
3178,7,0.46794182,4.77e-05
3179,7,0.46929130,4.77e-05
3180,7,0.47109407,4.773e-05
3181,7,0.47697216,4.773e-05
3182,7,0.45930302,4.776e-05
3183,7,0.45935142,4.776e-05
3184,7,0.43794012,4.779e-05
3185,7,0.50530505,4.779e-05
3186,7,0.54228747,4.782e-05
3187,7,0.54626906,4.782e-05
3188,7,0.40754491,4.785e-05
3189,7,0.46782070,4.785e-05
3190,7,0.49236268,4.788e-05
3191,7,0.54338872,4.788e-05
3192,7,0.53951955,4.791e-05
3193,7,0.50203913,4.791e-05
3194,7,0.51234162,4.794e-05
3195,7,0.47720802,4.794e-05
3196,7,0.52373755,4.797e-05
3197,7,0.49376768,4.797e-05
3198,7,0.44794953,4.8e-05
3199,7,0.44403014,4.8e-05
3200,7,0.41918862,4.803e-05
3201,7,0.46290454,4.803e-05
3202,7,0.45481235,4.806e-05
3203,7,0.49487352,4.806e-05
3204,7,0.45289344,4.809e-05
3205,7,0.49958009,4.809e-05
3206,7,0.51683736,4.812e-05
3207,7,0.48066878,4.812e-05
3208,7,0.44831854,4.815e-05
3209,7,0.46940121,4.815e-05
3210,7,0.45457351,4.818e-05
3211,7,0.48213202,4.818e-05
3212,7,0.47311577,4.821e-05
3213,7,0.41555607,4.821e-05
3214,7,0.52158308,4.824e-05
3215,7,0.46918583,4.824e-05
3216,7,0.56245655,4.827e-05
3217,7,0.45226759,4.827e-05
3218,7,0.43859863,4.83e-05
3219,7,0.47779793,4.83e-05
3220,7,0.47964734,4.833e-05
3221,7,0.51725334,4.833e-05
3222,7,0.47743648,4.836e-05
3223,7,0.55076748,4.836e-05
3224,7,0.46591705,4.839e-05
3225,7,0.50789452,4.839e-05
3226,7,0.45406193,4.842e-05
3227,7,0.44311655,4.842e-05
3228,7,0.47818798,4.845e-05
3229,7,0.50327992,4.845e-05
3230,7,0.52815759,4.848e-05
3231,7,0.48591876,4.848e-05
3232,7,0.51919723,4.851e-05
3233,7,0.50217342,4.851e-05
3234,7,0.55972433,4.854e-05
3235,7,0.50761771,4.854e-05
3236,7,0.51449251,4.857e-05
3237,7,0.49857008,4.857e-05
3238,7,0.48188084,4.86e-05
3239,7,0.49107385,4.86e-05
3240,7,0.45488000,4.863e-05
3241,7,0.45176548,4.863e-05
3242,7,0.56614947,4.866e-05
3243,7,0.50565410,4.866e-05
3244,7,0.54279858,4.869e-05
3245,7,0.52190071,4.869e-05
3246,7,0.46666169,4.872e-05
3247,7,0.44881099,4.872e-05
3248,7,0.46678990,4.875e-05
3249,7,0.49187765,4.875e-05
3250,7,0.43906543,4.878e-05
3251,7,0.48397836,4.878e-05
3252,7,0.50709391,4.881e-05
3253,7,0.46637321,4.881e-05
3254,7,0.47605944,4.884e-05
3255,7,0.44948921,4.884e-05
3256,7,0.48789570,4.887e-05
3257,7,0.49218068,4.887e-05
3258,7,0.50545073,4.89e-05
3259,7,0.45718998,4.89e-05
3260,7,0.44765243,4.893e-05
3261,7,0.55585778,4.893e-05
3262,7,0.44881594,4.896e-05
3263,7,0.39678913,4.896e-05
3264,7,0.45596474,4.899e-05
3265,7,0.46392879,4.899e-05
3266,7,0.47537470,4.902e-05
3267,7,0.48699638,4.902e-05
3268,7,0.46444941,4.905e-05
3269,7,0.48829684,4.905e-05
3270,7,0.51410902,4.908e-05
3271,7,0.45217761,4.908e-05
3272,7,0.48520070,4.911e-05
3273,7,0.40756601,4.911e-05
3274,7,0.48949051,4.914e-05
3275,7,0.48652494,4.914e-05
3276,7,0.40524480,4.917e-05
3277,7,0.53505707,4.917e-05
3278,7,0.43012485,4.92e-05
3279,7,0.46248287,4.92e-05
3280,7,0.47615823,4.923e-05
3281,7,0.44711900,4.923e-05
3282,7,0.44617754,4.926e-05
3283,7,0.48965582,4.926e-05
3284,7,0.48234212,4.929e-05
3285,7,0.45023844,4.929e-05
3286,7,0.42985606,4.932e-05
3287,7,0.44437551,4.932e-05
3288,7,0.43606353,4.935e-05
3289,7,0.48175478,4.935e-05
3290,7,0.48153102,4.938e-05
3291,7,0.53057969,4.938e-05
3292,7,0.54391742,4.941e-05
3293,7,0.42349610,4.941e-05
3294,7,0.44185394,4.944e-05
3295,7,0.49324417,4.944e-05
3296,7,0.50484782,4.947e-05
3297,7,0.44826096,4.947e-05
3298,7,0.42975211,4.95e-05
3299,7,0.47768936,4.95e-05
3300,7,0.51656729,4.953e-05
3301,7,0.48344415,4.953e-05
3302,7,0.48308736,4.956e-05
3303,7,0.48977289,4.956e-05
3304,7,0.44845802,4.959e-05
3305,7,0.44521675,4.959e-05
3306,7,0.52684367,4.962e-05
3307,7,0.53077215,4.962e-05
3308,7,0.50239837,4.965e-05
3309,7,0.44446224,4.965e-05
3310,7,0.49916863,4.968e-05
3311,7,0.51790863,4.968e-05
3312,7,0.45403904,4.971e-05
3313,7,0.42882046,4.971e-05
3314,7,0.50278687,4.974e-05
3315,7,0.46716678,4.974e-05
3316,7,0.48910564,4.977e-05
3317,7,0.45180601,4.977e-05
3318,7,0.43080837,4.98e-05
3319,7,0.52390981,4.98e-05
3320,7,0.54106903,4.983e-05
3321,7,0.46538576,4.983e-05
3322,7,0.46799231,4.986e-05
3323,7,0.47660828,4.986e-05
3324,7,0.47464287,4.989e-05
3325,7,0.49275860,4.989e-05
3326,7,0.50204730,4.992e-05
3327,7,0.42701429,4.992e-05
3328,7,0.49165496,4.995e-05
3329,7,0.49538860,4.995e-05
3330,7,0.47848874,4.998e-05
3331,7,0.43431318,4.998e-05
3332,7,0.44101495,5.001e-05
3333,7,0.46028572,5.001e-05
3334,7,0.45475841,5.004e-05
3335,7,0.49880958,5.004e-05
3336,7,0.54393101,5.007e-05
3337,7,0.47818643,5.007e-05
3338,7,0.47445405,5.01e-05
3339,7,0.47359532,5.01e-05
3340,7,0.52358085,5.013e-05
3341,7,0.50905228,5.013e-05
3342,7,0.44621378,5.016e-05
3343,7,0.50328195,5.016e-05
3344,7,0.51811314,5.019e-05
3345,7,0.54653853,5.019e-05
3346,7,0.50167859,5.022e-05
3347,7,0.46176156,5.022e-05
3348,7,0.46889445,5.025e-05
3349,7,0.49929309,5.025e-05
3350,7,0.47943240,5.028e-05
3351,7,0.47452736,5.028e-05
3352,7,0.48329431,5.031e-05
3353,7,0.48818195,5.031e-05
3354,7,0.49080706,5.034e-05
3355,7,0.53211516,5.034e-05
3356,7,0.42176223,5.037e-05
3357,7,0.50789177,5.037e-05
3358,7,0.44645327,5.04e-05
3359,7,0.43154106,5.04e-05
3360,7,0.52082956,5.043e-05
3361,7,0.50055683,5.043e-05
3362,7,0.47954452,5.046e-05
3363,7,0.48086032,5.046e-05
3364,7,0.48842940,5.049e-05
3365,7,0.49818724,5.049e-05
3366,7,0.50601780,5.052e-05
3367,7,0.46008950,5.052e-05
3368,7,0.46072742,5.055e-05
3369,7,0.46606013,5.055e-05
3370,7,0.44664916,5.058e-05
3371,7,0.49029720,5.058e-05
3372,7,0.43522924,5.061e-05
3373,7,0.45674461,5.061e-05
3374,7,0.43651527,5.064e-05
3375,7,0.48057479,5.064e-05
3376,7,0.47649407,5.067e-05
3377,7,0.47239614,5.067e-05
3378,7,0.45494494,5.07e-05
3379,7,0.46691284,5.07e-05
3380,7,0.50889248,5.073e-05
3381,7,0.43225068,5.073e-05
3382,7,0.42747545,5.076e-05
3383,7,0.51391542,5.076e-05
3384,7,0.52477312,5.079e-05
3385,7,0.52136040,5.079e-05
3386,7,0.54305696,5.082e-05
3387,7,0.44714320,5.082e-05
3388,7,0.53115147,5.085e-05
3389,7,0.49051127,5.085e-05
3390,7,0.50813472,5.088e-05
3391,7,0.45384997,5.088e-05
3392,7,0.46276146,5.091e-05
3393,7,0.54595107,5.091e-05
3394,7,0.49299324,5.094e-05
3395,7,0.46544671,5.094e-05
3396,7,0.47362703,5.097e-05
3397,7,0.48289937,5.097e-05
3398,7,0.47915351,5.1e-05
3399,7,0.47600216,5.1e-05
3400,7,0.45837244,5.103e-05
3401,7,0.47873735,5.103e-05
3402,7,0.49496782,5.106e-05
3403,7,0.45355865,5.106e-05
3404,7,0.49956900,5.109e-05
3405,7,0.40789175,5.109e-05
3406,7,0.45388398,5.112e-05
3407,7,0.54686481,5.112e-05
3408,7,0.51589221,5.115e-05
3409,7,0.53717363,5.115e-05
3410,7,0.47032517,5.118e-05
3411,7,0.49859342,5.118e-05
3412,7,0.49082685,5.121e-05
3413,7,0.54223889,5.121e-05
3414,7,0.53615725,5.124e-05
3415,7,0.47853827,5.124e-05
3416,7,0.45409727,5.127e-05
3417,7,0.48763129,5.127e-05
3418,7,0.43932360,5.13e-05
3419,7,0.43596610,5.13e-05
3420,7,0.53493536,5.133e-05
3421,7,0.49438259,5.133e-05
3422,7,0.51617956,5.136e-05
3423,7,0.44189391,5.136e-05
3424,7,0.52417767,5.139e-05
3425,7,0.51829493,5.139e-05
3426,7,0.48696706,5.142e-05
3427,7,0.49616760,5.142e-05
3428,7,0.44875753,5.145e-05
3429,7,0.46530303,5.145e-05
3430,7,0.49489969,5.148e-05
3431,7,0.46763867,5.148e-05
3432,7,0.43206167,5.151e-05
3433,7,0.49436140,5.151e-05
3434,7,0.50826132,5.154e-05
3435,7,0.47756013,5.154e-05
3436,7,0.46569809,5.157e-05
3437,7,0.48569423,5.157e-05
3438,7,0.47209543,5.16e-05
3439,7,0.51311111,5.16e-05
3440,7,0.46833453,5.163e-05
3441,7,0.50683105,5.163e-05
3442,7,0.44414890,5.166e-05
3443,7,0.50257850,5.166e-05
3444,7,0.54427391,5.169e-05
3445,7,0.51507962,5.169e-05
3446,7,0.44500005,5.172e-05
3447,7,0.44022712,5.172e-05
3448,7,0.37693733,5.175e-05
3449,7,0.50033176,5.175e-05
3450,7,0.56744856,5.178e-05
3451,7,0.47850415,5.178e-05
3452,7,0.43415713,5.181e-05
3453,7,0.43513370,5.181e-05
3454,7,0.47654444,5.184e-05
3455,7,0.46174464,5.184e-05
3456,7,0.49353644,5.187e-05
3457,7,0.40503764,5.187e-05
3458,7,0.45582399,5.19e-05
3459,7,0.44759530,5.19e-05
3460,7,0.42845771,5.193e-05
3461,7,0.43626028,5.193e-05
3462,7,0.44542229,5.196e-05
3463,7,0.46053022,5.196e-05
3464,7,0.45787024,5.199e-05
3465,7,0.45116448,5.199e-05
3466,7,0.54856718,5.202e-05
3467,7,0.44152522,5.202e-05
3468,7,0.45969531,5.205e-05
3469,7,0.46992916,5.205e-05
3470,7,0.44489419,5.208e-05
3471,7,0.47075877,5.208e-05
3472,7,0.51419032,5.211e-05
3473,7,0.42934567,5.211e-05
3474,7,0.50718695,5.214e-05
3475,7,0.53688502,5.214e-05
3476,7,0.39926836,5.217e-05
3477,7,0.48385334,5.217e-05
3478,7,0.42610845,5.22e-05
3479,7,0.48635995,5.22e-05
3480,7,0.44321308,5.223e-05
3481,7,0.53971660,5.223e-05
3482,7,0.54863727,5.226e-05
3483,7,0.46854973,5.226e-05
3484,7,0.43269596,5.229e-05
3485,7,0.56721568,5.229e-05
3486,7,0.46674699,5.232e-05
3487,7,0.48960456,5.232e-05
3488,7,0.48966298,5.235e-05
3489,7,0.47227204,5.235e-05
3490,7,0.45816350,5.238e-05
3491,7,0.45122540,5.238e-05
3492,7,0.47719988,5.241e-05
3493,7,0.50418997,5.241e-05
3494,7,0.46145257,5.244e-05
3495,7,0.46049938,5.244e-05
3496,7,0.38945144,5.247e-05
3497,7,0.49516308,5.247e-05
3498,7,0.56097937,5.25e-05
3499,7,0.43311247,5.25e-05
3500,7,0.47257847,5.253e-05
3501,7,0.47235298,5.253e-05
3502,7,0.51383030,5.256e-05
3503,7,0.47382331,5.256e-05
3504,7,0.46160468,5.259e-05
3505,7,0.49756807,5.259e-05
3506,7,0.40918249,5.262e-05
3507,7,0.46590909,5.262e-05
3508,7,0.50116438,5.265e-05
3509,7,0.46706712,5.265e-05
3510,7,0.50942326,5.268e-05
3511,7,0.47569069,5.268e-05
3512,7,0.46997318,5.271e-05
3513,7,0.41431922,5.271e-05
3514,7,0.44438729,5.274e-05
3515,7,0.49959263,5.274e-05
3516,7,0.48911548,5.277e-05
3517,7,0.43772960,5.277e-05
3518,7,0.48249936,5.28e-05
3519,7,0.50833696,5.28e-05
3520,7,0.54701990,5.283e-05
3521,7,0.48691580,5.283e-05
3522,7,0.54187393,5.286e-05
3523,7,0.44170007,5.286e-05
3524,7,0.46584964,5.289e-05
3525,7,0.49527749,5.289e-05
3526,7,0.53145117,5.292e-05
3527,7,0.43329534,5.292e-05
3528,7,0.40935344,5.295e-05
3529,7,0.46912122,5.295e-05
3530,7,0.40662608,5.298e-05
3531,7,0.48222464,5.298e-05
3532,7,0.43461370,5.301e-05
3533,7,0.45395362,5.301e-05
3534,7,0.44449490,5.304e-05
3535,7,0.47195506,5.304e-05
3536,7,0.47222990,5.307e-05
3537,7,0.48653024,5.307e-05
3538,7,0.38659936,5.31e-05
3539,7,0.50061500,5.31e-05
3540,7,0.47271818,5.313e-05
3541,7,0.47997150,5.313e-05
3542,7,0.59313458,5.316e-05
3543,7,0.42714271,5.316e-05
3544,7,0.51450723,5.319e-05
3545,7,0.45886359,5.319e-05
3546,7,0.46810836,5.322e-05
3547,7,0.48580956,5.322e-05
3548,7,0.47281727,5.325e-05
3549,7,0.48833880,5.325e-05
3550,7,0.47110543,5.328e-05
3551,7,0.48508000,5.328e-05
3552,7,0.46971601,5.331e-05
3553,7,0.53054506,5.331e-05
3554,7,0.48574430,5.334e-05
3555,7,0.47956127,5.334e-05
3556,7,0.41144633,5.337e-05
3557,7,0.49534839,5.337e-05
3558,7,0.42953742,5.34e-05
3559,7,0.52314603,5.34e-05
3560,7,0.52011633,5.343e-05
3561,7,0.52718908,5.343e-05
3562,7,0.55968326,5.346e-05
3563,7,0.40422529,5.346e-05
3564,7,0.52052617,5.349e-05
3565,7,0.48467612,5.349e-05
3566,7,0.44556436,5.352e-05
3567,7,0.47454572,5.352e-05
3568,7,0.47487152,5.355e-05
3569,7,0.43735284,5.355e-05
3570,7,0.49613342,5.358e-05
3571,7,0.52644008,5.358e-05
3572,7,0.46428102,5.361e-05
3573,7,0.48111507,5.361e-05
3574,7,0.44637233,5.364e-05
3575,7,0.45456228,5.364e-05
3576,7,0.42882395,5.367e-05
3577,7,0.43728766,5.367e-05
3578,7,0.57705688,5.37e-05
3579,7,0.45576882,5.37e-05
3580,7,0.52382791,5.373e-05
3581,7,0.45408472,5.373e-05
3582,7,0.40830398,5.376e-05
3583,7,0.50926697,5.376e-05
3584,7,0.35951051,5.379e-05
3585,7,0.46520209,5.379e-05
3586,7,0.46417958,5.382e-05
3587,7,0.45437154,5.382e-05
3588,7,0.48172221,5.385e-05
3589,7,0.46413904,5.385e-05
3590,7,0.46311647,5.388e-05
3591,7,0.41951799,5.388e-05
3592,7,0.44667047,5.391e-05
3593,7,0.46904573,5.391e-05
3594,7,0.51047635,5.394e-05
3595,7,0.53524268,5.394e-05
3596,7,0.42485523,5.397e-05
3597,7,0.55769205,5.397e-05
3598,7,0.43887636,5.4e-05
3599,7,0.41555357,5.4e-05
3600,7,0.49945149,5.403e-05
3601,7,0.46489829,5.403e-05
3602,7,0.50997990,5.406e-05
3603,7,0.50676656,5.406e-05
3604,7,0.50820982,5.409e-05
3605,7,0.49441382,5.409e-05
3606,7,0.46808991,5.412e-05
3607,7,0.49150920,5.412e-05
3608,7,0.47790742,5.415e-05
3609,7,0.53378588,5.415e-05
3610,7,0.47816142,5.418e-05
3611,7,0.46377128,5.418e-05
3612,7,0.56661969,5.421e-05
3613,7,0.48884481,5.421e-05
3614,7,0.47130156,5.424e-05
3615,7,0.44827574,5.424e-05
3616,7,0.48751685,5.427e-05
3617,7,0.42945880,5.427e-05
3618,7,0.42603430,5.43e-05
3619,7,0.45540437,5.43e-05
3620,7,0.41461110,5.433e-05
3621,7,0.43636176,5.433e-05
3622,7,0.44291145,5.436e-05
3623,7,0.52469504,5.436e-05
3624,7,0.43522105,5.439e-05
3625,7,0.46384153,5.439e-05
3626,7,0.44713983,5.442e-05
3627,7,0.46987861,5.442e-05
3628,7,0.53403747,5.445e-05
3629,7,0.42713994,5.445e-05
3630,7,0.42417082,5.448e-05
3631,7,0.47367260,5.448e-05
3632,7,0.44744155,5.451e-05
3633,7,0.47450179,5.451e-05
3634,7,0.47096103,5.454e-05
3635,7,0.46413156,5.454e-05
3636,7,0.49792778,5.457e-05
3637,7,0.45612168,5.457e-05
3638,7,0.47302079,5.46e-05
3639,7,0.53158116,5.46e-05
3640,7,0.54149556,5.463e-05
3641,8,0.46105468,5.463e-05
3642,8,0.44893390,5.466e-05
3643,8,0.51627696,5.466e-05
3644,8,0.43898964,5.469e-05
3645,8,0.57558674,5.469e-05
3646,8,0.42498577,5.472e-05
3647,8,0.50066394,5.472e-05
3648,8,0.47595280,5.475e-05
3649,8,0.42901200,5.475e-05
3650,8,0.45155677,5.478e-05
3651,8,0.46133226,5.478e-05
3652,8,0.41624174,5.481e-05
3653,8,0.44879073,5.481e-05
3654,8,0.45473856,5.484e-05
3655,8,0.51261342,5.484e-05
3656,8,0.44659278,5.487e-05
3657,8,0.49064717,5.487e-05
3658,8,0.48781300,5.49e-05
3659,8,0.51260102,5.49e-05
3660,8,0.55780697,5.493e-05
3661,8,0.49699706,5.493e-05
3662,8,0.47599488,5.496e-05
3663,8,0.50180507,5.496e-05
3664,8,0.43615180,5.499e-05
3665,8,0.48159593,5.499e-05
3666,8,0.49476153,5.502e-05
3667,8,0.45634168,5.502e-05
3668,8,0.49936199,5.505e-05
3669,8,0.46049318,5.505e-05
3670,8,0.46060395,5.508e-05
3671,8,0.44171536,5.508e-05
3672,8,0.46214283,5.511e-05
3673,8,0.42951459,5.511e-05
3674,8,0.47382522,5.514e-05
3675,8,0.49469075,5.514e-05
3676,8,0.49510431,5.517e-05
3677,8,0.52298468,5.517e-05
3678,8,0.38542074,5.52e-05
3679,8,0.53622723,5.52e-05
3680,8,0.46560439,5.523e-05
3681,8,0.47033399,5.523e-05
3682,8,0.52041709,5.526e-05
3683,8,0.47047919,5.526e-05
3684,8,0.43858713,5.529e-05
3685,8,0.50090098,5.529e-05
3686,8,0.42256588,5.532e-05
3687,8,0.48727500,5.532e-05
3688,8,0.47409818,5.535e-05
3689,8,0.47271127,5.535e-05
3690,8,0.41524428,5.538e-05
3691,8,0.49472269,5.538e-05
3692,8,0.46508715,5.541e-05
3693,8,0.47557873,5.541e-05
3694,8,0.45810807,5.544e-05
3695,8,0.48246813,5.544e-05
3696,8,0.46575913,5.547e-05
3697,8,0.41276142,5.547e-05
3698,8,0.46072680,5.55e-05
3699,8,0.49670553,5.55e-05
3700,8,0.49380574,5.553e-05
3701,8,0.46699166,5.553e-05
3702,8,0.41787168,5.556e-05
3703,8,0.63703227,5.556e-05
3704,8,0.46138546,5.559e-05
3705,8,0.46886751,5.559e-05
3706,8,0.51729470,5.562e-05
3707,8,0.47379932,5.562e-05
3708,8,0.55866158,5.565e-05
3709,8,0.44800004,5.565e-05
3710,8,0.46363753,5.568e-05
3711,8,0.44303152,5.568e-05
3712,8,0.52144444,5.571e-05
3713,8,0.48396835,5.571e-05
3714,8,0.43913817,5.574e-05
3715,8,0.49271619,5.574e-05
3716,8,0.46435019,5.577e-05
3717,8,0.44149050,5.577e-05
3718,8,0.48223561,5.58e-05
3719,8,0.43871006,5.58e-05
3720,8,0.38879687,5.583e-05
3721,8,0.44991359,5.583e-05
3722,8,0.41982305,5.586e-05
3723,8,0.49579963,5.586e-05
3724,8,0.41338524,5.589e-05
3725,8,0.47439831,5.589e-05
3726,8,0.52218443,5.592e-05
3727,8,0.43364215,5.592e-05
3728,8,0.44426650,5.595e-05
3729,8,0.47527379,5.595e-05
3730,8,0.44066030,5.598e-05
3731,8,0.45810074,5.598e-05
3732,8,0.46037805,5.601e-05
3733,8,0.51994753,5.601e-05
3734,8,0.43015894,5.604e-05
3735,8,0.42464384,5.604e-05
3736,8,0.42964250,5.607e-05
3737,8,0.46322078,5.607e-05
3738,8,0.42927545,5.61e-05
3739,8,0.44382983,5.61e-05
3740,8,0.48103523,5.613e-05
3741,8,0.48430347,5.613e-05
3742,8,0.49101853,5.616e-05
3743,8,0.48930678,5.616e-05
3744,8,0.42176279,5.619e-05
3745,8,0.48031735,5.619e-05
3746,8,0.54473305,5.622e-05
3747,8,0.44585496,5.622e-05
3748,8,0.47544783,5.625e-05
3749,8,0.49626634,5.625e-05
3750,8,0.45435232,5.628e-05
3751,8,0.45580980,5.628e-05
3752,8,0.51534885,5.631e-05
3753,8,0.53204489,5.631e-05
3754,8,0.48263282,5.634e-05
3755,8,0.46243471,5.634e-05
3756,8,0.56979930,5.637e-05
3757,8,0.43236324,5.637e-05
3758,8,0.42676267,5.64e-05
3759,8,0.48007655,5.64e-05
3760,8,0.44467276,5.643e-05
3761,8,0.44668302,5.643e-05
3762,8,0.51835811,5.646e-05
3763,8,0.40098119,5.646e-05
3764,8,0.47308382,5.649e-05
3765,8,0.45926628,5.649e-05
3766,8,0.43322289,5.652e-05
3767,8,0.51142406,5.652e-05
3768,8,0.50057888,5.655e-05
3769,8,0.49414426,5.655e-05
3770,8,0.43902194,5.658e-05
3771,8,0.49159583,5.658e-05
3772,8,0.51427954,5.661e-05
3773,8,0.46048090,5.661e-05
3774,8,0.45689008,5.664e-05
3775,8,0.55024064,5.664e-05
3776,8,0.42876768,5.667e-05
3777,8,0.47817978,5.667e-05
3778,8,0.46894741,5.67e-05
3779,8,0.49605083,5.67e-05
3780,8,0.52353859,5.673e-05
3781,8,0.50037354,5.673e-05
3782,8,0.47073692,5.676e-05
3783,8,0.52929020,5.676e-05
3784,8,0.48038769,5.679e-05
3785,8,0.50811583,5.679e-05
3786,8,0.43650723,5.682e-05
3787,8,0.45511779,5.682e-05
3788,8,0.49307829,5.685e-05
3789,8,0.46141928,5.685e-05
3790,8,0.52311432,5.688e-05
3791,8,0.40101433,5.688e-05
3792,8,0.45400947,5.691e-05
3793,8,0.47100705,5.691e-05
3794,8,0.47602272,5.694e-05
3795,8,0.42477751,5.694e-05
3796,8,0.50273216,5.697e-05
3797,8,0.48720258,5.697e-05
3798,8,0.42670429,5.7e-05
3799,8,0.39464951,5.7e-05
3800,8,0.49640441,5.703e-05
3801,8,0.53095442,5.703e-05
3802,8,0.50788617,5.706e-05
3803,8,0.42586875,5.706e-05
3804,8,0.42648500,5.709e-05
3805,8,0.47486359,5.709e-05
3806,8,0.45447534,5.712e-05
3807,8,0.47368312,5.712e-05
3808,8,0.51592606,5.715e-05
3809,8,0.54083568,5.715e-05
3810,8,0.46265528,5.718e-05
3811,8,0.46779889,5.718e-05
3812,8,0.40969646,5.721e-05
3813,8,0.47162819,5.721e-05
3814,8,0.45665392,5.724e-05
3815,8,0.48789263,5.724e-05
3816,8,0.52323806,5.727e-05
3817,8,0.48590118,5.727e-05
3818,8,0.46858239,5.73e-05
3819,8,0.55470049,5.73e-05
3820,8,0.47387224,5.733e-05
3821,8,0.46878856,5.733e-05
3822,8,0.46055338,5.736e-05
3823,8,0.45487303,5.736e-05
3824,8,0.42158812,5.739e-05
3825,8,0.49614868,5.739e-05
3826,8,0.45976576,5.742e-05
3827,8,0.40657580,5.742e-05
3828,8,0.47062179,5.745e-05
3829,8,0.49405009,5.745e-05
3830,8,0.47469804,5.748e-05
3831,8,0.47785020,5.748e-05
3832,8,0.49347419,5.751e-05
3833,8,0.45698184,5.751e-05
3834,8,0.45394981,5.754e-05
3835,8,0.45001292,5.754e-05
3836,8,0.51427346,5.757e-05
3837,8,0.42549115,5.757e-05
3838,8,0.49451321,5.76e-05
3839,8,0.53494090,5.76e-05
3840,8,0.46944866,5.763e-05
3841,8,0.44787264,5.763e-05
3842,8,0.42945871,5.766e-05
3843,8,0.46474823,5.766e-05
3844,8,0.45569509,5.769e-05
3845,8,0.52568007,5.769e-05
3846,8,0.45565411,5.772e-05
3847,8,0.43300188,5.772e-05
3848,8,0.52862656,5.775e-05
3849,8,0.50814545,5.775e-05
3850,8,0.44942352,5.778e-05
3851,8,0.46566352,5.778e-05
3852,8,0.42862976,5.781e-05
3853,8,0.40384358,5.781e-05
3854,8,0.46753794,5.784e-05
3855,8,0.41986632,5.784e-05
3856,8,0.52334052,5.787e-05
3857,8,0.44978517,5.787e-05
3858,8,0.49676093,5.79e-05
3859,8,0.48913547,5.79e-05
3860,8,0.52894074,5.793e-05
3861,8,0.40370688,5.793e-05
3862,8,0.50528753,5.796e-05
3863,8,0.43008253,5.796e-05
3864,8,0.41570649,5.799e-05
3865,8,0.47451776,5.799e-05
3866,8,0.48949355,5.802e-05
3867,8,0.45939216,5.802e-05
3868,8,0.52469933,5.805e-05
3869,8,0.44939750,5.805e-05
3870,8,0.41319513,5.808e-05
3871,8,0.45134541,5.808e-05
3872,8,0.49728012,5.811e-05
3873,8,0.48222002,5.811e-05
3874,8,0.40741810,5.814e-05
3875,8,0.51434737,5.814e-05
3876,8,0.44118497,5.817e-05
3877,8,0.41807693,5.817e-05
3878,8,0.39559329,5.82e-05
3879,8,0.42498800,5.82e-05
3880,8,0.46843037,5.823e-05
3881,8,0.48941454,5.823e-05
3882,8,0.43640000,5.826e-05
3883,8,0.46279916,5.826e-05
3884,8,0.50149572,5.829e-05
3885,8,0.51236230,5.829e-05
3886,8,0.41871962,5.832e-05
3887,8,0.43457648,5.832e-05
3888,8,0.45735806,5.835e-05
3889,8,0.45684284,5.835e-05
3890,8,0.42702150,5.838e-05
3891,8,0.40415749,5.838e-05
3892,8,0.51755136,5.841e-05
3893,8,0.47661147,5.841e-05
3894,8,0.47482154,5.844e-05
3895,8,0.47011265,5.844e-05
3896,8,0.51666152,5.847e-05
3897,8,0.50677013,5.847e-05
3898,8,0.45649028,5.85e-05
3899,8,0.44476670,5.85e-05
3900,8,0.52410376,5.853e-05
3901,8,0.53148794,5.853e-05
3902,8,0.49762923,5.856e-05
3903,8,0.46210098,5.856e-05
3904,8,0.45405114,5.859e-05
3905,8,0.49226201,5.859e-05
3906,8,0.51299495,5.862e-05
3907,8,0.48317289,5.862e-05
3908,8,0.43422982,5.865e-05
3909,8,0.44025749,5.865e-05
3910,8,0.40870470,5.868e-05
3911,8,0.37806398,5.868e-05
3912,8,0.46734580,5.871e-05
3913,8,0.49429044,5.871e-05
3914,8,0.45625922,5.874e-05
3915,8,0.42753762,5.874e-05
3916,8,0.47170001,5.877e-05
3917,8,0.47730076,5.877e-05
3918,8,0.46217984,5.88e-05
3919,8,0.47020024,5.88e-05
3920,8,0.45039901,5.883e-05
3921,8,0.53705841,5.883e-05
3922,8,0.49163437,5.886e-05
3923,8,0.50281596,5.886e-05
3924,8,0.47457469,5.889e-05
3925,8,0.42393047,5.889e-05
3926,8,0.45588121,5.892e-05
3927,8,0.46217734,5.892e-05
3928,8,0.47257233,5.895e-05
3929,8,0.42090148,5.895e-05
3930,8,0.43736097,5.898e-05
3931,8,0.49973387,5.898e-05
3932,8,0.46282992,5.901e-05
3933,8,0.50744027,5.901e-05
3934,8,0.43569860,5.904e-05
3935,8,0.54573768,5.904e-05
3936,8,0.50254017,5.907e-05
3937,8,0.51331162,5.907e-05
3938,8,0.44192976,5.91e-05
3939,8,0.46165216,5.91e-05
3940,8,0.47494254,5.913e-05
3941,8,0.46126565,5.913e-05
3942,8,0.48160249,5.916e-05
3943,8,0.40100139,5.916e-05
3944,8,0.48646724,5.919e-05
3945,8,0.48015651,5.919e-05
3946,8,0.42938909,5.922e-05
3947,8,0.44200334,5.922e-05
3948,8,0.46495697,5.925e-05
3949,8,0.47170433,5.925e-05
3950,8,0.45257109,5.928e-05
3951,8,0.43854982,5.928e-05
3952,8,0.41242763,5.931e-05
3953,8,0.48436376,5.931e-05
3954,8,0.41957742,5.934e-05
3955,8,0.47607017,5.934e-05
3956,8,0.47275484,5.937e-05
3957,8,0.44532317,5.937e-05
3958,8,0.47491249,5.94e-05
3959,8,0.45668766,5.94e-05
3960,8,0.46816108,5.943e-05
3961,8,0.47898459,5.943e-05
3962,8,0.42250901,5.946e-05
3963,8,0.51302671,5.946e-05
3964,8,0.42708024,5.949e-05
3965,8,0.41660017,5.949e-05
3966,8,0.44868630,5.952e-05
3967,8,0.46356866,5.952e-05
3968,8,0.43240532,5.955e-05
3969,8,0.50591803,5.955e-05
3970,8,0.47023666,5.958e-05
3971,8,0.43879566,5.958e-05
3972,8,0.51693052,5.961e-05
3973,8,0.45976138,5.961e-05
3974,8,0.48868474,5.964e-05
3975,8,0.41378042,5.964e-05
3976,8,0.44880414,5.967e-05
3977,8,0.55975020,5.967e-05
3978,8,0.48926330,5.97e-05
3979,8,0.37615117,5.97e-05
3980,8,0.44541144,5.973e-05
3981,8,0.48344862,5.973e-05
3982,8,0.45343399,5.976e-05
3983,8,0.52266634,5.976e-05
3984,8,0.44951129,5.979e-05
3985,8,0.45955306,5.979e-05
3986,8,0.39609465,5.982e-05
3987,8,0.41212997,5.982e-05
3988,8,0.48311543,5.985e-05
3989,8,0.53213930,5.985e-05
3990,8,0.42099151,5.988e-05
3991,8,0.45649561,5.988e-05
3992,8,0.44395494,5.991e-05
3993,8,0.40442035,5.991e-05
3994,8,0.44151276,5.994e-05
3995,8,0.42388844,5.994e-05
3996,8,0.46251422,5.997e-05
3997,8,0.47124255,5.997e-05
3998,8,0.45536000,6e-05
3999,8,0.41697294,6e-05
4000,8,0.44678685,6.003e-05
4001,8,0.47332895,6.003e-05
4002,8,0.47561726,6.006e-05
4003,8,0.45996869,6.006e-05
4004,8,0.45632029,6.009e-05
4005,8,0.47141191,6.009e-05
4006,8,0.56608653,6.012e-05
4007,8,0.48332554,6.012e-05
4008,8,0.43082023,6.015e-05
4009,8,0.42961046,6.015e-05
4010,8,0.50240946,6.018e-05
4011,8,0.43587393,6.018e-05
4012,8,0.43452853,6.021e-05
4013,8,0.44989729,6.021e-05
4014,8,0.42405388,6.024e-05
4015,8,0.40805238,6.024e-05
4016,8,0.43954962,6.027e-05
4017,8,0.44131690,6.027e-05
4018,8,0.38599265,6.03e-05
4019,8,0.42651495,6.03e-05
4020,8,0.48199958,6.033e-05
4021,8,0.40753281,6.033e-05
4022,8,0.49294251,6.036e-05
4023,8,0.49411559,6.036e-05
4024,8,0.52826518,6.039e-05
4025,8,0.43443999,6.039e-05
4026,8,0.46879303,6.042e-05
4027,8,0.39066172,6.042e-05
4028,8,0.50296021,6.045e-05
4029,8,0.41431218,6.045e-05
4030,8,0.45516682,6.048e-05
4031,8,0.48166728,6.048e-05
4032,8,0.45057034,6.051e-05
4033,8,0.48633349,6.051e-05
4034,8,0.47673476,6.054e-05
4035,8,0.47484398,6.054e-05
4036,8,0.47125456,6.057e-05
4037,8,0.41248798,6.057e-05
4038,8,0.50531244,6.06e-05
4039,8,0.42351577,6.06e-05
4040,8,0.50264704,6.063e-05
4041,8,0.43195415,6.063e-05
4042,8,0.46132171,6.066e-05
4043,8,0.48682985,6.066e-05
4044,8,0.43458614,6.069e-05
4045,8,0.40922937,6.069e-05
4046,8,0.41448057,6.072e-05
4047,8,0.43918246,6.072e-05
4048,8,0.47708797,6.075e-05
4049,8,0.41054043,6.075e-05
4050,8,0.47416934,6.078e-05
4051,8,0.49987906,6.078e-05
4052,8,0.45093951,6.081e-05
4053,8,0.43883181,6.081e-05
4054,8,0.44109625,6.084e-05
4055,8,0.45901990,6.084e-05
4056,8,0.43115199,6.087e-05
4057,8,0.49331069,6.087e-05
4058,8,0.47648007,6.09e-05
4059,8,0.51904094,6.09e-05
4060,8,0.41502222,6.093e-05
4061,8,0.45815855,6.093e-05
4062,8,0.43491936,6.096e-05
4063,8,0.44236097,6.096e-05
4064,8,0.44195589,6.099e-05
4065,8,0.41782531,6.099e-05
4066,8,0.42415911,6.102e-05
4067,8,0.42012104,6.102e-05
4068,8,0.42228279,6.105e-05
4069,8,0.53150445,6.105e-05
4070,8,0.47720480,6.108e-05
4071,8,0.51811099,6.108e-05
4072,8,0.40286148,6.111e-05
4073,8,0.46294007,6.111e-05
4074,8,0.46907467,6.114e-05
4075,8,0.44466838,6.114e-05
4076,8,0.46837407,6.117e-05
4077,8,0.47752541,6.117e-05
4078,8,0.43087459,6.12e-05
4079,8,0.43871570,6.12e-05
4080,8,0.46247193,6.123e-05
4081,8,0.46026731,6.123e-05
4082,8,0.40500259,6.126e-05
4083,8,0.49435675,6.126e-05
4084,8,0.49404401,6.129e-05
4085,8,0.45683274,6.129e-05
4086,8,0.47035751,6.132e-05
4087,8,0.52012372,6.132e-05
4088,8,0.46011338,6.135e-05
4089,8,0.43335125,6.135e-05
4090,8,0.44133982,6.138e-05
4091,8,0.43178007,6.138e-05
4092,8,0.48359713,6.141e-05
4093,8,0.41843662,6.141e-05
4094,8,0.43482575,6.144e-05
4095,8,0.50290215,6.144e-05
4096,8,0.44669756,6.147e-05
4097,8,0.50428951,6.147e-05
4098,8,0.43336806,6.15e-05
4099,8,0.47135323,6.15e-05
4100,8,0.52314276,6.153e-05
4101,8,0.39511395,6.153e-05
4102,8,0.41668949,6.156e-05
4103,8,0.45275724,6.156e-05
4104,8,0.42730916,6.159e-05
4105,8,0.44312447,6.159e-05
4106,8,0.43833548,6.162e-05
4107,8,0.47123855,6.162e-05
4108,8,0.43394861,6.165e-05
4109,8,0.52609962,6.165e-05
4110,8,0.43139547,6.168e-05
4111,8,0.48428258,6.168e-05
4112,8,0.45085931,6.171e-05
4113,8,0.48195535,6.171e-05
4114,8,0.43571663,6.174e-05
4115,8,0.46178231,6.174e-05
4116,8,0.43778938,6.177e-05
4117,8,0.38999671,6.177e-05
4118,8,0.40272817,6.18e-05
4119,8,0.41281319,6.18e-05
4120,8,0.46952504,6.183e-05
4121,8,0.43726444,6.183e-05
4122,8,0.43481255,6.186e-05
4123,8,0.49083728,6.186e-05
4124,8,0.48786229,6.189e-05
4125,8,0.41900629,6.189e-05
4126,8,0.50751889,6.192e-05
4127,8,0.46100160,6.192e-05
4128,8,0.40567893,6.195e-05
4129,8,0.43753338,6.195e-05
4130,8,0.43550441,6.198e-05
4131,8,0.46022233,6.198e-05
4132,8,0.47452587,6.201e-05
4133,8,0.48817837,6.201e-05
4134,8,0.47443831,6.204e-05
4135,8,0.47571754,6.204e-05
4136,8,0.48252052,6.207e-05
4137,8,0.53603333,6.207e-05
4138,8,0.45457196,6.21e-05
4139,8,0.43796587,6.21e-05
4140,8,0.45348045,6.213e-05
4141,8,0.46024081,6.213e-05
4142,8,0.51270604,6.216e-05
4143,8,0.51899409,6.216e-05
4144,8,0.50291359,6.219e-05
4145,8,0.50873470,6.219e-05
4146,8,0.50487292,6.222e-05
4147,8,0.43525010,6.222e-05
4148,8,0.46810812,6.225e-05
4149,8,0.37525266,6.225e-05
4150,8,0.52075404,6.228e-05
4151,8,0.42537546,6.228e-05
4152,8,0.41331944,6.231e-05
4153,8,0.45058951,6.231e-05
4154,8,0.39888522,6.234e-05
4155,8,0.52732050,6.234e-05
4156,8,0.49614471,6.237e-05
4157,8,0.45436209,6.237e-05
4158,8,0.47784376,6.24e-05
4159,8,0.46893287,6.24e-05
4160,8,0.48659563,6.243e-05
4161,9,0.40812755,6.243e-05
4162,9,0.47928259,6.246e-05
4163,9,0.40701264,6.246e-05
4164,9,0.44871193,6.249e-05
4165,9,0.43676639,6.249e-05
4166,9,0.47472376,6.252e-05
4167,9,0.47290525,6.252e-05
4168,9,0.47553706,6.255e-05
4169,9,0.41874969,6.255e-05
4170,9,0.44948670,6.258e-05
4171,9,0.46547922,6.258e-05
4172,9,0.48168725,6.261e-05
4173,9,0.42736048,6.261e-05
4174,9,0.46605405,6.264e-05
4175,9,0.45968661,6.264e-05
4176,9,0.43087554,6.267e-05
4177,9,0.48458347,6.267e-05
4178,9,0.39243239,6.27e-05
4179,9,0.50484389,6.27e-05
4180,9,0.51030624,6.273e-05
4181,9,0.48500451,6.273e-05
4182,9,0.49268848,6.276e-05
4183,9,0.46461055,6.276e-05
4184,9,0.44833225,6.279e-05
4185,9,0.46214831,6.279e-05
4186,9,0.48206091,6.282e-05
4187,9,0.46202847,6.282e-05
4188,9,0.45475596,6.285e-05
4189,9,0.41675866,6.285e-05
4190,9,0.41389620,6.288e-05
4191,9,0.47311443,6.288e-05
4192,9,0.47374600,6.291e-05
4193,9,0.52003682,6.291e-05
4194,9,0.43823677,6.294e-05
4195,9,0.41102219,6.294e-05
4196,9,0.41115493,6.297e-05
4197,9,0.45821989,6.297e-05
4198,9,0.43449923,6.3e-05
4199,9,0.44370627,6.3e-05
4200,9,0.50871652,6.303e-05
4201,9,0.47331583,6.303e-05
4202,9,0.44397122,6.306e-05
4203,9,0.47409329,6.306e-05
4204,9,0.46822280,6.309e-05
4205,9,0.40331897,6.309e-05
4206,9,0.44507974,6.312e-05
4207,9,0.47938192,6.312e-05
4208,9,0.42431030,6.315e-05
4209,9,0.43611765,6.315e-05
4210,9,0.45448336,6.318e-05
4211,9,0.43959007,6.318e-05
4212,9,0.44681728,6.321e-05
4213,9,0.46388173,6.321e-05
4214,9,0.52249491,6.324e-05
4215,9,0.52868497,6.324e-05
4216,9,0.44686794,6.327e-05
4217,9,0.41816005,6.327e-05
4218,9,0.43030795,6.33e-05
4219,9,0.48274726,6.33e-05
4220,9,0.43015337,6.333e-05
4221,9,0.47479892,6.333e-05
4222,9,0.42579603,6.336e-05
4223,9,0.43609101,6.336e-05
4224,9,0.46599540,6.339e-05
4225,9,0.41578054,6.339e-05
4226,9,0.44284368,6.342e-05
4227,9,0.43123555,6.342e-05
4228,9,0.48473963,6.345e-05
4229,9,0.45635504,6.345e-05
4230,9,0.41206199,6.348e-05
4231,9,0.44971728,6.348e-05
4232,9,0.44824898,6.351e-05
4233,9,0.44807643,6.351e-05
4234,9,0.37777352,6.354e-05
4235,9,0.39532170,6.354e-05
4236,9,0.46173400,6.357e-05
4237,9,0.48286951,6.357e-05
4238,9,0.45397127,6.36e-05
4239,9,0.48296937,6.36e-05
4240,9,0.41667384,6.363e-05
4241,9,0.39925861,6.363e-05
4242,9,0.48414129,6.366e-05
4243,9,0.51359665,6.366e-05
4244,9,0.43667004,6.369e-05
4245,9,0.50384295,6.369e-05
4246,9,0.40726262,6.372e-05
4247,9,0.44967389,6.372e-05
4248,9,0.42373249,6.375e-05
4249,9,0.46378273,6.375e-05
4250,9,0.44732326,6.378e-05
4251,9,0.46253747,6.378e-05
4252,9,0.44270346,6.381e-05
4253,9,0.44681653,6.381e-05
4254,9,0.40178975,6.384e-05
4255,9,0.44320220,6.384e-05
4256,9,0.44394168,6.387e-05
4257,9,0.48132688,6.387e-05
4258,9,0.44607544,6.39e-05
4259,9,0.51808572,6.39e-05
4260,9,0.40654883,6.393e-05
4261,9,0.48060966,6.393e-05
4262,9,0.45907041,6.396e-05
4263,9,0.46194011,6.396e-05
4264,9,0.54042089,6.399e-05
4265,9,0.45393929,6.399e-05
4266,9,0.40931714,6.402e-05
4267,9,0.44873556,6.402e-05
4268,9,0.36522850,6.405e-05
4269,9,0.47124609,6.405e-05
4270,9,0.42456290,6.408e-05
4271,9,0.44661373,6.408e-05
4272,9,0.46940947,6.411e-05
4273,9,0.45841259,6.411e-05
4274,9,0.53246111,6.414e-05
4275,9,0.52070963,6.414e-05
4276,9,0.43995172,6.417e-05
4277,9,0.48833808,6.417e-05
4278,9,0.47238478,6.42e-05
4279,9,0.42834520,6.42e-05
4280,9,0.45690435,6.423e-05
4281,9,0.51320755,6.423e-05
4282,9,0.51800251,6.426e-05
4283,9,0.46118149,6.426e-05
4284,9,0.45548540,6.429e-05
4285,9,0.49389720,6.429e-05
4286,9,0.47315776,6.432e-05
4287,9,0.44542095,6.432e-05
4288,9,0.47740516,6.435e-05
4289,9,0.49193406,6.435e-05
4290,9,0.48440564,6.438e-05
4291,9,0.54235780,6.438e-05
4292,9,0.42651832,6.441e-05
4293,9,0.42592639,6.441e-05
4294,9,0.45323715,6.444e-05
4295,9,0.39725733,6.444e-05
4296,9,0.43303055,6.447e-05
4297,9,0.48672771,6.447e-05
4298,9,0.51867849,6.45e-05
4299,9,0.47820503,6.45e-05
4300,9,0.45644340,6.453e-05
4301,9,0.43643469,6.453e-05
4302,9,0.44767064,6.456e-05
4303,9,0.46586046,6.456e-05
4304,9,0.47862595,6.459e-05
4305,9,0.42609057,6.459e-05
4306,9,0.45311666,6.462e-05
4307,9,0.42540246,6.462e-05
4308,9,0.45543730,6.465e-05
4309,9,0.43612307,6.465e-05
4310,9,0.42860302,6.468e-05
4311,9,0.45257232,6.468e-05
4312,9,0.45001078,6.471e-05
4313,9,0.46238780,6.471e-05
4314,9,0.41166145,6.474e-05
4315,9,0.51310354,6.474e-05
4316,9,0.43104959,6.477e-05
4317,9,0.43334675,6.477e-05
4318,9,0.46874189,6.48e-05
4319,9,0.45058379,6.48e-05
4320,9,0.46647537,6.483e-05
4321,9,0.43310732,6.483e-05
4322,9,0.42622861,6.486e-05
4323,9,0.38907537,6.486e-05
4324,9,0.49100941,6.489e-05
4325,9,0.41615355,6.489e-05
4326,9,0.41249555,6.492e-05
4327,9,0.50754535,6.492e-05
4328,9,0.47281122,6.495e-05
4329,9,0.46047181,6.495e-05
4330,9,0.45280355,6.498e-05
4331,9,0.39381641,6.498e-05
4332,9,0.46044391,6.501e-05
4333,9,0.46769840,6.501e-05
4334,9,0.42070293,6.504e-05
4335,9,0.44966492,6.504e-05
4336,9,0.37675080,6.507e-05
4337,9,0.41406545,6.507e-05
4338,9,0.43965429,6.51e-05
4339,9,0.47227073,6.51e-05
4340,9,0.51120913,6.513e-05
4341,9,0.50506735,6.513e-05
4342,9,0.46751365,6.516e-05
4343,9,0.41477618,6.516e-05
4344,9,0.53438723,6.519e-05
4345,9,0.58085108,6.519e-05
4346,9,0.40845126,6.522e-05
4347,9,0.49605697,6.522e-05
4348,9,0.44122896,6.525e-05
4349,9,0.48305294,6.525e-05
4350,9,0.42376563,6.528e-05
4351,9,0.51015723,6.528e-05
4352,9,0.41471276,6.531e-05
4353,9,0.42172736,6.531e-05
4354,9,0.41556555,6.534e-05
4355,9,0.44423851,6.534e-05
4356,9,0.41334814,6.537e-05
4357,9,0.45924300,6.537e-05
4358,9,0.45096993,6.54e-05
4359,9,0.44185847,6.54e-05
4360,9,0.46930391,6.543e-05
4361,9,0.44980228,6.543e-05
4362,9,0.46654958,6.546e-05
4363,9,0.43309292,6.546e-05
4364,9,0.43946561,6.549e-05
4365,9,0.51140094,6.549e-05
4366,9,0.49319690,6.552e-05
4367,9,0.44995642,6.552e-05
4368,9,0.43346617,6.555e-05
4369,9,0.48323366,6.555e-05
4370,9,0.49157745,6.558e-05
4371,9,0.51080930,6.558e-05
4372,9,0.45709273,6.561e-05
4373,9,0.54662168,6.561e-05
4374,9,0.50573707,6.564e-05
4375,9,0.53591263,6.564e-05
4376,9,0.44078994,6.567e-05
4377,9,0.41907781,6.567e-05
4378,9,0.53705531,6.57e-05
4379,9,0.43960294,6.57e-05
4380,9,0.44674253,6.573e-05
4381,9,0.45824575,6.573e-05
4382,9,0.45392960,6.576e-05
4383,9,0.47050697,6.576e-05
4384,9,0.42944106,6.579e-05
4385,9,0.46967024,6.579e-05
4386,9,0.46481156,6.582e-05
4387,9,0.42896080,6.582e-05
4388,9,0.40070152,6.585e-05
4389,9,0.44776711,6.585e-05
4390,9,0.43125948,6.588e-05
4391,9,0.45714390,6.588e-05
4392,9,0.41557932,6.591e-05
4393,9,0.51575953,6.591e-05
4394,9,0.39943761,6.594e-05
4395,9,0.45395005,6.594e-05
4396,9,0.46627051,6.597e-05
4397,9,0.45835090,6.597e-05
4398,9,0.40653154,6.6e-05
4399,9,0.41869551,6.6e-05
4400,9,0.41519427,6.603e-05
4401,9,0.47069079,6.603e-05
4402,9,0.45916957,6.606e-05
4403,9,0.40117949,6.606e-05
4404,9,0.45069730,6.609e-05
4405,9,0.56917298,6.609e-05
4406,9,0.41438192,6.612e-05
4407,9,0.48825058,6.612e-05
4408,9,0.45074865,6.615e-05
4409,9,0.51703966,6.615e-05
4410,9,0.47043270,6.618e-05
4411,9,0.47512794,6.618e-05
4412,9,0.38895530,6.621e-05
4413,9,0.40844238,6.621e-05
4414,9,0.44654346,6.624e-05
4415,9,0.38930902,6.624e-05
4416,9,0.45388943,6.627e-05
4417,9,0.50384748,6.627e-05
4418,9,0.43200868,6.63e-05
4419,9,0.53328729,6.63e-05
4420,9,0.38620576,6.633e-05
4421,9,0.49044752,6.633e-05
4422,9,0.41865766,6.636e-05
4423,9,0.50290370,6.636e-05
4424,9,0.48601842,6.639e-05
4425,9,0.42332727,6.639e-05
4426,9,0.47343886,6.642e-05
4427,9,0.47579241,6.642e-05
4428,9,0.45855698,6.645e-05
4429,9,0.45221370,6.645e-05
4430,9,0.42818135,6.648e-05
4431,9,0.45927292,6.648e-05
4432,9,0.40969932,6.651e-05
4433,9,0.49883112,6.651e-05
4434,9,0.41832483,6.654e-05
4435,9,0.45863104,6.654e-05
4436,9,0.43106049,6.657e-05
4437,9,0.52209169,6.657e-05
4438,9,0.43178815,6.66e-05
4439,9,0.45212802,6.66e-05
4440,9,0.50398088,6.663e-05
4441,9,0.41218615,6.663e-05
4442,9,0.41638130,6.666e-05
4443,9,0.44939435,6.666e-05
4444,9,0.46031141,6.669e-05
4445,9,0.48671994,6.669e-05
4446,9,0.47831044,6.672e-05
4447,9,0.49343884,6.672e-05
4448,9,0.41812190,6.675e-05
4449,9,0.47166443,6.675e-05
4450,9,0.46354541,6.678e-05
4451,9,0.36871326,6.678e-05
4452,9,0.42394543,6.681e-05
4453,9,0.42948186,6.681e-05
4454,9,0.39932215,6.684e-05
4455,9,0.48820242,6.684e-05
4456,9,0.46999857,6.687e-05
4457,9,0.43766916,6.687e-05
4458,9,0.40534982,6.69e-05
4459,9,0.48215318,6.69e-05
4460,9,0.42905599,6.693e-05
4461,9,0.45549726,6.693e-05
4462,9,0.43086195,6.696e-05
4463,9,0.44219765,6.696e-05
4464,9,0.38683185,6.699e-05
4465,9,0.45037770,6.699e-05
4466,9,0.41927069,6.702e-05
4467,9,0.43836737,6.702e-05
4468,9,0.43069071,6.705e-05
4469,9,0.45293206,6.705e-05
4470,9,0.50837606,6.708e-05
4471,9,0.46720904,6.708e-05
4472,9,0.39966497,6.711e-05
4473,9,0.39424905,6.711e-05
4474,9,0.41683972,6.714e-05
4475,9,0.47736442,6.714e-05
4476,9,0.44404787,6.717e-05
4477,9,0.41649815,6.717e-05
4478,9,0.50746214,6.72e-05
4479,9,0.48310894,6.72e-05
4480,9,0.45094952,6.723e-05
4481,9,0.45452547,6.723e-05
4482,9,0.42655143,6.726e-05
4483,9,0.45851621,6.726e-05
4484,9,0.48741683,6.729e-05
4485,9,0.43857384,6.729e-05
4486,9,0.43104881,6.732e-05
4487,9,0.51553732,6.732e-05
4488,9,0.44226503,6.735e-05
4489,9,0.45966801,6.735e-05
4490,9,0.43863815,6.738e-05
4491,9,0.51356816,6.738e-05
4492,9,0.46179116,6.741e-05
4493,9,0.45891953,6.741e-05
4494,9,0.46057445,6.744e-05
4495,9,0.47217774,6.744e-05
4496,9,0.45946714,6.747e-05
4497,9,0.49079260,6.747e-05
4498,9,0.45334888,6.75e-05
4499,9,0.42457175,6.75e-05
4500,9,0.36352345,6.753e-05
4501,9,0.38997024,6.753e-05
4502,9,0.54767048,6.756e-05
4503,9,0.42696151,6.756e-05
4504,9,0.41364974,6.759e-05
4505,9,0.47554892,6.759e-05
4506,9,0.42536888,6.762e-05
4507,9,0.36230299,6.762e-05
4508,9,0.47833169,6.765e-05
4509,9,0.44691342,6.765e-05
4510,9,0.42678314,6.768e-05
4511,9,0.51365626,6.768e-05
4512,9,0.44408309,6.771e-05
4513,9,0.50598311,6.771e-05
4514,9,0.46725261,6.774e-05
4515,9,0.48056716,6.774e-05
4516,9,0.45596147,6.777e-05
4517,9,0.39642042,6.777e-05
4518,9,0.36181831,6.78e-05
4519,9,0.45439228,6.78e-05
4520,9,0.49171123,6.783e-05
4521,9,0.42594719,6.783e-05
4522,9,0.50044912,6.786e-05
4523,9,0.45474991,6.786e-05
4524,9,0.42534956,6.789e-05
4525,9,0.46982479,6.789e-05
4526,9,0.42298341,6.792e-05
4527,9,0.46097499,6.792e-05
4528,9,0.40023971,6.795e-05
4529,9,0.42472816,6.795e-05
4530,9,0.43972248,6.798e-05
4531,9,0.43388554,6.798e-05
4532,9,0.46327800,6.801e-05
4533,9,0.40462393,6.801e-05
4534,9,0.47722870,6.804e-05
4535,9,0.44788408,6.804e-05
4536,9,0.43606448,6.807e-05
4537,9,0.51059383,6.807e-05
4538,9,0.40730676,6.81e-05
4539,9,0.38606641,6.81e-05
4540,9,0.38471243,6.813e-05
4541,9,0.48299694,6.813e-05
4542,9,0.45422360,6.816e-05
4543,9,0.40428758,6.816e-05
4544,9,0.47711000,6.819e-05
4545,9,0.43757111,6.819e-05
4546,9,0.41043842,6.822e-05
4547,9,0.44934887,6.822e-05
4548,9,0.44002157,6.825e-05
4549,9,0.42559308,6.825e-05
4550,9,0.43343768,6.828e-05
4551,9,0.46470606,6.828e-05
4552,9,0.48563194,6.831e-05
4553,9,0.47010702,6.831e-05
4554,9,0.43320271,6.834e-05
4555,9,0.43492901,6.834e-05
4556,9,0.46037504,6.837e-05
4557,9,0.45884967,6.837e-05
4558,9,0.35337934,6.84e-05
4559,9,0.40159068,6.84e-05
4560,9,0.40216777,6.843e-05
4561,9,0.42041296,6.843e-05
4562,9,0.42432755,6.846e-05
4563,9,0.47224325,6.846e-05
4564,9,0.44641608,6.849e-05
4565,9,0.37064284,6.849e-05
4566,9,0.48698044,6.852e-05
4567,9,0.46372759,6.852e-05
4568,9,0.46678811,6.855e-05
4569,9,0.49364656,6.855e-05
4570,9,0.43239152,6.858e-05
4571,9,0.44161481,6.858e-05
4572,9,0.37149644,6.861e-05
4573,9,0.50271434,6.861e-05
4574,9,0.51890051,6.864e-05
4575,9,0.45575106,6.864e-05
4576,9,0.43521783,6.867e-05
4577,9,0.44655213,6.867e-05
4578,9,0.45748901,6.87e-05
4579,9,0.45221210,6.87e-05
4580,9,0.40917882,6.873e-05
4581,9,0.46163914,6.873e-05
4582,9,0.43450570,6.876e-05
4583,9,0.44646072,6.876e-05
4584,9,0.48926076,6.879e-05
4585,9,0.42493427,6.879e-05
4586,9,0.43793732,6.882e-05
4587,9,0.43267423,6.882e-05
4588,9,0.42223930,6.885e-05
4589,9,0.40541053,6.885e-05
4590,9,0.46982396,6.888e-05
4591,9,0.45409685,6.888e-05
4592,9,0.47518200,6.891e-05
4593,9,0.39910024,6.891e-05
4594,9,0.46081436,6.894e-05
4595,9,0.39990470,6.894e-05
4596,9,0.48111090,6.897e-05
4597,9,0.47188064,6.897e-05
4598,9,0.40905493,6.9e-05
4599,9,0.43937743,6.9e-05
4600,9,0.47268733,6.903e-05
4601,9,0.38923025,6.903e-05
4602,9,0.47402319,6.906e-05
4603,9,0.42569911,6.906e-05
4604,9,0.45953187,6.909e-05
4605,9,0.42178142,6.909e-05
4606,9,0.46205407,6.912e-05
4607,9,0.47360897,6.912e-05
4608,9,0.37697625,6.915e-05
4609,9,0.43387741,6.915e-05
4610,9,0.42324203,6.918e-05
4611,9,0.48427197,6.918e-05
4612,9,0.51672882,6.921e-05
4613,9,0.43213511,6.921e-05
4614,9,0.46615466,6.924e-05
4615,9,0.41716728,6.924e-05
4616,9,0.44240853,6.927e-05
4617,9,0.45314115,6.927e-05
4618,9,0.51099843,6.93e-05
4619,9,0.43887839,6.93e-05
4620,9,0.38211831,6.933e-05
4621,9,0.46833223,6.933e-05
4622,9,0.50730515,6.936e-05
4623,9,0.44144949,6.936e-05
4624,9,0.44375560,6.939e-05
4625,9,0.48870167,6.939e-05
4626,9,0.45472130,6.942e-05
4627,9,0.42066014,6.942e-05
4628,9,0.46923256,6.945e-05
4629,9,0.46236306,6.945e-05
4630,9,0.41404101,6.948e-05
4631,9,0.40525839,6.948e-05
4632,9,0.46291471,6.951e-05
4633,9,0.46542150,6.951e-05
4634,9,0.44430393,6.954e-05
4635,9,0.45414013,6.954e-05
4636,9,0.49281609,6.957e-05
4637,9,0.46666619,6.957e-05
4638,9,0.51163161,6.96e-05
4639,9,0.43714660,6.96e-05
4640,9,0.44772243,6.963e-05
4641,9,0.46048164,6.963e-05
4642,9,0.38665062,6.966e-05
4643,9,0.47637996,6.966e-05
4644,9,0.46530661,6.969e-05
4645,9,0.41006315,6.969e-05
4646,9,0.46280968,6.972e-05
4647,9,0.40795875,6.972e-05
4648,9,0.46106505,6.975e-05
4649,9,0.47201127,6.975e-05
4650,9,0.46211979,6.978e-05
4651,9,0.45000049,6.978e-05
4652,9,0.41205615,6.981e-05
4653,9,0.37954029,6.981e-05
4654,9,0.51614249,6.984e-05
4655,9,0.43896908,6.984e-05
4656,9,0.44603536,6.987e-05
4657,9,0.37239367,6.987e-05
4658,9,0.48682302,6.99e-05
4659,9,0.44906002,6.99e-05
4660,9,0.53114021,6.993e-05
4661,9,0.47609180,6.993e-05
4662,9,0.37469968,6.996e-05
4663,9,0.46886867,6.996e-05
4664,9,0.45534214,6.999e-05
4665,9,0.46607196,6.999e-05
4666,9,0.46048307,7.002e-05
4667,9,0.41273579,7.002e-05
4668,9,0.45035014,7.005e-05
4669,9,0.54084796,7.005e-05
4670,9,0.44343084,7.008e-05
4671,9,0.45326912,7.008e-05
4672,9,0.40980420,7.011e-05
4673,9,0.46994567,7.011e-05
4674,9,0.41288537,7.014e-05
4675,9,0.46910498,7.014e-05
4676,9,0.43695593,7.017e-05
4677,9,0.47029886,7.017e-05
4678,9,0.41608995,7.02e-05
4679,9,0.44889981,7.02e-05
4680,9,0.43660888,7.023e-05
4681,10,0.40742242,7.023e-05
4682,10,0.46476525,7.026e-05
4683,10,0.45444465,7.026e-05
4684,10,0.44206318,7.029e-05
4685,10,0.44152188,7.029e-05
4686,10,0.47315180,7.032e-05
4687,10,0.45093125,7.032e-05
4688,10,0.43663415,7.035e-05
4689,10,0.48319596,7.035e-05
4690,10,0.43065339,7.038e-05
4691,10,0.43393666,7.038e-05
4692,10,0.47575015,7.041e-05
4693,10,0.45830274,7.041e-05
4694,10,0.42332336,7.044e-05
4695,10,0.48759755,7.044e-05
4696,10,0.43772197,7.047e-05
4697,10,0.43502951,7.047e-05
4698,10,0.48393679,7.05e-05
4699,10,0.45008248,7.05e-05
4700,10,0.44890022,7.053e-05
4701,10,0.42718932,7.053e-05
4702,10,0.44225425,7.056e-05
4703,10,0.43052453,7.056e-05
4704,10,0.51861739,7.059e-05
4705,10,0.41232115,7.059e-05
4706,10,0.41349921,7.062e-05
4707,10,0.40733242,7.062e-05
4708,10,0.43754888,7.065e-05
4709,10,0.45173725,7.065e-05
4710,10,0.43722582,7.068e-05
4711,10,0.41386268,7.068e-05
4712,10,0.41034579,7.071e-05
4713,10,0.44492513,7.071e-05
4714,10,0.44018322,7.074e-05
4715,10,0.40875703,7.074e-05
4716,10,0.53970492,7.077e-05
4717,10,0.48569855,7.077e-05
4718,10,0.43243837,7.08e-05
4719,10,0.52048314,7.08e-05
4720,10,0.43729281,7.083e-05
4721,10,0.45531803,7.083e-05
4722,10,0.44143090,7.086e-05
4723,10,0.46690065,7.086e-05
4724,10,0.43785900,7.089e-05
4725,10,0.45070124,7.089e-05
4726,10,0.43314427,7.092e-05
4727,10,0.44002613,7.092e-05
4728,10,0.46403271,7.095e-05
4729,10,0.46925268,7.095e-05
4730,10,0.41649029,7.098e-05
4731,10,0.42056239,7.098e-05
4732,10,0.48077187,7.101e-05
4733,10,0.40705556,7.101e-05
4734,10,0.43424559,7.104e-05
4735,10,0.50822049,7.104e-05
4736,10,0.54799354,7.107e-05
4737,10,0.37771529,7.107e-05
4738,10,0.44954321,7.11e-05
4739,10,0.44086623,7.11e-05
4740,10,0.41910779,7.113e-05
4741,10,0.42350411,7.113e-05
4742,10,0.46005809,7.116e-05
4743,10,0.40935594,7.116e-05
4744,10,0.39060888,7.119e-05
4745,10,0.43949890,7.119e-05
4746,10,0.47313881,7.122e-05
4747,10,0.45975703,7.122e-05
4748,10,0.49185485,7.125e-05
4749,10,0.49496585,7.125e-05
4750,10,0.48361057,7.128e-05
4751,10,0.43815851,7.128e-05
4752,10,0.45479831,7.131e-05
4753,10,0.39470419,7.131e-05
4754,10,0.42475998,7.134e-05
4755,10,0.36449623,7.134e-05
4756,10,0.52327573,7.137e-05
4757,10,0.44420147,7.137e-05
4758,10,0.41127110,7.14e-05
4759,10,0.41962171,7.14e-05
4760,10,0.45573959,7.143e-05
4761,10,0.48279768,7.143e-05
4762,10,0.46603274,7.146e-05
4763,10,0.43418106,7.146e-05
4764,10,0.48416874,7.149e-05
4765,10,0.44437361,7.149e-05
4766,10,0.47390732,7.152e-05
4767,10,0.38721678,7.152e-05
4768,10,0.44119152,7.155e-05
4769,10,0.43431437,7.155e-05
4770,10,0.47319174,7.158e-05
4771,10,0.46196109,7.158e-05
4772,10,0.46104741,7.161e-05
4773,10,0.47641620,7.161e-05
4774,10,0.38799787,7.164e-05
4775,10,0.43297338,7.164e-05
4776,10,0.43916580,7.167e-05
4777,10,0.41089040,7.167e-05
4778,10,0.45206660,7.17e-05
4779,10,0.43990427,7.17e-05
4780,10,0.44647235,7.173e-05
4781,10,0.46562511,7.173e-05
4782,10,0.52240944,7.176e-05
4783,10,0.48956287,7.176e-05
4784,10,0.46026087,7.179e-05
4785,10,0.44817179,7.179e-05
4786,10,0.45191455,7.182e-05
4787,10,0.44465995,7.182e-05
4788,10,0.45848212,7.185e-05
4789,10,0.41634759,7.185e-05
4790,10,0.39888906,7.188e-05
4791,10,0.41493532,7.188e-05
4792,10,0.48048639,7.191e-05
4793,10,0.45560044,7.191e-05
4794,10,0.45374900,7.194e-05
4795,10,0.48986650,7.194e-05
4796,10,0.38343132,7.197e-05
4797,10,0.55770075,7.197e-05
4798,10,0.39549169,7.2e-05
4799,10,0.51321739,7.2e-05
4800,10,0.41051573,7.203e-05
4801,10,0.45811290,7.203e-05
4802,10,0.48699534,7.206e-05
4803,10,0.43707186,7.206e-05
4804,10,0.42060670,7.209e-05
4805,10,0.52529871,7.209e-05
4806,10,0.41651687,7.212e-05
4807,10,0.43141544,7.212e-05
4808,10,0.42994118,7.215e-05
4809,10,0.40193793,7.215e-05
4810,10,0.41565132,7.218e-05
4811,10,0.47711962,7.218e-05
4812,10,0.52728444,7.221e-05
4813,10,0.48538059,7.221e-05
4814,10,0.47816440,7.224e-05
4815,10,0.44278955,7.224e-05
4816,10,0.38479251,7.227e-05
4817,10,0.45313069,7.227e-05
4818,10,0.49731725,7.23e-05
4819,10,0.50546956,7.23e-05
4820,10,0.46014714,7.233e-05
4821,10,0.50876737,7.233e-05
4822,10,0.40886530,7.236e-05
4823,10,0.41816697,7.236e-05
4824,10,0.40872714,7.239e-05
4825,10,0.45100003,7.239e-05
4826,10,0.44194230,7.242e-05
4827,10,0.41266459,7.242e-05
4828,10,0.45568320,7.245e-05
4829,10,0.42371520,7.245e-05
4830,10,0.47554716,7.248e-05
4831,10,0.42639109,7.248e-05
4832,10,0.41615507,7.251e-05
4833,10,0.42889115,7.251e-05
4834,10,0.45516121,7.254e-05
4835,10,0.39287663,7.254e-05
4836,10,0.47809312,7.257e-05
4837,10,0.51933807,7.257e-05
4838,10,0.43246076,7.26e-05
4839,10,0.47162116,7.26e-05
4840,10,0.43983316,7.263e-05
4841,10,0.49136716,7.263e-05
4842,10,0.48486564,7.266e-05
4843,10,0.48512980,7.266e-05
4844,10,0.38508639,7.269e-05
4845,10,0.43312377,7.269e-05
4846,10,0.39930898,7.272e-05
4847,10,0.47339424,7.272e-05
4848,10,0.43110752,7.275e-05
4849,10,0.43738264,7.275e-05
4850,10,0.45515570,7.278e-05
4851,10,0.49739242,7.278e-05
4852,10,0.45060956,7.281e-05
4853,10,0.51145482,7.281e-05
4854,10,0.48266309,7.284e-05
4855,10,0.45755690,7.284e-05
4856,10,0.44862193,7.287e-05
4857,10,0.44803268,7.287e-05
4858,10,0.40345663,7.29e-05
4859,10,0.45193648,7.29e-05
4860,10,0.47371289,7.293e-05
4861,10,0.49570203,7.293e-05
4862,10,0.50775743,7.296e-05
4863,10,0.47308117,7.296e-05
4864,10,0.41993746,7.299e-05
4865,10,0.46283039,7.299e-05
4866,10,0.40730637,7.302e-05
4867,10,0.46198961,7.302e-05
4868,10,0.48808420,7.305e-05
4869,10,0.50638872,7.305e-05
4870,10,0.52314359,7.308e-05
4871,10,0.44973344,7.308e-05
4872,10,0.43171704,7.311e-05
4873,10,0.52079809,7.311e-05
4874,10,0.45861730,7.314e-05
4875,10,0.45940495,7.314e-05
4876,10,0.51514304,7.317e-05
4877,10,0.43573558,7.317e-05
4878,10,0.41764504,7.32e-05
4879,10,0.46930251,7.32e-05
4880,10,0.43185592,7.323e-05
4881,10,0.42411590,7.323e-05
4882,10,0.45377880,7.326e-05
4883,10,0.43951917,7.326e-05
4884,10,0.43691596,7.329e-05
4885,10,0.43837434,7.329e-05
4886,10,0.47736368,7.332e-05
4887,10,0.46375129,7.332e-05
4888,10,0.47351560,7.335e-05
4889,10,0.45168740,7.335e-05
4890,10,0.42613468,7.338e-05
4891,10,0.46867236,7.338e-05
4892,10,0.48313364,7.341e-05
4893,10,0.46494710,7.341e-05
4894,10,0.48627156,7.344e-05
4895,10,0.43154854,7.344e-05
4896,10,0.43917879,7.347e-05
4897,10,0.41969818,7.347e-05
4898,10,0.42828584,7.35e-05
4899,10,0.48602724,7.35e-05
4900,10,0.43924269,7.353e-05
4901,10,0.43225259,7.353e-05
4902,10,0.42451352,7.356e-05
4903,10,0.46964416,7.356e-05
4904,10,0.44736218,7.359e-05
4905,10,0.46565601,7.359e-05
4906,10,0.43115753,7.362e-05
4907,10,0.46101695,7.362e-05
4908,10,0.49052319,7.365e-05
4909,10,0.44511485,7.365e-05
4910,10,0.38828644,7.368e-05
4911,10,0.41838127,7.368e-05
4912,10,0.46358347,7.371e-05
4913,10,0.42169100,7.371e-05
4914,10,0.39009723,7.374e-05
4915,10,0.47237182,7.374e-05
4916,10,0.46164465,7.377e-05
4917,10,0.44613251,7.377e-05
4918,10,0.47218367,7.38e-05
4919,10,0.40874529,7.38e-05
4920,10,0.49707565,7.383e-05
4921,10,0.42808756,7.383e-05
4922,10,0.46540415,7.386e-05
4923,10,0.50239432,7.386e-05
4924,10,0.43851781,7.389e-05
4925,10,0.43369883,7.389e-05
4926,10,0.40357971,7.392e-05
4927,10,0.42719358,7.392e-05
4928,10,0.43090594,7.395e-05
4929,10,0.47078985,7.395e-05
4930,10,0.49044570,7.398e-05
4931,10,0.42707834,7.398e-05
4932,10,0.50729692,7.401e-05
4933,10,0.39782581,7.401e-05
4934,10,0.38923478,7.404e-05
4935,10,0.43560633,7.404e-05
4936,10,0.43713611,7.407e-05
4937,10,0.42721039,7.407e-05
4938,10,0.50412709,7.41e-05
4939,10,0.41162679,7.41e-05
4940,10,0.39880437,7.413e-05
4941,10,0.46115300,7.413e-05
4942,10,0.42504641,7.416e-05
4943,10,0.39748240,7.416e-05
4944,10,0.45258331,7.419e-05
4945,10,0.41767272,7.419e-05
4946,10,0.39832836,7.422e-05
4947,10,0.45787162,7.422e-05
4948,10,0.47165781,7.425e-05
4949,10,0.45233461,7.425e-05
4950,10,0.40853104,7.428e-05
4951,10,0.47320658,7.428e-05
4952,10,0.44697222,7.431e-05
4953,10,0.43916005,7.431e-05
4954,10,0.40380892,7.434e-05
4955,10,0.42441520,7.434e-05
4956,10,0.44338748,7.437e-05
4957,10,0.45852455,7.437e-05
4958,10,0.48853970,7.44e-05
4959,10,0.48790464,7.44e-05
4960,10,0.39086235,7.443e-05
4961,10,0.44947982,7.443e-05
4962,10,0.41090330,7.446e-05
4963,10,0.42904252,7.446e-05
4964,10,0.40419888,7.449e-05
4965,10,0.43613920,7.449e-05
4966,10,0.49589813,7.452e-05
4967,10,0.52210343,7.452e-05
4968,10,0.43589422,7.455e-05
4969,10,0.44675779,7.455e-05
4970,10,0.42079896,7.458e-05
4971,10,0.48450872,7.458e-05
4972,10,0.47149739,7.461e-05
4973,10,0.46053892,7.461e-05
4974,10,0.37890729,7.464e-05
4975,10,0.42771339,7.464e-05
4976,10,0.43196201,7.467e-05
4977,10,0.45225033,7.467e-05
4978,10,0.40387648,7.47e-05
4979,10,0.50198811,7.47e-05
4980,10,0.47139472,7.473e-05
4981,10,0.42921090,7.473e-05
4982,10,0.47232398,7.476e-05
4983,10,0.39746308,7.476e-05
4984,10,0.43682206,7.479e-05
4985,10,0.38281175,7.479e-05
4986,10,0.41296348,7.482e-05
4987,10,0.41813239,7.482e-05
4988,10,0.40373158,7.485e-05
4989,10,0.45635054,7.485e-05
4990,10,0.41710874,7.488e-05
4991,10,0.52481580,7.488e-05
4992,10,0.44684586,7.491e-05
4993,10,0.48656797,7.491e-05
4994,10,0.42492089,7.494e-05
4995,10,0.42029762,7.494e-05
4996,10,0.48565805,7.497e-05
4997,10,0.47050866,7.497e-05
4998,10,0.42378315,7.5e-05
4999,10,0.47199905,7.5e-05
5000,10,0.45086837,7.503e-05
5001,10,0.40657192,7.503e-05
5002,10,0.49305123,7.506e-05
5003,10,0.43199241,7.506e-05
5004,10,0.42027324,7.509e-05
5005,10,0.40606904,7.509e-05
5006,10,0.40138078,7.512e-05
5007,10,0.40562519,7.512e-05
5008,10,0.44915259,7.515e-05
5009,10,0.41395462,7.515e-05
5010,10,0.39026865,7.518e-05
5011,10,0.39610410,7.518e-05
5012,10,0.36930293,7.521e-05
5013,10,0.45935076,7.521e-05
5014,10,0.41485447,7.524e-05
5015,10,0.45141539,7.524e-05
5016,10,0.39282283,7.527e-05
5017,10,0.43480250,7.527e-05
5018,10,0.48799548,7.53e-05
5019,10,0.38230774,7.53e-05
5020,10,0.46074075,7.533e-05
5021,10,0.42299756,7.533e-05
5022,10,0.39542365,7.536e-05
5023,10,0.41846055,7.536e-05
5024,10,0.40172860,7.539e-05
5025,10,0.49700177,7.539e-05
5026,10,0.45414943,7.542e-05
5027,10,0.39188093,7.542e-05
5028,10,0.46516681,7.545e-05
5029,10,0.49878317,7.545e-05
5030,10,0.41543835,7.548e-05
5031,10,0.40972608,7.548e-05
5032,10,0.41092893,7.551e-05
5033,10,0.40172285,7.551e-05
5034,10,0.46823713,7.554e-05
5035,10,0.45517540,7.554e-05
5036,10,0.45508552,7.557e-05
5037,10,0.42284900,7.557e-05
5038,10,0.46217069,7.56e-05
5039,10,0.46462750,7.56e-05
5040,10,0.45830274,7.563e-05
5041,10,0.48054463,7.563e-05
5042,10,0.38058338,7.566e-05
5043,10,0.38868803,7.566e-05
5044,10,0.42707163,7.569e-05
5045,10,0.40523219,7.569e-05
5046,10,0.43844843,7.572e-05
5047,10,0.41447264,7.572e-05
5048,10,0.46388444,7.575e-05
5049,10,0.50832826,7.575e-05
5050,10,0.46908301,7.578e-05
5051,10,0.43591344,7.578e-05
5052,10,0.49383664,7.581e-05
5053,10,0.43014643,7.581e-05
5054,10,0.45865962,7.584e-05
5055,10,0.41756257,7.584e-05
5056,10,0.42164013,7.587e-05
5057,10,0.43026015,7.587e-05
5058,10,0.44950899,7.59e-05
5059,10,0.44283745,7.59e-05
5060,10,0.46632713,7.593e-05
5061,10,0.45542878,7.593e-05
5062,10,0.45404041,7.596e-05
5063,10,0.45843768,7.596e-05
5064,10,0.40603718,7.599e-05
5065,10,0.42211854,7.599e-05
5066,10,0.40235040,7.602e-05
5067,10,0.39128625,7.602e-05
5068,10,0.43852100,7.605e-05
5069,10,0.42828482,7.605e-05
5070,10,0.42269081,7.608e-05
5071,10,0.40459675,7.608e-05
5072,10,0.46089059,7.611e-05
5073,10,0.49948764,7.611e-05
5074,10,0.41019177,7.614e-05
5075,10,0.44119543,7.614e-05
5076,10,0.43243629,7.617e-05
5077,10,0.42909473,7.617e-05
5078,10,0.41945904,7.62e-05
5079,10,0.39706564,7.62e-05
5080,10,0.42133936,7.623e-05
5081,10,0.38339037,7.623e-05
5082,10,0.48489317,7.626e-05
5083,10,0.40776333,7.626e-05
5084,10,0.44389528,7.629e-05
5085,10,0.43258214,7.629e-05
5086,10,0.44387352,7.632e-05
5087,10,0.45304126,7.632e-05
5088,10,0.41038555,7.635e-05
5089,10,0.37516731,7.635e-05
5090,10,0.41974664,7.638e-05
5091,10,0.50390118,7.638e-05
5092,10,0.42269087,7.641e-05
5093,10,0.40588045,7.641e-05
5094,10,0.38871455,7.644e-05
5095,10,0.41889030,7.644e-05
5096,10,0.43477035,7.647e-05
5097,10,0.41132841,7.647e-05
5098,10,0.51386392,7.65e-05
5099,10,0.40215093,7.65e-05
5100,10,0.43339795,7.653e-05
5101,10,0.42260122,7.653e-05
5102,10,0.42797321,7.656e-05
5103,10,0.42489427,7.656e-05
5104,10,0.41255993,7.659e-05
5105,10,0.42525145,7.659e-05
5106,10,0.43630624,7.662e-05
5107,10,0.49451429,7.662e-05
5108,10,0.44572577,7.665e-05
5109,10,0.42813286,7.665e-05
5110,10,0.44459671,7.668e-05
5111,10,0.46389768,7.668e-05
5112,10,0.40826166,7.671e-05
5113,10,0.41767177,7.671e-05
5114,10,0.47107705,7.674e-05
5115,10,0.47789907,7.674e-05
5116,10,0.41883868,7.677e-05
5117,10,0.46411228,7.677e-05
5118,10,0.50684136,7.68e-05
5119,10,0.43852517,7.68e-05
5120,10,0.43020186,7.683e-05
5121,10,0.44530398,7.683e-05
5122,10,0.44490847,7.686e-05
5123,10,0.39205155,7.686e-05
5124,10,0.42095900,7.689e-05
5125,10,0.42533481,7.689e-05
5126,10,0.44372505,7.692e-05
5127,10,0.44317374,7.692e-05
5128,10,0.42637205,7.695e-05
5129,10,0.38656545,7.695e-05
5130,10,0.43554553,7.698e-05
5131,10,0.40320706,7.698e-05
5132,10,0.46794200,7.701e-05
5133,10,0.38901097,7.701e-05
5134,10,0.53346038,7.704e-05
5135,10,0.43456995,7.704e-05
5136,10,0.43954897,7.707e-05
5137,10,0.40881437,7.707e-05
5138,10,0.48301065,7.71e-05
5139,10,0.47139889,7.71e-05
5140,10,0.45650089,7.713e-05
5141,10,0.45431376,7.713e-05
5142,10,0.45698112,7.716e-05
5143,10,0.43947563,7.716e-05
5144,10,0.47784275,7.719e-05
5145,10,0.49334615,7.719e-05
5146,10,0.46728680,7.722e-05
5147,10,0.44658619,7.722e-05
5148,10,0.45930600,7.725e-05
5149,10,0.45359504,7.725e-05
5150,10,0.49103007,7.728e-05
5151,10,0.35655063,7.728e-05
5152,10,0.46133968,7.731e-05
5153,10,0.37762648,7.731e-05
5154,10,0.43112946,7.734e-05
5155,10,0.40415663,7.734e-05
5156,10,0.50447208,7.737e-05
5157,10,0.42976373,7.737e-05
5158,10,0.37091798,7.74e-05
5159,10,0.40471873,7.74e-05
5160,10,0.40638837,7.743e-05
5161,10,0.51018077,7.743e-05
5162,10,0.48477897,7.746e-05
5163,10,0.52122104,7.746e-05
5164,10,0.42603552,7.749e-05
5165,10,0.47147626,7.749e-05
5166,10,0.42745861,7.752e-05
5167,10,0.47088286,7.752e-05
5168,10,0.44471562,7.755e-05
5169,10,0.43808898,7.755e-05
5170,10,0.43493134,7.758e-05
5171,10,0.41164136,7.758e-05
5172,10,0.41023320,7.761e-05
5173,10,0.45325252,7.761e-05
5174,10,0.45333672,7.764e-05
5175,10,0.45219421,7.764e-05
5176,10,0.51956999,7.767e-05
5177,10,0.39767063,7.767e-05
5178,10,0.46633348,7.77e-05
5179,10,0.43285450,7.77e-05
5180,10,0.43208855,7.773e-05
5181,10,0.47787091,7.773e-05
5182,10,0.46188089,7.776e-05
5183,10,0.50203675,7.776e-05
5184,10,0.43095297,7.779e-05
5185,10,0.47377455,7.779e-05
5186,10,0.51699191,7.782e-05
5187,10,0.44372627,7.782e-05
5188,10,0.46067262,7.785e-05
5189,10,0.40821952,7.785e-05
5190,10,0.36987376,7.788e-05
5191,10,0.37943059,7.788e-05
5192,10,0.52614462,7.791e-05
5193,10,0.40836009,7.791e-05
5194,10,0.45012164,7.794e-05
5195,10,0.46500176,7.794e-05
5196,10,0.42817506,7.797e-05
5197,10,0.45335090,7.797e-05
5198,10,0.38939351,7.8e-05
5199,10,0.41590077,7.8e-05
5200,10,0.47672138,7.803e-05
5201,11,0.45852384,7.803e-05
5202,11,0.44996941,7.806e-05
5203,11,0.42532176,7.806e-05
5204,11,0.45338035,7.809e-05
5205,11,0.40441632,7.809e-05
5206,11,0.44323158,7.812e-05
5207,11,0.49285096,7.812e-05
5208,11,0.46880531,7.815e-05
5209,11,0.41793475,7.815e-05
5210,11,0.45299718,7.818e-05
5211,11,0.45313209,7.818e-05
5212,11,0.42937732,7.821e-05
5213,11,0.44788462,7.821e-05
5214,11,0.41897938,7.824e-05
5215,11,0.42615312,7.824e-05
5216,11,0.46958897,7.827e-05
5217,11,0.40838176,7.827e-05
5218,11,0.45805287,7.83e-05
5219,11,0.56007111,7.83e-05
5220,11,0.41550493,7.833e-05
5221,11,0.41024977,7.833e-05
5222,11,0.43980378,7.836e-05
5223,11,0.46089756,7.836e-05
5224,11,0.43946013,7.839e-05
5225,11,0.40716216,7.839e-05
5226,11,0.42479977,7.842e-05
5227,11,0.43263787,7.842e-05
5228,11,0.41206321,7.845e-05
5229,11,0.42621911,7.845e-05
5230,11,0.47464871,7.848e-05
5231,11,0.44629258,7.848e-05
5232,11,0.48055205,7.851e-05
5233,11,0.47519439,7.851e-05
5234,11,0.42205220,7.854e-05
5235,11,0.42933393,7.854e-05
5236,11,0.50606704,7.857e-05
5237,11,0.42662978,7.857e-05
5238,11,0.40642488,7.86e-05
5239,11,0.50630474,7.86e-05
5240,11,0.39203486,7.863e-05
5241,11,0.48910567,7.863e-05
5242,11,0.46863264,7.866e-05
5243,11,0.41679081,7.866e-05
5244,11,0.49925965,7.869e-05
5245,11,0.41650075,7.869e-05
5246,11,0.39876342,7.872e-05
5247,11,0.48524964,7.872e-05
5248,11,0.41219687,7.875e-05
5249,11,0.42367703,7.875e-05
5250,11,0.36371422,7.878e-05
5251,11,0.37942857,7.878e-05
5252,11,0.44658038,7.881e-05
5253,11,0.46569341,7.881e-05
5254,11,0.38437122,7.884e-05
5255,11,0.42230806,7.884e-05
5256,11,0.44972897,7.887e-05
5257,11,0.42039201,7.887e-05
5258,11,0.37027997,7.89e-05
5259,11,0.41091371,7.89e-05
5260,11,0.45011267,7.893e-05
5261,11,0.46696132,7.893e-05
5262,11,0.47132617,7.896e-05
5263,11,0.38915890,7.896e-05
5264,11,0.43778604,7.899e-05
5265,11,0.46627769,7.899e-05
5266,11,0.40297496,7.902e-05
5267,11,0.46160269,7.902e-05
5268,11,0.39521095,7.905e-05
5269,11,0.44807631,7.905e-05
5270,11,0.35158229,7.908e-05
5271,11,0.43538985,7.908e-05
5272,11,0.49055490,7.911e-05
5273,11,0.41865286,7.911e-05
5274,11,0.41720682,7.914e-05
5275,11,0.39116806,7.914e-05
5276,11,0.41823289,7.917e-05
5277,11,0.43873614,7.917e-05
5278,11,0.45520777,7.92e-05
5279,11,0.43125743,7.92e-05
5280,11,0.49120492,7.923e-05
5281,11,0.51246613,7.923e-05
5282,11,0.39766830,7.926e-05
5283,11,0.43083864,7.926e-05
5284,11,0.45466575,7.929e-05
5285,11,0.38978553,7.929e-05
5286,11,0.47636789,7.932e-05
5287,11,0.52087414,7.932e-05
5288,11,0.46051711,7.935e-05
5289,11,0.40810019,7.935e-05
5290,11,0.48558661,7.938e-05
5291,11,0.47794577,7.938e-05
5292,11,0.36337027,7.941e-05
5293,11,0.39297599,7.941e-05
5294,11,0.41828793,7.944e-05
5295,11,0.42633519,7.944e-05
5296,11,0.42790899,7.947e-05
5297,11,0.45297369,7.947e-05
5298,11,0.43688890,7.95e-05
5299,11,0.45503765,7.95e-05
5300,11,0.45520973,7.953e-05
5301,11,0.38681659,7.953e-05
5302,11,0.39419317,7.956e-05
5303,11,0.48257574,7.956e-05
5304,11,0.40112334,7.959e-05
5305,11,0.42289925,7.959e-05
5306,11,0.39316791,7.962e-05
5307,11,0.46234852,7.962e-05
5308,11,0.39603472,7.965e-05
5309,11,0.39894885,7.965e-05
5310,11,0.37342545,7.968e-05
5311,11,0.48266828,7.968e-05
5312,11,0.47289246,7.971e-05
5313,11,0.40357733,7.971e-05
5314,11,0.49576804,7.974e-05
5315,11,0.46040362,7.974e-05
5316,11,0.39872044,7.977e-05
5317,11,0.46824270,7.977e-05
5318,11,0.49162480,7.98e-05
5319,11,0.42196077,7.98e-05
5320,11,0.39578438,7.983e-05
5321,11,0.43234468,7.983e-05
5322,11,0.37585148,7.986e-05
5323,11,0.41608092,7.986e-05
5324,11,0.41164905,7.989e-05
5325,11,0.39408010,7.989e-05
5326,11,0.40283334,7.992e-05
5327,11,0.42778724,7.992e-05
5328,11,0.45866999,7.995e-05
5329,11,0.51336044,7.995e-05
5330,11,0.44027066,7.998e-05
5331,11,0.48042855,7.998e-05
5332,11,0.52625740,8.001e-05
5333,11,0.46853584,8.001e-05
5334,11,0.44211325,8.004e-05
5335,11,0.41574332,8.004e-05
5336,11,0.37523922,8.007e-05
5337,11,0.51288509,8.007e-05
5338,11,0.45293677,8.01e-05
5339,11,0.39977556,8.01e-05
5340,11,0.49526477,8.013e-05
5341,11,0.45908159,8.013e-05
5342,11,0.42637643,8.016e-05
5343,11,0.40590939,8.016e-05
5344,11,0.46764058,8.019e-05
5345,11,0.42771968,8.019e-05
5346,11,0.38894463,8.022e-05
5347,11,0.44377455,8.022e-05
5348,11,0.45022544,8.025e-05
5349,11,0.44854793,8.025e-05
5350,11,0.44919777,8.028e-05
5351,11,0.42136461,8.028e-05
5352,11,0.44539517,8.031e-05
5353,11,0.43410802,8.031e-05
5354,11,0.46609911,8.034e-05
5355,11,0.42475557,8.034e-05
5356,11,0.46740258,8.037e-05
5357,11,0.39454675,8.037e-05
5358,11,0.45457834,8.04e-05
5359,11,0.43828580,8.04e-05
5360,11,0.43170750,8.043e-05
5361,11,0.48697063,8.043e-05
5362,11,0.41421637,8.046e-05
5363,11,0.45521316,8.046e-05
5364,11,0.41935641,8.049e-05
5365,11,0.38917241,8.049e-05
5366,11,0.40279540,8.052e-05
5367,11,0.43426478,8.052e-05
5368,11,0.43506014,8.055e-05
5369,11,0.38425502,8.055e-05
5370,11,0.43700656,8.058e-05
5371,11,0.43305525,8.058e-05
5372,11,0.44670984,8.061e-05
5373,11,0.41602871,8.061e-05
5374,11,0.52364701,8.064e-05
5375,11,0.42129964,8.064e-05
5376,11,0.46949264,8.067e-05
5377,11,0.43197745,8.067e-05
5378,11,0.40878981,8.07e-05
5379,11,0.47237226,8.07e-05
5380,11,0.42546269,8.073e-05
5381,11,0.39689314,8.073e-05
5382,11,0.43762696,8.076e-05
5383,11,0.43318337,8.076e-05
5384,11,0.48478281,8.079e-05
5385,11,0.41692162,8.079e-05
5386,11,0.44242296,8.082e-05
5387,11,0.39979309,8.082e-05
5388,11,0.43901932,8.085e-05
5389,11,0.46087968,8.085e-05
5390,11,0.47599575,8.088e-05
5391,11,0.41455421,8.088e-05
5392,11,0.46133503,8.091e-05
5393,11,0.44297716,8.091e-05
5394,11,0.40704298,8.094e-05
5395,11,0.40309072,8.094e-05
5396,11,0.42634496,8.097e-05
5397,11,0.39401609,8.097e-05
5398,11,0.42129105,8.1e-05
5399,11,0.43403578,8.1e-05
5400,11,0.37531805,8.103e-05
5401,11,0.43242186,8.103e-05
5402,11,0.43239355,8.106e-05
5403,11,0.48061639,8.106e-05
5404,11,0.50568247,8.109e-05
5405,11,0.45382369,8.109e-05
5406,11,0.44836497,8.112e-05
5407,11,0.46275648,8.112e-05
5408,11,0.45719486,8.115e-05
5409,11,0.41337818,8.115e-05
5410,11,0.40770933,8.118e-05
5411,11,0.42235968,8.118e-05
5412,11,0.37297174,8.121e-05
5413,11,0.43754309,8.121e-05
5414,11,0.39135289,8.124e-05
5415,11,0.46071154,8.124e-05
5416,11,0.41926783,8.127e-05
5417,11,0.36539072,8.127e-05
5418,11,0.44701689,8.13e-05
5419,11,0.53356767,8.13e-05
5420,11,0.42394966,8.133e-05
5421,11,0.51282644,8.133e-05
5422,11,0.44282588,8.136e-05
5423,11,0.39702225,8.136e-05
5424,11,0.42214823,8.139e-05
5425,11,0.43342292,8.139e-05
5426,11,0.43565723,8.142e-05
5427,11,0.42048857,8.142e-05
5428,11,0.44952807,8.145e-05
5429,11,0.42472070,8.145e-05
5430,11,0.48751077,8.148e-05
5431,11,0.44926089,8.148e-05
5432,11,0.38943553,8.151e-05
5433,11,0.39046153,8.151e-05
5434,11,0.44244230,8.154e-05
5435,11,0.47471094,8.154e-05
5436,11,0.43552536,8.157e-05
5437,11,0.42445824,8.157e-05
5438,11,0.43530092,8.16e-05
5439,11,0.44100067,8.16e-05
5440,11,0.39367208,8.163e-05
5441,11,0.43743539,8.163e-05
5442,11,0.42175660,8.166e-05
5443,11,0.41035217,8.166e-05
5444,11,0.51266867,8.169e-05
5445,11,0.42576286,8.169e-05
5446,11,0.44502363,8.172e-05
5447,11,0.42305779,8.172e-05
5448,11,0.45027900,8.175e-05
5449,11,0.43139178,8.175e-05
5450,11,0.47458947,8.178e-05
5451,11,0.41961926,8.178e-05
5452,11,0.42816314,8.181e-05
5453,11,0.47867459,8.181e-05
5454,11,0.44017395,8.184e-05
5455,11,0.44952998,8.184e-05
5456,11,0.43361384,8.187e-05
5457,11,0.47178286,8.187e-05
5458,11,0.43024790,8.19e-05
5459,11,0.40498519,8.19e-05
5460,11,0.38405830,8.193e-05
5461,11,0.50971222,8.193e-05
5462,11,0.39226061,8.196e-05
5463,11,0.51445472,8.196e-05
5464,11,0.48568869,8.199e-05
5465,11,0.43261522,8.199e-05
5466,11,0.47042355,8.202e-05
5467,11,0.48503518,8.202e-05
5468,11,0.42922029,8.205e-05
5469,11,0.40672821,8.205e-05
5470,11,0.39521846,8.208e-05
5471,11,0.46144170,8.208e-05
5472,11,0.43019706,8.211e-05
5473,11,0.44300327,8.211e-05
5474,11,0.38728702,8.214e-05
5475,11,0.38788033,8.214e-05
5476,11,0.45308083,8.217e-05
5477,11,0.50090545,8.217e-05
5478,11,0.45079112,8.22e-05
5479,11,0.43240404,8.22e-05
5480,11,0.49507082,8.223e-05
5481,11,0.43211466,8.223e-05
5482,11,0.44154951,8.226e-05
5483,11,0.45776865,8.226e-05
5484,11,0.42072722,8.229e-05
5485,11,0.39092708,8.229e-05
5486,11,0.37883624,8.232e-05
5487,11,0.44372043,8.232e-05
5488,11,0.43279958,8.235e-05
5489,11,0.45497322,8.235e-05
5490,11,0.39945254,8.238e-05
5491,11,0.45533845,8.238e-05
5492,11,0.41225940,8.241e-05
5493,11,0.46265775,8.241e-05
5494,11,0.44134110,8.244e-05
5495,11,0.42840427,8.244e-05
5496,11,0.44816574,8.247e-05
5497,11,0.41249347,8.247e-05
5498,11,0.40084538,8.25e-05
5499,11,0.43782163,8.25e-05
5500,11,0.40674862,8.253e-05
5501,11,0.41605639,8.253e-05
5502,11,0.43098927,8.256e-05
5503,11,0.37754744,8.256e-05
5504,11,0.36472517,8.259e-05
5505,11,0.41476464,8.259e-05
5506,11,0.49839696,8.262e-05
5507,11,0.38136113,8.262e-05
5508,11,0.42183775,8.265e-05
5509,11,0.43905482,8.265e-05
5510,11,0.43434089,8.268e-05
5511,11,0.40493292,8.268e-05
5512,11,0.49108988,8.271e-05
5513,11,0.42748162,8.271e-05
5514,11,0.33162114,8.274e-05
5515,11,0.42631659,8.274e-05
5516,11,0.56169337,8.277e-05
5517,11,0.43177211,8.277e-05
5518,11,0.42024785,8.28e-05
5519,11,0.42052588,8.28e-05
5520,11,0.44753140,8.283e-05
5521,11,0.47983271,8.283e-05
5522,11,0.40612921,8.286e-05
5523,11,0.38174337,8.286e-05
5524,11,0.40775162,8.289e-05
5525,11,0.45781463,8.289e-05
5526,11,0.41526538,8.292e-05
5527,11,0.39691183,8.292e-05
5528,11,0.37701607,8.295e-05
5529,11,0.49285680,8.295e-05
5530,11,0.40204951,8.298e-05
5531,11,0.45043492,8.298e-05
5532,11,0.40904531,8.301e-05
5533,11,0.41790122,8.301e-05
5534,11,0.46620178,8.304e-05
5535,11,0.38657618,8.304e-05
5536,11,0.48480034,8.307e-05
5537,11,0.47610062,8.307e-05
5538,11,0.43898225,8.31e-05
5539,11,0.36130118,8.31e-05
5540,11,0.42739773,8.313e-05
5541,11,0.41183552,8.313e-05
5542,11,0.49533805,8.316e-05
5543,11,0.42408976,8.316e-05
5544,11,0.41507086,8.319e-05
5545,11,0.43747151,8.319e-05
5546,11,0.42563781,8.322e-05
5547,11,0.40486050,8.322e-05
5548,11,0.41241169,8.325e-05
5549,11,0.37236580,8.325e-05
5550,11,0.42777944,8.328e-05
5551,11,0.46394473,8.328e-05
5552,11,0.39427274,8.331e-05
5553,11,0.44681951,8.331e-05
5554,11,0.37034249,8.334e-05
5555,11,0.38581532,8.334e-05
5556,11,0.37350377,8.337e-05
5557,11,0.42918587,8.337e-05
5558,11,0.41065413,8.34e-05
5559,11,0.45178527,8.34e-05
5560,11,0.39476752,8.343e-05
5561,11,0.42436504,8.343e-05
5562,11,0.38251585,8.346e-05
5563,11,0.40578556,8.346e-05
5564,11,0.42355213,8.349e-05
5565,11,0.39428872,8.349e-05
5566,11,0.51313430,8.352e-05
5567,11,0.45665002,8.352e-05
5568,11,0.38931453,8.355e-05
5569,11,0.47894913,8.355e-05
5570,11,0.42588505,8.358e-05
5571,11,0.43850109,8.358e-05
5572,11,0.38174534,8.361e-05
5573,11,0.40981424,8.361e-05
5574,11,0.44752714,8.364e-05
5575,11,0.45272940,8.364e-05
5576,11,0.41549596,8.367e-05
5577,11,0.40851030,8.367e-05
5578,11,0.37949067,8.37e-05
5579,11,0.46322200,8.37e-05
5580,11,0.46071601,8.373e-05
5581,11,0.38750848,8.373e-05
5582,11,0.43898290,8.376e-05
5583,11,0.39200625,8.376e-05
5584,11,0.44136891,8.379e-05
5585,11,0.48832697,8.379e-05
5586,11,0.38362044,8.382e-05
5587,11,0.45065889,8.382e-05
5588,11,0.37824735,8.385e-05
5589,11,0.47034663,8.385e-05
5590,11,0.40175554,8.388e-05
5591,11,0.43093500,8.388e-05
5592,11,0.40521523,8.391e-05
5593,11,0.47043425,8.391e-05
5594,11,0.51943630,8.394e-05
5595,11,0.47199410,8.394e-05
5596,11,0.38458443,8.397e-05
5597,11,0.45104718,8.397e-05
5598,11,0.47690949,8.4e-05
5599,11,0.45332417,8.4e-05
5600,11,0.44346532,8.403e-05
5601,11,0.43004543,8.403e-05
5602,11,0.45105967,8.406e-05
5603,11,0.44104347,8.406e-05
5604,11,0.44832051,8.409e-05
5605,11,0.39690489,8.409e-05
5606,11,0.41368645,8.412e-05
5607,11,0.38240093,8.412e-05
5608,11,0.45828700,8.415e-05
5609,11,0.42231607,8.415e-05
5610,11,0.47784913,8.418e-05
5611,11,0.43691790,8.418e-05
5612,11,0.44382042,8.421e-05
5613,11,0.44920659,8.421e-05
5614,11,0.44855160,8.424e-05
5615,11,0.47975224,8.424e-05
5616,11,0.41061395,8.427e-05
5617,11,0.39663297,8.427e-05
5618,11,0.44502854,8.43e-05
5619,11,0.44173449,8.43e-05
5620,11,0.45306039,8.433e-05
5621,11,0.47513056,8.433e-05
5622,11,0.42117247,8.436e-05
5623,11,0.45445734,8.436e-05
5624,11,0.47164226,8.439e-05
5625,11,0.48849535,8.439e-05
5626,11,0.40511793,8.442e-05
5627,11,0.42294893,8.442e-05
5628,11,0.47385535,8.445e-05
5629,11,0.41025230,8.445e-05
5630,11,0.43391073,8.448e-05
5631,11,0.41024160,8.448e-05
5632,11,0.40673551,8.451e-05
5633,11,0.46663556,8.451e-05
5634,11,0.37974632,8.454e-05
5635,11,0.41484398,8.454e-05
5636,11,0.38690934,8.457e-05
5637,11,0.43319947,8.457e-05
5638,11,0.45137104,8.46e-05
5639,11,0.44681704,8.46e-05
5640,11,0.43528980,8.463e-05
5641,11,0.40060687,8.463e-05
5642,11,0.39298558,8.466e-05
5643,11,0.43581963,8.466e-05
5644,11,0.50550383,8.469e-05
5645,11,0.45340186,8.469e-05
5646,11,0.37750095,8.472e-05
5647,11,0.48049444,8.472e-05
5648,11,0.45466852,8.475e-05
5649,11,0.43151945,8.475e-05
5650,11,0.41797680,8.478e-05
5651,11,0.42814469,8.478e-05
5652,11,0.46030769,8.481e-05
5653,11,0.53497005,8.481e-05
5654,11,0.45650053,8.484e-05
5655,11,0.40121263,8.484e-05
5656,11,0.42029673,8.487e-05
5657,11,0.40637892,8.487e-05
5658,11,0.42669749,8.49e-05
5659,11,0.43052107,8.49e-05
5660,11,0.39223474,8.493e-05
5661,11,0.47962254,8.493e-05
5662,11,0.41418171,8.496e-05
5663,11,0.46206650,8.496e-05
5664,11,0.45803270,8.499e-05
5665,11,0.43659842,8.499e-05
5666,11,0.44083676,8.502e-05
5667,11,0.44113892,8.502e-05
5668,11,0.54575568,8.505e-05
5669,11,0.40493268,8.505e-05
5670,11,0.46885657,8.508e-05
5671,11,0.51493108,8.508e-05
5672,11,0.47833729,8.511e-05
5673,11,0.42553407,8.511e-05
5674,11,0.46710953,8.514e-05
5675,11,0.40235540,8.514e-05
5676,11,0.41934788,8.517e-05
5677,11,0.46218705,8.517e-05
5678,11,0.46751094,8.52e-05
5679,11,0.44107789,8.52e-05
5680,11,0.39472577,8.523e-05
5681,11,0.42824167,8.523e-05
5682,11,0.42578447,8.526e-05
5683,11,0.41512936,8.526e-05
5684,11,0.44509158,8.529e-05
5685,11,0.44959110,8.529e-05
5686,11,0.36725497,8.532e-05
5687,11,0.45021099,8.532e-05
5688,11,0.40750653,8.535e-05
5689,11,0.39623642,8.535e-05
5690,11,0.37875038,8.538e-05
5691,11,0.44303507,8.538e-05
5692,11,0.41977310,8.541e-05
5693,11,0.34775794,8.541e-05
5694,11,0.40889996,8.544e-05
5695,11,0.46706319,8.544e-05
5696,11,0.46239078,8.547e-05
5697,11,0.39747152,8.547e-05
5698,11,0.42097044,8.55e-05
5699,11,0.52101421,8.55e-05
5700,11,0.42729080,8.553e-05
5701,11,0.45437908,8.553e-05
5702,11,0.37464952,8.556e-05
5703,11,0.40729558,8.556e-05
5704,11,0.38937628,8.559e-05
5705,11,0.42073977,8.559e-05
5706,11,0.48847818,8.562e-05
5707,11,0.45839310,8.562e-05
5708,11,0.40871724,8.565e-05
5709,11,0.38026285,8.565e-05
5710,11,0.40411124,8.568e-05
5711,11,0.43150362,8.568e-05
5712,11,0.41799840,8.571e-05
5713,11,0.37959641,8.571e-05
5714,11,0.43865925,8.574e-05
5715,11,0.40751109,8.574e-05
5716,11,0.46707186,8.577e-05
5717,11,0.40756023,8.577e-05
5718,11,0.39439654,8.58e-05
5719,11,0.47082818,8.58e-05
5720,11,0.39979953,8.583e-05
5721,12,0.44041246,8.583e-05
5722,12,0.39280459,8.586e-05
5723,12,0.42315626,8.586e-05
5724,12,0.43049031,8.589e-05
5725,12,0.45542902,8.589e-05
5726,12,0.45773196,8.592e-05
5727,12,0.42037329,8.592e-05
5728,12,0.39421594,8.595e-05
5729,12,0.44983780,8.595e-05
5730,12,0.36622509,8.598e-05
5731,12,0.44304809,8.598e-05
5732,12,0.39717650,8.601e-05
5733,12,0.40353855,8.601e-05
5734,12,0.44649565,8.604e-05
5735,12,0.37297690,8.604e-05
5736,12,0.51272905,8.607e-05
5737,12,0.51254356,8.607e-05
5738,12,0.43926322,8.61e-05
5739,12,0.38481534,8.61e-05
5740,12,0.44289345,8.613e-05
5741,12,0.47271025,8.613e-05
5742,12,0.44833249,8.616e-05
5743,12,0.39252159,8.616e-05
5744,12,0.48534393,8.619e-05
5745,12,0.40404809,8.619e-05
5746,12,0.43218610,8.622e-05
5747,12,0.45339584,8.622e-05
5748,12,0.39709705,8.625e-05
5749,12,0.42639038,8.625e-05
5750,12,0.43049419,8.628e-05
5751,12,0.43925411,8.628e-05
5752,12,0.47289544,8.631e-05
5753,12,0.41917080,8.631e-05
5754,12,0.42863521,8.634e-05
5755,12,0.39337754,8.634e-05
5756,12,0.41011328,8.637e-05
5757,12,0.41065788,8.637e-05
5758,12,0.44609028,8.64e-05
5759,12,0.37654823,8.64e-05
5760,12,0.42144856,8.643e-05
5761,12,0.43554461,8.643e-05
5762,12,0.42115730,8.646e-05
5763,12,0.37072048,8.646e-05
5764,12,0.41545627,8.649e-05
5765,12,0.46050131,8.649e-05
5766,12,0.43690580,8.652e-05
5767,12,0.45010108,8.652e-05
5768,12,0.44505391,8.655e-05
5769,12,0.46265727,8.655e-05
5770,12,0.42895311,8.658e-05
5771,12,0.44032988,8.658e-05
5772,12,0.38690656,8.661e-05
5773,12,0.39127180,8.661e-05
5774,12,0.44948256,8.664e-05
5775,12,0.44726032,8.664e-05
5776,12,0.38587981,8.667e-05
5777,12,0.46274197,8.667e-05
5778,12,0.41197690,8.67e-05
5779,12,0.45713401,8.67e-05
5780,12,0.42814228,8.673e-05
5781,12,0.45726368,8.673e-05
5782,12,0.39385149,8.676e-05
5783,12,0.38518184,8.676e-05
5784,12,0.42619175,8.679e-05
5785,12,0.41351360,8.679e-05
5786,12,0.41078675,8.682e-05
5787,12,0.39103717,8.682e-05
5788,12,0.44317913,8.685e-05
5789,12,0.43316841,8.685e-05
5790,12,0.41700214,8.688e-05
5791,12,0.39701372,8.688e-05
5792,12,0.47175789,8.691e-05
5793,12,0.46986336,8.691e-05
5794,12,0.42740139,8.694e-05
5795,12,0.42662209,8.694e-05
5796,12,0.43448377,8.697e-05
5797,12,0.41187987,8.697e-05
5798,12,0.39595002,8.7e-05
5799,12,0.41261634,8.7e-05
5800,12,0.34557456,8.703e-05
5801,12,0.47199178,8.703e-05
5802,12,0.41926393,8.706e-05
5803,12,0.49875510,8.706e-05
5804,12,0.39534402,8.709e-05
5805,12,0.51639235,8.709e-05
5806,12,0.42100248,8.712e-05
5807,12,0.50052798,8.712e-05
5808,12,0.46833023,8.715e-05
5809,12,0.39413685,8.715e-05
5810,12,0.33471721,8.718e-05
5811,12,0.37450475,8.718e-05
5812,12,0.34252733,8.721e-05
5813,12,0.46818718,8.721e-05
5814,12,0.49501711,8.724e-05
5815,12,0.45449811,8.724e-05
5816,12,0.43283886,8.727e-05
5817,12,0.38142538,8.727e-05
5818,12,0.42494267,8.73e-05
5819,12,0.39146465,8.73e-05
5820,12,0.44669086,8.733e-05
5821,12,0.37395763,8.733e-05
5822,12,0.41971678,8.736e-05
5823,12,0.36938629,8.736e-05
5824,12,0.40401065,8.739e-05
5825,12,0.37641895,8.739e-05
5826,12,0.45040721,8.742e-05
5827,12,0.47129512,8.742e-05
5828,12,0.40141422,8.745e-05
5829,12,0.42933190,8.745e-05
5830,12,0.45256656,8.748e-05
5831,12,0.36554259,8.748e-05
5832,12,0.43703127,8.751e-05
5833,12,0.44282627,8.751e-05
5834,12,0.42318720,8.754e-05
5835,12,0.39959449,8.754e-05
5836,12,0.42547247,8.757e-05
5837,12,0.38538560,8.757e-05
5838,12,0.38924664,8.76e-05
5839,12,0.35788661,8.76e-05
5840,12,0.38155842,8.763e-05
5841,12,0.47024751,8.763e-05
5842,12,0.39570948,8.766e-05
5843,12,0.44328594,8.766e-05
5844,12,0.47933862,8.769e-05
5845,12,0.39854535,8.769e-05
5846,12,0.39686489,8.772e-05
5847,12,0.42145127,8.772e-05
5848,12,0.37079757,8.775e-05
5849,12,0.48661289,8.775e-05
5850,12,0.45346642,8.778e-05
5851,12,0.43747410,8.778e-05
5852,12,0.38613185,8.781e-05
5853,12,0.47075838,8.781e-05
5854,12,0.46687645,8.784e-05
5855,12,0.42059171,8.784e-05
5856,12,0.41977900,8.787e-05
5857,12,0.41897255,8.787e-05
5858,12,0.41327924,8.79e-05
5859,12,0.42983258,8.79e-05
5860,12,0.48045594,8.793e-05
5861,12,0.43667084,8.793e-05
5862,12,0.40105170,8.796e-05
5863,12,0.46497291,8.796e-05
5864,12,0.39876366,8.799e-05
5865,12,0.40862840,8.799e-05
5866,12,0.43004608,8.802e-05
5867,12,0.43825853,8.802e-05
5868,12,0.42056710,8.805e-05
5869,12,0.44702038,8.805e-05
5870,12,0.40150887,8.808e-05
5871,12,0.49350736,8.808e-05
5872,12,0.49404868,8.811e-05
5873,12,0.39458585,8.811e-05
5874,12,0.43423122,8.814e-05
5875,12,0.43517527,8.814e-05
5876,12,0.46466345,8.817e-05
5877,12,0.37623668,8.817e-05
5878,12,0.44180274,8.82e-05
5879,12,0.41821223,8.82e-05
5880,12,0.39710245,8.823e-05
5881,12,0.43014091,8.823e-05
5882,12,0.41508114,8.826e-05
5883,12,0.48110861,8.826e-05
5884,12,0.42089185,8.829e-05
5885,12,0.39641327,8.829e-05
5886,12,0.47290492,8.832e-05
5887,12,0.42018279,8.832e-05
5888,12,0.49437165,8.835e-05
5889,12,0.47326097,8.835e-05
5890,12,0.39620179,8.838e-05
5891,12,0.39845204,8.838e-05
5892,12,0.45503592,8.841e-05
5893,12,0.40391469,8.841e-05
5894,12,0.43515918,8.844e-05
5895,12,0.38636607,8.844e-05
5896,12,0.39863539,8.847e-05
5897,12,0.46731684,8.847e-05
5898,12,0.45365307,8.85e-05
5899,12,0.45346189,8.85e-05
5900,12,0.47154313,8.853e-05
5901,12,0.41711760,8.853e-05
5902,12,0.44642550,8.856e-05
5903,12,0.38489538,8.856e-05
5904,12,0.40061873,8.859e-05
5905,12,0.40283906,8.859e-05
5906,12,0.45907423,8.862e-05
5907,12,0.45427513,8.862e-05
5908,12,0.46745071,8.865e-05
5909,12,0.39016125,8.865e-05
5910,12,0.35197425,8.868e-05
5911,12,0.42859790,8.868e-05
5912,12,0.44502968,8.871e-05
5913,12,0.40897498,8.871e-05
5914,12,0.40142393,8.874e-05
5915,12,0.44881153,8.874e-05
5916,12,0.39643964,8.877e-05
5917,12,0.46504077,8.877e-05
5918,12,0.41866216,8.88e-05
5919,12,0.39021492,8.88e-05
5920,12,0.44657385,8.883e-05
5921,12,0.40457433,8.883e-05
5922,12,0.41264725,8.886e-05
5923,12,0.40824485,8.886e-05
5924,12,0.41093597,8.889e-05
5925,12,0.51001823,8.889e-05
5926,12,0.38033065,8.892e-05
5927,12,0.44013390,8.892e-05
5928,12,0.44469851,8.895e-05
5929,12,0.39201880,8.895e-05
5930,12,0.41965413,8.898e-05
5931,12,0.44654331,8.898e-05
5932,12,0.39014432,8.901e-05
5933,12,0.41827250,8.901e-05
5934,12,0.48116788,8.904e-05
5935,12,0.35385889,8.904e-05
5936,12,0.44343156,8.907e-05
5937,12,0.46470076,8.907e-05
5938,12,0.49507475,8.91e-05
5939,12,0.33718467,8.91e-05
5940,12,0.40424848,8.913e-05
5941,12,0.45637104,8.913e-05
5942,12,0.45208248,8.916e-05
5943,12,0.44000411,8.916e-05
5944,12,0.41616201,8.919e-05
5945,12,0.45344251,8.919e-05
5946,12,0.40981448,8.922e-05
5947,12,0.41727757,8.922e-05
5948,12,0.42788988,8.925e-05
5949,12,0.43302524,8.925e-05
5950,12,0.43845814,8.928e-05
5951,12,0.39448053,8.928e-05
5952,12,0.42222023,8.931e-05
5953,12,0.42754668,8.931e-05
5954,12,0.38126475,8.934e-05
5955,12,0.46030277,8.934e-05
5956,12,0.51546562,8.937e-05
5957,12,0.38951966,8.937e-05
5958,12,0.42782325,8.94e-05
5959,12,0.42413315,8.94e-05
5960,12,0.39154297,8.943e-05
5961,12,0.42046946,8.943e-05
5962,12,0.43531299,8.946e-05
5963,12,0.39953488,8.946e-05
5964,12,0.40765613,8.949e-05
5965,12,0.41796517,8.949e-05
5966,12,0.46699524,8.952e-05
5967,12,0.38571078,8.952e-05
5968,12,0.42272398,8.955e-05
5969,12,0.41934580,8.955e-05
5970,12,0.49983627,8.958e-05
5971,12,0.34891367,8.958e-05
5972,12,0.39296782,8.961e-05
5973,12,0.42386016,8.961e-05
5974,12,0.46765339,8.964e-05
5975,12,0.45949364,8.964e-05
5976,12,0.41488284,8.967e-05
5977,12,0.45213884,8.967e-05
5978,12,0.42812595,8.97e-05
5979,12,0.40296066,8.97e-05
5980,12,0.42055532,8.973e-05
5981,12,0.43797451,8.973e-05
5982,12,0.42339191,8.976e-05
5983,12,0.41564965,8.976e-05
5984,12,0.40383333,8.979e-05
5985,12,0.35648426,8.979e-05
5986,12,0.39071557,8.982e-05
5987,12,0.41288823,8.982e-05
5988,12,0.42764589,8.985e-05
5989,12,0.44153625,8.985e-05
5990,12,0.44368172,8.988e-05
5991,12,0.44795236,8.988e-05
5992,12,0.42209968,8.991e-05
5993,12,0.43335390,8.991e-05
5994,12,0.42215800,8.994e-05
5995,12,0.42590761,8.994e-05
5996,12,0.40783641,8.997e-05
5997,12,0.47512019,8.997e-05
5998,12,0.42645890,9e-05
5999,12,0.42942891,9e-05
6000,12,0.42663297,9.003e-05
6001,12,0.44602904,9.003e-05
6002,12,0.44334143,9.006e-05
6003,12,0.37154055,9.006e-05
6004,12,0.41472051,9.009e-05
6005,12,0.33269310,9.009e-05
6006,12,0.40120539,9.012e-05
6007,12,0.45583415,9.012e-05
6008,12,0.37228546,9.015e-05
6009,12,0.43019474,9.015e-05
6010,12,0.41062140,9.018e-05
6011,12,0.43736169,9.018e-05
6012,12,0.39903641,9.021e-05
6013,12,0.49101898,9.021e-05
6014,12,0.43182492,9.024e-05
6015,12,0.46842965,9.024e-05
6016,12,0.38542819,9.027e-05
6017,12,0.42610878,9.027e-05
6018,12,0.42465910,9.03e-05
6019,12,0.45524573,9.03e-05
6020,12,0.39981389,9.033e-05
6021,12,0.42636299,9.033e-05
6022,12,0.38594031,9.036e-05
6023,12,0.35968503,9.036e-05
6024,12,0.44818062,9.039e-05
6025,12,0.47242674,9.039e-05
6026,12,0.45446610,9.042e-05
6027,12,0.46886763,9.042e-05
6028,12,0.42523322,9.045e-05
6029,12,0.43773794,9.045e-05
6030,12,0.41307077,9.048e-05
6031,12,0.43936157,9.048e-05
6032,12,0.40918493,9.051e-05
6033,12,0.41670382,9.051e-05
6034,12,0.40259713,9.054e-05
6035,12,0.49828359,9.054e-05
6036,12,0.39090317,9.057e-05
6037,12,0.43704528,9.057e-05
6038,12,0.40416682,9.06e-05
6039,12,0.39293146,9.06e-05
6040,12,0.41913718,9.063e-05
6041,12,0.41028631,9.063e-05
6042,12,0.43979543,9.066e-05
6043,12,0.44349965,9.066e-05
6044,12,0.44191918,9.069e-05
6045,12,0.38419312,9.069e-05
6046,12,0.47109836,9.072e-05
6047,12,0.46978018,9.072e-05
6048,12,0.37143677,9.075e-05
6049,12,0.45323047,9.075e-05
6050,12,0.38076615,9.078e-05
6051,12,0.32242107,9.078e-05
6052,12,0.39543661,9.081e-05
6053,12,0.46595523,9.081e-05
6054,12,0.42267358,9.084e-05
6055,12,0.44800228,9.084e-05
6056,12,0.45958471,9.087e-05
6057,12,0.41956490,9.087e-05
6058,12,0.43231511,9.09e-05
6059,12,0.43419299,9.09e-05
6060,12,0.47383425,9.093e-05
6061,12,0.45743608,9.093e-05
6062,12,0.49870691,9.096e-05
6063,12,0.37772474,9.096e-05
6064,12,0.42070603,9.099e-05
6065,12,0.40277153,9.099e-05
6066,12,0.43226314,9.102e-05
6067,12,0.39033252,9.102e-05
6068,12,0.43650168,9.105e-05
6069,12,0.40947694,9.105e-05
6070,12,0.44664487,9.108e-05
6071,12,0.47868896,9.108e-05
6072,12,0.44009399,9.111e-05
6073,12,0.43577051,9.111e-05
6074,12,0.41834211,9.114e-05
6075,12,0.44213122,9.114e-05
6076,12,0.40921807,9.117e-05
6077,12,0.42304105,9.117e-05
6078,12,0.46412882,9.12e-05
6079,12,0.45609754,9.12e-05
6080,12,0.44386858,9.123e-05
6081,12,0.44465309,9.123e-05
6082,12,0.45786107,9.126e-05
6083,12,0.45881867,9.126e-05
6084,12,0.38875064,9.129e-05
6085,12,0.40077984,9.129e-05
6086,12,0.39016169,9.132e-05
6087,12,0.40724525,9.132e-05
6088,12,0.43597806,9.135e-05
6089,12,0.47991252,9.135e-05
6090,12,0.43260750,9.138e-05
6091,12,0.42622882,9.138e-05
6092,12,0.48084462,9.141e-05
6093,12,0.36238545,9.141e-05
6094,12,0.43698630,9.144e-05
6095,12,0.47304365,9.144e-05
6096,12,0.45732832,9.147e-05
6097,12,0.51328278,9.147e-05
6098,12,0.47956872,9.15e-05
6099,12,0.48712152,9.15e-05
6100,12,0.42648035,9.153e-05
6101,12,0.42888927,9.153e-05
6102,12,0.40856203,9.156e-05
6103,12,0.40519744,9.156e-05
6104,12,0.44732258,9.159e-05
6105,12,0.39621878,9.159e-05
6106,12,0.38846588,9.162e-05
6107,12,0.43473864,9.162e-05
6108,12,0.39778313,9.165e-05
6109,12,0.42773700,9.165e-05
6110,12,0.41970500,9.168e-05
6111,12,0.40207526,9.168e-05
6112,12,0.44298041,9.171e-05
6113,12,0.41322884,9.171e-05
6114,12,0.45896131,9.174e-05
6115,12,0.42997989,9.174e-05
6116,12,0.42154950,9.177e-05
6117,12,0.44352758,9.177e-05
6118,12,0.39191437,9.18e-05
6119,12,0.45880455,9.18e-05
6120,12,0.44583794,9.183e-05
6121,12,0.43284589,9.183e-05
6122,12,0.38388842,9.186e-05
6123,12,0.49541211,9.186e-05
6124,12,0.40026402,9.189e-05
6125,12,0.39708576,9.189e-05
6126,12,0.40459463,9.192e-05
6127,12,0.47784656,9.192e-05
6128,12,0.41944712,9.195e-05
6129,12,0.42470151,9.195e-05
6130,12,0.48052377,9.198e-05
6131,12,0.35708028,9.198e-05
6132,12,0.49124905,9.201e-05
6133,12,0.44774717,9.201e-05
6134,12,0.45224756,9.204e-05
6135,12,0.45466208,9.204e-05
6136,12,0.44658774,9.207e-05
6137,12,0.42336559,9.207e-05
6138,12,0.36265907,9.21e-05
6139,12,0.42024049,9.21e-05
6140,12,0.41043562,9.213e-05
6141,12,0.49895233,9.213e-05
6142,12,0.38476413,9.216e-05
6143,12,0.45419115,9.216e-05
6144,12,0.41467559,9.219e-05
6145,12,0.44612646,9.219e-05
6146,12,0.41606995,9.222e-05
6147,12,0.42479390,9.222e-05
6148,12,0.41597340,9.225e-05
6149,12,0.47917908,9.225e-05
6150,12,0.45179090,9.228e-05
6151,12,0.42304492,9.228e-05
6152,12,0.42299640,9.231e-05
6153,12,0.40389937,9.231e-05
6154,12,0.45409048,9.234e-05
6155,12,0.49806952,9.234e-05
6156,12,0.39571810,9.237e-05
6157,12,0.43747017,9.237e-05
6158,12,0.41040632,9.24e-05
6159,12,0.38386807,9.24e-05
6160,12,0.45867389,9.243e-05
6161,12,0.36125278,9.243e-05
6162,12,0.43129319,9.246e-05
6163,12,0.40431947,9.246e-05
6164,12,0.43875942,9.249e-05
6165,12,0.50829053,9.249e-05
6166,12,0.47252339,9.252e-05
6167,12,0.36512512,9.252e-05
6168,12,0.39178991,9.255e-05
6169,12,0.43169150,9.255e-05
6170,12,0.43098125,9.258e-05
6171,12,0.40073618,9.258e-05
6172,12,0.41847295,9.261e-05
6173,12,0.41827008,9.261e-05
6174,12,0.37751493,9.264e-05
6175,12,0.42035064,9.264e-05
6176,12,0.44998288,9.267e-05
6177,12,0.40608999,9.267e-05
6178,12,0.45563754,9.27e-05
6179,12,0.37237662,9.27e-05
6180,12,0.49884146,9.273e-05
6181,12,0.41569489,9.273e-05
6182,12,0.37331960,9.276e-05
6183,12,0.38872194,9.276e-05
6184,12,0.43749279,9.279e-05
6185,12,0.44284794,9.279e-05
6186,12,0.45707655,9.282e-05
6187,12,0.40977228,9.282e-05
6188,12,0.43740186,9.285e-05
6189,12,0.40642977,9.285e-05
6190,12,0.41578516,9.288e-05
6191,12,0.40880454,9.288e-05
6192,12,0.42686707,9.291e-05
6193,12,0.46508130,9.291e-05
6194,12,0.47875667,9.294e-05
6195,12,0.42189103,9.294e-05
6196,12,0.40972269,9.297e-05
6197,12,0.36266607,9.297e-05
6198,12,0.37904853,9.3e-05
6199,12,0.38993654,9.3e-05
6200,12,0.42869315,9.303e-05
6201,12,0.42507991,9.303e-05
6202,12,0.41469830,9.306e-05
6203,12,0.40271896,9.306e-05
6204,12,0.52176946,9.309e-05
6205,12,0.43290290,9.309e-05
6206,12,0.40456662,9.312e-05
6207,12,0.39272785,9.312e-05
6208,12,0.35220799,9.315e-05
6209,12,0.44033688,9.315e-05
6210,12,0.47710562,9.318e-05
6211,12,0.41402388,9.318e-05
6212,12,0.36711141,9.321e-05
6213,12,0.42177865,9.321e-05
6214,12,0.38544703,9.324e-05
6215,12,0.38139591,9.324e-05
6216,12,0.36081418,9.327e-05
6217,12,0.48271435,9.327e-05
6218,12,0.40582213,9.33e-05
6219,12,0.43220124,9.33e-05
6220,12,0.43667874,9.333e-05
6221,12,0.37475878,9.333e-05
6222,12,0.46637544,9.336e-05
6223,12,0.46382785,9.336e-05
6224,12,0.41737685,9.339e-05
6225,12,0.38868043,9.339e-05
6226,12,0.42015904,9.342e-05
6227,12,0.41137052,9.342e-05
6228,12,0.42696676,9.345e-05
6229,12,0.39774805,9.345e-05
6230,12,0.45391130,9.348e-05
6231,12,0.40461963,9.348e-05
6232,12,0.40571758,9.351e-05
6233,12,0.43151277,9.351e-05
6234,12,0.48012626,9.354e-05
6235,12,0.36500716,9.354e-05
6236,12,0.42754334,9.357e-05
6237,12,0.49290368,9.357e-05
6238,12,0.45117050,9.36e-05
6239,12,0.43547636,9.36e-05
6240,12,0.35938382,9.363e-05
6241,13,0.36768025,9.363e-05
6242,13,0.41326612,9.366e-05
6243,13,0.41437793,9.366e-05
6244,13,0.42628962,9.369e-05
6245,13,0.40163141,9.369e-05
6246,13,0.44046122,9.372e-05
6247,13,0.40155864,9.372e-05
6248,13,0.38311252,9.375e-05
6249,13,0.35425347,9.375e-05
6250,13,0.42854223,9.378e-05
6251,13,0.43427429,9.378e-05
6252,13,0.40491056,9.381e-05
6253,13,0.39208579,9.381e-05
6254,13,0.44747347,9.384e-05
6255,13,0.39204562,9.384e-05
6256,13,0.39715624,9.387e-05
6257,13,0.41257286,9.387e-05
6258,13,0.44202098,9.39e-05
6259,13,0.40751061,9.39e-05
6260,13,0.42756003,9.393e-05
6261,13,0.36279482,9.393e-05
6262,13,0.42051634,9.396e-05
6263,13,0.41425377,9.396e-05
6264,13,0.39873296,9.399e-05
6265,13,0.42548403,9.399e-05
6266,13,0.44558033,9.402e-05
6267,13,0.41026911,9.402e-05
6268,13,0.44008136,9.405e-05
6269,13,0.40040788,9.405e-05
6270,13,0.39937115,9.408e-05
6271,13,0.39731917,9.408e-05
6272,13,0.49498022,9.411e-05
6273,13,0.42738613,9.411e-05
6274,13,0.38429055,9.414e-05
6275,13,0.38740346,9.414e-05
6276,13,0.42606625,9.417e-05
6277,13,0.38330349,9.417e-05
6278,13,0.37369689,9.42e-05
6279,13,0.42974883,9.42e-05
6280,13,0.42313442,9.423e-05
6281,13,0.41520697,9.423e-05
6282,13,0.44981536,9.426e-05
6283,13,0.38863117,9.426e-05
6284,13,0.45454368,9.429e-05
6285,13,0.44814968,9.429e-05
6286,13,0.40408859,9.432e-05
6287,13,0.45084557,9.432e-05
6288,13,0.44145283,9.435e-05
6289,13,0.38042766,9.435e-05
6290,13,0.41046876,9.438e-05
6291,13,0.46197850,9.438e-05
6292,13,0.40065652,9.441e-05
6293,13,0.45778543,9.441e-05
6294,13,0.41282806,9.444e-05
6295,13,0.36781716,9.444e-05
6296,13,0.42618999,9.447e-05
6297,13,0.39974278,9.447e-05
6298,13,0.38729930,9.45e-05
6299,13,0.43743145,9.45e-05
6300,13,0.38954061,9.453e-05
6301,13,0.43548673,9.453e-05
6302,13,0.40861470,9.456e-05
6303,13,0.42886132,9.456e-05
6304,13,0.42270815,9.459e-05
6305,13,0.39719057,9.459e-05
6306,13,0.50766575,9.462e-05
6307,13,0.39208120,9.462e-05
6308,13,0.41374499,9.465e-05
6309,13,0.32663628,9.465e-05
6310,13,0.48648971,9.468e-05
6311,13,0.45496792,9.468e-05
6312,13,0.38582456,9.471e-05
6313,13,0.39926499,9.471e-05
6314,13,0.40972313,9.474e-05
6315,13,0.37309128,9.474e-05
6316,13,0.46011490,9.477e-05
6317,13,0.41354355,9.477e-05
6318,13,0.39604458,9.48e-05
6319,13,0.40335435,9.48e-05
6320,13,0.46443295,9.483e-05
6321,13,0.40984735,9.483e-05
6322,13,0.42919624,9.486e-05
6323,13,0.49388942,9.486e-05
6324,13,0.41331679,9.489e-05
6325,13,0.39352304,9.489e-05
6326,13,0.41427088,9.492e-05
6327,13,0.37655705,9.492e-05
6328,13,0.39386058,9.495e-05
6329,13,0.39471227,9.495e-05
6330,13,0.36102924,9.498e-05
6331,13,0.40881249,9.498e-05
6332,13,0.40576583,9.501e-05
6333,13,0.42090163,9.501e-05
6334,13,0.42597646,9.504e-05
6335,13,0.38453031,9.504e-05
6336,13,0.36946303,9.507e-05
6337,13,0.41638207,9.507e-05
6338,13,0.42855510,9.51e-05
6339,13,0.40497273,9.51e-05
6340,13,0.37848663,9.513e-05
6341,13,0.41852650,9.513e-05
6342,13,0.44168159,9.516e-05
6343,13,0.50946927,9.516e-05
6344,13,0.35455340,9.519e-05
6345,13,0.36911449,9.519e-05
6346,13,0.40310821,9.522e-05
6347,13,0.37063143,9.522e-05
6348,13,0.40731999,9.525e-05
6349,13,0.42921656,9.525e-05
6350,13,0.39305431,9.528e-05
6351,13,0.44070968,9.528e-05
6352,13,0.43010783,9.531e-05
6353,13,0.42788672,9.531e-05
6354,13,0.40936583,9.534e-05
6355,13,0.35865921,9.534e-05
6356,13,0.52612352,9.537e-05
6357,13,0.40028414,9.537e-05
6358,13,0.37890399,9.54e-05
6359,13,0.45722502,9.54e-05
6360,13,0.40309018,9.543e-05
6361,13,0.38608715,9.543e-05
6362,13,0.37660092,9.546e-05
6363,13,0.45355341,9.546e-05
6364,13,0.41368121,9.549e-05
6365,13,0.41408032,9.549e-05
6366,13,0.46114203,9.552e-05
6367,13,0.40208691,9.552e-05
6368,13,0.37372097,9.555e-05
6369,13,0.50027621,9.555e-05
6370,13,0.41655263,9.558e-05
6371,13,0.45781907,9.558e-05
6372,13,0.36669692,9.561e-05
6373,13,0.42184806,9.561e-05
6374,13,0.40277326,9.564e-05
6375,13,0.45606217,9.564e-05
6376,13,0.46511292,9.567e-05
6377,13,0.43781257,9.567e-05
6378,13,0.44099402,9.57e-05
6379,13,0.48938844,9.57e-05
6380,13,0.42489159,9.573e-05
6381,13,0.41732165,9.573e-05
6382,13,0.44653282,9.576e-05
6383,13,0.55074733,9.576e-05
6384,13,0.42888170,9.579e-05
6385,13,0.45135772,9.579e-05
6386,13,0.39299721,9.582e-05
6387,13,0.43342495,9.582e-05
6388,13,0.47963113,9.585e-05
6389,13,0.41277048,9.585e-05
6390,13,0.43027353,9.588e-05
6391,13,0.36770114,9.588e-05
6392,13,0.41737160,9.591e-05
6393,13,0.48219630,9.591e-05
6394,13,0.35935873,9.594e-05
6395,13,0.46040434,9.594e-05
6396,13,0.41852164,9.597e-05
6397,13,0.50724852,9.597e-05
6398,13,0.45877266,9.6e-05
6399,13,0.47204471,9.6e-05
6400,13,0.47848290,9.603e-05
6401,13,0.42682779,9.603e-05
6402,13,0.37630722,9.606e-05
6403,13,0.39412767,9.606e-05
6404,13,0.37675929,9.609e-05
6405,13,0.51146239,9.609e-05
6406,13,0.42660546,9.612e-05
6407,13,0.41370767,9.612e-05
6408,13,0.44124997,9.615e-05
6409,13,0.43938965,9.615e-05
6410,13,0.42372546,9.618e-05
6411,13,0.37909731,9.618e-05
6412,13,0.49408638,9.621e-05
6413,13,0.43731710,9.621e-05
6414,13,0.36781093,9.624e-05
6415,13,0.35987520,9.624e-05
6416,13,0.44833297,9.627e-05
6417,13,0.44666719,9.627e-05
6418,13,0.42314157,9.63e-05
6419,13,0.39434478,9.63e-05
6420,13,0.41758746,9.633e-05
6421,13,0.43453765,9.633e-05
6422,13,0.39323866,9.636e-05
6423,13,0.45385098,9.636e-05
6424,13,0.41435057,9.639e-05
6425,13,0.44517541,9.639e-05
6426,13,0.42507058,9.642e-05
6427,13,0.41645917,9.642e-05
6428,13,0.42507005,9.645e-05
6429,13,0.40769863,9.645e-05
6430,13,0.47559166,9.648e-05
6431,13,0.45297855,9.648e-05
6432,13,0.41749844,9.651e-05
6433,13,0.40711099,9.651e-05
6434,13,0.40167305,9.654e-05
6435,13,0.45956266,9.654e-05
6436,13,0.40764904,9.657e-05
6437,13,0.47752762,9.657e-05
6438,13,0.39981842,9.66e-05
6439,13,0.44626319,9.66e-05
6440,13,0.41385502,9.663e-05
6441,13,0.39073569,9.663e-05
6442,13,0.44512102,9.666e-05
6443,13,0.40827939,9.666e-05
6444,13,0.39600980,9.669e-05
6445,13,0.48449737,9.669e-05
6446,13,0.41233811,9.672e-05
6447,13,0.40421030,9.672e-05
6448,13,0.42532349,9.675e-05
6449,13,0.42791614,9.675e-05
6450,13,0.38568830,9.678e-05
6451,13,0.35936785,9.678e-05
6452,13,0.48838776,9.681e-05
6453,13,0.40094882,9.681e-05
6454,13,0.44512671,9.684e-05
6455,13,0.39615354,9.684e-05
6456,13,0.45658726,9.687e-05
6457,13,0.43081856,9.687e-05
6458,13,0.44095680,9.69e-05
6459,13,0.40180868,9.69e-05
6460,13,0.40825546,9.693e-05
6461,13,0.43580174,9.693e-05
6462,13,0.46414742,9.696e-05
6463,13,0.42848095,9.696e-05
6464,13,0.36914390,9.699e-05
6465,13,0.44870278,9.699e-05
6466,13,0.43098640,9.702e-05
6467,13,0.36354995,9.702e-05
6468,13,0.45011020,9.705e-05
6469,13,0.42374802,9.705e-05
6470,13,0.40007386,9.708e-05
6471,13,0.39712524,9.708e-05
6472,13,0.38415444,9.711e-05
6473,13,0.45835775,9.711e-05
6474,13,0.44558036,9.714e-05
6475,13,0.42970094,9.714e-05
6476,13,0.38075507,9.717e-05
6477,13,0.41613969,9.717e-05
6478,13,0.45279679,9.72e-05
6479,13,0.41703570,9.72e-05
6480,13,0.43322653,9.723e-05
6481,13,0.41995129,9.723e-05
6482,13,0.42490336,9.726e-05
6483,13,0.41588473,9.726e-05
6484,13,0.36248836,9.729e-05
6485,13,0.52382958,9.729e-05
6486,13,0.43925223,9.732e-05
6487,13,0.42295012,9.732e-05
6488,13,0.46645996,9.735e-05
6489,13,0.40606505,9.735e-05
6490,13,0.35455602,9.738e-05
6491,13,0.39790648,9.738e-05
6492,13,0.40069374,9.741e-05
6493,13,0.42028603,9.741e-05
6494,13,0.45906848,9.744e-05
6495,13,0.40634030,9.744e-05
6496,13,0.39539775,9.747e-05
6497,13,0.38305649,9.747e-05
6498,13,0.48336107,9.75e-05
6499,13,0.39874554,9.75e-05
6500,13,0.42255998,9.753e-05
6501,13,0.41779298,9.753e-05
6502,13,0.39969286,9.756e-05
6503,13,0.35420889,9.756e-05
6504,13,0.41879806,9.759e-05
6505,13,0.37963539,9.759e-05
6506,13,0.40830982,9.762e-05
6507,13,0.43969715,9.762e-05
6508,13,0.38983712,9.765e-05
6509,13,0.42099833,9.765e-05
6510,13,0.42614192,9.768e-05
6511,13,0.48745579,9.768e-05
6512,13,0.41928658,9.771e-05
6513,13,0.41650042,9.771e-05
6514,13,0.40130562,9.774e-05
6515,13,0.45329237,9.774e-05
6516,13,0.35756105,9.777e-05
6517,13,0.38934633,9.777e-05
6518,13,0.37474203,9.78e-05
6519,13,0.44208929,9.78e-05
6520,13,0.46058387,9.783e-05
6521,13,0.44046068,9.783e-05
6522,13,0.46029842,9.786e-05
6523,13,0.41115171,9.786e-05
6524,13,0.32257810,9.789e-05
6525,13,0.42797685,9.789e-05
6526,13,0.39382410,9.792e-05
6527,13,0.50169009,9.792e-05
6528,13,0.37883639,9.795e-05
6529,13,0.43641108,9.795e-05
6530,13,0.41277879,9.798e-05
6531,13,0.40700829,9.798e-05
6532,13,0.41696152,9.801e-05
6533,13,0.48395631,9.801e-05
6534,13,0.41966400,9.804e-05
6535,13,0.43134898,9.804e-05
6536,13,0.42783052,9.807e-05
6537,13,0.42820168,9.807e-05
6538,13,0.42232049,9.81e-05
6539,13,0.46194547,9.81e-05
6540,13,0.41457987,9.813e-05
6541,13,0.47498167,9.813e-05
6542,13,0.36184472,9.816e-05
6543,13,0.44254193,9.816e-05
6544,13,0.44408140,9.819e-05
6545,13,0.40049323,9.819e-05
6546,13,0.42108724,9.822e-05
6547,13,0.38862857,9.822e-05
6548,13,0.41077691,9.825e-05
6549,13,0.40213627,9.825e-05
6550,13,0.40622419,9.828e-05
6551,13,0.42750925,9.828e-05
6552,13,0.45488542,9.831e-05
6553,13,0.38650855,9.831e-05
6554,13,0.42367631,9.834e-05
6555,13,0.40339494,9.834e-05
6556,13,0.41277230,9.837e-05
6557,13,0.45821029,9.837e-05
6558,13,0.40990505,9.84e-05
6559,13,0.38273057,9.84e-05
6560,13,0.45272610,9.843e-05
6561,13,0.44179830,9.843e-05
6562,13,0.47453460,9.846e-05
6563,13,0.36959434,9.846e-05
6564,13,0.40219545,9.849e-05
6565,13,0.49441731,9.849e-05
6566,13,0.45365334,9.852e-05
6567,13,0.41329178,9.852e-05
6568,13,0.42797619,9.855e-05
6569,13,0.47775850,9.855e-05
6570,13,0.47361386,9.858e-05
6571,13,0.34720644,9.858e-05
6572,13,0.39010352,9.861e-05
6573,13,0.44443426,9.861e-05
6574,13,0.33116591,9.864e-05
6575,13,0.41329759,9.864e-05
6576,13,0.43122524,9.867e-05
6577,13,0.39011282,9.867e-05
6578,13,0.44383428,9.87e-05
6579,13,0.37493783,9.87e-05
6580,13,0.48844385,9.873e-05
6581,13,0.38773379,9.873e-05
6582,13,0.47529256,9.876e-05
6583,13,0.39348716,9.876e-05
6584,13,0.42623693,9.879e-05
6585,13,0.43695015,9.879e-05
6586,13,0.45214805,9.882e-05
6587,13,0.39642510,9.882e-05
6588,13,0.41198844,9.885e-05
6589,13,0.49029860,9.885e-05
6590,13,0.40350598,9.888e-05
6591,13,0.39021933,9.888e-05
6592,13,0.41650176,9.891e-05
6593,13,0.42571110,9.891e-05
6594,13,0.45016751,9.894e-05
6595,13,0.40820655,9.894e-05
6596,13,0.50813842,9.897e-05
6597,13,0.42267388,9.897e-05
6598,13,0.44239664,9.9e-05
6599,13,0.39245543,9.9e-05
6600,13,0.44328830,9.903e-05
6601,13,0.40580973,9.903e-05
6602,13,0.48577186,9.906e-05
6603,13,0.42691427,9.906e-05
6604,13,0.39610326,9.909e-05
6605,13,0.45420647,9.909e-05
6606,13,0.43267187,9.912e-05
6607,13,0.38265538,9.912e-05
6608,13,0.35454330,9.915e-05
6609,13,0.38867673,9.915e-05
6610,13,0.45057201,9.918e-05
6611,13,0.41993129,9.918e-05
6612,13,0.36050761,9.921e-05
6613,13,0.41221935,9.921e-05
6614,13,0.39815080,9.924e-05
6615,13,0.39210004,9.924e-05
6616,13,0.44958815,9.927e-05
6617,13,0.40750766,9.927e-05
6618,13,0.47198147,9.93e-05
6619,13,0.35998663,9.93e-05
6620,13,0.37282866,9.933e-05
6621,13,0.44150946,9.933e-05
6622,13,0.48692423,9.936e-05
6623,13,0.43230543,9.936e-05
6624,13,0.43244737,9.939e-05
6625,13,0.40566802,9.939e-05
6626,13,0.45809031,9.942e-05
6627,13,0.46035886,9.942e-05
6628,13,0.48617250,9.945e-05
6629,13,0.43713459,9.945e-05
6630,13,0.42310044,9.948e-05
6631,13,0.39508876,9.948e-05
6632,13,0.41137719,9.951e-05
6633,13,0.44764504,9.951e-05
6634,13,0.39800924,9.954e-05
6635,13,0.39470088,9.954e-05
6636,13,0.44113362,9.957e-05
6637,13,0.43781275,9.957e-05
6638,13,0.44198179,9.96e-05
6639,13,0.41331595,9.96e-05
6640,13,0.42100781,9.963e-05
6641,13,0.41657588,9.963e-05
6642,13,0.46330464,9.966e-05
6643,13,0.47469649,9.966e-05
6644,13,0.37677941,9.969e-05
6645,13,0.38719845,9.969e-05
6646,13,0.43174618,9.972e-05
6647,13,0.42000550,9.972e-05
6648,13,0.49554381,9.975e-05
6649,13,0.37802911,9.975e-05
6650,13,0.43425855,9.978e-05
6651,13,0.44382188,9.978e-05
6652,13,0.41388148,9.981e-05
6653,13,0.43672547,9.981e-05
6654,13,0.41010714,9.984e-05
6655,13,0.44095966,9.984e-05
6656,13,0.45243162,9.987e-05
6657,13,0.40554079,9.987e-05
6658,13,0.40148824,9.99e-05
6659,13,0.38645321,9.99e-05
6660,13,0.43854913,9.993e-05
6661,13,0.44409007,9.993e-05
6662,13,0.39527196,9.996e-05
6663,13,0.39614201,9.996e-05
6664,13,0.44403797,9.999e-05
6665,13,0.44095051,9.999e-05
6666,13,0.41438219,0.00010002
6667,13,0.41549227,0.00010002
6668,13,0.34365213,0.00010005
6669,13,0.46136850,0.00010005
6670,13,0.42634961,0.00010008
6671,13,0.46981248,0.00010008
6672,13,0.42589420,0.00010011
6673,13,0.44763613,0.00010011
6674,13,0.38604006,0.00010014
6675,13,0.35945970,0.00010014
6676,13,0.42321450,0.00010017
6677,13,0.45384324,0.00010017
6678,13,0.32937598,0.0001002
6679,13,0.40611589,0.0001002
6680,13,0.39267343,0.00010023
6681,13,0.46293348,0.00010023
6682,13,0.44526848,0.00010026
6683,13,0.42654833,0.00010026
6684,13,0.41868335,0.00010029
6685,13,0.51341790,0.00010029
6686,13,0.40327561,0.00010032
6687,13,0.41480988,0.00010032
6688,13,0.37242970,0.00010035
6689,13,0.39561304,0.00010035
6690,13,0.43930769,0.00010038
6691,13,0.43587446,0.00010038
6692,13,0.47239465,0.00010041
6693,13,0.40251005,0.00010041
6694,13,0.43481952,0.00010044
6695,13,0.38337404,0.00010044
6696,13,0.38161886,0.00010047
6697,13,0.38070130,0.00010047
6698,13,0.42167348,0.0001005
6699,13,0.46388635,0.0001005
6700,13,0.46428132,0.00010053
6701,13,0.39735395,0.00010053
6702,13,0.42038155,0.00010056
6703,13,0.43836793,0.00010056
6704,13,0.40631461,0.00010059
6705,13,0.42098844,0.00010059
6706,13,0.39687511,0.00010062
6707,13,0.48023924,0.00010062
6708,13,0.44743091,0.00010065
6709,13,0.42754716,0.00010065
6710,13,0.37540978,0.00010068
6711,13,0.42984766,0.00010068
6712,13,0.40076208,0.00010071
6713,13,0.39599055,0.00010071
6714,13,0.47807765,0.00010074
6715,13,0.39127788,0.00010074
6716,13,0.37963066,0.00010077
6717,13,0.39813265,0.00010077
6718,13,0.38733745,0.0001008
6719,13,0.43680233,0.0001008
6720,13,0.47365373,0.00010083
6721,13,0.44896230,0.00010083
6722,13,0.40155077,0.00010086
6723,13,0.47725555,0.00010086
6724,13,0.45017290,0.00010089
6725,13,0.46704209,0.00010089
6726,13,0.41853106,0.00010092
6727,13,0.49980599,0.00010092
6728,13,0.40832537,0.00010095
6729,13,0.40338597,0.00010095
6730,13,0.36095381,0.00010098
6731,13,0.41219902,0.00010098
6732,13,0.34164834,0.00010101
6733,13,0.34573644,0.00010101
6734,13,0.43630522,0.00010104
6735,13,0.44168672,0.00010104
6736,13,0.42117724,0.00010107
6737,13,0.42437142,0.00010107
6738,13,0.43481201,0.0001011
6739,13,0.43219304,0.0001011
6740,13,0.45139107,0.00010113
6741,13,0.40368327,0.00010113
6742,13,0.43944114,0.00010116
6743,13,0.38302970,0.00010116
6744,13,0.40546250,0.00010119
6745,13,0.43488044,0.00010119
6746,13,0.48460802,0.00010122
6747,13,0.40748399,0.00010122
6748,13,0.40996560,0.00010125
6749,13,0.43424031,0.00010125
6750,13,0.40239805,0.00010128
6751,13,0.40717530,0.00010128
6752,13,0.42460841,0.00010131
6753,13,0.39720663,0.00010131
6754,13,0.41091499,0.00010134
6755,13,0.38691792,0.00010134
6756,13,0.43611860,0.00010137
6757,13,0.41718513,0.00010137
6758,13,0.43191981,0.0001014
6759,13,0.45712376,0.0001014
6760,13,0.39323467,0.00010143
6761,14,0.42305040,0.00010143
6762,14,0.41208690,0.00010146
6763,14,0.37211508,0.00010146
6764,14,0.42459664,0.00010149
6765,14,0.39473456,0.00010149
6766,14,0.45369363,0.00010152
6767,14,0.44462270,0.00010152
6768,14,0.42753726,0.00010155
6769,14,0.37080467,0.00010155
6770,14,0.45468277,0.00010158
6771,14,0.47839889,0.00010158
6772,14,0.37864512,0.00010161
6773,14,0.39909273,0.00010161
6774,14,0.31552064,0.00010164
6775,14,0.39543471,0.00010164
6776,14,0.44115803,0.00010167
6777,14,0.43421754,0.00010167
6778,14,0.38747168,0.0001017
6779,14,0.42092896,0.0001017
6780,14,0.45820484,0.00010173
6781,14,0.39547700,0.00010173
6782,14,0.40991360,0.00010176
6783,14,0.41372928,0.00010176
6784,14,0.44347367,0.00010179
6785,14,0.44744930,0.00010179
6786,14,0.41172856,0.00010182
6787,14,0.44710398,0.00010182
6788,14,0.45256624,0.00010185
6789,14,0.35302943,0.00010185
6790,14,0.42095813,0.00010188
6791,14,0.40238994,0.00010188
6792,14,0.44117051,0.00010191
6793,14,0.37221599,0.00010191
6794,14,0.41919869,0.00010194
6795,14,0.37326616,0.00010194
6796,14,0.44271967,0.00010197
6797,14,0.49651629,0.00010197
6798,14,0.38950437,0.000102
6799,14,0.44096935,0.000102
6800,14,0.44636020,0.00010203
6801,14,0.38689229,0.00010203
6802,14,0.47110647,0.00010206
6803,14,0.40874922,0.00010206
6804,14,0.45778298,0.00010209
6805,14,0.39413738,0.00010209
6806,14,0.43481755,0.00010212
6807,14,0.39546597,0.00010212
6808,14,0.45403916,0.00010215
6809,14,0.43402338,0.00010215
6810,14,0.45078477,0.00010218
6811,14,0.42858490,0.00010218
6812,14,0.44738680,0.00010221
6813,14,0.37244377,0.00010221
6814,14,0.43715835,0.00010224
6815,14,0.44834062,0.00010224
6816,14,0.47959897,0.00010227
6817,14,0.38509855,0.00010227
6818,14,0.36623150,0.0001023
6819,14,0.40060756,0.0001023
6820,14,0.43386698,0.00010233
6821,14,0.45127708,0.00010233
6822,14,0.39765081,0.00010236
6823,14,0.39051604,0.00010236
6824,14,0.42298037,0.00010239
6825,14,0.41156420,0.00010239
6826,14,0.37596750,0.00010242
6827,14,0.44983083,0.00010242
6828,14,0.43978542,0.00010245
6829,14,0.39600331,0.00010245
6830,14,0.48973888,0.00010248
6831,14,0.43836603,0.00010248
6832,14,0.39161587,0.00010251
6833,14,0.44041222,0.00010251
6834,14,0.45007357,0.00010254
6835,14,0.43665999,0.00010254
6836,14,0.43699878,0.00010257
6837,14,0.43730932,0.00010257
6838,14,0.42038482,0.0001026
6839,14,0.49076423,0.0001026
6840,14,0.41079587,0.00010263
6841,14,0.45189142,0.00010263
6842,14,0.46280664,0.00010266
6843,14,0.44227028,0.00010266
6844,14,0.42731285,0.00010269
6845,14,0.39797252,0.00010269
6846,14,0.44815370,0.00010272
6847,14,0.41412848,0.00010272
6848,14,0.41809958,0.00010275
6849,14,0.42047817,0.00010275
6850,14,0.42412814,0.00010278
6851,14,0.43451700,0.00010278
6852,14,0.41764104,0.00010281
6853,14,0.44035190,0.00010281
6854,14,0.42840409,0.00010284
6855,14,0.37781367,0.00010284
6856,14,0.48928612,0.00010287
6857,14,0.47913203,0.00010287
6858,14,0.41262397,0.0001029
6859,14,0.41165286,0.0001029
6860,14,0.49088949,0.00010293
6861,14,0.38711950,0.00010293
6862,14,0.43958983,0.00010296
6863,14,0.39317021,0.00010296
6864,14,0.43101859,0.00010299
6865,14,0.41603380,0.00010299
6866,14,0.40623412,0.00010302
6867,14,0.41827649,0.00010302
6868,14,0.39116633,0.00010305
6869,14,0.45154577,0.00010305
6870,14,0.40320301,0.00010308
6871,14,0.35845146,0.00010308
6872,14,0.39440107,0.00010311
6873,14,0.46175522,0.00010311
6874,14,0.37099072,0.00010314
6875,14,0.47036693,0.00010314
6876,14,0.35650969,0.00010317
6877,14,0.40094122,0.00010317
6878,14,0.43168056,0.0001032
6879,14,0.41632634,0.0001032
6880,14,0.44082493,0.00010323
6881,14,0.41102740,0.00010323
6882,14,0.42037615,0.00010326
6883,14,0.44718286,0.00010326
6884,14,0.41226596,0.00010329
6885,14,0.37682778,0.00010329
6886,14,0.41355199,0.00010332
6887,14,0.41360840,0.00010332
6888,14,0.37608552,0.00010335
6889,14,0.40721393,0.00010335
6890,14,0.38380748,0.00010338
6891,14,0.43158337,0.00010338
6892,14,0.45858765,0.00010341
6893,14,0.37778485,0.00010341
6894,14,0.39256179,0.00010344
6895,14,0.40981841,0.00010344
6896,14,0.41853541,0.00010347
6897,14,0.42409667,0.00010347
6898,14,0.44437146,0.0001035
6899,14,0.45518821,0.0001035
6900,14,0.42452186,0.00010353
6901,14,0.39436638,0.00010353
6902,14,0.38442802,0.00010356
6903,14,0.43157133,0.00010356
6904,14,0.45743424,0.00010359
6905,14,0.42059922,0.00010359
6906,14,0.45901060,0.00010362
6907,14,0.43614554,0.00010362
6908,14,0.39318728,0.00010365
6909,14,0.35571629,0.00010365
6910,14,0.44629571,0.00010368
6911,14,0.40341920,0.00010368
6912,14,0.50297320,0.00010371
6913,14,0.36248249,0.00010371
6914,14,0.39821130,0.00010374
6915,14,0.41069436,0.00010374
6916,14,0.37776324,0.00010377
6917,14,0.41473526,0.00010377
6918,14,0.45085996,0.0001038
6919,14,0.47800744,0.0001038
6920,14,0.39965901,0.00010383
6921,14,0.46934021,0.00010383
6922,14,0.46105608,0.00010386
6923,14,0.44443232,0.00010386
6924,14,0.44807670,0.00010389
6925,14,0.40385312,0.00010389
6926,14,0.38321269,0.00010392
6927,14,0.42450947,0.00010392
6928,14,0.46264619,0.00010395
6929,14,0.46304601,0.00010395
6930,14,0.40797696,0.00010398
6931,14,0.44255006,0.00010398
6932,14,0.42870006,0.00010401
6933,14,0.45294282,0.00010401
6934,14,0.37359557,0.00010404
6935,14,0.41806149,0.00010404
6936,14,0.37841624,0.00010407
6937,14,0.47341368,0.00010407
6938,14,0.41615170,0.0001041
6939,14,0.43812531,0.0001041
6940,14,0.38160142,0.00010413
6941,14,0.47057623,0.00010413
6942,14,0.37517542,0.00010416
6943,14,0.37318262,0.00010416
6944,14,0.45779145,0.00010419
6945,14,0.43264794,0.00010419
6946,14,0.44785255,0.00010422
6947,14,0.48788935,0.00010422
6948,14,0.45335206,0.00010425
6949,14,0.44026837,0.00010425
6950,14,0.48527128,0.00010428
6951,14,0.38846344,0.00010428
6952,14,0.37874758,0.00010431
6953,14,0.37066278,0.00010431
6954,14,0.39238787,0.00010434
6955,14,0.38036141,0.00010434
6956,14,0.40866408,0.00010437
6957,14,0.41622591,0.00010437
6958,14,0.38952243,0.0001044
6959,14,0.42770380,0.0001044
6960,14,0.42068589,0.00010443
6961,14,0.43499979,0.00010443
6962,14,0.38607812,0.00010446
6963,14,0.45844811,0.00010446
6964,14,0.39659119,0.00010449
6965,14,0.40314096,0.00010449
6966,14,0.39412701,0.00010452
6967,14,0.39184713,0.00010452
6968,14,0.39002937,0.00010455
6969,14,0.38831466,0.00010455
6970,14,0.39157486,0.00010458
6971,14,0.39988834,0.00010458
6972,14,0.41633582,0.00010461
6973,14,0.40516242,0.00010461
6974,14,0.41389820,0.00010464
6975,14,0.38529930,0.00010464
6976,14,0.46379694,0.00010467
6977,14,0.38293862,0.00010467
6978,14,0.39692113,0.0001047
6979,14,0.43890581,0.0001047
6980,14,0.40270659,0.00010473
6981,14,0.42420977,0.00010473
6982,14,0.38607574,0.00010476
6983,14,0.39550894,0.00010476
6984,14,0.42593914,0.00010479
6985,14,0.42566895,0.00010479
6986,14,0.42891103,0.00010482
6987,14,0.45702371,0.00010482
6988,14,0.43504998,0.00010485
6989,14,0.35981673,0.00010485
6990,14,0.31942534,0.00010488
6991,14,0.42823017,0.00010488
6992,14,0.41020799,0.00010491
6993,14,0.37468541,0.00010491
6994,14,0.44718170,0.00010494
6995,14,0.39765137,0.00010494
6996,14,0.41876453,0.00010497
6997,14,0.40078998,0.00010497
6998,14,0.49538049,0.000105
6999,14,0.39343399,0.000105
7000,14,0.45832691,0.00010503
7001,14,0.43908009,0.00010503
7002,14,0.42371935,0.00010506
7003,14,0.43797666,0.00010506
7004,14,0.44272256,0.00010509
7005,14,0.47055030,0.00010509
7006,14,0.41409343,0.00010512
7007,14,0.41569322,0.00010512
7008,14,0.40440935,0.00010515
7009,14,0.41085681,0.00010515
7010,14,0.38977918,0.00010518
7011,14,0.37229836,0.00010518
7012,14,0.41581830,0.00010521
7013,14,0.40149015,0.00010521
7014,14,0.43791908,0.00010524
7015,14,0.41532356,0.00010524
7016,14,0.42376512,0.00010527
7017,14,0.49500436,0.00010527
7018,14,0.45942259,0.0001053
7019,14,0.39216024,0.0001053
7020,14,0.44663486,0.00010533
7021,14,0.42161334,0.00010533
7022,14,0.46019730,0.00010536
7023,14,0.40747997,0.00010536
7024,14,0.37079167,0.00010539
7025,14,0.44595230,0.00010539
7026,14,0.41208968,0.00010542
7027,14,0.40171528,0.00010542
7028,14,0.43993029,0.00010545
7029,14,0.38259098,0.00010545
7030,14,0.43526682,0.00010548
7031,14,0.44571981,0.00010548
7032,14,0.41848239,0.00010551
7033,14,0.40420210,0.00010551
7034,14,0.44654950,0.00010554
7035,14,0.42467386,0.00010554
7036,14,0.45425186,0.00010557
7037,14,0.44532880,0.00010557
7038,14,0.40404934,0.0001056
7039,14,0.40181240,0.0001056
7040,14,0.42666095,0.00010563
7041,14,0.38540542,0.00010563
7042,14,0.44111753,0.00010566
7043,14,0.47613400,0.00010566
7044,14,0.43852073,0.00010569
7045,14,0.38391930,0.00010569
7046,14,0.44785351,0.00010572
7047,14,0.41359252,0.00010572
7048,14,0.44460219,0.00010575
7049,14,0.44496661,0.00010575
7050,14,0.42056417,0.00010578
7051,14,0.42803025,0.00010578
7052,14,0.42143440,0.00010581
7053,14,0.37434864,0.00010581
7054,14,0.41544008,0.00010584
7055,14,0.41325197,0.00010584
7056,14,0.40154654,0.00010587
7057,14,0.52080452,0.00010587
7058,14,0.41027611,0.0001059
7059,14,0.41296792,0.0001059
7060,14,0.42268872,0.00010593
7061,14,0.39873821,0.00010593
7062,14,0.36785847,0.00010596
7063,14,0.36265624,0.00010596
7064,14,0.40210509,0.00010599
7065,14,0.42572445,0.00010599
7066,14,0.42383942,0.00010602
7067,14,0.37661943,0.00010602
7068,14,0.43449792,0.00010605
7069,14,0.38636941,0.00010605
7070,14,0.36422405,0.00010608
7071,14,0.41357729,0.00010608
7072,14,0.47653961,0.00010611
7073,14,0.40614209,0.00010611
7074,14,0.42541134,0.00010614
7075,14,0.45010099,0.00010614
7076,14,0.40667570,0.00010617
7077,14,0.41483212,0.00010617
7078,14,0.37930855,0.0001062
7079,14,0.38474375,0.0001062
7080,14,0.44568866,0.00010623
7081,14,0.44162735,0.00010623
7082,14,0.39560875,0.00010626
7083,14,0.42012441,0.00010626
7084,14,0.36594170,0.00010629
7085,14,0.42733240,0.00010629
7086,14,0.37050343,0.00010632
7087,14,0.41677591,0.00010632
7088,14,0.35506448,0.00010635
7089,14,0.41032112,0.00010635
7090,14,0.42433262,0.00010638
7091,14,0.42885789,0.00010638
7092,14,0.41907018,0.00010641
7093,14,0.44941473,0.00010641
7094,14,0.46685335,0.00010644
7095,14,0.42570299,0.00010644
7096,14,0.41012046,0.00010647
7097,14,0.40095699,0.00010647
7098,14,0.44427201,0.0001065
7099,14,0.45415664,0.0001065
7100,14,0.47119281,0.00010653
7101,14,0.41756558,0.00010653
7102,14,0.46404788,0.00010656
7103,14,0.45063242,0.00010656
7104,14,0.40781292,0.00010659
7105,14,0.36685461,0.00010659
7106,14,0.41721377,0.00010662
7107,14,0.39906955,0.00010662
7108,14,0.37495577,0.00010665
7109,14,0.46512756,0.00010665
7110,14,0.43994117,0.00010668
7111,14,0.42004836,0.00010668
7112,14,0.43809637,0.00010671
7113,14,0.47213125,0.00010671
7114,14,0.37787008,0.00010674
7115,14,0.40196896,0.00010674
7116,14,0.38942814,0.00010677
7117,14,0.40442786,0.00010677
7118,14,0.42966455,0.0001068
7119,14,0.41277027,0.0001068
7120,14,0.43076023,0.00010683
7121,14,0.41502553,0.00010683
7122,14,0.38228637,0.00010686
7123,14,0.38354430,0.00010686
7124,14,0.39077505,0.00010689
7125,14,0.43150324,0.00010689
7126,14,0.37595338,0.00010692
7127,14,0.46285123,0.00010692
7128,14,0.46027207,0.00010695
7129,14,0.49721164,0.00010695
7130,14,0.42832088,0.00010698
7131,14,0.34136173,0.00010698
7132,14,0.41543967,0.00010701
7133,14,0.36022800,0.00010701
7134,14,0.42874557,0.00010704
7135,14,0.41896340,0.00010704
7136,14,0.41891652,0.00010707
7137,14,0.41564760,0.00010707
7138,14,0.43222582,0.0001071
7139,14,0.40392917,0.0001071
7140,14,0.37556610,0.00010713
7141,14,0.39198238,0.00010713
7142,14,0.35790238,0.00010716
7143,14,0.42072338,0.00010716
7144,14,0.42332897,0.00010719
7145,14,0.36144862,0.00010719
7146,14,0.46654481,0.00010722
7147,14,0.39959639,0.00010722
7148,14,0.43011868,0.00010725
7149,14,0.45713949,0.00010725
7150,14,0.45864397,0.00010728
7151,14,0.45333880,0.00010728
7152,14,0.38689908,0.00010731
7153,14,0.46182346,0.00010731
7154,14,0.38047835,0.00010734
7155,14,0.47010726,0.00010734
7156,14,0.45221347,0.00010737
7157,14,0.40969691,0.00010737
7158,14,0.47391829,0.0001074
7159,14,0.43278885,0.0001074
7160,14,0.39319766,0.00010743
7161,14,0.42136416,0.00010743
7162,14,0.34833711,0.00010746
7163,14,0.46479413,0.00010746
7164,14,0.34135255,0.00010749
7165,14,0.42184561,0.00010749
7166,14,0.45575279,0.00010752
7167,14,0.42160362,0.00010752
7168,14,0.40190864,0.00010755
7169,14,0.38952494,0.00010755
7170,14,0.38603461,0.00010758
7171,14,0.42143139,0.00010758
7172,14,0.38481796,0.00010761
7173,14,0.45100722,0.00010761
7174,14,0.40503949,0.00010764
7175,14,0.45006391,0.00010764
7176,14,0.41676578,0.00010767
7177,14,0.44293129,0.00010767
7178,14,0.39106244,0.0001077
7179,14,0.41364989,0.0001077
7180,14,0.42026854,0.00010773
7181,14,0.38407573,0.00010773
7182,14,0.44152021,0.00010776
7183,14,0.37895441,0.00010776
7184,14,0.44360369,0.00010779
7185,14,0.43786582,0.00010779
7186,14,0.43957898,0.00010782
7187,14,0.41159591,0.00010782
7188,14,0.42464566,0.00010785
7189,14,0.37741277,0.00010785
7190,14,0.41765106,0.00010788
7191,14,0.40105152,0.00010788
7192,14,0.39501995,0.00010791
7193,14,0.43782088,0.00010791
7194,14,0.39977467,0.00010794
7195,14,0.41769633,0.00010794
7196,14,0.34183735,0.00010797
7197,14,0.40579236,0.00010797
7198,14,0.41067183,0.000108
7199,14,0.44930047,0.000108
7200,14,0.43420488,0.00010803
7201,14,0.40607929,0.00010803
7202,14,0.44947037,0.00010806
7203,14,0.42236766,0.00010806
7204,14,0.41879344,0.00010809
7205,14,0.41942632,0.00010809
7206,14,0.40572238,0.00010812
7207,14,0.40076718,0.00010812
7208,14,0.42899737,0.00010815
7209,14,0.36107835,0.00010815
7210,14,0.46455973,0.00010818
7211,14,0.42262220,0.00010818
7212,14,0.41631526,0.00010821
7213,14,0.44033122,0.00010821
7214,14,0.47543782,0.00010824
7215,14,0.43994397,0.00010824
7216,14,0.40115231,0.00010827
7217,14,0.40044317,0.00010827
7218,14,0.39345297,0.0001083
7219,14,0.45129937,0.0001083
7220,14,0.43748188,0.00010833
7221,14,0.45169672,0.00010833
7222,14,0.37976488,0.00010836
7223,14,0.41314596,0.00010836
7224,14,0.46823213,0.00010839
7225,14,0.36645198,0.00010839
7226,14,0.49217725,0.00010842
7227,14,0.43517369,0.00010842
7228,14,0.44672415,0.00010845
7229,14,0.47397336,0.00010845
7230,14,0.39668965,0.00010848
7231,14,0.43173167,0.00010848
7232,14,0.39124593,0.00010851
7233,14,0.41489491,0.00010851
7234,14,0.39952597,0.00010854
7235,14,0.37376845,0.00010854
7236,14,0.43846357,0.00010857
7237,14,0.45037279,0.00010857
7238,14,0.38424605,0.0001086
7239,14,0.39915404,0.0001086
7240,14,0.35839337,0.00010863
7241,14,0.38107044,0.00010863
7242,14,0.42934251,0.00010866
7243,14,0.40781993,0.00010866
7244,14,0.41601452,0.00010869
7245,14,0.42089853,0.00010869
7246,14,0.40103304,0.00010872
7247,14,0.35170180,0.00010872
7248,14,0.41291672,0.00010875
7249,14,0.42259830,0.00010875
7250,14,0.36748594,0.00010878
7251,14,0.40995726,0.00010878
7252,14,0.41084385,0.00010881
7253,14,0.37549698,0.00010881
7254,14,0.41605562,0.00010884
7255,14,0.43768412,0.00010884
7256,14,0.40199775,0.00010887
7257,14,0.40149373,0.00010887
7258,14,0.42444491,0.0001089
7259,14,0.41249448,0.0001089
7260,14,0.48371276,0.00010893
7261,14,0.44154453,0.00010893
7262,14,0.44769120,0.00010896
7263,14,0.44262725,0.00010896
7264,14,0.42242083,0.00010899
7265,14,0.44894367,0.00010899
7266,14,0.38643548,0.00010902
7267,14,0.46279821,0.00010902
7268,14,0.39388192,0.00010905
7269,14,0.40565598,0.00010905
7270,14,0.41741952,0.00010908
7271,14,0.34877133,0.00010908
7272,14,0.35497183,0.00010911
7273,14,0.41972238,0.00010911
7274,14,0.38798437,0.00010914
7275,14,0.43926987,0.00010914
7276,14,0.41982794,0.00010917
7277,14,0.34347177,0.00010917
7278,14,0.37831339,0.0001092
7279,14,0.40712959,0.0001092
7280,14,0.46522677,0.00010923
7281,15,0.36962467,0.00010923
7282,15,0.40912813,0.00010926
7283,15,0.38104272,0.00010926
7284,15,0.48059583,0.00010929
7285,15,0.38484526,0.00010929
7286,15,0.41702232,0.00010932
7287,15,0.39605415,0.00010932
7288,15,0.41488445,0.00010935
7289,15,0.40989536,0.00010935
7290,15,0.43097052,0.00010938
7291,15,0.38525233,0.00010938
7292,15,0.40404898,0.00010941
7293,15,0.42626485,0.00010941
7294,15,0.43397349,0.00010944
7295,15,0.39495358,0.00010944
7296,15,0.38946491,0.00010947
7297,15,0.47837073,0.00010947
7298,15,0.37882262,0.0001095
7299,15,0.37641454,0.0001095
7300,15,0.39410853,0.00010953
7301,15,0.44230852,0.00010953
7302,15,0.43616447,0.00010956
7303,15,0.37306771,0.00010956
7304,15,0.42778724,0.00010959
7305,15,0.41337070,0.00010959
7306,15,0.44343767,0.00010962
7307,15,0.36668205,0.00010962
7308,15,0.43769568,0.00010965
7309,15,0.40893006,0.00010965
7310,15,0.44591546,0.00010968
7311,15,0.38791490,0.00010968
7312,15,0.40718615,0.00010971
7313,15,0.40520653,0.00010971
7314,15,0.41156578,0.00010974
7315,15,0.41173726,0.00010974
7316,15,0.47907814,0.00010977
7317,15,0.39927375,0.00010977
7318,15,0.43600106,0.0001098
7319,15,0.40669155,0.0001098
7320,15,0.39102238,0.00010983
7321,15,0.46499270,0.00010983
7322,15,0.43365321,0.00010986
7323,15,0.37041569,0.00010986
7324,15,0.44269285,0.00010989
7325,15,0.40539718,0.00010989
7326,15,0.38969374,0.00010992
7327,15,0.43657300,0.00010992
7328,15,0.40220198,0.00010995
7329,15,0.42718989,0.00010995
7330,15,0.41740674,0.00010998
7331,15,0.42105910,0.00010998
7332,15,0.36780733,0.00011001
7333,15,0.43502876,0.00011001
7334,15,0.42757508,0.00011004
7335,15,0.48662469,0.00011004
7336,15,0.47305200,0.00011007
7337,15,0.37964875,0.00011007
7338,15,0.45882198,0.0001101
7339,15,0.41269955,0.0001101
7340,15,0.41496786,0.00011013
7341,15,0.37283820,0.00011013
7342,15,0.41969752,0.00011016
7343,15,0.39961255,0.00011016
7344,15,0.39940190,0.00011019
7345,15,0.38210672,0.00011019
7346,15,0.43465728,0.00011022
7347,15,0.40203422,0.00011022
7348,15,0.41809136,0.00011025
7349,15,0.36132503,0.00011025
7350,15,0.46409473,0.00011028
7351,15,0.36811098,0.00011028
7352,15,0.41844547,0.00011031
7353,15,0.36124820,0.00011031
7354,15,0.41518015,0.00011034
7355,15,0.47478271,0.00011034
7356,15,0.33385342,0.00011037
7357,15,0.41217369,0.00011037
7358,15,0.42416775,0.0001104
7359,15,0.42212814,0.0001104
7360,15,0.40896505,0.00011043
7361,15,0.41208228,0.00011043
7362,15,0.42933786,0.00011046
7363,15,0.41309965,0.00011046
7364,15,0.43833145,0.00011049
7365,15,0.40903434,0.00011049
7366,15,0.44739661,0.00011052
7367,15,0.41631493,0.00011052
7368,15,0.35627019,0.00011055
7369,15,0.46763358,0.00011055
7370,15,0.42942041,0.00011058
7371,15,0.36443400,0.00011058
7372,15,0.39495063,0.00011061
7373,15,0.43665418,0.00011061
7374,15,0.37445068,0.00011064
7375,15,0.39358291,0.00011064
7376,15,0.40590167,0.00011067
7377,15,0.38801131,0.00011067
7378,15,0.47653806,0.0001107
7379,15,0.40891156,0.0001107
7380,15,0.40413117,0.00011073
7381,15,0.44159621,0.00011073
7382,15,0.46542597,0.00011076
7383,15,0.43650967,0.00011076
7384,15,0.35772133,0.00011079
7385,15,0.36389884,0.00011079
7386,15,0.42659616,0.00011082
7387,15,0.47623891,0.00011082
7388,15,0.41915569,0.00011085
7389,15,0.47225350,0.00011085
7390,15,0.35306042,0.00011088
7391,15,0.45652720,0.00011088
7392,15,0.42459604,0.00011091
7393,15,0.49419293,0.00011091
7394,15,0.40324074,0.00011094
7395,15,0.37571272,0.00011094
7396,15,0.43291852,0.00011097
7397,15,0.37563348,0.00011097
7398,15,0.33832890,0.000111
7399,15,0.40992659,0.000111
7400,15,0.43893540,0.00011103
7401,15,0.43230230,0.00011103
7402,15,0.40031791,0.00011106
7403,15,0.39075381,0.00011106
7404,15,0.50607157,0.00011109
7405,15,0.42920908,0.00011109
7406,15,0.39591345,0.00011112
7407,15,0.43465886,0.00011112
7408,15,0.44551706,0.00011115
7409,15,0.39741272,0.00011115
7410,15,0.38945255,0.00011118
7411,15,0.39370346,0.00011118
7412,15,0.39870906,0.00011121
7413,15,0.44639570,0.00011121
7414,15,0.41021007,0.00011124
7415,15,0.41012985,0.00011124
7416,15,0.37094247,0.00011127
7417,15,0.46028695,0.00011127
7418,15,0.41212386,0.0001113
7419,15,0.44147426,0.0001113
7420,15,0.43904465,0.00011133
7421,15,0.41500372,0.00011133
7422,15,0.39127469,0.00011136
7423,15,0.45632562,0.00011136
7424,15,0.40435299,0.00011139
7425,15,0.42214042,0.00011139
7426,15,0.45066208,0.00011142
7427,15,0.42395377,0.00011142
7428,15,0.37717295,0.00011145
7429,15,0.42128202,0.00011145
7430,15,0.40677202,0.00011148
7431,15,0.42393869,0.00011148
7432,15,0.42618650,0.00011151
7433,15,0.48212728,0.00011151
7434,15,0.41067028,0.00011154
7435,15,0.42362970,0.00011154
7436,15,0.44686717,0.00011157
7437,15,0.42055744,0.00011157
7438,15,0.39567107,0.0001116
7439,15,0.38169736,0.0001116
7440,15,0.40130419,0.00011163
7441,15,0.41275519,0.00011163
7442,15,0.44564366,0.00011166
7443,15,0.39041492,0.00011166
7444,15,0.36222029,0.00011169
7445,15,0.44598860,0.00011169
7446,15,0.36293024,0.00011172
7447,15,0.41300306,0.00011172
7448,15,0.40444571,0.00011175
7449,15,0.44842601,0.00011175
7450,15,0.38791832,0.00011178
7451,15,0.41259214,0.00011178
7452,15,0.43414396,0.00011181
7453,15,0.41012108,0.00011181
7454,15,0.46903121,0.00011184
7455,15,0.42402324,0.00011184
7456,15,0.40411544,0.00011187
7457,15,0.40929168,0.00011187
7458,15,0.43962789,0.0001119
7459,15,0.36798453,0.0001119
7460,15,0.45398569,0.00011193
7461,15,0.40442047,0.00011193
7462,15,0.40992141,0.00011196
7463,15,0.45270813,0.00011196
7464,15,0.38968962,0.00011199
7465,15,0.41624975,0.00011199
7466,15,0.47994012,0.00011202
7467,15,0.41689393,0.00011202
7468,15,0.38237453,0.00011205
7469,15,0.46516556,0.00011205
7470,15,0.39889282,0.00011208
7471,15,0.40251809,0.00011208
7472,15,0.45734593,0.00011211
7473,15,0.42487893,0.00011211
7474,15,0.39027715,0.00011214
7475,15,0.40036103,0.00011214
7476,15,0.45276210,0.00011217
7477,15,0.44176453,0.00011217
7478,15,0.36047411,0.0001122
7479,15,0.39063963,0.0001122
7480,15,0.35802135,0.00011223
7481,15,0.44054699,0.00011223
7482,15,0.36278534,0.00011226
7483,15,0.45165443,0.00011226
7484,15,0.42669114,0.00011229
7485,15,0.41279507,0.00011229
7486,15,0.44970772,0.00011232
7487,15,0.40432847,0.00011232
7488,15,0.40311083,0.00011235
7489,15,0.42336816,0.00011235
7490,15,0.45831168,0.00011238
7491,15,0.38048106,0.00011238
7492,15,0.44413289,0.00011241
7493,15,0.38368005,0.00011241
7494,15,0.41672882,0.00011244
7495,15,0.42135140,0.00011244
7496,15,0.42347711,0.00011247
7497,15,0.41619849,0.00011247
7498,15,0.39738828,0.0001125
7499,15,0.44440591,0.0001125
7500,15,0.43120989,0.00011253
7501,15,0.40735564,0.00011253
7502,15,0.37733412,0.00011256
7503,15,0.36625251,0.00011256
7504,15,0.44279203,0.00011259
7505,15,0.43115956,0.00011259
7506,15,0.37301707,0.00011262
7507,15,0.40857142,0.00011262
7508,15,0.41169494,0.00011265
7509,15,0.40617949,0.00011265
7510,15,0.41327637,0.00011268
7511,15,0.31022626,0.00011268
7512,15,0.48069867,0.00011271
7513,15,0.38383484,0.00011271
7514,15,0.43923625,0.00011274
7515,15,0.38874897,0.00011274
7516,15,0.37711209,0.00011277
7517,15,0.43992099,0.00011277
7518,15,0.37725800,0.0001128
7519,15,0.44403136,0.0001128
7520,15,0.42826828,0.00011283
7521,15,0.42361724,0.00011283
7522,15,0.40136433,0.00011286
7523,15,0.36808914,0.00011286
7524,15,0.36319539,0.00011289
7525,15,0.40996704,0.00011289
7526,15,0.43200397,0.00011292
7527,15,0.43284139,0.00011292
7528,15,0.34950352,0.00011295
7529,15,0.41821891,0.00011295
7530,15,0.41376847,0.00011298
7531,15,0.40616488,0.00011298
7532,15,0.39251217,0.00011301
7533,15,0.37905797,0.00011301
7534,15,0.44962952,0.00011304
7535,15,0.40617961,0.00011304
7536,15,0.43359289,0.00011307
7537,15,0.46541047,0.00011307
7538,15,0.34829545,0.0001131
7539,15,0.37616238,0.0001131
7540,15,0.47692221,0.00011313
7541,15,0.42147860,0.00011313
7542,15,0.46882054,0.00011316
7543,15,0.45862409,0.00011316
7544,15,0.35335988,0.00011319
7545,15,0.47686681,0.00011319
7546,15,0.42475766,0.00011322
7547,15,0.39313993,0.00011322
7548,15,0.44329211,0.00011325
7549,15,0.39633906,0.00011325
7550,15,0.43912062,0.00011328
7551,15,0.39068019,0.00011328
7552,15,0.43750390,0.00011331
7553,15,0.44704241,0.00011331
7554,15,0.42473930,0.00011334
7555,15,0.41950250,0.00011334
7556,15,0.42512429,0.00011337
7557,15,0.43139410,0.00011337
7558,15,0.39474893,0.0001134
7559,15,0.41530785,0.0001134
7560,15,0.38621515,0.00011343
7561,15,0.41432881,0.00011343
7562,15,0.39132458,0.00011346
7563,15,0.34918019,0.00011346
7564,15,0.41690478,0.00011349
7565,15,0.39629263,0.00011349
7566,15,0.40761650,0.00011352
7567,15,0.44298404,0.00011352
7568,15,0.41445121,0.00011355
7569,15,0.36527681,0.00011355
7570,15,0.41541630,0.00011358
7571,15,0.41381413,0.00011358
7572,15,0.40262005,0.00011361
7573,15,0.43834645,0.00011361
7574,15,0.39395580,0.00011364
7575,15,0.42167747,0.00011364
7576,15,0.44337350,0.00011367
7577,15,0.40251970,0.00011367
7578,15,0.37762898,0.0001137
7579,15,0.41329157,0.0001137
7580,15,0.42836699,0.00011373
7581,15,0.37091145,0.00011373
7582,15,0.42961180,0.00011376
7583,15,0.44230783,0.00011376
7584,15,0.42554244,0.00011379
7585,15,0.38619852,0.00011379
7586,15,0.38445577,0.00011382
7587,15,0.38006446,0.00011382
7588,15,0.39874983,0.00011385
7589,15,0.38819858,0.00011385
7590,15,0.42156383,0.00011388
7591,15,0.41363764,0.00011388
7592,15,0.38930118,0.00011391
7593,15,0.44788513,0.00011391
7594,15,0.40993723,0.00011394
7595,15,0.45411766,0.00011394
7596,15,0.43183190,0.00011397
7597,15,0.38924778,0.00011397
7598,15,0.38241571,0.000114
7599,15,0.46467209,0.000114
7600,15,0.45036072,0.00011403
7601,15,0.43312725,0.00011403
7602,15,0.38421428,0.00011406
7603,15,0.42840213,0.00011406
7604,15,0.39454111,0.00011409
7605,15,0.46027797,0.00011409
7606,15,0.38211605,0.00011412
7607,15,0.41638929,0.00011412
7608,15,0.39088604,0.00011415
7609,15,0.38569915,0.00011415
7610,15,0.41713166,0.00011418
7611,15,0.43263313,0.00011418
7612,15,0.40392765,0.00011421
7613,15,0.47705397,0.00011421
7614,15,0.37202454,0.00011424
7615,15,0.40633148,0.00011424
7616,15,0.45704877,0.00011427
7617,15,0.47385812,0.00011427
7618,15,0.41725406,0.0001143
7619,15,0.38623330,0.0001143
7620,15,0.43882382,0.00011433
7621,15,0.37910742,0.00011433
7622,15,0.44356722,0.00011436
7623,15,0.42726383,0.00011436
7624,15,0.35489616,0.00011439
7625,15,0.42625067,0.00011439
7626,15,0.39669999,0.00011442
7627,15,0.45204639,0.00011442
7628,15,0.38372582,0.00011445
7629,15,0.43780166,0.00011445
7630,15,0.39566359,0.00011448
7631,15,0.37421089,0.00011448
7632,15,0.41218251,0.00011451
7633,15,0.48911223,0.00011451
7634,15,0.41356644,0.00011454
7635,15,0.39602301,0.00011454
7636,15,0.39755616,0.00011457
7637,15,0.38528073,0.00011457
7638,15,0.39772195,0.0001146
7639,15,0.41821408,0.0001146
7640,15,0.39534411,0.00011463
7641,15,0.36049485,0.00011463
7642,15,0.36594057,0.00011466
7643,15,0.45579264,0.00011466
7644,15,0.39852616,0.00011469
7645,15,0.42916512,0.00011469
7646,15,0.37869880,0.00011472
7647,15,0.46559399,0.00011472
7648,15,0.37315783,0.00011475
7649,15,0.38891268,0.00011475
7650,15,0.35651311,0.00011478
7651,15,0.39592206,0.00011478
7652,15,0.38199037,0.00011481
7653,15,0.39227328,0.00011481
7654,15,0.40075159,0.00011484
7655,15,0.35264033,0.00011484
7656,15,0.36736974,0.00011487
7657,15,0.37048918,0.00011487
7658,15,0.42755935,0.0001149
7659,15,0.44285315,0.0001149
7660,15,0.39410338,0.00011493
7661,15,0.40155825,0.00011493
7662,15,0.40329146,0.00011496
7663,15,0.42738196,0.00011496
7664,15,0.40486515,0.00011499
7665,15,0.39417422,0.00011499
7666,15,0.46099740,0.00011502
7667,15,0.38870963,0.00011502
7668,15,0.41125929,0.00011505
7669,15,0.39164957,0.00011505
7670,15,0.40245318,0.00011508
7671,15,0.31000143,0.00011508
7672,15,0.38271365,0.00011511
7673,15,0.39823127,0.00011511
7674,15,0.42270380,0.00011514
7675,15,0.37276262,0.00011514
7676,15,0.38747823,0.00011517
7677,15,0.37050614,0.00011517
7678,15,0.43997273,0.0001152
7679,15,0.36465710,0.0001152
7680,15,0.49060142,0.00011523
7681,15,0.38811535,0.00011523
7682,15,0.43708116,0.00011526
7683,15,0.38960028,0.00011526
7684,15,0.42539689,0.00011529
7685,15,0.42447966,0.00011529
7686,15,0.46312401,0.00011532
7687,15,0.41020364,0.00011532
7688,15,0.42626417,0.00011535
7689,15,0.39630532,0.00011535
7690,15,0.40570229,0.00011538
7691,15,0.42758507,0.00011538
7692,15,0.37222677,0.00011541
7693,15,0.39737123,0.00011541
7694,15,0.40392536,0.00011544
7695,15,0.44537944,0.00011544
7696,15,0.38482600,0.00011547
7697,15,0.38714752,0.00011547
7698,15,0.43840787,0.0001155
7699,15,0.38229641,0.0001155
7700,15,0.38269198,0.00011553
7701,15,0.40890968,0.00011553
7702,15,0.40749776,0.00011556
7703,15,0.44965658,0.00011556
7704,15,0.38329005,0.00011559
7705,15,0.38639289,0.00011559
7706,15,0.50386393,0.00011562
7707,15,0.35840005,0.00011562
7708,15,0.44891500,0.00011565
7709,15,0.42164969,0.00011565
7710,15,0.40208408,0.00011568
7711,15,0.37317008,0.00011568
7712,15,0.36329210,0.00011571
7713,15,0.34795353,0.00011571
7714,15,0.47008175,0.00011574
7715,15,0.44638750,0.00011574
7716,15,0.45022151,0.00011577
7717,15,0.41748032,0.00011577
