step,epoch,loss,lr
1,1,1.16202319,3e-08
2,1,1.15957284,6e-08
3,1,1.16426909,6e-08
4,1,1.16361892,9e-08
5,1,1.14617014,9e-08
6,1,1.16970193,1.2e-07
7,1,1.16447842,1.2e-07
8,1,1.17153430,1.5e-07
9,1,1.15822768,1.5e-07
10,1,1.16015971,1.8e-07
11,1,1.14426672,1.8e-07
12,1,1.16837394,2.1e-07
13,1,1.16056573,2.1e-07
14,1,1.15098381,2.4e-07
15,1,1.15019560,2.4e-07
16,1,1.16490066,2.7e-07
17,1,1.16700339,2.7e-07
18,1,1.15302241,3e-07
19,1,1.15072119,3e-07
20,1,1.15380692,3.3e-07
21,1,1.14630234,3.3e-07
22,1,1.14905989,3.6e-07
23,1,1.15088141,3.6e-07
24,1,1.16039002,3.9e-07
25,1,1.15224993,3.9e-07
26,1,1.16068709,4.2e-07
27,1,1.14908409,4.2e-07
28,1,1.14641464,4.5e-07
29,1,1.14001751,4.5e-07
30,1,1.14630425,4.8e-07
31,1,1.13727570,4.8e-07
32,1,1.13876581,5.1e-07
33,1,1.14650309,5.1e-07
34,1,1.12935996,5.4e-07
35,1,1.14245737,5.4e-07
36,1,1.14093339,5.7e-07
37,1,1.14544976,5.7e-07
38,1,1.12863398,6e-07
39,1,1.13644314,6e-07
40,1,1.13856280,6.3e-07
41,1,1.13677084,6.3e-07
42,1,1.12972367,6.6e-07
43,1,1.12529480,6.6e-07
44,1,1.13538241,6.9e-07
45,1,1.13057649,6.9e-07
46,1,1.12254798,7.2e-07
47,1,1.12712312,7.2e-07
48,1,1.12008989,7.5e-07
49,1,1.12518644,7.5e-07
50,1,1.12373853,7.8e-07
51,1,1.11312783,7.8e-07
52,1,1.11858559,8.1e-07
53,1,1.11324966,8.1e-07
54,1,1.11698794,8.4e-07
55,1,1.11332011,8.4e-07
56,1,1.10730255,8.7e-07
57,1,1.10988533,8.7e-07
58,1,1.11531794,9e-07
59,1,1.11161768,9e-07
60,1,1.10652435,9.3e-07
61,1,1.10806894,9.3e-07
62,1,1.10510850,9.6e-07
63,1,1.10342348,9.6e-07
64,1,1.10078764,9.9e-07
65,1,1.09573245,9.9e-07
66,1,1.09738982,1.02e-06
67,1,1.09712124,1.02e-06
68,1,1.10019934,1.05e-06
69,1,1.10107672,1.05e-06
70,1,1.09018147,1.08e-06
71,1,1.08325803,1.08e-06
72,1,1.07980788,1.11e-06
73,1,1.08943915,1.11e-06
74,1,1.07962394,1.14e-06
75,1,1.08020651,1.14e-06
76,1,1.08400297,1.17e-06
77,1,1.08224738,1.17e-06
78,1,1.07807720,1.2e-06
79,1,1.07056248,1.2e-06
80,1,1.08633661,1.23e-06
81,1,1.06701541,1.23e-06
82,1,1.07627571,1.26e-06
83,1,1.07301080,1.26e-06
84,1,1.06594706,1.29e-06
85,1,1.07392657,1.29e-06
86,1,1.06176138,1.32e-06
87,1,1.06016159,1.32e-06
88,1,1.05873501,1.35e-06
89,1,1.05769360,1.35e-06
90,1,1.05578196,1.38e-06
91,1,1.05321813,1.38e-06
92,1,1.05601060,1.41e-06
93,1,1.04724944,1.41e-06
94,1,1.05135202,1.44e-06
95,1,1.04351532,1.44e-06
96,1,1.04696536,1.47e-06
97,1,1.04379857,1.47e-06
98,1,1.04427063,1.5e-06
99,1,1.04462862,1.5e-06
100,1,1.04330790,1.53e-06
101,1,1.03015876,1.53e-06
102,1,1.03694737,1.56e-06
103,1,1.02960443,1.56e-06
104,1,1.03544950,1.59e-06
105,1,1.02675033,1.59e-06
106,1,1.03038192,1.62e-06
107,1,1.02314532,1.62e-06
108,1,1.02423334,1.65e-06
109,1,1.02600503,1.65e-06
110,1,1.02396154,1.68e-06
111,1,1.02003932,1.68e-06
112,1,1.01716125,1.71e-06
113,1,1.01867926,1.71e-06
114,1,1.01609480,1.74e-06
115,1,1.01444077,1.74e-06
116,1,1.00961483,1.77e-06
117,1,1.00885940,1.77e-06
118,1,1.01008391,1.8e-06
119,1,0.99773788,1.8e-06
120,1,0.99872887,1.83e-06
121,1,1.00198853,1.83e-06
122,1,1.00138533,1.86e-06
123,1,0.99789602,1.86e-06
124,1,0.99587590,1.89e-06
125,1,0.99500930,1.89e-06
126,1,0.99596107,1.92e-06
127,1,0.99393857,1.92e-06
128,1,0.98465717,1.95e-06
129,1,0.98162484,1.95e-06
130,1,0.98915589,1.98e-06
131,1,0.98533231,1.98e-06
132,1,0.98076332,2.01e-06
133,1,0.97667718,2.01e-06
134,1,0.97425842,2.04e-06
135,1,0.97875512,2.04e-06
136,1,0.97049439,2.07e-06
137,1,0.97132218,2.07e-06
138,1,0.97210312,2.1e-06
139,1,0.96702790,2.1e-06
140,1,0.96613091,2.13e-06
141,1,0.95763272,2.13e-06
142,1,0.96696270,2.16e-06
143,1,0.95840728,2.16e-06
144,1,0.95487934,2.19e-06
145,1,0.95436370,2.19e-06
146,1,0.95228004,2.22e-06
147,1,0.94899732,2.22e-06
148,1,0.94894356,2.25e-06
149,1,0.95005512,2.25e-06
150,1,0.95005226,2.28e-06
151,1,0.93969303,2.28e-06
152,1,0.94239819,2.31e-06
153,1,0.93934017,2.31e-06
154,1,0.93971360,2.34e-06
155,1,0.93821079,2.34e-06
156,1,0.93794525,2.37e-06
157,1,0.93150264,2.37e-06
158,1,0.93437749,2.4e-06
159,1,0.93090397,2.4e-06
160,1,0.92200929,2.43e-06
161,1,0.92258626,2.43e-06
162,1,0.92660695,2.46e-06
163,1,0.92216724,2.46e-06
164,1,0.92300045,2.49e-06
165,1,0.91209537,2.49e-06
166,1,0.90974301,2.52e-06
167,1,0.90950900,2.52e-06
168,1,0.91416061,2.55e-06
169,1,0.91102135,2.55e-06
170,1,0.89948612,2.58e-06
171,1,0.90164757,2.58e-06
172,1,0.89952022,2.61e-06
173,1,0.89305478,2.61e-06
174,1,0.90392154,2.64e-06
175,1,0.88795990,2.64e-06
176,1,0.88546461,2.67e-06
177,1,0.89236110,2.67e-06
178,1,0.88669461,2.7e-06
179,1,0.88518471,2.7e-06
180,1,0.88553476,2.73e-06
181,1,0.87857509,2.73e-06
182,1,0.88051313,2.76e-06
183,1,0.88018018,2.76e-06
184,1,0.87507057,2.79e-06
185,1,0.88035190,2.79e-06
186,1,0.86816674,2.82e-06
187,1,0.86718345,2.82e-06
188,1,0.86718273,2.85e-06
189,1,0.86243707,2.85e-06
190,1,0.86028099,2.88e-06
191,1,0.86894596,2.88e-06
192,1,0.86989635,2.91e-06
193,1,0.85087776,2.91e-06
194,1,0.85126179,2.94e-06
195,1,0.83869052,2.94e-06
196,1,0.85205507,2.97e-06
197,1,0.83967155,2.97e-06
198,1,0.83882880,3e-06
199,1,0.84695244,3e-06
200,1,0.84687752,3.03e-06
201,1,0.82497865,3.03e-06
202,1,0.83641833,3.06e-06
203,1,0.82301950,3.06e-06
204,1,0.82389891,3.09e-06
205,1,0.82544935,3.09e-06
206,1,0.81861132,3.12e-06
207,1,0.82230043,3.12e-06
208,1,0.80979669,3.15e-06
209,1,0.81222773,3.15e-06
210,1,0.80648643,3.18e-06
211,1,0.79899830,3.18e-06
212,1,0.80795985,3.21e-06
213,1,0.81280911,3.21e-06
214,1,0.80020535,3.24e-06
215,1,0.79518968,3.24e-06
216,1,0.79304320,3.27e-06
217,1,0.79553509,3.27e-06
218,1,0.79010230,3.3e-06
219,1,0.78429031,3.3e-06
220,1,0.77930468,3.33e-06
221,1,0.79051954,3.33e-06
222,1,0.77725035,3.36e-06
223,1,0.78375751,3.36e-06
224,1,0.77504200,3.39e-06
225,1,0.76848507,3.39e-06
226,1,0.77262348,3.42e-06
227,1,0.77131581,3.42e-06
228,1,0.77761179,3.45e-06
229,1,0.76358873,3.45e-06
230,1,0.75728709,3.48e-06
231,1,0.76758945,3.48e-06
232,1,0.75908327,3.51e-06
233,1,0.75244951,3.51e-06
234,1,0.76109958,3.54e-06
235,1,0.73586071,3.54e-06
236,1,0.73930371,3.57e-06
237,1,0.73947030,3.57e-06
238,1,0.74067688,3.6e-06
239,1,0.73509896,3.6e-06
240,1,0.74133891,3.63e-06
241,1,0.72322583,3.63e-06
242,1,0.72242194,3.66e-06
243,1,0.72477639,3.66e-06
244,1,0.71245712,3.69e-06
245,1,0.73270208,3.69e-06
246,1,0.71392280,3.72e-06
247,1,0.72032231,3.72e-06
248,1,0.72133267,3.75e-06
249,1,0.71028942,3.75e-06
250,1,0.71353394,3.78e-06
251,1,0.70653695,3.78e-06
252,1,0.70741832,3.81e-06
253,1,0.69166118,3.81e-06
254,1,0.69466031,3.84e-06
255,1,0.68625623,3.84e-06
256,1,0.68896550,3.87e-06
257,1,0.67958033,3.87e-06
258,1,0.68224043,3.9e-06
259,1,0.69042087,3.9e-06
260,1,0.68752080,3.93e-06
261,1,0.67136127,3.93e-06
262,1,0.67627317,3.96e-06
263,1,0.69142300,3.96e-06
264,1,0.64789808,3.99e-06
265,1,0.64632982,3.99e-06
266,1,0.65733838,4.02e-06
267,1,0.63886666,4.02e-06
268,1,0.65505695,4.05e-06
269,1,0.65654373,4.05e-06
270,1,0.64969540,4.08e-06
271,1,0.64981407,4.08e-06
272,1,0.64591759,4.11e-06
273,1,0.63762403,4.11e-06
274,1,0.63498694,4.14e-06
275,1,0.62115622,4.14e-06
276,1,0.64759880,4.17e-06
277,1,0.62252551,4.17e-06
278,1,0.62367231,4.2e-06
279,1,0.61279851,4.2e-06
280,1,0.61069113,4.23e-06
281,1,0.61481172,4.23e-06
282,1,0.62086159,4.26e-06
283,1,0.60661584,4.26e-06
284,1,0.59770173,4.29e-06
285,1,0.62637639,4.29e-06
286,1,0.60106933,4.32e-06
287,1,0.59649515,4.32e-06
288,1,0.60275346,4.35e-06
289,1,0.61993200,4.35e-06
290,1,0.59062034,4.38e-06
291,1,0.56307286,4.38e-06
292,1,0.59602815,4.41e-06
293,1,0.58250344,4.41e-06
294,1,0.56844741,4.44e-06
295,1,0.56696963,4.44e-06
296,1,0.57661372,4.47e-06
297,1,0.55866134,4.47e-06
298,1,0.56129539,4.5e-06
299,1,0.55604017,4.5e-06
300,1,0.56689876,4.53e-06
301,1,0.56317693,4.53e-06
302,1,0.54927713,4.56e-06
303,1,0.54656869,4.56e-06
304,1,0.54939812,4.59e-06
305,1,0.54479748,4.59e-06
306,1,0.51003975,4.62e-06
307,1,0.52860874,4.62e-06
308,1,0.53784096,4.65e-06
309,1,0.52508676,4.65e-06
310,1,0.54769033,4.68e-06
311,1,0.51414800,4.68e-06
312,1,0.52403349,4.71e-06
313,1,0.48759064,4.71e-06
314,1,0.49154383,4.74e-06
315,1,0.49895415,4.74e-06
316,1,0.49001661,4.77e-06
317,1,0.47523776,4.77e-06
318,1,0.47154754,4.8e-06
319,1,0.47236761,4.8e-06
320,1,0.46705708,4.83e-06
321,1,0.48888186,4.83e-06
322,1,0.47360644,4.86e-06
323,1,0.47781739,4.86e-06
324,1,0.47090808,4.89e-06
325,1,0.47970095,4.89e-06
326,1,0.46415704,4.92e-06
327,1,0.46955293,4.92e-06
328,1,0.46880600,4.95e-06
329,1,0.43845284,4.95e-06
330,1,0.43158832,4.98e-06
331,1,0.45823824,4.98e-06
332,1,0.45642239,5.01e-06
333,1,0.47166771,5.01e-06
334,1,0.41701707,5.04e-06
335,1,0.41516104,5.04e-06
336,1,0.45268980,5.07e-06
337,1,0.42081755,5.07e-06
338,1,0.43372542,5.1e-06
339,1,0.42610660,5.1e-06
340,1,0.42438188,5.13e-06
341,1,0.44171506,5.13e-06
342,1,0.39698914,5.16e-06
343,1,0.39099964,5.16e-06
344,1,0.39244786,5.19e-06
345,1,0.39738125,5.19e-06
346,1,0.37485415,5.22e-06
347,1,0.37341496,5.22e-06
348,1,0.40547213,5.25e-06
349,1,0.39022616,5.25e-06
350,1,0.37599453,5.28e-06
351,1,0.40037617,5.28e-06
352,1,0.38951430,5.31e-06
353,1,0.36657080,5.31e-06
354,1,0.38474649,5.34e-06
355,1,0.39143941,5.34e-06
356,1,0.37251547,5.37e-06
357,1,0.36299905,5.37e-06
358,1,0.36851582,5.4e-06
359,1,0.35487044,5.4e-06
360,1,0.36793932,5.43e-06
361,1,0.32714596,5.43e-06
362,1,0.35994640,5.46e-06
363,1,0.34135193,5.46e-06
364,1,0.34929445,5.49e-06
365,1,0.33047321,5.49e-06
366,1,0.34709874,5.52e-06
367,1,0.33310357,5.52e-06
368,1,0.36358491,5.55e-06
369,1,0.32881775,5.55e-06
370,1,0.31935918,5.58e-06
371,1,0.31325728,5.58e-06
372,1,0.31671879,5.61e-06
373,1,0.29645821,5.61e-06
374,1,0.32492697,5.64e-06
375,1,0.29932371,5.64e-06
376,1,0.31157845,5.67e-06
377,1,0.31529889,5.67e-06
378,1,0.30362454,5.7e-06
379,1,0.31659010,5.7e-06
380,1,0.29498413,5.73e-06
381,1,0.31504735,5.73e-06
382,1,0.26833212,5.76e-06
383,1,0.29510537,5.76e-06
384,1,0.27839911,5.79e-06
385,1,0.27087763,5.79e-06
386,1,0.27162087,5.82e-06
387,1,0.26562259,5.82e-06
388,1,0.25760815,5.85e-06
389,1,0.25292459,5.85e-06
390,1,0.25934157,5.88e-06
391,1,0.24468946,5.88e-06
392,1,0.26795426,5.91e-06
393,1,0.26521555,5.91e-06
394,1,0.24361916,5.94e-06
395,1,0.26723480,5.94e-06
396,1,0.24464750,5.97e-06
397,1,0.24387042,5.97e-06
398,1,0.24851571,6e-06
399,1,0.24754842,6e-06
400,1,0.21216306,6.03e-06
401,1,0.22896481,6.03e-06
402,1,0.24261566,6.06e-06
403,1,0.20878287,6.06e-06
404,1,0.23133326,6.09e-06
405,1,0.22571166,6.09e-06
406,1,0.22059502,6.12e-06
407,1,0.21321848,6.12e-06
408,1,0.22789976,6.15e-06
409,1,0.21097389,6.15e-06
410,1,0.20628959,6.18e-06
411,1,0.21046297,6.18e-06
412,1,0.24506527,6.21e-06
413,1,0.17852831,6.21e-06
414,1,0.19710831,6.24e-06
415,1,0.20704395,6.24e-06
416,1,0.23775207,6.27e-06
417,1,0.21315777,6.27e-06
418,1,0.20771721,6.3e-06
419,1,0.18597375,6.3e-06
420,1,0.16863121,6.33e-06
421,1,0.16976559,6.33e-06
422,1,0.19825394,6.36e-06
423,1,0.21166903,6.36e-06
424,1,0.16960232,6.39e-06
425,1,0.17386863,6.39e-06
426,1,0.17979103,6.42e-06
427,1,0.19086936,6.42e-06
428,1,0.19490668,6.45e-06
429,1,0.21061966,6.45e-06
430,1,0.17211063,6.48e-06
431,1,0.16837831,6.48e-06
432,1,0.19265470,6.51e-06
433,1,0.18756615,6.51e-06
434,1,0.17451698,6.54e-06
435,1,0.17144954,6.54e-06
436,1,0.13315289,6.57e-06
437,1,0.17460857,6.57e-06
438,1,0.16863763,6.6e-06
439,1,0.16389248,6.6e-06
440,1,0.19728711,6.63e-06
441,1,0.18623421,6.63e-06
442,1,0.16535895,6.66e-06
443,1,0.14996916,6.66e-06
444,1,0.16911630,6.69e-06
445,1,0.18217213,6.69e-06
446,1,0.14159428,6.72e-06
447,1,0.18944161,6.72e-06
448,1,0.15536745,6.75e-06
449,1,0.16203584,6.75e-06
450,1,0.14137854,6.78e-06
451,1,0.13656145,6.78e-06
452,1,0.18141174,6.81e-06
453,1,0.14561990,6.81e-06
454,1,0.15991886,6.84e-06
455,1,0.15802331,6.84e-06
456,1,0.17446896,6.87e-06
457,1,0.15948687,6.87e-06
458,1,0.15423274,6.9e-06
459,1,0.17671682,6.9e-06
460,1,0.16104820,6.93e-06
461,1,0.15534404,6.93e-06
462,1,0.14571936,6.96e-06
463,1,0.16949967,6.96e-06
464,1,0.13587029,6.99e-06
465,1,0.16080110,6.99e-06
466,1,0.15154965,7.02e-06
467,1,0.16493888,7.02e-06
468,1,0.15855122,7.05e-06
469,1,0.14696504,7.05e-06
470,1,0.15880871,7.08e-06
471,1,0.17749482,7.08e-06
472,1,0.15036602,7.11e-06
473,1,0.16437630,7.11e-06
474,1,0.18707745,7.14e-06
475,1,0.12748411,7.14e-06
476,1,0.15926926,7.17e-06
477,1,0.14320849,7.17e-06
478,1,0.12260236,7.2e-06
479,1,0.15838246,7.2e-06
480,1,0.16818100,7.23e-06
481,1,0.13481829,7.23e-06
482,1,0.12397472,7.26e-06
483,1,0.16428681,7.26e-06
484,1,0.13179906,7.29e-06
485,1,0.15475588,7.29e-06
486,1,0.15301630,7.32e-06
487,1,0.13959067,7.32e-06
488,1,0.14268571,7.35e-06
489,1,0.14761122,7.35e-06
490,1,0.15068881,7.38e-06
491,1,0.13291985,7.38e-06
492,1,0.16788512,7.41e-06
493,1,0.16631474,7.41e-06
494,1,0.14834830,7.44e-06
495,1,0.15138224,7.44e-06
496,1,0.16587164,7.47e-06
497,1,0.14298020,7.47e-06
498,1,0.12654822,7.5e-06
499,1,0.15243602,7.5e-06
500,1,0.14135809,7.53e-06
501,1,0.14500415,7.53e-06
502,1,0.14230423,7.56e-06
503,1,0.16180435,7.56e-06
504,1,0.12552348,7.59e-06
505,1,0.13381071,7.59e-06
506,1,0.14552464,7.62e-06
507,1,0.14026523,7.62e-06
508,1,0.09961673,7.65e-06
509,1,0.11703201,7.65e-06
510,1,0.12104382,7.68e-06
511,1,0.12527402,7.68e-06
512,1,0.12803285,7.71e-06
513,1,0.16660874,7.71e-06
514,1,0.12489162,7.74e-06
515,1,0.14524667,7.74e-06
516,1,0.17467569,7.77e-06
517,1,0.15343247,7.77e-06
518,1,0.14870501,7.8e-06
519,1,0.12899226,7.8e-06
520,1,0.13881905,7.83e-06
521,2,0.15865919,7.83e-06
522,2,0.12955502,7.86e-06
523,2,0.12570663,7.86e-06
524,2,0.13469073,7.89e-06
525,2,0.09294776,7.89e-06
526,2,0.10554186,7.92e-06
527,2,0.12408596,7.92e-06
528,2,0.12367032,7.95e-06
529,2,0.15080944,7.95e-06
530,2,0.14311032,7.98e-06
531,2,0.12952004,7.98e-06
532,2,0.13725366,8.01e-06
533,2,0.09439966,8.01e-06
534,2,0.12678708,8.04e-06
535,2,0.12269045,8.04e-06
536,2,0.14100711,8.07e-06
537,2,0.15000160,8.07e-06
538,2,0.14052309,8.1e-06
539,2,0.13369055,8.1e-06
540,2,0.10350870,8.13e-06
541,2,0.09876699,8.13e-06
542,2,0.11685590,8.16e-06
543,2,0.12992986,8.16e-06
544,2,0.12571120,8.19e-06
545,2,0.11413063,8.19e-06
546,2,0.11438189,8.22e-06
547,2,0.11987832,8.22e-06
548,2,0.12020576,8.25e-06
549,2,0.14189880,8.25e-06
550,2,0.14326616,8.28e-06
551,2,0.12328318,8.28e-06
552,2,0.14882369,8.31e-06
553,2,0.13373943,8.31e-06
554,2,0.16335185,8.34e-06
555,2,0.13555613,8.34e-06
556,2,0.12097870,8.37e-06
557,2,0.11283782,8.37e-06
558,2,0.15304385,8.4e-06
559,2,0.13702007,8.4e-06
560,2,0.13050433,8.43e-06
561,2,0.11183343,8.43e-06
562,2,0.09891505,8.46e-06
563,2,0.13128383,8.46e-06
564,2,0.11276808,8.49e-06
565,2,0.16289626,8.49e-06
566,2,0.10380382,8.52e-06
567,2,0.15663804,8.52e-06
568,2,0.12793782,8.55e-06
569,2,0.10980440,8.55e-06
570,2,0.10004620,8.58e-06
571,2,0.15942809,8.58e-06
572,2,0.12933116,8.61e-06
573,2,0.13954969,8.61e-06
574,2,0.13923442,8.64e-06
575,2,0.14532025,8.64e-06
576,2,0.12574349,8.67e-06
577,2,0.12302795,8.67e-06
578,2,0.11219462,8.7e-06
579,2,0.11698122,8.7e-06
580,2,0.10510674,8.73e-06
581,2,0.12388820,8.73e-06
582,2,0.12932672,8.76e-06
583,2,0.13068922,8.76e-06
584,2,0.13518028,8.79e-06
585,2,0.13156296,8.79e-06
586,2,0.13855208,8.82e-06
587,2,0.12355790,8.82e-06
588,2,0.11696064,8.85e-06
589,2,0.14598547,8.85e-06
590,2,0.09409984,8.88e-06
591,2,0.10939512,8.88e-06
592,2,0.14036798,8.91e-06
593,2,0.12497727,8.91e-06
594,2,0.12492209,8.94e-06
595,2,0.12167288,8.94e-06
596,2,0.12112611,8.97e-06
597,2,0.11059354,8.97e-06
598,2,0.09892569,9e-06
599,2,0.11184321,9e-06
600,2,0.11273666,9.03e-06
601,2,0.11080976,9.03e-06
602,2,0.16881482,9.06e-06
603,2,0.13419688,9.06e-06
604,2,0.14587528,9.09e-06
605,2,0.12612011,9.09e-06
606,2,0.10864981,9.12e-06
607,2,0.11018462,9.12e-06
608,2,0.13568084,9.15e-06
609,2,0.14411762,9.15e-06
610,2,0.10229561,9.18e-06
611,2,0.10370073,9.18e-06
612,2,0.12897974,9.21e-06
613,2,0.11473521,9.21e-06
614,2,0.15396786,9.24e-06
615,2,0.11898223,9.24e-06
616,2,0.12465809,9.27e-06
617,2,0.10499749,9.27e-06
618,2,0.12017459,9.3e-06
619,2,0.10342801,9.3e-06
620,2,0.12501648,9.33e-06
621,2,0.14582275,9.33e-06
622,2,0.13921653,9.36e-06
623,2,0.11422360,9.36e-06
624,2,0.11670039,9.39e-06
625,2,0.11794310,9.39e-06
626,2,0.11353704,9.42e-06
627,2,0.10674218,9.42e-06
628,2,0.14510556,9.45e-06
629,2,0.13697414,9.45e-06
630,2,0.11451581,9.48e-06
631,2,0.09197307,9.48e-06
632,2,0.13000092,9.51e-06
633,2,0.12275014,9.51e-06
634,2,0.11190709,9.54e-06
635,2,0.10000798,9.54e-06
636,2,0.11579597,9.57e-06
637,2,0.12076452,9.57e-06
638,2,0.11483312,9.6e-06
639,2,0.14160763,9.6e-06
640,2,0.10975137,9.63e-06
641,2,0.10770917,9.63e-06
642,2,0.12261195,9.66e-06
643,2,0.09719442,9.66e-06
644,2,0.12985043,9.69e-06
645,2,0.08713956,9.69e-06
646,2,0.16823860,9.72e-06
647,2,0.10042538,9.72e-06
648,2,0.10558098,9.75e-06
649,2,0.11039440,9.75e-06
650,2,0.09663469,9.78e-06
651,2,0.11380025,9.78e-06
652,2,0.10010266,9.81e-06
653,2,0.12821825,9.81e-06
654,2,0.12088536,9.84e-06
655,2,0.10492054,9.84e-06
656,2,0.12362359,9.87e-06
657,2,0.11106372,9.87e-06
658,2,0.10599027,9.9e-06
659,2,0.12724787,9.9e-06
660,2,0.12826949,9.93e-06
661,2,0.09888137,9.93e-06
662,2,0.11284836,9.96e-06
663,2,0.09620758,9.96e-06
664,2,0.13040410,9.99e-06
665,2,0.10155760,9.99e-06
666,2,0.12838791,1.002e-05
667,2,0.10979007,1.002e-05
668,2,0.10036346,1.005e-05
669,2,0.07415678,1.005e-05
670,2,0.08589855,1.008e-05
671,2,0.14913228,1.008e-05
672,2,0.12601876,1.011e-05
673,2,0.10349683,1.011e-05
674,2,0.09273145,1.014e-05
675,2,0.12014571,1.014e-05
676,2,0.16213386,1.017e-05
677,2,0.12877740,1.017e-05
678,2,0.11424322,1.02e-05
679,2,0.12207346,1.02e-05
680,2,0.14227529,1.023e-05
681,2,0.08640931,1.023e-05
682,2,0.12736578,1.026e-05
683,2,0.10633551,1.026e-05
684,2,0.11235508,1.029e-05
685,2,0.10293023,1.029e-05
686,2,0.09179717,1.032e-05
687,2,0.08575501,1.032e-05
688,2,0.08366940,1.035e-05
689,2,0.12762442,1.035e-05
690,2,0.10661586,1.038e-05
691,2,0.11489128,1.038e-05
692,2,0.09000322,1.041e-05
693,2,0.09094924,1.041e-05
694,2,0.10905270,1.044e-05
695,2,0.11615075,1.044e-05
696,2,0.08791127,1.047e-05
697,2,0.10004427,1.047e-05
698,2,0.10598979,1.05e-05
699,2,0.11435734,1.05e-05
700,2,0.10704248,1.053e-05
701,2,0.13180166,1.053e-05
702,2,0.11386169,1.056e-05
703,2,0.12063268,1.056e-05
704,2,0.10407939,1.059e-05
705,2,0.11566696,1.059e-05
706,2,0.09871664,1.062e-05
707,2,0.11417423,1.062e-05
708,2,0.09037869,1.065e-05
709,2,0.11199150,1.065e-05
710,2,0.10191435,1.068e-05
711,2,0.10343578,1.068e-05
712,2,0.09228700,1.071e-05
713,2,0.10008328,1.071e-05
714,2,0.11500200,1.074e-05
715,2,0.10565714,1.074e-05
716,2,0.10032438,1.077e-05
717,2,0.09471285,1.077e-05
718,2,0.10047884,1.08e-05
719,2,0.10960758,1.08e-05
720,2,0.10150222,1.083e-05
721,2,0.09930593,1.083e-05
722,2,0.11692689,1.086e-05
723,2,0.10726634,1.086e-05
724,2,0.12247581,1.089e-05
725,2,0.11301886,1.089e-05
726,2,0.11013677,1.092e-05
727,2,0.09130660,1.092e-05
728,2,0.10319749,1.095e-05
729,2,0.09439298,1.095e-05
730,2,0.09123722,1.098e-05
731,2,0.08743446,1.098e-05
732,2,0.09433793,1.101e-05
733,2,0.12325861,1.101e-05
734,2,0.08529694,1.104e-05
735,2,0.11991774,1.104e-05
736,2,0.09229002,1.107e-05
737,2,0.08776906,1.107e-05
738,2,0.09862308,1.11e-05
739,2,0.12069881,1.11e-05
740,2,0.10009367,1.113e-05
741,2,0.10405104,1.113e-05
742,2,0.12928171,1.116e-05
743,2,0.14413479,1.116e-05
744,2,0.08378015,1.119e-05
745,2,0.08559112,1.119e-05
746,2,0.10017809,1.122e-05
747,2,0.10532310,1.122e-05
748,2,0.11301138,1.125e-05
749,2,0.09814230,1.125e-05
750,2,0.08193737,1.128e-05
751,2,0.10107539,1.128e-05
752,2,0.10899242,1.131e-05
753,2,0.11423450,1.131e-05
754,2,0.10401034,1.134e-05
755,2,0.11747427,1.134e-05
756,2,0.10886134,1.137e-05
757,2,0.12419613,1.137e-05
758,2,0.10636909,1.14e-05
759,2,0.08423752,1.14e-05
760,2,0.10193364,1.143e-05
761,2,0.09916583,1.143e-05
762,2,0.12145277,1.146e-05
763,2,0.09758040,1.146e-05
764,2,0.10098932,1.149e-05
765,2,0.10186478,1.149e-05
766,2,0.10157248,1.152e-05
767,2,0.09572141,1.152e-05
768,2,0.09096961,1.155e-05
769,2,0.11650226,1.155e-05
770,2,0.10325268,1.158e-05
771,2,0.08578486,1.158e-05
772,2,0.12292985,1.161e-05
773,2,0.08800407,1.161e-05
774,2,0.10848065,1.164e-05
775,2,0.08715461,1.164e-05
776,2,0.14462857,1.167e-05
777,2,0.10485823,1.167e-05
778,2,0.10183726,1.17e-05
779,2,0.10178619,1.17e-05
780,2,0.09852158,1.173e-05
781,2,0.09787975,1.173e-05
782,2,0.10157754,1.176e-05
783,2,0.08027419,1.176e-05
784,2,0.08682485,1.179e-05
785,2,0.08611242,1.179e-05
786,2,0.09540837,1.182e-05
787,2,0.09690873,1.182e-05
788,2,0.08598930,1.185e-05
789,2,0.11600610,1.185e-05
790,2,0.07869892,1.188e-05
791,2,0.09113513,1.188e-05
792,2,0.10648318,1.191e-05
793,2,0.08558224,1.191e-05
794,2,0.11983643,1.194e-05
795,2,0.09668458,1.194e-05
796,2,0.10424528,1.197e-05
797,2,0.09011996,1.197e-05
798,2,0.09830845,1.2e-05
799,2,0.10145155,1.2e-05
800,2,0.09113012,1.203e-05
801,2,0.07622296,1.203e-05
802,2,0.10560515,1.206e-05
803,2,0.11081399,1.206e-05
804,2,0.09545656,1.209e-05
805,2,0.10467410,1.209e-05
806,2,0.09052330,1.212e-05
807,2,0.06862190,1.212e-05
808,2,0.09041543,1.215e-05
809,2,0.07499111,1.215e-05
810,2,0.10930739,1.218e-05
811,2,0.10294437,1.218e-05
812,2,0.06721786,1.221e-05
813,2,0.08566037,1.221e-05
814,2,0.09000243,1.224e-05
815,2,0.10254506,1.224e-05
816,2,0.12752175,1.227e-05
817,2,0.07285906,1.227e-05
818,2,0.09021630,1.23e-05
819,2,0.08318824,1.23e-05
820,2,0.09460733,1.233e-05
821,2,0.06886770,1.233e-05
822,2,0.08619443,1.236e-05
823,2,0.08362088,1.236e-05
824,2,0.09929591,1.239e-05
825,2,0.10209153,1.239e-05
826,2,0.07469752,1.242e-05
827,2,0.10448609,1.242e-05
828,2,0.12135242,1.245e-05
829,2,0.08697231,1.245e-05
830,2,0.08082550,1.248e-05
831,2,0.11922179,1.248e-05
832,2,0.09367658,1.251e-05
833,2,0.09842863,1.251e-05
834,2,0.07931127,1.254e-05
835,2,0.08963798,1.254e-05
836,2,0.09050784,1.257e-05
837,2,0.08056195,1.257e-05
838,2,0.10570249,1.26e-05
839,2,0.09416483,1.26e-05
840,2,0.09177031,1.263e-05
841,2,0.07917812,1.263e-05
842,2,0.07066311,1.266e-05
843,2,0.09394113,1.266e-05
844,2,0.10333157,1.269e-05
845,2,0.07783011,1.269e-05
846,2,0.07040787,1.272e-05
847,2,0.07359228,1.272e-05
848,2,0.06505756,1.275e-05
849,2,0.09174412,1.275e-05
850,2,0.07903366,1.278e-05
851,2,0.08493426,1.278e-05
852,2,0.08723526,1.281e-05
853,2,0.09861234,1.281e-05
854,2,0.09434405,1.284e-05
855,2,0.09807614,1.284e-05
856,2,0.09329701,1.287e-05
857,2,0.09380714,1.287e-05
858,2,0.10563765,1.29e-05
859,2,0.10383919,1.29e-05
860,2,0.08109869,1.293e-05
861,2,0.09613276,1.293e-05
862,2,0.07794271,1.296e-05
863,2,0.10188103,1.296e-05
864,2,0.09055506,1.299e-05
865,2,0.07184229,1.299e-05
866,2,0.08518566,1.302e-05
867,2,0.09108536,1.302e-05
868,2,0.07529051,1.305e-05
869,2,0.08927722,1.305e-05
870,2,0.08426511,1.308e-05
871,2,0.07342628,1.308e-05
872,2,0.08006869,1.311e-05
873,2,0.06316047,1.311e-05
874,2,0.10992413,1.314e-05
875,2,0.06769220,1.314e-05
876,2,0.09568833,1.317e-05
877,2,0.06960955,1.317e-05
878,2,0.07469083,1.32e-05
879,2,0.09136261,1.32e-05
880,2,0.11851624,1.323e-05
881,2,0.08269061,1.323e-05
882,2,0.07586840,1.326e-05
883,2,0.08166037,1.326e-05
884,2,0.08962961,1.329e-05
885,2,0.07625809,1.329e-05
886,2,0.08287906,1.332e-05
887,2,0.08485930,1.332e-05
888,2,0.07157031,1.335e-05
889,2,0.07005832,1.335e-05
890,2,0.10247746,1.338e-05
891,2,0.07471672,1.338e-05
892,2,0.07805630,1.341e-05
893,2,0.09510175,1.341e-05
894,2,0.10386698,1.344e-05
895,2,0.06949130,1.344e-05
896,2,0.09562998,1.347e-05
897,2,0.09259932,1.347e-05
898,2,0.10213227,1.35e-05
899,2,0.09180025,1.35e-05
900,2,0.09508378,1.353e-05
901,2,0.07285379,1.353e-05
902,2,0.07970558,1.356e-05
903,2,0.07589660,1.356e-05
904,2,0.09829368,1.359e-05
905,2,0.09214148,1.359e-05
906,2,0.09025448,1.362e-05
907,2,0.09126206,1.362e-05
908,2,0.07947176,1.365e-05
909,2,0.06972369,1.365e-05
910,2,0.09080099,1.368e-05
911,2,0.08443356,1.368e-05
912,2,0.06953275,1.371e-05
913,2,0.08805213,1.371e-05
914,2,0.08003544,1.374e-05
915,2,0.10126241,1.374e-05
916,2,0.09812460,1.377e-05
917,2,0.05753836,1.377e-05
918,2,0.08524357,1.38e-05
919,2,0.10771637,1.38e-05
920,2,0.07205892,1.383e-05
921,2,0.06923262,1.383e-05
922,2,0.08305843,1.386e-05
923,2,0.07379396,1.386e-05
924,2,0.08553648,1.389e-05
925,2,0.07091774,1.389e-05
926,2,0.06503592,1.392e-05
927,2,0.09372699,1.392e-05
928,2,0.11475924,1.395e-05
929,2,0.09120128,1.395e-05
930,2,0.06736650,1.398e-05
931,2,0.06904154,1.398e-05
932,2,0.08387146,1.401e-05
933,2,0.06800307,1.401e-05
934,2,0.09838676,1.404e-05
935,2,0.06672896,1.404e-05
936,2,0.09610017,1.407e-05
937,2,0.08598593,1.407e-05
938,2,0.09026882,1.41e-05
939,2,0.06467274,1.41e-05
940,2,0.06157748,1.413e-05
941,2,0.08270136,1.413e-05
942,2,0.07589726,1.416e-05
943,2,0.07165650,1.416e-05
944,2,0.07676721,1.419e-05
945,2,0.10497753,1.419e-05
946,2,0.08958300,1.422e-05
947,2,0.08055186,1.422e-05
948,2,0.05521199,1.425e-05
949,2,0.06886321,1.425e-05
950,2,0.08711880,1.428e-05
951,2,0.07200642,1.428e-05
952,2,0.08189678,1.431e-05
953,2,0.06822222,1.431e-05
954,2,0.06835476,1.434e-05
955,2,0.08428480,1.434e-05
956,2,0.07450264,1.437e-05
957,2,0.06171591,1.437e-05
958,2,0.07522837,1.44e-05
959,2,0.07523517,1.44e-05
960,2,0.05879018,1.443e-05
961,2,0.09327620,1.443e-05
962,2,0.08814462,1.446e-05
963,2,0.08538518,1.446e-05
964,2,0.07642869,1.449e-05
965,2,0.06425430,1.449e-05
966,2,0.06400061,1.452e-05
967,2,0.11006429,1.452e-05
968,2,0.09740249,1.455e-05
969,2,0.09480951,1.455e-05
970,2,0.09582204,1.458e-05
971,2,0.10307309,1.458e-05
972,2,0.06003455,1.461e-05
973,2,0.08321507,1.461e-05
974,2,0.05013311,1.464e-05
975,2,0.06157764,1.464e-05
976,2,0.06961044,1.467e-05
977,2,0.08917170,1.467e-05
978,2,0.05277667,1.47e-05
979,2,0.06875888,1.47e-05
980,2,0.07715595,1.473e-05
981,2,0.10642242,1.473e-05
982,2,0.07170325,1.476e-05
983,2,0.06298526,1.476e-05
984,2,0.08443204,1.479e-05
985,2,0.08142637,1.479e-05
986,2,0.05805842,1.482e-05
987,2,0.06067533,1.482e-05
988,2,0.07636150,1.485e-05
989,2,0.11645867,1.485e-05
990,2,0.06792657,1.488e-05
991,2,0.06075201,1.488e-05
992,2,0.07943060,1.491e-05
993,2,0.06783625,1.491e-05
994,2,0.07419836,1.494e-05
995,2,0.09053071,1.494e-05
996,2,0.08082659,1.497e-05
997,2,0.09316216,1.497e-05
998,2,0.06880767,1.5e-05
999,2,0.08253068,1.5e-05
1000,2,0.07467995,1.503e-05
1001,2,0.06384299,1.503e-05
1002,2,0.07078133,1.506e-05
1003,2,0.06850490,1.506e-05
1004,2,0.07491227,1.509e-05
1005,2,0.07705858,1.509e-05
1006,2,0.10356902,1.512e-05
1007,2,0.08445704,1.512e-05
1008,2,0.08442687,1.515e-05
1009,2,0.08517904,1.515e-05
1010,2,0.07754164,1.518e-05
1011,2,0.06748143,1.518e-05
1012,2,0.07571090,1.521e-05
1013,2,0.09178105,1.521e-05
1014,2,0.07719191,1.524e-05
1015,2,0.09130783,1.524e-05
1016,2,0.05882241,1.527e-05
1017,2,0.07087610,1.527e-05
1018,2,0.06465129,1.53e-05
1019,2,0.07881030,1.53e-05
1020,2,0.07679497,1.533e-05
1021,2,0.05446311,1.533e-05
1022,2,0.06942631,1.536e-05
1023,2,0.06074246,1.536e-05
1024,2,0.08723070,1.539e-05
1025,2,0.10289948,1.539e-05
1026,2,0.07936063,1.542e-05
1027,2,0.05957419,1.542e-05
1028,2,0.05203450,1.545e-05
1029,2,0.06941690,1.545e-05
1030,2,0.09464673,1.548e-05
1031,2,0.07100759,1.548e-05
1032,2,0.07435244,1.551e-05
1033,2,0.05100844,1.551e-05
1034,2,0.08818219,1.554e-05
1035,2,0.07875669,1.554e-05
1036,2,0.06111675,1.557e-05
1037,2,0.07029293,1.557e-05
1038,2,0.07516322,1.56e-05
1039,2,0.09062520,1.56e-05
1040,2,0.06838909,1.563e-05
1041,3,0.06327740,1.563e-05
1042,3,0.07810441,1.566e-05
1043,3,0.07066517,1.566e-05
1044,3,0.07666288,1.569e-05
1045,3,0.07425931,1.569e-05
1046,3,0.06106130,1.572e-05
1047,3,0.06488633,1.572e-05
1048,3,0.08815751,1.575e-05
1049,3,0.08725927,1.575e-05
1050,3,0.05751466,1.578e-05
1051,3,0.06861439,1.578e-05
1052,3,0.06107983,1.581e-05
1053,3,0.07248700,1.581e-05
1054,3,0.06074372,1.584e-05
1055,3,0.04873702,1.584e-05
1056,3,0.06583215,1.587e-05
1057,3,0.08416608,1.587e-05
1058,3,0.08136850,1.59e-05
1059,3,0.07579821,1.59e-05
1060,3,0.08961619,1.593e-05
1061,3,0.07232887,1.593e-05
1062,3,0.07036034,1.596e-05
1063,3,0.07051276,1.596e-05
1064,3,0.08103357,1.599e-05
1065,3,0.09259959,1.599e-05
1066,3,0.07696386,1.602e-05
1067,3,0.05952712,1.602e-05
1068,3,0.05672020,1.605e-05
1069,3,0.07727335,1.605e-05
1070,3,0.08376180,1.608e-05
1071,3,0.06871368,1.608e-05
1072,3,0.04789255,1.611e-05
1073,3,0.06959479,1.611e-05
1074,3,0.06398503,1.614e-05
1075,3,0.07779641,1.614e-05
1076,3,0.07679144,1.617e-05
1077,3,0.07611957,1.617e-05
1078,3,0.08078243,1.62e-05
1079,3,0.10190874,1.62e-05
1080,3,0.07145519,1.623e-05
1081,3,0.06701622,1.623e-05
1082,3,0.07560567,1.626e-05
1083,3,0.08981481,1.626e-05
1084,3,0.06842159,1.629e-05
1085,3,0.07682031,1.629e-05
1086,3,0.07610570,1.632e-05
1087,3,0.05086805,1.632e-05
1088,3,0.06518992,1.635e-05
1089,3,0.07748119,1.635e-05
1090,3,0.07245951,1.638e-05
1091,3,0.05181231,1.638e-05
1092,3,0.08869222,1.641e-05
1093,3,0.06994418,1.641e-05
1094,3,0.08576167,1.644e-05
1095,3,0.07275622,1.644e-05
1096,3,0.07653362,1.647e-05
1097,3,0.08022503,1.647e-05
1098,3,0.07118951,1.65e-05
1099,3,0.05832819,1.65e-05
1100,3,0.08553122,1.653e-05
1101,3,0.09235375,1.653e-05
1102,3,0.06758646,1.656e-05
1103,3,0.06411485,1.656e-05
1104,3,0.05916931,1.659e-05
1105,3,0.06338338,1.659e-05
1106,3,0.07508449,1.662e-05
1107,3,0.07532821,1.662e-05
1108,3,0.07732594,1.665e-05
1109,3,0.07801161,1.665e-05
1110,3,0.06460349,1.668e-05
1111,3,0.08140773,1.668e-05
1112,3,0.07605199,1.671e-05
1113,3,0.06152107,1.671e-05
1114,3,0.07538355,1.674e-05
1115,3,0.08307598,1.674e-05
1116,3,0.05507188,1.677e-05
1117,3,0.09267163,1.677e-05
1118,3,0.07210098,1.68e-05
1119,3,0.08036431,1.68e-05
1120,3,0.05417325,1.683e-05
1121,3,0.06621920,1.683e-05
1122,3,0.06034169,1.686e-05
1123,3,0.08489471,1.686e-05
1124,3,0.08358351,1.689e-05
1125,3,0.07554594,1.689e-05
1126,3,0.05637338,1.692e-05
1127,3,0.06589806,1.692e-05
1128,3,0.05786604,1.695e-05
1129,3,0.05741219,1.695e-05
1130,3,0.06986761,1.698e-05
1131,3,0.09220663,1.698e-05
1132,3,0.06316970,1.701e-05
1133,3,0.07880896,1.701e-05
1134,3,0.05839476,1.704e-05
1135,3,0.06628772,1.704e-05
1136,3,0.07557289,1.707e-05
1137,3,0.06354135,1.707e-05
1138,3,0.07359306,1.71e-05
1139,3,0.08040071,1.71e-05
1140,3,0.07251129,1.713e-05
1141,3,0.07441212,1.713e-05
1142,3,0.06934464,1.716e-05
1143,3,0.08403376,1.716e-05
1144,3,0.07146342,1.719e-05
1145,3,0.05021736,1.719e-05
1146,3,0.06644873,1.722e-05
1147,3,0.06052398,1.722e-05
1148,3,0.07007726,1.725e-05
1149,3,0.08412068,1.725e-05
1150,3,0.04626701,1.728e-05
1151,3,0.06868519,1.728e-05
1152,3,0.06730453,1.731e-05
1153,3,0.06949147,1.731e-05
1154,3,0.07590409,1.734e-05
1155,3,0.09276512,1.734e-05
1156,3,0.09100253,1.737e-05
1157,3,0.06930406,1.737e-05
1158,3,0.07753521,1.74e-05
1159,3,0.06051604,1.74e-05
1160,3,0.06030134,1.743e-05
1161,3,0.07874452,1.743e-05
1162,3,0.07680303,1.746e-05
1163,3,0.07058031,1.746e-05
1164,3,0.07204539,1.749e-05
1165,3,0.08308253,1.749e-05
1166,3,0.05889754,1.752e-05
1167,3,0.06656453,1.752e-05
1168,3,0.04332172,1.755e-05
1169,3,0.06365728,1.755e-05
1170,3,0.09305569,1.758e-05
1171,3,0.04301824,1.758e-05
1172,3,0.07065395,1.761e-05
1173,3,0.06656904,1.761e-05
1174,3,0.05020335,1.764e-05
1175,3,0.06568316,1.764e-05
1176,3,0.06212273,1.767e-05
1177,3,0.09043758,1.767e-05
1178,3,0.06482662,1.77e-05
1179,3,0.08545482,1.77e-05
1180,3,0.05463989,1.773e-05
1181,3,0.06749240,1.773e-05
1182,3,0.06677826,1.776e-05
1183,3,0.06514489,1.776e-05
1184,3,0.07120284,1.779e-05
1185,3,0.06943199,1.779e-05
1186,3,0.05923614,1.782e-05
1187,3,0.06505816,1.782e-05
1188,3,0.06053409,1.785e-05
1189,3,0.07159454,1.785e-05
1190,3,0.05384517,1.788e-05
1191,3,0.08944575,1.788e-05
1192,3,0.07396645,1.791e-05
1193,3,0.06945533,1.791e-05
1194,3,0.07740339,1.794e-05
1195,3,0.05289621,1.794e-05
1196,3,0.06564488,1.797e-05
1197,3,0.06529863,1.797e-05
1198,3,0.07364224,1.8e-05
1199,3,0.07673234,1.8e-05
1200,3,0.05974913,1.803e-05
1201,3,0.05639072,1.803e-05
1202,3,0.05985840,1.806e-05
1203,3,0.08314157,1.806e-05
1204,3,0.06886157,1.809e-05
1205,3,0.05864047,1.809e-05
1206,3,0.06843782,1.812e-05
1207,3,0.07300702,1.812e-05
1208,3,0.06111169,1.815e-05
1209,3,0.06494758,1.815e-05
1210,3,0.04727695,1.818e-05
1211,3,0.07251801,1.818e-05
1212,3,0.05848674,1.821e-05
1213,3,0.08813247,1.821e-05
1214,3,0.06594668,1.824e-05
1215,3,0.06394415,1.824e-05
1216,3,0.09406924,1.827e-05
1217,3,0.07101620,1.827e-05
1218,3,0.06553916,1.83e-05
1219,3,0.07294168,1.83e-05
1220,3,0.05033608,1.833e-05
1221,3,0.07172475,1.833e-05
1222,3,0.08236198,1.836e-05
1223,3,0.08637198,1.836e-05
1224,3,0.07753849,1.839e-05
1225,3,0.04566687,1.839e-05
1226,3,0.06160681,1.842e-05
1227,3,0.05992115,1.842e-05
1228,3,0.07192927,1.845e-05
1229,3,0.07148624,1.845e-05
1230,3,0.05477452,1.848e-05
1231,3,0.07595234,1.848e-05
1232,3,0.07525553,1.851e-05
1233,3,0.04783494,1.851e-05
1234,3,0.04977974,1.854e-05
1235,3,0.06461369,1.854e-05
1236,3,0.05371524,1.857e-05
1237,3,0.06981298,1.857e-05
1238,3,0.07346784,1.86e-05
1239,3,0.07143589,1.86e-05
1240,3,0.07353158,1.863e-05
1241,3,0.07202040,1.863e-05
1242,3,0.06866183,1.866e-05
1243,3,0.06086700,1.866e-05
1244,3,0.07333531,1.869e-05
1245,3,0.04664485,1.869e-05
1246,3,0.05228234,1.872e-05
1247,3,0.07048755,1.872e-05
1248,3,0.06229543,1.875e-05
1249,3,0.05807951,1.875e-05
1250,3,0.07567176,1.878e-05
1251,3,0.06595588,1.878e-05
1252,3,0.06432132,1.881e-05
1253,3,0.07422217,1.881e-05
1254,3,0.05207272,1.884e-05
1255,3,0.06904355,1.884e-05
1256,3,0.07440536,1.887e-05
1257,3,0.06047411,1.887e-05
1258,3,0.06357447,1.89e-05
1259,3,0.05432442,1.89e-05
1260,3,0.06052734,1.893e-05
1261,3,0.03999493,1.893e-05
1262,3,0.05585631,1.896e-05
1263,3,0.05926874,1.896e-05
1264,3,0.07148375,1.899e-05
1265,3,0.06604832,1.899e-05
1266,3,0.06709605,1.902e-05
1267,3,0.06259394,1.902e-05
1268,3,0.06218071,1.905e-05
1269,3,0.03988402,1.905e-05
1270,3,0.05969031,1.908e-05
1271,3,0.06830075,1.908e-05
1272,3,0.07219986,1.911e-05
1273,3,0.08343139,1.911e-05
1274,3,0.05650624,1.914e-05
1275,3,0.04982166,1.914e-05
1276,3,0.05968668,1.917e-05
1277,3,0.07188156,1.917e-05
1278,3,0.07259188,1.92e-05
1279,3,0.04951758,1.92e-05
1280,3,0.04908495,1.923e-05
1281,3,0.06191684,1.923e-05
1282,3,0.05042892,1.926e-05
1283,3,0.04809688,1.926e-05
1284,3,0.05858599,1.929e-05
1285,3,0.06601124,1.929e-05
1286,3,0.04381854,1.932e-05
1287,3,0.06378175,1.932e-05
1288,3,0.06410466,1.935e-05
1289,3,0.04929844,1.935e-05
1290,3,0.05126064,1.938e-05
1291,3,0.07648700,1.938e-05
1292,3,0.06230221,1.941e-05
1293,3,0.05212148,1.941e-05
1294,3,0.04280946,1.944e-05
1295,3,0.07917080,1.944e-05
1296,3,0.07068574,1.947e-05
1297,3,0.05324335,1.947e-05
1298,3,0.07366858,1.95e-05
1299,3,0.06873385,1.95e-05
1300,3,0.04957971,1.953e-05
1301,3,0.06026888,1.953e-05
1302,3,0.08184923,1.956e-05
1303,3,0.05826544,1.956e-05
1304,3,0.05999425,1.959e-05
1305,3,0.06390442,1.959e-05
1306,3,0.05117446,1.962e-05
1307,3,0.05677094,1.962e-05
1308,3,0.05254541,1.965e-05
1309,3,0.05861048,1.965e-05
1310,3,0.06708426,1.968e-05
1311,3,0.06312869,1.968e-05
1312,3,0.04186452,1.971e-05
1313,3,0.05181467,1.971e-05
1314,3,0.05001815,1.974e-05
1315,3,0.04523914,1.974e-05
1316,3,0.06688500,1.977e-05
1317,3,0.06828826,1.977e-05
1318,3,0.05771261,1.98e-05
1319,3,0.04833277,1.98e-05
1320,3,0.06816278,1.983e-05
1321,3,0.04765954,1.983e-05
1322,3,0.06562214,1.986e-05
1323,3,0.05625758,1.986e-05
1324,3,0.09299247,1.989e-05
1325,3,0.06443727,1.989e-05
1326,3,0.06430624,1.992e-05
1327,3,0.06802230,1.992e-05
1328,3,0.07434430,1.995e-05
1329,3,0.06283823,1.995e-05
1330,3,0.05718671,1.998e-05
1331,3,0.07414782,1.998e-05
1332,3,0.06099731,2.001e-05
1333,3,0.05169616,2.001e-05
1334,3,0.05508656,2.004e-05
1335,3,0.05581616,2.004e-05
1336,3,0.04013885,2.007e-05
1337,3,0.05691151,2.007e-05
1338,3,0.06012404,2.01e-05
1339,3,0.04478318,2.01e-05
1340,3,0.06793004,2.013e-05
1341,3,0.05770236,2.013e-05
1342,3,0.05799612,2.016e-05
1343,3,0.04165767,2.016e-05
1344,3,0.06576838,2.019e-05
1345,3,0.05719085,2.019e-05
1346,3,0.06754722,2.022e-05
1347,3,0.06725416,2.022e-05
1348,3,0.05491580,2.025e-05
1349,3,0.05084671,2.025e-05
1350,3,0.05387308,2.028e-05
1351,3,0.05874275,2.028e-05
1352,3,0.06455931,2.031e-05
1353,3,0.05805609,2.031e-05
1354,3,0.08141197,2.034e-05
1355,3,0.08133619,2.034e-05
1356,3,0.05230994,2.037e-05
1357,3,0.03967555,2.037e-05
1358,3,0.06696728,2.04e-05
1359,3,0.06414411,2.04e-05
1360,3,0.05112883,2.043e-05
1361,3,0.06160543,2.043e-05
1362,3,0.07199482,2.046e-05
1363,3,0.04864975,2.046e-05
1364,3,0.07788522,2.049e-05
1365,3,0.05388164,2.049e-05
1366,3,0.06765480,2.052e-05
1367,3,0.06105261,2.052e-05
1368,3,0.07836273,2.055e-05
1369,3,0.05514385,2.055e-05
1370,3,0.06429546,2.058e-05
1371,3,0.06392630,2.058e-05
1372,3,0.04846564,2.061e-05
1373,3,0.03061720,2.061e-05
1374,3,0.06915889,2.064e-05
1375,3,0.07230125,2.064e-05
1376,3,0.05223542,2.067e-05
1377,3,0.06425492,2.067e-05
1378,3,0.05925705,2.07e-05
1379,3,0.05124994,2.07e-05
1380,3,0.05652473,2.073e-05
1381,3,0.03875799,2.073e-05
1382,3,0.07421325,2.076e-05
1383,3,0.05672038,2.076e-05
1384,3,0.04654898,2.079e-05
1385,3,0.06526515,2.079e-05
1386,3,0.07811014,2.082e-05
1387,3,0.04317456,2.082e-05
1388,3,0.05811129,2.085e-05
1389,3,0.05800489,2.085e-05
1390,3,0.05624749,2.088e-05
1391,3,0.07461500,2.088e-05
1392,3,0.06832510,2.091e-05
1393,3,0.06287249,2.091e-05
1394,3,0.05387519,2.094e-05
1395,3,0.04740536,2.094e-05
1396,3,0.05703111,2.097e-05
1397,3,0.06398862,2.097e-05
1398,3,0.06072778,2.1e-05
1399,3,0.04448485,2.1e-05
1400,3,0.04647660,2.103e-05
1401,3,0.05266437,2.103e-05
1402,3,0.04492549,2.106e-05
1403,3,0.04582061,2.106e-05
1404,3,0.03749281,2.109e-05
1405,3,0.05472446,2.109e-05
1406,3,0.05322136,2.112e-05
1407,3,0.05394381,2.112e-05
1408,3,0.03635651,2.115e-05
1409,3,0.06411669,2.115e-05
1410,3,0.07157524,2.118e-05
1411,3,0.04720715,2.118e-05
1412,3,0.04858682,2.121e-05
1413,3,0.04567866,2.121e-05
1414,3,0.04685996,2.124e-05
1415,3,0.07068403,2.124e-05
1416,3,0.07535863,2.127e-05
1417,3,0.03846995,2.127e-05
1418,3,0.06693181,2.13e-05
1419,3,0.06474450,2.13e-05
1420,3,0.06186402,2.133e-05
1421,3,0.04080510,2.133e-05
1422,3,0.07356834,2.136e-05
1423,3,0.05434144,2.136e-05
1424,3,0.06365708,2.139e-05
1425,3,0.06810241,2.139e-05
1426,3,0.04201984,2.142e-05
1427,3,0.07636104,2.142e-05
1428,3,0.06265872,2.145e-05
1429,3,0.06939875,2.145e-05
1430,3,0.06258187,2.148e-05
1431,3,0.07830346,2.148e-05
1432,3,0.04004091,2.151e-05
1433,3,0.07569396,2.151e-05
1434,3,0.05335754,2.154e-05
1435,3,0.04130556,2.154e-05
1436,3,0.06613372,2.157e-05
1437,3,0.05608367,2.157e-05
1438,3,0.05504562,2.16e-05
1439,3,0.03548529,2.16e-05
1440,3,0.05822843,2.163e-05
1441,3,0.05956384,2.163e-05
1442,3,0.06004718,2.166e-05
1443,3,0.05495330,2.166e-05
1444,3,0.05442796,2.169e-05
1445,3,0.05336152,2.169e-05
1446,3,0.04755901,2.172e-05
1447,3,0.05654906,2.172e-05
1448,3,0.06683848,2.175e-05
1449,3,0.04704927,2.175e-05
1450,3,0.05881859,2.178e-05
1451,3,0.06428608,2.178e-05
1452,3,0.04419580,2.181e-05
1453,3,0.05658105,2.181e-05
1454,3,0.06530327,2.184e-05
1455,3,0.04649415,2.184e-05
1456,3,0.06959466,2.187e-05
1457,3,0.05500363,2.187e-05
1458,3,0.04675387,2.19e-05
1459,3,0.06564412,2.19e-05
1460,3,0.04909570,2.193e-05
1461,3,0.03574457,2.193e-05
1462,3,0.06005712,2.196e-05
1463,3,0.08202644,2.196e-05
1464,3,0.07489967,2.199e-05
1465,3,0.04193253,2.199e-05
1466,3,0.04315418,2.202e-05
1467,3,0.08373845,2.202e-05
1468,3,0.06463782,2.205e-05
1469,3,0.05323785,2.205e-05
1470,3,0.04042279,2.208e-05
1471,3,0.05057539,2.208e-05
1472,3,0.05995225,2.211e-05
1473,3,0.03808495,2.211e-05
1474,3,0.06994496,2.214e-05
1475,3,0.06287310,2.214e-05
1476,3,0.06197402,2.217e-05
1477,3,0.04660391,2.217e-05
1478,3,0.05099751,2.22e-05
1479,3,0.05107852,2.22e-05
1480,3,0.06889060,2.223e-05
1481,3,0.07901043,2.223e-05
1482,3,0.03978939,2.226e-05
1483,3,0.05876799,2.226e-05
1484,3,0.04733932,2.229e-05
1485,3,0.03884858,2.229e-05
1486,3,0.05944667,2.232e-05
1487,3,0.06183139,2.232e-05
1488,3,0.05421718,2.235e-05
1489,3,0.05436002,2.235e-05
1490,3,0.04903425,2.238e-05
1491,3,0.05252476,2.238e-05
1492,3,0.06092950,2.241e-05
1493,3,0.05746502,2.241e-05
1494,3,0.06445833,2.244e-05
1495,3,0.05752345,2.244e-05
1496,3,0.06037943,2.247e-05
1497,3,0.05981353,2.247e-05
1498,3,0.03712690,2.25e-05
1499,3,0.07153507,2.25e-05
1500,3,0.07398535,2.253e-05
1501,3,0.05583935,2.253e-05
1502,3,0.05593869,2.256e-05
1503,3,0.07370070,2.256e-05
1504,3,0.05214476,2.259e-05
1505,3,0.05134846,2.259e-05
1506,3,0.05442323,2.262e-05
1507,3,0.05734046,2.262e-05
1508,3,0.06733612,2.265e-05
1509,3,0.05595734,2.265e-05
1510,3,0.05560176,2.268e-05
1511,3,0.05194191,2.268e-05
1512,3,0.05266389,2.271e-05
1513,3,0.05931306,2.271e-05
1514,3,0.05824890,2.274e-05
1515,3,0.05325386,2.274e-05
1516,3,0.07741334,2.277e-05
1517,3,0.07275913,2.277e-05
1518,3,0.03643030,2.28e-05
1519,3,0.04424442,2.28e-05
1520,3,0.04809904,2.283e-05
1521,3,0.04566292,2.283e-05
1522,3,0.05985686,2.286e-05
1523,3,0.05278724,2.286e-05
1524,3,0.04652056,2.289e-05
1525,3,0.04876977,2.289e-05
1526,3,0.04509027,2.292e-05
1527,3,0.04976059,2.292e-05
1528,3,0.04500719,2.295e-05
1529,3,0.04759585,2.295e-05
1530,3,0.05557630,2.298e-05
1531,3,0.06266950,2.298e-05
1532,3,0.05034475,2.301e-05
1533,3,0.04029483,2.301e-05
1534,3,0.06365533,2.304e-05
1535,3,0.06852902,2.304e-05
1536,3,0.06633274,2.307e-05
1537,3,0.06724801,2.307e-05
1538,3,0.06207293,2.31e-05
1539,3,0.05641260,2.31e-05
1540,3,0.04075678,2.313e-05
1541,3,0.04717447,2.313e-05
1542,3,0.06888059,2.316e-05
1543,3,0.05326778,2.316e-05
1544,3,0.04351676,2.319e-05
1545,3,0.04840051,2.319e-05
1546,3,0.03606094,2.322e-05
1547,3,0.05423138,2.322e-05
1548,3,0.06103519,2.325e-05
1549,3,0.06012337,2.325e-05
1550,3,0.04688925,2.328e-05
1551,3,0.07779840,2.328e-05
1552,3,0.07129250,2.331e-05
1553,3,0.06927688,2.331e-05
1554,3,0.05987775,2.334e-05
1555,3,0.06201010,2.334e-05
1556,3,0.06316466,2.337e-05
1557,3,0.05080121,2.337e-05
1558,3,0.04998103,2.34e-05
1559,3,0.04909925,2.34e-05
1560,3,0.07471761,2.343e-05
1561,4,0.05620148,2.343e-05
1562,4,0.05098765,2.346e-05
1563,4,0.05438181,2.346e-05
1564,4,0.05392694,2.349e-05
1565,4,0.04221045,2.349e-05
1566,4,0.04866023,2.352e-05
1567,4,0.05745655,2.352e-05
1568,4,0.06470015,2.355e-05
1569,4,0.04591599,2.355e-05
1570,4,0.04782695,2.358e-05
1571,4,0.04688593,2.358e-05
1572,4,0.04541774,2.361e-05
1573,4,0.05951314,2.361e-05
1574,4,0.04120494,2.364e-05
1575,4,0.05112633,2.364e-05
1576,4,0.06059176,2.367e-05
1577,4,0.04418047,2.367e-05
1578,4,0.06350320,2.37e-05
1579,4,0.04469245,2.37e-05
1580,4,0.05506721,2.373e-05
1581,4,0.04187600,2.373e-05
1582,4,0.03656729,2.376e-05
1583,4,0.05905413,2.376e-05
1584,4,0.06119189,2.379e-05
1585,4,0.04885659,2.379e-05
1586,4,0.05910689,2.382e-05
1587,4,0.05903922,2.382e-05
1588,4,0.05457957,2.385e-05
1589,4,0.08486624,2.385e-05
1590,4,0.06765328,2.388e-05
1591,4,0.07080325,2.388e-05
1592,4,0.03790561,2.391e-05
1593,4,0.04589481,2.391e-05
1594,4,0.05959888,2.394e-05
1595,4,0.05771473,2.394e-05
1596,4,0.04467047,2.397e-05
1597,4,0.04765629,2.397e-05
1598,4,0.05589376,2.4e-05
1599,4,0.05572609,2.4e-05
1600,4,0.04245399,2.403e-05
1601,4,0.04487945,2.403e-05
1602,4,0.06087071,2.406e-05
1603,4,0.04108178,2.406e-05
1604,4,0.07850614,2.409e-05
1605,4,0.04804193,2.409e-05
1606,4,0.04665450,2.412e-05
1607,4,0.05407763,2.412e-05
1608,4,0.06962509,2.415e-05
1609,4,0.05809547,2.415e-05
1610,4,0.04787241,2.418e-05
1611,4,0.05084608,2.418e-05
1612,4,0.04646413,2.421e-05
1613,4,0.05740705,2.421e-05
1614,4,0.06281700,2.424e-05
1615,4,0.03287942,2.424e-05
1616,4,0.05183144,2.427e-05
1617,4,0.04177858,2.427e-05
1618,4,0.05875390,2.43e-05
1619,4,0.03795193,2.43e-05
1620,4,0.04864543,2.433e-05
1621,4,0.07610781,2.433e-05
1622,4,0.06935169,2.436e-05
1623,4,0.07415574,2.436e-05
1624,4,0.04826077,2.439e-05
1625,4,0.05871309,2.439e-05
1626,4,0.07591787,2.442e-05
1627,4,0.05265653,2.442e-05
1628,4,0.06017485,2.445e-05
1629,4,0.03985993,2.445e-05
1630,4,0.04605300,2.448e-05
1631,4,0.05052657,2.448e-05
1632,4,0.05788385,2.451e-05
1633,4,0.04496789,2.451e-05
1634,4,0.04658223,2.454e-05
1635,4,0.06005521,2.454e-05
1636,4,0.04967245,2.457e-05
1637,4,0.05852171,2.457e-05
1638,4,0.07594781,2.46e-05
1639,4,0.04569889,2.46e-05
1640,4,0.05938222,2.463e-05
1641,4,0.04453726,2.463e-05
1642,4,0.07655276,2.466e-05
1643,4,0.05042520,2.466e-05
1644,4,0.05793264,2.469e-05
1645,4,0.05327282,2.469e-05
1646,4,0.05895139,2.472e-05
1647,4,0.04495445,2.472e-05
1648,4,0.05932152,2.475e-05
1649,4,0.05610421,2.475e-05
1650,4,0.06615918,2.478e-05
1651,4,0.04813390,2.478e-05
1652,4,0.06914060,2.481e-05
1653,4,0.04374957,2.481e-05
1654,4,0.04067549,2.484e-05
1655,4,0.04744692,2.484e-05
1656,4,0.03973655,2.487e-05
1657,4,0.04987897,2.487e-05
1658,4,0.07506239,2.49e-05
1659,4,0.06017898,2.49e-05
1660,4,0.05162122,2.493e-05
1661,4,0.04131189,2.493e-05
1662,4,0.05323866,2.496e-05
1663,4,0.06391838,2.496e-05
1664,4,0.04794779,2.499e-05
1665,4,0.05985057,2.499e-05
1666,4,0.05625163,2.502e-05
1667,4,0.05739160,2.502e-05
1668,4,0.06561984,2.505e-05
1669,4,0.05375716,2.505e-05
1670,4,0.04684292,2.508e-05
1671,4,0.07014988,2.508e-05
1672,4,0.05633728,2.511e-05
1673,4,0.04399995,2.511e-05
1674,4,0.05268022,2.514e-05
1675,4,0.06757424,2.514e-05
1676,4,0.04629448,2.517e-05
1677,4,0.06052816,2.517e-05
1678,4,0.04546781,2.52e-05
1679,4,0.07310884,2.52e-05
1680,4,0.05161283,2.523e-05
1681,4,0.06263246,2.523e-05
1682,4,0.06388462,2.526e-05
1683,4,0.06912390,2.526e-05
1684,4,0.04676226,2.529e-05
1685,4,0.03989338,2.529e-05
1686,4,0.03925789,2.532e-05
1687,4,0.04488201,2.532e-05
1688,4,0.04898583,2.535e-05
1689,4,0.04929354,2.535e-05
1690,4,0.05466525,2.538e-05
1691,4,0.06289175,2.538e-05
1692,4,0.05406329,2.541e-05
1693,4,0.05193298,2.541e-05
1694,4,0.03787097,2.544e-05
1695,4,0.05711371,2.544e-05
1696,4,0.04650376,2.547e-05
1697,4,0.04106344,2.547e-05
1698,4,0.04948619,2.55e-05
1699,4,0.04577012,2.55e-05
1700,4,0.05279211,2.553e-05
1701,4,0.06092547,2.553e-05
1702,4,0.05102244,2.556e-05
1703,4,0.05195758,2.556e-05
1704,4,0.06698106,2.559e-05
1705,4,0.04943491,2.559e-05
1706,4,0.04370395,2.562e-05
1707,4,0.04305957,2.562e-05
1708,4,0.05710020,2.565e-05
1709,4,0.05224759,2.565e-05
1710,4,0.05535051,2.568e-05
1711,4,0.07367210,2.568e-05
1712,4,0.06349190,2.571e-05
1713,4,0.03186767,2.571e-05
1714,4,0.05481741,2.574e-05
1715,4,0.04300985,2.574e-05
1716,4,0.06358466,2.577e-05
1717,4,0.04975615,2.577e-05
1718,4,0.03767689,2.58e-05
1719,4,0.06080929,2.58e-05
1720,4,0.06939286,2.583e-05
1721,4,0.06572529,2.583e-05
1722,4,0.05613776,2.586e-05
1723,4,0.05375375,2.586e-05
1724,4,0.06684812,2.589e-05
1725,4,0.04957807,2.589e-05
1726,4,0.04984027,2.592e-05
1727,4,0.04568876,2.592e-05
1728,4,0.03954829,2.595e-05
1729,4,0.05877607,2.595e-05
1730,4,0.05008943,2.598e-05
1731,4,0.04976196,2.598e-05
1732,4,0.04654238,2.601e-05
1733,4,0.04827123,2.601e-05
1734,4,0.04318475,2.604e-05
1735,4,0.05067455,2.604e-05
1736,4,0.05094560,2.607e-05
1737,4,0.05730065,2.607e-05
1738,4,0.05633586,2.61e-05
1739,4,0.05435359,2.61e-05
1740,4,0.04705142,2.613e-05
1741,4,0.05566930,2.613e-05
1742,4,0.06824961,2.616e-05
1743,4,0.03970227,2.616e-05
1744,4,0.05803566,2.619e-05
1745,4,0.05254984,2.619e-05
1746,4,0.05956430,2.622e-05
1747,4,0.06105695,2.622e-05
1748,4,0.03713873,2.625e-05
1749,4,0.06332423,2.625e-05
1750,4,0.03679858,2.628e-05
1751,4,0.06535488,2.628e-05
1752,4,0.04621855,2.631e-05
1753,4,0.03564246,2.631e-05
1754,4,0.04162262,2.634e-05
1755,4,0.08129350,2.634e-05
1756,4,0.05182844,2.637e-05
1757,4,0.06665692,2.637e-05
1758,4,0.06711558,2.64e-05
1759,4,0.04317111,2.64e-05
1760,4,0.03931308,2.643e-05
1761,4,0.04393467,2.643e-05
1762,4,0.05512933,2.646e-05
1763,4,0.03796270,2.646e-05
1764,4,0.03865874,2.649e-05
1765,4,0.03590367,2.649e-05
1766,4,0.04443628,2.652e-05
1767,4,0.07595092,2.652e-05
1768,4,0.05405511,2.655e-05
1769,4,0.04599384,2.655e-05
1770,4,0.05155979,2.658e-05
1771,4,0.04199143,2.658e-05
1772,4,0.04395952,2.661e-05
1773,4,0.04547450,2.661e-05
1774,4,0.06092051,2.664e-05
1775,4,0.06428859,2.664e-05
1776,4,0.05206449,2.667e-05
1777,4,0.06602853,2.667e-05
1778,4,0.04075079,2.67e-05
1779,4,0.04570802,2.67e-05
1780,4,0.04216957,2.673e-05
1781,4,0.05156956,2.673e-05
1782,4,0.04379332,2.676e-05
1783,4,0.04416024,2.676e-05
1784,4,0.09536497,2.679e-05
1785,4,0.07601610,2.679e-05
1786,4,0.04325726,2.682e-05
1787,4,0.04485043,2.682e-05
1788,4,0.05056433,2.685e-05
1789,4,0.05136606,2.685e-05
1790,4,0.07039438,2.688e-05
1791,4,0.05603800,2.688e-05
1792,4,0.05892911,2.691e-05
1793,4,0.05030163,2.691e-05
1794,4,0.05374046,2.694e-05
1795,4,0.04716447,2.694e-05
1796,4,0.03880705,2.697e-05
1797,4,0.03935589,2.697e-05
1798,4,0.04744791,2.7e-05
1799,4,0.05937207,2.7e-05
1800,4,0.04982436,2.703e-05
1801,4,0.04891136,2.703e-05
1802,4,0.03676251,2.706e-05
1803,4,0.04684824,2.706e-05
1804,4,0.05034991,2.709e-05
1805,4,0.03670060,2.709e-05
1806,4,0.03704626,2.712e-05
1807,4,0.05724563,2.712e-05
1808,4,0.03253431,2.715e-05
1809,4,0.05288036,2.715e-05
1810,4,0.04219882,2.718e-05
1811,4,0.05516585,2.718e-05
1812,4,0.06513531,2.721e-05
1813,4,0.05162477,2.721e-05
1814,4,0.03921837,2.724e-05
1815,4,0.06610954,2.724e-05
1816,4,0.05035009,2.727e-05
1817,4,0.06669925,2.727e-05
1818,4,0.03893615,2.73e-05
1819,4,0.04429338,2.73e-05
1820,4,0.05621270,2.733e-05
1821,4,0.04002499,2.733e-05
1822,4,0.04702366,2.736e-05
1823,4,0.04234961,2.736e-05
1824,4,0.05932868,2.739e-05
1825,4,0.05776612,2.739e-05
1826,4,0.04421698,2.742e-05
1827,4,0.05273404,2.742e-05
1828,4,0.05980005,2.745e-05
1829,4,0.05429145,2.745e-05
1830,4,0.07036970,2.748e-05
1831,4,0.04745332,2.748e-05
1832,4,0.04982034,2.751e-05
1833,4,0.03184683,2.751e-05
1834,4,0.05007660,2.754e-05
1835,4,0.05444013,2.754e-05
1836,4,0.03479494,2.757e-05
1837,4,0.06130838,2.757e-05
1838,4,0.06400595,2.76e-05
1839,4,0.03390441,2.76e-05
1840,4,0.04711719,2.763e-05
1841,4,0.04791349,2.763e-05
1842,4,0.04513362,2.766e-05
1843,4,0.06530077,2.766e-05
1844,4,0.04867969,2.769e-05
1845,4,0.06061127,2.769e-05
1846,4,0.04285854,2.772e-05
1847,4,0.07036678,2.772e-05
1848,4,0.03035833,2.775e-05
1849,4,0.04276614,2.775e-05
1850,4,0.04737626,2.778e-05
1851,4,0.04462851,2.778e-05
1852,4,0.04899042,2.781e-05
1853,4,0.05395625,2.781e-05
1854,4,0.05446696,2.784e-05
1855,4,0.06163524,2.784e-05
1856,4,0.05292208,2.787e-05
1857,4,0.06228484,2.787e-05
1858,4,0.06028707,2.79e-05
1859,4,0.04808749,2.79e-05
1860,4,0.04730861,2.793e-05
1861,4,0.06893286,2.793e-05
1862,4,0.04230259,2.796e-05
1863,4,0.06356580,2.796e-05
1864,4,0.04853671,2.799e-05
1865,4,0.05026434,2.799e-05
1866,4,0.06717560,2.802e-05
1867,4,0.04749660,2.802e-05
1868,4,0.03427606,2.805e-05
1869,4,0.06099667,2.805e-05
1870,4,0.03456228,2.808e-05
1871,4,0.06288491,2.808e-05
1872,4,0.03165005,2.811e-05
1873,4,0.06034750,2.811e-05
1874,4,0.06499306,2.814e-05
1875,4,0.05440166,2.814e-05
1876,4,0.03928630,2.817e-05
1877,4,0.03327603,2.817e-05
1878,4,0.07225337,2.82e-05
1879,4,0.05040278,2.82e-05
1880,4,0.05572110,2.823e-05
1881,4,0.05044077,2.823e-05
1882,4,0.04748308,2.826e-05
1883,4,0.05077171,2.826e-05
1884,4,0.03785822,2.829e-05
1885,4,0.03975799,2.829e-05
1886,4,0.06385714,2.832e-05
1887,4,0.07479615,2.832e-05
1888,4,0.04917495,2.835e-05
1889,4,0.05514381,2.835e-05
1890,4,0.05232041,2.838e-05
1891,4,0.04634922,2.838e-05
1892,4,0.04317117,2.841e-05
1893,4,0.04531207,2.841e-05
1894,4,0.04314137,2.844e-05
1895,4,0.07608575,2.844e-05
1896,4,0.03325086,2.847e-05
1897,4,0.05906826,2.847e-05
1898,4,0.03515805,2.85e-05
1899,4,0.05062435,2.85e-05
1900,4,0.04420870,2.853e-05
1901,4,0.05359331,2.853e-05
1902,4,0.03718220,2.856e-05
1903,4,0.04935631,2.856e-05
1904,4,0.07875727,2.859e-05
1905,4,0.04991576,2.859e-05
1906,4,0.04700563,2.862e-05
1907,4,0.04844172,2.862e-05
1908,4,0.05099223,2.865e-05
1909,4,0.04344727,2.865e-05
1910,4,0.03523816,2.868e-05
1911,4,0.06585636,2.868e-05
1912,4,0.05805161,2.871e-05
1913,4,0.04313391,2.871e-05
1914,4,0.05157099,2.874e-05
1915,4,0.04603731,2.874e-05
1916,4,0.05228489,2.877e-05
1917,4,0.05631259,2.877e-05
1918,4,0.04083278,2.88e-05
1919,4,0.04794771,2.88e-05
1920,4,0.04754580,2.883e-05
1921,4,0.06146882,2.883e-05
1922,4,0.05630272,2.886e-05
1923,4,0.04058248,2.886e-05
1924,4,0.04564500,2.889e-05
1925,4,0.05106924,2.889e-05
1926,4,0.04849224,2.892e-05
1927,4,0.04983970,2.892e-05
1928,4,0.03373571,2.895e-05
1929,4,0.05219965,2.895e-05
1930,4,0.04261486,2.898e-05
1931,4,0.05894864,2.898e-05
1932,4,0.04405375,2.901e-05
1933,4,0.05471209,2.901e-05
1934,4,0.06298724,2.904e-05
1935,4,0.06440838,2.904e-05
1936,4,0.05473807,2.907e-05
1937,4,0.07427181,2.907e-05
1938,4,0.04946088,2.91e-05
1939,4,0.07319318,2.91e-05
1940,4,0.05060496,2.913e-05
1941,4,0.04558577,2.913e-05
1942,4,0.04161714,2.916e-05
1943,4,0.06344891,2.916e-05
1944,4,0.04600102,2.919e-05
1945,4,0.03783191,2.919e-05
1946,4,0.04499113,2.922e-05
1947,4,0.04059348,2.922e-05
1948,4,0.06171323,2.925e-05
1949,4,0.03898920,2.925e-05
1950,4,0.05145205,2.928e-05
1951,4,0.03352096,2.928e-05
1952,4,0.04022912,2.931e-05
1953,4,0.04167648,2.931e-05
1954,4,0.04864036,2.934e-05
1955,4,0.03280764,2.934e-05
1956,4,0.03455008,2.937e-05
1957,4,0.03577050,2.937e-05
1958,4,0.04052664,2.94e-05
1959,4,0.04118631,2.94e-05
1960,4,0.05166106,2.943e-05
1961,4,0.06045823,2.943e-05
1962,4,0.04042069,2.946e-05
1963,4,0.06048493,2.946e-05
1964,4,0.05116707,2.949e-05
1965,4,0.05677386,2.949e-05
1966,4,0.06797765,2.952e-05
1967,4,0.07242839,2.952e-05
1968,4,0.04964673,2.955e-05
1969,4,0.04532650,2.955e-05
1970,4,0.03818282,2.958e-05
1971,4,0.04563399,2.958e-05
1972,4,0.04292955,2.961e-05
1973,4,0.04599511,2.961e-05
1974,4,0.03381278,2.964e-05
1975,4,0.03285809,2.964e-05
1976,4,0.03801399,2.967e-05
1977,4,0.05917422,2.967e-05
1978,4,0.04246238,2.97e-05
1979,4,0.03453288,2.97e-05
1980,4,0.05775578,2.973e-05
1981,4,0.05830985,2.973e-05
1982,4,0.04277980,2.976e-05
1983,4,0.03304740,2.976e-05
1984,4,0.03838651,2.979e-05
1985,4,0.05223104,2.979e-05
1986,4,0.03401805,2.982e-05
1987,4,0.05957478,2.982e-05
1988,4,0.03888795,2.985e-05
1989,4,0.04850917,2.985e-05
1990,4,0.03856457,2.988e-05
1991,4,0.03627511,2.988e-05
1992,4,0.04552034,2.991e-05
1993,4,0.04786713,2.991e-05
1994,4,0.06853203,2.994e-05
1995,4,0.04272785,2.994e-05
1996,4,0.03432265,2.997e-05
1997,4,0.04422012,2.997e-05
1998,4,0.04989476,3e-05
1999,4,0.03599510,3e-05
2000,4,0.05570575,3.003e-05
2001,4,0.04229926,3.003e-05
2002,4,0.04474975,3.006e-05
2003,4,0.04102324,3.006e-05
2004,4,0.05182950,3.009e-05
2005,4,0.04534267,3.009e-05
2006,4,0.07069247,3.012e-05
2007,4,0.06310124,3.012e-05
2008,4,0.04582569,3.015e-05
2009,4,0.05058220,3.015e-05
2010,4,0.05080371,3.018e-05
2011,4,0.04904656,3.018e-05
2012,4,0.05157661,3.021e-05
2013,4,0.04265754,3.021e-05
2014,4,0.06349022,3.024e-05
2015,4,0.04524838,3.024e-05
2016,4,0.05518633,3.027e-05
2017,4,0.06038308,3.027e-05
2018,4,0.06172587,3.03e-05
2019,4,0.03777674,3.03e-05
2020,4,0.05102926,3.033e-05
2021,4,0.05440559,3.033e-05
2022,4,0.03389118,3.036e-05
2023,4,0.05077371,3.036e-05
2024,4,0.05178272,3.039e-05
2025,4,0.07480245,3.039e-05
2026,4,0.03225702,3.042e-05
2027,4,0.03234485,3.042e-05
2028,4,0.04374166,3.045e-05
2029,4,0.05127514,3.045e-05
2030,4,0.04646813,3.048e-05
2031,4,0.04337182,3.048e-05
2032,4,0.03680168,3.051e-05
2033,4,0.04172622,3.051e-05
2034,4,0.04693006,3.054e-05
2035,4,0.05189910,3.054e-05
2036,4,0.05144503,3.057e-05
2037,4,0.05891986,3.057e-05
2038,4,0.05350237,3.06e-05
2039,4,0.04695747,3.06e-05
2040,4,0.05309233,3.063e-05
2041,4,0.03684390,3.063e-05
2042,4,0.04668472,3.066e-05
2043,4,0.06442245,3.066e-05
2044,4,0.04606305,3.069e-05
2045,4,0.04656454,3.069e-05
2046,4,0.04203160,3.072e-05
2047,4,0.07008760,3.072e-05
2048,4,0.05969037,3.075e-05
2049,4,0.04908755,3.075e-05
2050,4,0.04648692,3.078e-05
2051,4,0.04665355,3.078e-05
2052,4,0.04485417,3.081e-05
2053,4,0.03971801,3.081e-05
2054,4,0.04149915,3.084e-05
2055,4,0.05465917,3.084e-05
2056,4,0.03927140,3.087e-05
2057,4,0.04368662,3.087e-05
2058,4,0.04973047,3.09e-05
2059,4,0.05708675,3.09e-05
2060,4,0.04627009,3.093e-05
2061,4,0.04160700,3.093e-05
2062,4,0.05235526,3.096e-05
2063,4,0.04907966,3.096e-05
2064,4,0.05222282,3.099e-05
2065,4,0.04938903,3.099e-05
2066,4,0.05086287,3.102e-05
2067,4,0.04323265,3.102e-05
2068,4,0.06167620,3.105e-05
2069,4,0.06773007,3.105e-05
2070,4,0.05899943,3.108e-05
2071,4,0.03148947,3.108e-05
2072,4,0.03499495,3.111e-05
2073,4,0.05986042,3.111e-05
2074,4,0.07037451,3.114e-05
2075,4,0.06324897,3.114e-05
2076,4,0.05692604,3.117e-05
2077,4,0.03824600,3.117e-05
2078,4,0.05982988,3.12e-05
2079,4,0.05197372,3.12e-05
2080,4,0.04216547,3.123e-05
2081,5,0.04038252,3.123e-05
2082,5,0.03302030,3.126e-05
2083,5,0.04322915,3.126e-05
2084,5,0.04697147,3.129e-05
2085,5,0.04417593,3.129e-05
2086,5,0.03896718,3.132e-05
2087,5,0.04173052,3.132e-05
2088,5,0.04458660,3.135e-05
2089,5,0.03437863,3.135e-05
2090,5,0.04326736,3.138e-05
2091,5,0.04453462,3.138e-05
2092,5,0.04298203,3.141e-05
2093,5,0.03567978,3.141e-05
2094,5,0.05856664,3.144e-05
2095,5,0.03682861,3.144e-05
2096,5,0.06328460,3.147e-05
2097,5,0.04613521,3.147e-05
2098,5,0.03852214,3.15e-05
2099,5,0.04049936,3.15e-05
2100,5,0.05433748,3.153e-05
2101,5,0.04584523,3.153e-05
2102,5,0.03835889,3.156e-05
2103,5,0.05566718,3.156e-05
2104,5,0.04774456,3.159e-05
2105,5,0.03885220,3.159e-05
2106,5,0.06452507,3.162e-05
2107,5,0.03709962,3.162e-05
2108,5,0.03825067,3.165e-05
2109,5,0.06366037,3.165e-05
2110,5,0.03669827,3.168e-05
2111,5,0.03334694,3.168e-05
2112,5,0.07336078,3.171e-05
2113,5,0.03826741,3.171e-05
2114,5,0.04202788,3.174e-05
2115,5,0.06726959,3.174e-05
2116,5,0.04809558,3.177e-05
2117,5,0.04769808,3.177e-05
2118,5,0.06420439,3.18e-05
2119,5,0.03499427,3.18e-05
2120,5,0.04644214,3.183e-05
2121,5,0.04572731,3.183e-05
2122,5,0.03870903,3.186e-05
2123,5,0.05619101,3.186e-05
2124,5,0.07307222,3.189e-05
2125,5,0.06271897,3.189e-05
2126,5,0.05830360,3.192e-05
2127,5,0.04045017,3.192e-05
2128,5,0.04339453,3.195e-05
2129,5,0.05058715,3.195e-05
2130,5,0.05108755,3.198e-05
2131,5,0.04395315,3.198e-05
2132,5,0.03915845,3.201e-05
2133,5,0.04882674,3.201e-05
2134,5,0.04717778,3.204e-05
2135,5,0.05300636,3.204e-05
2136,5,0.04933682,3.207e-05
2137,5,0.03246007,3.207e-05
2138,5,0.02944095,3.21e-05
2139,5,0.04143214,3.21e-05
2140,5,0.04819937,3.213e-05
2141,5,0.04461214,3.213e-05
2142,5,0.04094552,3.216e-05
2143,5,0.06657497,3.216e-05
2144,5,0.04660521,3.219e-05
2145,5,0.06712035,3.219e-05
2146,5,0.06979772,3.222e-05
2147,5,0.04829488,3.222e-05
2148,5,0.04626217,3.225e-05
2149,5,0.04647166,3.225e-05
2150,5,0.04476841,3.228e-05
2151,5,0.04237058,3.228e-05
2152,5,0.03611718,3.231e-05
2153,5,0.04658376,3.231e-05
2154,5,0.05548939,3.234e-05
2155,5,0.05505063,3.234e-05
2156,5,0.05994305,3.237e-05
2157,5,0.03687232,3.237e-05
2158,5,0.03696394,3.24e-05
2159,5,0.04879326,3.24e-05
2160,5,0.03631394,3.243e-05
2161,5,0.03911944,3.243e-05
2162,5,0.04788214,3.246e-05
2163,5,0.05431221,3.246e-05
2164,5,0.05246890,3.249e-05
2165,5,0.04884686,3.249e-05
2166,5,0.04304602,3.252e-05
2167,5,0.04633492,3.252e-05
2168,5,0.04096526,3.255e-05
2169,5,0.04628979,3.255e-05
2170,5,0.04732645,3.258e-05
2171,5,0.06193868,3.258e-05
2172,5,0.07447613,3.261e-05
2173,5,0.03413661,3.261e-05
2174,5,0.06128405,3.264e-05
2175,5,0.04993828,3.264e-05
2176,5,0.03732677,3.267e-05
2177,5,0.05168810,3.267e-05
2178,5,0.03918793,3.27e-05
2179,5,0.05895401,3.27e-05
2180,5,0.05456008,3.273e-05
2181,5,0.03948322,3.273e-05
2182,5,0.04307603,3.276e-05
2183,5,0.04676750,3.276e-05
2184,5,0.06708072,3.279e-05
2185,5,0.03782278,3.279e-05
2186,5,0.03583561,3.282e-05
2187,5,0.04397028,3.282e-05
2188,5,0.04147311,3.285e-05
2189,5,0.05465644,3.285e-05
2190,5,0.03990697,3.288e-05
2191,5,0.05367439,3.288e-05
2192,5,0.05861001,3.291e-05
2193,5,0.03080390,3.291e-05
2194,5,0.04570413,3.294e-05
2195,5,0.05057199,3.294e-05
2196,5,0.05242931,3.297e-05
2197,5,0.06800289,3.297e-05
2198,5,0.05065301,3.3e-05
2199,5,0.04308379,3.3e-05
2200,5,0.05946136,3.303e-05
2201,5,0.05735644,3.303e-05
2202,5,0.04807488,3.306e-05
2203,5,0.03783891,3.306e-05
2204,5,0.03584528,3.309e-05
2205,5,0.05529304,3.309e-05
2206,5,0.03159705,3.312e-05
2207,5,0.05998363,3.312e-05
2208,5,0.03367623,3.315e-05
2209,5,0.06098914,3.315e-05
2210,5,0.04112267,3.318e-05
2211,5,0.05462972,3.318e-05
2212,5,0.03904703,3.321e-05
2213,5,0.04687344,3.321e-05
2214,5,0.04004202,3.324e-05
2215,5,0.04169004,3.324e-05
2216,5,0.03460811,3.327e-05
2217,5,0.04515997,3.327e-05
2218,5,0.03793059,3.33e-05
2219,5,0.04639464,3.33e-05
2220,5,0.05380801,3.333e-05
2221,5,0.04216604,3.333e-05
2222,5,0.04576184,3.336e-05
2223,5,0.06758749,3.336e-05
2224,5,0.04126452,3.339e-05
2225,5,0.05041146,3.339e-05
2226,5,0.04684177,3.342e-05
2227,5,0.02867367,3.342e-05
2228,5,0.07335530,3.345e-05
2229,5,0.04379422,3.345e-05
2230,5,0.03609800,3.348e-05
2231,5,0.05033682,3.348e-05
2232,5,0.04820322,3.351e-05
2233,5,0.04905674,3.351e-05
2234,5,0.05801172,3.354e-05
2235,5,0.04605287,3.354e-05
2236,5,0.03712129,3.357e-05
2237,5,0.04783553,3.357e-05
2238,5,0.04032328,3.36e-05
2239,5,0.03141416,3.36e-05
2240,5,0.06555355,3.363e-05
2241,5,0.07415543,3.363e-05
2242,5,0.03466108,3.366e-05
2243,5,0.05918345,3.366e-05
2244,5,0.04255705,3.369e-05
2245,5,0.04177894,3.369e-05
2246,5,0.04175590,3.372e-05
2247,5,0.05561659,3.372e-05
2248,5,0.06783993,3.375e-05
2249,5,0.03322838,3.375e-05
2250,5,0.04394151,3.378e-05
2251,5,0.03928224,3.378e-05
2252,5,0.05103792,3.381e-05
2253,5,0.05274487,3.381e-05
2254,5,0.04073060,3.384e-05
2255,5,0.04260188,3.384e-05
2256,5,0.04485404,3.387e-05
2257,5,0.04399363,3.387e-05
2258,5,0.07383890,3.39e-05
2259,5,0.03478001,3.39e-05
2260,5,0.06759081,3.393e-05
2261,5,0.05843114,3.393e-05
2262,5,0.03738269,3.396e-05
2263,5,0.06070717,3.396e-05
2264,5,0.04935862,3.399e-05
2265,5,0.03643589,3.399e-05
2266,5,0.05190536,3.402e-05
2267,5,0.05144839,3.402e-05
2268,5,0.05131523,3.405e-05
2269,5,0.04286128,3.405e-05
2270,5,0.07945284,3.408e-05
2271,5,0.06653422,3.408e-05
2272,5,0.04225599,3.411e-05
2273,5,0.04307491,3.411e-05
2274,5,0.04472713,3.414e-05
2275,5,0.04887198,3.414e-05
2276,5,0.05989591,3.417e-05
2277,5,0.04533431,3.417e-05
2278,5,0.05194720,3.42e-05
2279,5,0.04837934,3.42e-05
2280,5,0.04894920,3.423e-05
2281,5,0.05870599,3.423e-05
2282,5,0.05023851,3.426e-05
2283,5,0.04856916,3.426e-05
2284,5,0.05560306,3.429e-05
2285,5,0.04449272,3.429e-05
2286,5,0.04643605,3.432e-05
2287,5,0.05457675,3.432e-05
2288,5,0.04865609,3.435e-05
2289,5,0.03864768,3.435e-05
2290,5,0.04864311,3.438e-05
2291,5,0.06569558,3.438e-05
2292,5,0.06173207,3.441e-05
2293,5,0.03768593,3.441e-05
2294,5,0.04934960,3.444e-05
2295,5,0.04912146,3.444e-05
2296,5,0.04639536,3.447e-05
2297,5,0.05052945,3.447e-05
2298,5,0.04926419,3.45e-05
2299,5,0.04240461,3.45e-05
2300,5,0.04563007,3.453e-05
2301,5,0.06081560,3.453e-05
2302,5,0.04760339,3.456e-05
2303,5,0.05139223,3.456e-05
2304,5,0.06069813,3.459e-05
2305,5,0.03905465,3.459e-05
2306,5,0.05585344,3.462e-05
2307,5,0.04089913,3.462e-05
2308,5,0.04535900,3.465e-05
2309,5,0.06055989,3.465e-05
2310,5,0.05476520,3.468e-05
2311,5,0.06071555,3.468e-05
2312,5,0.05939376,3.471e-05
2313,5,0.03728146,3.471e-05
2314,5,0.05453071,3.474e-05
2315,5,0.06844758,3.474e-05
2316,5,0.04229887,3.477e-05
2317,5,0.04789077,3.477e-05
2318,5,0.04916286,3.48e-05
2319,5,0.05533153,3.48e-05
2320,5,0.03421807,3.483e-05
2321,5,0.05549913,3.483e-05
2322,5,0.03838279,3.486e-05
2323,5,0.04191109,3.486e-05
2324,5,0.05251813,3.489e-05
2325,5,0.03621919,3.489e-05
2326,5,0.07551882,3.492e-05
2327,5,0.04404048,3.492e-05
2328,5,0.05760878,3.495e-05
2329,5,0.05247017,3.495e-05
2330,5,0.04120082,3.498e-05
2331,5,0.05107047,3.498e-05
2332,5,0.03909837,3.501e-05
2333,5,0.05392394,3.501e-05
2334,5,0.06772242,3.504e-05
2335,5,0.03902829,3.504e-05
2336,5,0.03261848,3.507e-05
2337,5,0.04087101,3.507e-05
2338,5,0.05791052,3.51e-05
2339,5,0.05683246,3.51e-05
2340,5,0.05547451,3.513e-05
2341,5,0.06256555,3.513e-05
2342,5,0.05631918,3.516e-05
2343,5,0.02679343,3.516e-05
2344,5,0.04258530,3.519e-05
2345,5,0.03840269,3.519e-05
2346,5,0.04533196,3.522e-05
2347,5,0.04773675,3.522e-05
2348,5,0.04116340,3.525e-05
2349,5,0.06592758,3.525e-05
2350,5,0.06780831,3.528e-05
2351,5,0.03496380,3.528e-05
2352,5,0.03378400,3.531e-05
2353,5,0.04056484,3.531e-05
2354,5,0.05359193,3.534e-05
2355,5,0.03200600,3.534e-05
2356,5,0.03216088,3.537e-05
2357,5,0.05212591,3.537e-05
2358,5,0.03690511,3.54e-05
2359,5,0.04422773,3.54e-05
2360,5,0.06160193,3.543e-05
2361,5,0.05119675,3.543e-05
2362,5,0.05060102,3.546e-05
2363,5,0.05549182,3.546e-05
2364,5,0.06304904,3.549e-05
2365,5,0.04585310,3.549e-05
2366,5,0.05736815,3.552e-05
2367,5,0.04479851,3.552e-05
2368,5,0.03580635,3.555e-05
2369,5,0.04342863,3.555e-05
2370,5,0.04820781,3.558e-05
2371,5,0.05324869,3.558e-05
2372,5,0.05057870,3.561e-05
2373,5,0.03891642,3.561e-05
2374,5,0.05000097,3.564e-05
2375,5,0.04378767,3.564e-05
2376,5,0.03067426,3.567e-05
2377,5,0.04732823,3.567e-05
2378,5,0.05069567,3.57e-05
2379,5,0.04594699,3.57e-05
2380,5,0.05908160,3.573e-05
2381,5,0.04074349,3.573e-05
2382,5,0.05472813,3.576e-05
2383,5,0.05256686,3.576e-05
2384,5,0.03738569,3.579e-05
2385,5,0.03799752,3.579e-05
2386,5,0.03312366,3.582e-05
2387,5,0.05890857,3.582e-05
2388,5,0.03864480,3.585e-05
2389,5,0.03944175,3.585e-05
2390,5,0.05223151,3.588e-05
2391,5,0.05510547,3.588e-05
2392,5,0.02601548,3.591e-05
2393,5,0.04709275,3.591e-05
2394,5,0.04598757,3.594e-05
2395,5,0.03299575,3.594e-05
2396,5,0.06978919,3.597e-05
2397,5,0.04885628,3.597e-05
2398,5,0.06394619,3.6e-05
2399,5,0.05155538,3.6e-05
2400,5,0.06180663,3.603e-05
2401,5,0.04885143,3.603e-05
2402,5,0.05840556,3.606e-05
2403,5,0.04901116,3.606e-05
2404,5,0.03726748,3.609e-05
2405,5,0.04273459,3.609e-05
2406,5,0.05988248,3.612e-05
2407,5,0.05021234,3.612e-05
2408,5,0.02544730,3.615e-05
2409,5,0.04707666,3.615e-05
2410,5,0.04489872,3.618e-05
2411,5,0.05254441,3.618e-05
2412,5,0.05668729,3.621e-05
2413,5,0.04253365,3.621e-05
2414,5,0.03656415,3.624e-05
2415,5,0.03445622,3.624e-05
2416,5,0.03462233,3.627e-05
2417,5,0.03977254,3.627e-05
2418,5,0.05751939,3.63e-05
2419,5,0.02960165,3.63e-05
2420,5,0.03009582,3.633e-05
2421,5,0.06710931,3.633e-05
2422,5,0.04702347,3.636e-05
2423,5,0.04091189,3.636e-05
2424,5,0.04537136,3.639e-05
2425,5,0.05686578,3.639e-05
2426,5,0.03457459,3.642e-05
2427,5,0.04875629,3.642e-05
2428,5,0.03204394,3.645e-05
2429,5,0.03307247,3.645e-05
2430,5,0.04562302,3.648e-05
2431,5,0.04730283,3.648e-05
2432,5,0.04449214,3.651e-05
2433,5,0.05489775,3.651e-05
2434,5,0.05183350,3.654e-05
2435,5,0.04294669,3.654e-05
2436,5,0.04290178,3.657e-05
2437,5,0.05104294,3.657e-05
2438,5,0.06025027,3.66e-05
2439,5,0.05100960,3.66e-05
2440,5,0.05889422,3.663e-05
2441,5,0.03507227,3.663e-05
2442,5,0.04021451,3.666e-05
2443,5,0.04234313,3.666e-05
2444,5,0.03378889,3.669e-05
2445,5,0.02606033,3.669e-05
2446,5,0.05169435,3.672e-05
2447,5,0.03971213,3.672e-05
2448,5,0.05092227,3.675e-05
2449,5,0.03437464,3.675e-05
2450,5,0.03627808,3.678e-05
2451,5,0.02643162,3.678e-05
2452,5,0.06162870,3.681e-05
2453,5,0.04161809,3.681e-05
2454,5,0.03082232,3.684e-05
2455,5,0.05529140,3.684e-05
2456,5,0.05298615,3.687e-05
2457,5,0.03327648,3.687e-05
2458,5,0.03386959,3.69e-05
2459,5,0.02475911,3.69e-05
2460,5,0.03659229,3.693e-05
2461,5,0.03670088,3.693e-05
2462,5,0.03704715,3.696e-05
2463,5,0.04323098,3.696e-05
2464,5,0.05465920,3.699e-05
2465,5,0.05114688,3.699e-05
2466,5,0.05105162,3.702e-05
2467,5,0.04830252,3.702e-05
2468,5,0.06134049,3.705e-05
2469,5,0.05878323,3.705e-05
2470,5,0.03189548,3.708e-05
2471,5,0.05122526,3.708e-05
2472,5,0.06316534,3.711e-05
2473,5,0.02270030,3.711e-05
2474,5,0.05920972,3.714e-05
2475,5,0.03327129,3.714e-05
2476,5,0.05396268,3.717e-05
2477,5,0.06050139,3.717e-05
2478,5,0.03959142,3.72e-05
2479,5,0.05445611,3.72e-05
2480,5,0.04142165,3.723e-05
2481,5,0.02886008,3.723e-05
2482,5,0.03465127,3.726e-05
2483,5,0.05148299,3.726e-05
2484,5,0.04565617,3.729e-05
2485,5,0.03353320,3.729e-05
2486,5,0.03598226,3.732e-05
2487,5,0.04436855,3.732e-05
2488,5,0.04515333,3.735e-05
2489,5,0.03822789,3.735e-05
2490,5,0.03725731,3.738e-05
2491,5,0.02762656,3.738e-05
2492,5,0.04868250,3.741e-05
2493,5,0.05524371,3.741e-05
2494,5,0.03701558,3.744e-05
2495,5,0.05089884,3.744e-05
2496,5,0.03823809,3.747e-05
2497,5,0.02999865,3.747e-05
2498,5,0.02579597,3.75e-05
2499,5,0.04515212,3.75e-05
2500,5,0.04820258,3.753e-05
2501,5,0.04957850,3.753e-05
2502,5,0.06441858,3.756e-05
2503,5,0.03750940,3.756e-05
2504,5,0.05262535,3.759e-05
2505,5,0.04054924,3.759e-05
2506,5,0.06594161,3.762e-05
2507,5,0.05495878,3.762e-05
2508,5,0.04583510,3.765e-05
2509,5,0.06819531,3.765e-05
2510,5,0.04574336,3.768e-05
2511,5,0.07267428,3.768e-05
2512,5,0.06095878,3.771e-05
2513,5,0.04453928,3.771e-05
2514,5,0.05008445,3.774e-05
2515,5,0.04291292,3.774e-05
2516,5,0.04561823,3.777e-05
2517,5,0.03221785,3.777e-05
2518,5,0.03920414,3.78e-05
2519,5,0.04611787,3.78e-05
2520,5,0.06336762,3.783e-05
2521,5,0.04717906,3.783e-05
2522,5,0.03997533,3.786e-05
2523,5,0.04370066,3.786e-05
2524,5,0.04729607,3.789e-05
2525,5,0.04944612,3.789e-05
2526,5,0.03542915,3.792e-05
2527,5,0.04281183,3.792e-05
2528,5,0.05457823,3.795e-05
2529,5,0.04478371,3.795e-05
2530,5,0.04572500,3.798e-05
2531,5,0.02974599,3.798e-05
2532,5,0.05518539,3.801e-05
2533,5,0.04015348,3.801e-05
2534,5,0.06417259,3.804e-05
2535,5,0.04975896,3.804e-05
2536,5,0.03708659,3.807e-05
2537,5,0.05566225,3.807e-05
2538,5,0.03433598,3.81e-05
2539,5,0.03096173,3.81e-05
2540,5,0.04810014,3.813e-05
2541,5,0.02326901,3.813e-05
2542,5,0.06080549,3.816e-05
2543,5,0.03820822,3.816e-05
2544,5,0.05381014,3.819e-05
2545,5,0.06101641,3.819e-05
2546,5,0.05636687,3.822e-05
2547,5,0.05704137,3.822e-05
2548,5,0.06436298,3.825e-05
2549,5,0.04619416,3.825e-05
2550,5,0.03889150,3.828e-05
2551,5,0.03876409,3.828e-05
2552,5,0.05327961,3.831e-05
2553,5,0.03613052,3.831e-05
2554,5,0.05564271,3.834e-05
2555,5,0.04192035,3.834e-05
2556,5,0.03777425,3.837e-05
2557,5,0.04837840,3.837e-05
2558,5,0.04376375,3.84e-05
2559,5,0.05711236,3.84e-05
2560,5,0.04021969,3.843e-05
2561,5,0.04449459,3.843e-05
2562,5,0.03705741,3.846e-05
2563,5,0.04010141,3.846e-05
2564,5,0.04775124,3.849e-05
2565,5,0.05933696,3.849e-05
2566,5,0.06891796,3.852e-05
2567,5,0.04862837,3.852e-05
2568,5,0.05012678,3.855e-05
2569,5,0.02801054,3.855e-05
2570,5,0.04179263,3.858e-05
2571,5,0.02832721,3.858e-05
2572,5,0.04507746,3.861e-05
2573,5,0.04461911,3.861e-05
2574,5,0.05001306,3.864e-05
2575,5,0.03939512,3.864e-05
2576,5,0.04960966,3.867e-05
2577,5,0.06047657,3.867e-05
2578,5,0.04285773,3.87e-05
2579,5,0.04578163,3.87e-05
2580,5,0.05203737,3.873e-05
2581,5,0.03567742,3.873e-05
2582,5,0.05347801,3.876e-05
2583,5,0.03232114,3.876e-05
2584,5,0.05382122,3.879e-05
2585,5,0.04546998,3.879e-05
2586,5,0.05546217,3.882e-05
2587,5,0.03478903,3.882e-05
2588,5,0.04833310,3.885e-05
2589,5,0.03515087,3.885e-05
2590,5,0.03507027,3.888e-05
2591,5,0.03157924,3.888e-05
2592,5,0.03717501,3.891e-05
2593,5,0.05094563,3.891e-05
2594,5,0.03989365,3.894e-05
2595,5,0.03648978,3.894e-05
2596,5,0.04008280,3.897e-05
2597,5,0.05406113,3.897e-05
2598,5,0.06288718,3.9e-05
2599,5,0.04295420,3.9e-05
2600,5,0.04092287,3.903e-05
2601,6,0.04966297,3.903e-05
2602,6,0.03053519,3.906e-05
2603,6,0.05914521,3.906e-05
2604,6,0.03346981,3.909e-05
2605,6,0.04473253,3.909e-05
2606,6,0.04713044,3.912e-05
2607,6,0.03730110,3.912e-05
2608,6,0.04503503,3.915e-05
2609,6,0.04380037,3.915e-05
2610,6,0.04334432,3.918e-05
2611,6,0.04428494,3.918e-05
2612,6,0.03326606,3.921e-05
2613,6,0.03559862,3.921e-05
2614,6,0.03384255,3.924e-05
2615,6,0.05915373,3.924e-05
2616,6,0.03532327,3.927e-05
2617,6,0.07083160,3.927e-05
2618,6,0.04237287,3.93e-05
2619,6,0.03163197,3.93e-05
2620,6,0.05005566,3.933e-05
2621,6,0.03832476,3.933e-05
2622,6,0.04115440,3.936e-05
2623,6,0.04565819,3.936e-05
2624,6,0.04377815,3.939e-05
2625,6,0.05074533,3.939e-05
2626,6,0.03215046,3.942e-05
2627,6,0.03296341,3.942e-05
2628,6,0.03272045,3.945e-05
2629,6,0.06403763,3.945e-05
2630,6,0.05547376,3.948e-05
2631,6,0.05725745,3.948e-05
2632,6,0.03843195,3.951e-05
2633,6,0.03766867,3.951e-05
2634,6,0.05376545,3.954e-05
2635,6,0.05168875,3.954e-05
2636,6,0.05079541,3.957e-05
2637,6,0.03125989,3.957e-05
2638,6,0.04192982,3.96e-05
2639,6,0.04565347,3.96e-05
2640,6,0.05672545,3.963e-05
2641,6,0.04622789,3.963e-05
2642,6,0.04161371,3.966e-05
2643,6,0.03767116,3.966e-05
2644,6,0.06708833,3.969e-05
2645,6,0.04111335,3.969e-05
2646,6,0.03328731,3.972e-05
2647,6,0.03804496,3.972e-05
2648,6,0.03694997,3.975e-05
2649,6,0.03872788,3.975e-05
2650,6,0.04907093,3.978e-05
2651,6,0.03887583,3.978e-05
2652,6,0.03366933,3.981e-05
2653,6,0.05496728,3.981e-05
2654,6,0.04060957,3.984e-05
2655,6,0.04734825,3.984e-05
2656,6,0.05715280,3.987e-05
2657,6,0.05007150,3.987e-05
2658,6,0.03440746,3.99e-05
2659,6,0.03567620,3.99e-05
2660,6,0.02727574,3.993e-05
2661,6,0.03493173,3.993e-05
2662,6,0.03511737,3.996e-05
2663,6,0.03873779,3.996e-05
2664,6,0.04029218,3.999e-05
2665,6,0.04906980,3.999e-05
2666,6,0.04670584,4.002e-05
2667,6,0.03319531,4.002e-05
2668,6,0.05368524,4.005e-05
2669,6,0.06860477,4.005e-05
2670,6,0.03665889,4.008e-05
2671,6,0.03375395,4.008e-05
2672,6,0.03017004,4.011e-05
2673,6,0.04827244,4.011e-05
2674,6,0.04103129,4.014e-05
2675,6,0.05420633,4.014e-05
2676,6,0.03289874,4.017e-05
2677,6,0.05710694,4.017e-05
2678,6,0.06842911,4.02e-05
2679,6,0.05250039,4.02e-05
2680,6,0.03208121,4.023e-05
2681,6,0.04295392,4.023e-05
2682,6,0.03920376,4.026e-05
2683,6,0.03379784,4.026e-05
2684,6,0.04805920,4.029e-05
2685,6,0.03884862,4.029e-05
2686,6,0.03877454,4.032e-05
2687,6,0.04484259,4.032e-05
2688,6,0.04922877,4.035e-05
2689,6,0.06283694,4.035e-05
2690,6,0.03554649,4.038e-05
2691,6,0.04289910,4.038e-05
2692,6,0.05009907,4.041e-05
2693,6,0.03857001,4.041e-05
2694,6,0.04926441,4.044e-05
2695,6,0.03987961,4.044e-05
2696,6,0.04773864,4.047e-05
2697,6,0.03300325,4.047e-05
2698,6,0.04021807,4.05e-05
2699,6,0.03446282,4.05e-05
2700,6,0.04752093,4.053e-05
2701,6,0.02458308,4.053e-05
2702,6,0.04276558,4.056e-05
2703,6,0.04727442,4.056e-05
2704,6,0.05245233,4.059e-05
2705,6,0.03485714,4.059e-05
2706,6,0.05641544,4.062e-05
2707,6,0.03271062,4.062e-05
2708,6,0.04283940,4.065e-05
2709,6,0.05639131,4.065e-05
2710,6,0.03774201,4.068e-05
2711,6,0.03976779,4.068e-05
2712,6,0.04193819,4.071e-05
2713,6,0.02899387,4.071e-05
2714,6,0.04146206,4.074e-05
2715,6,0.03771283,4.074e-05
2716,6,0.03147184,4.077e-05
2717,6,0.06074517,4.077e-05
2718,6,0.04909770,4.08e-05
2719,6,0.04947915,4.08e-05
2720,6,0.03813180,4.083e-05
2721,6,0.03834956,4.083e-05
2722,6,0.03053608,4.086e-05
2723,6,0.05345126,4.086e-05
2724,6,0.03316587,4.089e-05
2725,6,0.05179063,4.089e-05
2726,6,0.03737801,4.092e-05
2727,6,0.04138716,4.092e-05
2728,6,0.05624928,4.095e-05
2729,6,0.04107904,4.095e-05
2730,6,0.04468683,4.098e-05
2731,6,0.03932812,4.098e-05
2732,6,0.04366175,4.101e-05
2733,6,0.06193457,4.101e-05
2734,6,0.04969130,4.104e-05
2735,6,0.04663774,4.104e-05
2736,6,0.04679167,4.107e-05
2737,6,0.05441003,4.107e-05
2738,6,0.05038260,4.11e-05
2739,6,0.03845390,4.11e-05
2740,6,0.03108896,4.113e-05
2741,6,0.05229480,4.113e-05
2742,6,0.04795537,4.116e-05
2743,6,0.05640335,4.116e-05
2744,6,0.03922014,4.119e-05
2745,6,0.03709510,4.119e-05
2746,6,0.04564138,4.122e-05
2747,6,0.03323043,4.122e-05
2748,6,0.05225245,4.125e-05
2749,6,0.05332697,4.125e-05
2750,6,0.03789000,4.128e-05
2751,6,0.04557719,4.128e-05
2752,6,0.02813044,4.131e-05
2753,6,0.04983535,4.131e-05
2754,6,0.03530093,4.134e-05
2755,6,0.02026167,4.134e-05
2756,6,0.03685980,4.137e-05
2757,6,0.02957844,4.137e-05
2758,6,0.03764036,4.14e-05
2759,6,0.05422458,4.14e-05
2760,6,0.04944257,4.143e-05
2761,6,0.04497871,4.143e-05
2762,6,0.03118730,4.146e-05
2763,6,0.04711565,4.146e-05
2764,6,0.03482068,4.149e-05
2765,6,0.05139172,4.149e-05
2766,6,0.03554325,4.152e-05
2767,6,0.04621889,4.152e-05
2768,6,0.06907967,4.155e-05
2769,6,0.04902402,4.155e-05
2770,6,0.04857963,4.158e-05
2771,6,0.04627281,4.158e-05
2772,6,0.04538454,4.161e-05
2773,6,0.03401342,4.161e-05
2774,6,0.04636941,4.164e-05
2775,6,0.03625932,4.164e-05
2776,6,0.02858607,4.167e-05
2777,6,0.04203648,4.167e-05
2778,6,0.06375638,4.17e-05
2779,6,0.03608257,4.17e-05
2780,6,0.02619203,4.173e-05
2781,6,0.04209359,4.173e-05
2782,6,0.04588763,4.176e-05
2783,6,0.04440497,4.176e-05
2784,6,0.03472465,4.179e-05
2785,6,0.04112099,4.179e-05
2786,6,0.05819833,4.182e-05
2787,6,0.04518590,4.182e-05
2788,6,0.05358379,4.185e-05
2789,6,0.04145133,4.185e-05
2790,6,0.04833499,4.188e-05
2791,6,0.04967145,4.188e-05
2792,6,0.02994909,4.191e-05
2793,6,0.03925950,4.191e-05
2794,6,0.02762894,4.194e-05
2795,6,0.04795229,4.194e-05
2796,6,0.04585619,4.197e-05
2797,6,0.04819074,4.197e-05
2798,6,0.04775966,4.2e-05
2799,6,0.04233203,4.2e-05
2800,6,0.04839342,4.203e-05
2801,6,0.05405917,4.203e-05
2802,6,0.04452803,4.206e-05
2803,6,0.04887450,4.206e-05
2804,6,0.03783351,4.209e-05
2805,6,0.03747440,4.209e-05
2806,6,0.04657217,4.212e-05
2807,6,0.04674586,4.212e-05
2808,6,0.04257876,4.215e-05
2809,6,0.04739635,4.215e-05
2810,6,0.04165660,4.218e-05
2811,6,0.04276770,4.218e-05
2812,6,0.04260477,4.221e-05
2813,6,0.04649368,4.221e-05
2814,6,0.04828345,4.224e-05
2815,6,0.04707264,4.224e-05
2816,6,0.04481494,4.227e-05
2817,6,0.05328915,4.227e-05
2818,6,0.04242577,4.23e-05
2819,6,0.04660873,4.23e-05
2820,6,0.04929702,4.233e-05
2821,6,0.04037732,4.233e-05
2822,6,0.03904800,4.236e-05
2823,6,0.05124251,4.236e-05
2824,6,0.04124174,4.239e-05
2825,6,0.03800025,4.239e-05
2826,6,0.04280191,4.242e-05
2827,6,0.03381640,4.242e-05
2828,6,0.05052029,4.245e-05
2829,6,0.05466611,4.245e-05
2830,6,0.03333969,4.248e-05
2831,6,0.03941683,4.248e-05
2832,6,0.03527567,4.251e-05
2833,6,0.02890407,4.251e-05
2834,6,0.03783075,4.254e-05
2835,6,0.02572110,4.254e-05
2836,6,0.02987957,4.257e-05
2837,6,0.03865375,4.257e-05
2838,6,0.04729326,4.26e-05
2839,6,0.06080304,4.26e-05
2840,6,0.04284102,4.263e-05
2841,6,0.05560531,4.263e-05
2842,6,0.04378336,4.266e-05
2843,6,0.04989050,4.266e-05
2844,6,0.04523026,4.269e-05
2845,6,0.04120239,4.269e-05
2846,6,0.04277864,4.272e-05
2847,6,0.03921695,4.272e-05
2848,6,0.04152177,4.275e-05
2849,6,0.04017342,4.275e-05
2850,6,0.04427728,4.278e-05
2851,6,0.04327992,4.278e-05
2852,6,0.04240616,4.281e-05
2853,6,0.04149045,4.281e-05
2854,6,0.04006321,4.284e-05
2855,6,0.05803976,4.284e-05
2856,6,0.03701805,4.287e-05
2857,6,0.03835636,4.287e-05
2858,6,0.04484187,4.29e-05
2859,6,0.04999967,4.29e-05
2860,6,0.04780956,4.293e-05
2861,6,0.04002299,4.293e-05
2862,6,0.04292962,4.296e-05
2863,6,0.04959156,4.296e-05
2864,6,0.04199439,4.299e-05
2865,6,0.04597769,4.299e-05
2866,6,0.03470639,4.302e-05
2867,6,0.03786375,4.302e-05
2868,6,0.03699470,4.305e-05
2869,6,0.04242417,4.305e-05
2870,6,0.04806307,4.308e-05
2871,6,0.05156909,4.308e-05
2872,6,0.04366781,4.311e-05
2873,6,0.04494172,4.311e-05
2874,6,0.03448019,4.314e-05
2875,6,0.03992347,4.314e-05
2876,6,0.03890694,4.317e-05
2877,6,0.06142671,4.317e-05
2878,6,0.02558948,4.32e-05
2879,6,0.04417436,4.32e-05
2880,6,0.05324345,4.323e-05
2881,6,0.02970900,4.323e-05
2882,6,0.05566555,4.326e-05
2883,6,0.03273249,4.326e-05
2884,6,0.05025858,4.329e-05
2885,6,0.04201181,4.329e-05
2886,6,0.05152712,4.332e-05
2887,6,0.07112448,4.332e-05
2888,6,0.02569449,4.335e-05
2889,6,0.03121471,4.335e-05
2890,6,0.04283733,4.338e-05
2891,6,0.04284946,4.338e-05
2892,6,0.04673362,4.341e-05
2893,6,0.04007728,4.341e-05
2894,6,0.03111649,4.344e-05
2895,6,0.04300250,4.344e-05
2896,6,0.03067023,4.347e-05
2897,6,0.04173355,4.347e-05
2898,6,0.04654851,4.35e-05
2899,6,0.03986753,4.35e-05
2900,6,0.04543927,4.353e-05
2901,6,0.03619019,4.353e-05
2902,6,0.03522675,4.356e-05
2903,6,0.03712866,4.356e-05
2904,6,0.04400818,4.359e-05
2905,6,0.04104774,4.359e-05
2906,6,0.03852069,4.362e-05
2907,6,0.05753228,4.362e-05
2908,6,0.06147175,4.365e-05
2909,6,0.04806350,4.365e-05
2910,6,0.03622921,4.368e-05
2911,6,0.04306851,4.368e-05
2912,6,0.05989416,4.371e-05
2913,6,0.04972921,4.371e-05
2914,6,0.04454671,4.374e-05
2915,6,0.03695370,4.374e-05
2916,6,0.04266736,4.377e-05
2917,6,0.06096883,4.377e-05
2918,6,0.04473385,4.38e-05
2919,6,0.04673990,4.38e-05
2920,6,0.03773328,4.383e-05
2921,6,0.04823223,4.383e-05
2922,6,0.05624012,4.386e-05
2923,6,0.03650716,4.386e-05
2924,6,0.04870999,4.389e-05
2925,6,0.05326945,4.389e-05
2926,6,0.04223759,4.392e-05
2927,6,0.04623037,4.392e-05
2928,6,0.04327136,4.395e-05
2929,6,0.04545183,4.395e-05
2930,6,0.04594450,4.398e-05
2931,6,0.05777608,4.398e-05
2932,6,0.04183340,4.401e-05
2933,6,0.05075905,4.401e-05
2934,6,0.04029751,4.404e-05
2935,6,0.04178207,4.404e-05
2936,6,0.04536352,4.407e-05
2937,6,0.02424003,4.407e-05
2938,6,0.03847266,4.41e-05
2939,6,0.03905164,4.41e-05
2940,6,0.04665322,4.413e-05
2941,6,0.02866388,4.413e-05
2942,6,0.05173172,4.416e-05
2943,6,0.02306242,4.416e-05
2944,6,0.02682722,4.419e-05
2945,6,0.03724505,4.419e-05
2946,6,0.03136296,4.422e-05
2947,6,0.03518962,4.422e-05
2948,6,0.03816905,4.425e-05
2949,6,0.03764766,4.425e-05
2950,6,0.05409366,4.428e-05
2951,6,0.03736011,4.428e-05
2952,6,0.06200795,4.431e-05
2953,6,0.04325381,4.431e-05
2954,6,0.04051150,4.434e-05
2955,6,0.03818946,4.434e-05
2956,6,0.02957152,4.437e-05
2957,6,0.03889177,4.437e-05
2958,6,0.03141643,4.44e-05
2959,6,0.04637726,4.44e-05
2960,6,0.04447877,4.443e-05
2961,6,0.04666322,4.443e-05
2962,6,0.04144954,4.446e-05
2963,6,0.06011150,4.446e-05
2964,6,0.05817486,4.449e-05
2965,6,0.04102947,4.449e-05
2966,6,0.04994150,4.452e-05
2967,6,0.04462326,4.452e-05
2968,6,0.04234955,4.455e-05
2969,6,0.03813598,4.455e-05
2970,6,0.04731317,4.458e-05
2971,6,0.04315002,4.458e-05
2972,6,0.03453585,4.461e-05
2973,6,0.02932454,4.461e-05
2974,6,0.04369085,4.464e-05
2975,6,0.03275888,4.464e-05
2976,6,0.04452011,4.467e-05
2977,6,0.04642877,4.467e-05
2978,6,0.04215188,4.47e-05
2979,6,0.04751203,4.47e-05
2980,6,0.04130165,4.473e-05
2981,6,0.04976157,4.473e-05
2982,6,0.04272532,4.476e-05
2983,6,0.04891685,4.476e-05
2984,6,0.05733670,4.479e-05
2985,6,0.04438557,4.479e-05
2986,6,0.04364761,4.482e-05
2987,6,0.03454219,4.482e-05
2988,6,0.03636162,4.485e-05
2989,6,0.04375691,4.485e-05
2990,6,0.07309118,4.488e-05
2991,6,0.02654966,4.488e-05
2992,6,0.03810640,4.491e-05
2993,6,0.05588816,4.491e-05
2994,6,0.05406731,4.494e-05
2995,6,0.05098714,4.494e-05
2996,6,0.04319727,4.497e-05
2997,6,0.03708802,4.497e-05
2998,6,0.04224773,4.5e-05
2999,6,0.03096796,4.5e-05
3000,6,0.05417359,4.503e-05
3001,6,0.04266955,4.503e-05
3002,6,0.05420768,4.506e-05
3003,6,0.03275626,4.506e-05
3004,6,0.03032035,4.509e-05
3005,6,0.03708299,4.509e-05
3006,6,0.04753725,4.512e-05
3007,6,0.04176517,4.512e-05
3008,6,0.04270764,4.515e-05
3009,6,0.05564804,4.515e-05
3010,6,0.04856617,4.518e-05
3011,6,0.03503827,4.518e-05
3012,6,0.03999380,4.521e-05
3013,6,0.05104414,4.521e-05
3014,6,0.04704081,4.524e-05
3015,6,0.04881097,4.524e-05
3016,6,0.04129583,4.527e-05
3017,6,0.03818887,4.527e-05
3018,6,0.02952213,4.53e-05
3019,6,0.03555250,4.53e-05
3020,6,0.04091494,4.533e-05
3021,6,0.04676174,4.533e-05
3022,6,0.05233624,4.536e-05
3023,6,0.03989746,4.536e-05
3024,6,0.02909622,4.539e-05
3025,6,0.04081022,4.539e-05
3026,6,0.03330642,4.542e-05
3027,6,0.04043980,4.542e-05
3028,6,0.05890415,4.545e-05
3029,6,0.04291312,4.545e-05
3030,6,0.03111018,4.548e-05
3031,6,0.02334508,4.548e-05
3032,6,0.02793021,4.551e-05
3033,6,0.03137331,4.551e-05
3034,6,0.03188892,4.554e-05
3035,6,0.05808114,4.554e-05
3036,6,0.06669305,4.557e-05
3037,6,0.04561900,4.557e-05
3038,6,0.05839455,4.56e-05
3039,6,0.04403647,4.56e-05
3040,6,0.02993645,4.563e-05
3041,6,0.03422926,4.563e-05
3042,6,0.03619051,4.566e-05
3043,6,0.04108696,4.566e-05
3044,6,0.03597565,4.569e-05
3045,6,0.04359493,4.569e-05
3046,6,0.02762951,4.572e-05
3047,6,0.03856440,4.572e-05
3048,6,0.02254444,4.575e-05
3049,6,0.03978683,4.575e-05
3050,6,0.03329217,4.578e-05
3051,6,0.03611568,4.578e-05
3052,6,0.04325588,4.581e-05
3053,6,0.02527067,4.581e-05
3054,6,0.04119082,4.584e-05
3055,6,0.04019934,4.584e-05
3056,6,0.04044975,4.587e-05
3057,6,0.03185842,4.587e-05
3058,6,0.03429452,4.59e-05
3059,6,0.02799149,4.59e-05
3060,6,0.03394879,4.593e-05
3061,6,0.05783587,4.593e-05
3062,6,0.03795577,4.596e-05
3063,6,0.03974343,4.596e-05
3064,6,0.04366659,4.599e-05
3065,6,0.02559405,4.599e-05
3066,6,0.04117284,4.602e-05
3067,6,0.05150386,4.602e-05
3068,6,0.03179245,4.605e-05
3069,6,0.02694803,4.605e-05
3070,6,0.04727829,4.608e-05
3071,6,0.02832433,4.608e-05
3072,6,0.02928723,4.611e-05
3073,6,0.04978798,4.611e-05
3074,6,0.03348297,4.614e-05
3075,6,0.06159233,4.614e-05
3076,6,0.04140037,4.617e-05
3077,6,0.03024002,4.617e-05
3078,6,0.03872793,4.62e-05
3079,6,0.04487210,4.62e-05
3080,6,0.02651971,4.623e-05
3081,6,0.03925237,4.623e-05
3082,6,0.03253569,4.626e-05
3083,6,0.04655662,4.626e-05
3084,6,0.04386557,4.629e-05
3085,6,0.05375452,4.629e-05
3086,6,0.03859466,4.632e-05
3087,6,0.04948549,4.632e-05
3088,6,0.03508445,4.635e-05
3089,6,0.04335590,4.635e-05
3090,6,0.02734982,4.638e-05
3091,6,0.03298988,4.638e-05
3092,6,0.05435448,4.641e-05
3093,6,0.03855445,4.641e-05
3094,6,0.05002429,4.644e-05
3095,6,0.04259102,4.644e-05
3096,6,0.04015542,4.647e-05
3097,6,0.03373208,4.647e-05
3098,6,0.05155506,4.65e-05
3099,6,0.04409881,4.65e-05
3100,6,0.04853122,4.653e-05
3101,6,0.03875870,4.653e-05
3102,6,0.04624419,4.656e-05
3103,6,0.05783891,4.656e-05
3104,6,0.04371246,4.659e-05
3105,6,0.05006802,4.659e-05
3106,6,0.03483952,4.662e-05
3107,6,0.03016081,4.662e-05
3108,6,0.04432082,4.665e-05
3109,6,0.04357894,4.665e-05
3110,6,0.04984245,4.668e-05
3111,6,0.03597613,4.668e-05
3112,6,0.03813125,4.671e-05
3113,6,0.04729444,4.671e-05
3114,6,0.05409346,4.674e-05
3115,6,0.03231720,4.674e-05
3116,6,0.05452567,4.677e-05
3117,6,0.03924577,4.677e-05
3118,6,0.04204334,4.68e-05
3119,6,0.04654037,4.68e-05
3120,6,0.04526392,4.683e-05
3121,7,0.02960257,4.683e-05
3122,7,0.03652772,4.686e-05
3123,7,0.02514791,4.686e-05
3124,7,0.03934165,4.689e-05
3125,7,0.03926481,4.689e-05
3126,7,0.04549591,4.692e-05
3127,7,0.03345250,4.692e-05
3128,7,0.03510300,4.695e-05
3129,7,0.03803750,4.695e-05
3130,7,0.04583743,4.698e-05
3131,7,0.04733049,4.698e-05
3132,7,0.03470624,4.701e-05
3133,7,0.04652186,4.701e-05
3134,7,0.03896867,4.704e-05
3135,7,0.03506619,4.704e-05
3136,7,0.03466656,4.707e-05
3137,7,0.03741834,4.707e-05
3138,7,0.03588006,4.71e-05
3139,7,0.04365721,4.71e-05
3140,7,0.03190304,4.713e-05
3141,7,0.04868703,4.713e-05
3142,7,0.03327678,4.716e-05
3143,7,0.06142896,4.716e-05
3144,7,0.04727916,4.719e-05
3145,7,0.02971465,4.719e-05
3146,7,0.04249125,4.722e-05
3147,7,0.04990651,4.722e-05
3148,7,0.03982418,4.725e-05
3149,7,0.04031594,4.725e-05
3150,7,0.03678947,4.728e-05
3151,7,0.04309779,4.728e-05
3152,7,0.05927734,4.731e-05
3153,7,0.04758227,4.731e-05
3154,7,0.02582677,4.734e-05
3155,7,0.04756343,4.734e-05
3156,7,0.03713395,4.737e-05
3157,7,0.03632664,4.737e-05
3158,7,0.04615574,4.74e-05
3159,7,0.05538171,4.74e-05
3160,7,0.03904973,4.743e-05
3161,7,0.04719913,4.743e-05
3162,7,0.04821972,4.746e-05
3163,7,0.03754050,4.746e-05
3164,7,0.02395385,4.749e-05
3165,7,0.04919153,4.749e-05
3166,7,0.02447559,4.752e-05
3167,7,0.05356502,4.752e-05
3168,7,0.05296962,4.755e-05
3169,7,0.04329100,4.755e-05
3170,7,0.03495338,4.758e-05
3171,7,0.04305858,4.758e-05
3172,7,0.03161742,4.761e-05
3173,7,0.02952330,4.761e-05
3174,7,0.03923484,4.764e-05
3175,7,0.02890663,4.764e-05
3176,7,0.04261803,4.767e-05
3177,7,0.04035558,4.767e-05
3178,7,0.03386118,4.77e-05
3179,7,0.03495778,4.77e-05
3180,7,0.06027377,4.773e-05
3181,7,0.04345848,4.773e-05
3182,7,0.03357021,4.776e-05
3183,7,0.04359398,4.776e-05
3184,7,0.03831877,4.779e-05
3185,7,0.04929524,4.779e-05
3186,7,0.04000843,4.782e-05
3187,7,0.04072722,4.782e-05
3188,7,0.04575320,4.785e-05
3189,7,0.04672794,4.785e-05
3190,7,0.03548516,4.788e-05
3191,7,0.04877766,4.788e-05
3192,7,0.04746119,4.791e-05
3193,7,0.05720064,4.791e-05
3194,7,0.05832300,4.794e-05
3195,7,0.03616916,4.794e-05
3196,7,0.04746479,4.797e-05
3197,7,0.03606299,4.797e-05
3198,7,0.03916384,4.8e-05
3199,7,0.05739035,4.8e-05
3200,7,0.03565102,4.803e-05
3201,7,0.03792419,4.803e-05
3202,7,0.04105695,4.806e-05
3203,7,0.05614432,4.806e-05
3204,7,0.04464877,4.809e-05
3205,7,0.03920702,4.809e-05
3206,7,0.04719840,4.812e-05
3207,7,0.03293763,4.812e-05
3208,7,0.04214311,4.815e-05
3209,7,0.02804228,4.815e-05
3210,7,0.04489570,4.818e-05
3211,7,0.04117949,4.818e-05
3212,7,0.03912059,4.821e-05
3213,7,0.03065331,4.821e-05
3214,7,0.03840544,4.824e-05
3215,7,0.03139942,4.824e-05
3216,7,0.02802608,4.827e-05
3217,7,0.04046669,4.827e-05
3218,7,0.04682775,4.83e-05
3219,7,0.04596409,4.83e-05
3220,7,0.04106289,4.833e-05
3221,7,0.03482824,4.833e-05
3222,7,0.02931778,4.836e-05
3223,7,0.03687793,4.836e-05
3224,7,0.03854604,4.839e-05
3225,7,0.03838097,4.839e-05
3226,7,0.05213413,4.842e-05
3227,7,0.04253523,4.842e-05
3228,7,0.03312726,4.845e-05
3229,7,0.03716322,4.845e-05
3230,7,0.03495174,4.848e-05
3231,7,0.03472126,4.848e-05
3232,7,0.04598334,4.851e-05
3233,7,0.03525688,4.851e-05
3234,7,0.02801508,4.854e-05
3235,7,0.03678655,4.854e-05
3236,7,0.02572658,4.857e-05
3237,7,0.04881745,4.857e-05
3238,7,0.05091752,4.86e-05
3239,7,0.03669666,4.86e-05
3240,7,0.04046362,4.863e-05
3241,7,0.02390844,4.863e-05
3242,7,0.04715030,4.866e-05
3243,7,0.03209648,4.866e-05
3244,7,0.04671448,4.869e-05
3245,7,0.04405318,4.869e-05
3246,7,0.05103615,4.872e-05
3247,7,0.03627520,4.872e-05
3248,7,0.05424902,4.875e-05
3249,7,0.04411395,4.875e-05
3250,7,0.05531850,4.878e-05
3251,7,0.05369541,4.878e-05
3252,7,0.03655376,4.881e-05
3253,7,0.03423801,4.881e-05
3254,7,0.02905669,4.884e-05
3255,7,0.04830150,4.884e-05
3256,7,0.04794434,4.887e-05
3257,7,0.02836571,4.887e-05
3258,7,0.04406050,4.89e-05
3259,7,0.03674645,4.89e-05
3260,7,0.04982869,4.893e-05
3261,7,0.03060856,4.893e-05
3262,7,0.04429968,4.896e-05
3263,7,0.04216255,4.896e-05
3264,7,0.03985035,4.899e-05
3265,7,0.03995341,4.899e-05
3266,7,0.05219214,4.902e-05
3267,7,0.04809071,4.902e-05
3268,7,0.02424967,4.905e-05
3269,7,0.03182394,4.905e-05
3270,7,0.02735532,4.908e-05
3271,7,0.04388210,4.908e-05
3272,7,0.03413805,4.911e-05
3273,7,0.05456647,4.911e-05
3274,7,0.03486666,4.914e-05
3275,7,0.05814269,4.914e-05
3276,7,0.02926324,4.917e-05
3277,7,0.04177974,4.917e-05
3278,7,0.03937657,4.92e-05
3279,7,0.04472218,4.92e-05
3280,7,0.03273363,4.923e-05
3281,7,0.03904067,4.923e-05
3282,7,0.05672140,4.926e-05
3283,7,0.02635292,4.926e-05
3284,7,0.04120767,4.929e-05
3285,7,0.04600521,4.929e-05
3286,7,0.05226299,4.932e-05
3287,7,0.03403668,4.932e-05
3288,7,0.04321362,4.935e-05
3289,7,0.04914161,4.935e-05
3290,7,0.04596464,4.938e-05
3291,7,0.03573607,4.938e-05
3292,7,0.04689322,4.941e-05
3293,7,0.04429324,4.941e-05
3294,7,0.03738035,4.944e-05
3295,7,0.06384082,4.944e-05
3296,7,0.04219914,4.947e-05
3297,7,0.04238077,4.947e-05
3298,7,0.04145239,4.95e-05
3299,7,0.05100743,4.95e-05
3300,7,0.04092281,4.953e-05
3301,7,0.04343726,4.953e-05
3302,7,0.02606967,4.956e-05
3303,7,0.04553046,4.956e-05
3304,7,0.04010829,4.959e-05
3305,7,0.04096674,4.959e-05
3306,7,0.04804196,4.962e-05
3307,7,0.04588436,4.962e-05
3308,7,0.04632366,4.965e-05
3309,7,0.05539008,4.965e-05
3310,7,0.03787970,4.968e-05
3311,7,0.04436994,4.968e-05
3312,7,0.04103547,4.971e-05
3313,7,0.03571276,4.971e-05
3314,7,0.06631114,4.974e-05
3315,7,0.02844992,4.974e-05
3316,7,0.04795258,4.977e-05
3317,7,0.03229824,4.977e-05
3318,7,0.03244350,4.98e-05
3319,7,0.05218077,4.98e-05
3320,7,0.05172285,4.983e-05
3321,7,0.02898338,4.983e-05
3322,7,0.03575014,4.986e-05
3323,7,0.02923557,4.986e-05
3324,7,0.04309808,4.989e-05
3325,7,0.05527235,4.989e-05
3326,7,0.03915118,4.992e-05
3327,7,0.04773216,4.992e-05
3328,7,0.02868572,4.995e-05
3329,7,0.05080288,4.995e-05
3330,7,0.04189538,4.998e-05
3331,7,0.03122789,4.998e-05
3332,7,0.05238674,5.001e-05
3333,7,0.04066589,5.001e-05
3334,7,0.03155065,5.004e-05
3335,7,0.03609953,5.004e-05
3336,7,0.05833955,5.007e-05
3337,7,0.03227196,5.007e-05
3338,7,0.04919131,5.01e-05
3339,7,0.02582236,5.01e-05
3340,7,0.03746504,5.013e-05
3341,7,0.04286859,5.013e-05
3342,7,0.03759270,5.016e-05
3343,7,0.02974831,5.016e-05
3344,7,0.06798216,5.019e-05
3345,7,0.05383433,5.019e-05
3346,7,0.05502382,5.022e-05
3347,7,0.03705345,5.022e-05
3348,7,0.04053771,5.025e-05
3349,7,0.03448653,5.025e-05
3350,7,0.03404134,5.028e-05
3351,7,0.03220569,5.028e-05
3352,7,0.03408383,5.031e-05
3353,7,0.05381992,5.031e-05
3354,7,0.03874174,5.034e-05
3355,7,0.04868384,5.034e-05
3356,7,0.03184798,5.037e-05
3357,7,0.02667444,5.037e-05
3358,7,0.03804001,5.04e-05
3359,7,0.04771305,5.04e-05
3360,7,0.02978171,5.043e-05
3361,7,0.02920555,5.043e-05
3362,7,0.02741762,5.046e-05
3363,7,0.03205495,5.046e-05
3364,7,0.03305491,5.049e-05
3365,7,0.04858283,5.049e-05
3366,7,0.03702974,5.052e-05
3367,7,0.05278761,5.052e-05
3368,7,0.04221364,5.055e-05
3369,7,0.03073364,5.055e-05
3370,7,0.03242996,5.058e-05
3371,7,0.03644631,5.058e-05
3372,7,0.04969356,5.061e-05
3373,7,0.04104865,5.061e-05
3374,7,0.06396417,5.064e-05
3375,7,0.02946372,5.064e-05
3376,7,0.04715135,5.067e-05
3377,7,0.03062851,5.067e-05
3378,7,0.04974657,5.07e-05
3379,7,0.04760942,5.07e-05
3380,7,0.03413037,5.073e-05
3381,7,0.04715640,5.073e-05
3382,7,0.03907989,5.076e-05
3383,7,0.03824728,5.076e-05
3384,7,0.04322258,5.079e-05
3385,7,0.04985734,5.079e-05
3386,7,0.03885910,5.082e-05
3387,7,0.03951709,5.082e-05
3388,7,0.02855457,5.085e-05
3389,7,0.05605846,5.085e-05
3390,7,0.03864696,5.088e-05
3391,7,0.03937770,5.088e-05
3392,7,0.03280136,5.091e-05
3393,7,0.03866253,5.091e-05
3394,7,0.04686763,5.094e-05
3395,7,0.04348933,5.094e-05
3396,7,0.04687312,5.097e-05
3397,7,0.02850169,5.097e-05
3398,7,0.05514692,5.1e-05
3399,7,0.04475207,5.1e-05
3400,7,0.02536790,5.103e-05
3401,7,0.04383413,5.103e-05
3402,7,0.02840850,5.106e-05
3403,7,0.04660238,5.106e-05
3404,7,0.04255579,5.109e-05
3405,7,0.05475938,5.109e-05
3406,7,0.04297184,5.112e-05
3407,7,0.03078070,5.112e-05
3408,7,0.05184789,5.115e-05
3409,7,0.03533986,5.115e-05
3410,7,0.03684597,5.118e-05
3411,7,0.03891966,5.118e-05
3412,7,0.04291579,5.121e-05
3413,7,0.03426711,5.121e-05
3414,7,0.05044026,5.124e-05
3415,7,0.05235176,5.124e-05
3416,7,0.03086039,5.127e-05
3417,7,0.02970845,5.127e-05
3418,7,0.04874866,5.13e-05
3419,7,0.03495445,5.13e-05
3420,7,0.05144933,5.133e-05
3421,7,0.03281807,5.133e-05
3422,7,0.05348779,5.136e-05
3423,7,0.05572418,5.136e-05
3424,7,0.04807041,5.139e-05
3425,7,0.05000303,5.139e-05
3426,7,0.03861495,5.142e-05
3427,7,0.04885215,5.142e-05
3428,7,0.03425858,5.145e-05
3429,7,0.04560205,5.145e-05
3430,7,0.04030249,5.148e-05
3431,7,0.02727070,5.148e-05
3432,7,0.05154672,5.151e-05
3433,7,0.04040783,5.151e-05
3434,7,0.07199179,5.154e-05
3435,7,0.04283864,5.154e-05
3436,7,0.04387810,5.157e-05
3437,7,0.03743092,5.157e-05
3438,7,0.02532295,5.16e-05
3439,7,0.03204809,5.16e-05
3440,7,0.03573344,5.163e-05
3441,7,0.04566805,5.163e-05
3442,7,0.05527342,5.166e-05
3443,7,0.04350688,5.166e-05
3444,7,0.04681058,5.169e-05
3445,7,0.05359881,5.169e-05
3446,7,0.04067184,5.172e-05
3447,7,0.02498852,5.172e-05
3448,7,0.04712365,5.175e-05
3449,7,0.03664522,5.175e-05
3450,7,0.03806195,5.178e-05
3451,7,0.03890962,5.178e-05
3452,7,0.03892273,5.181e-05
3453,7,0.04894199,5.181e-05
3454,7,0.03370066,5.184e-05
3455,7,0.03373061,5.184e-05
3456,7,0.06018676,5.187e-05
3457,7,0.04427566,5.187e-05
3458,7,0.04189215,5.19e-05
3459,7,0.02887460,5.19e-05
3460,7,0.06156747,5.193e-05
3461,7,0.04272512,5.193e-05
3462,7,0.04247715,5.196e-05
3463,7,0.05113100,5.196e-05
3464,7,0.03800754,5.199e-05
3465,7,0.04583693,5.199e-05
3466,7,0.06764844,5.202e-05
3467,7,0.03014572,5.202e-05
3468,7,0.03632190,5.205e-05
3469,7,0.04918438,5.205e-05
3470,7,0.05991068,5.208e-05
3471,7,0.05831937,5.208e-05
3472,7,0.03093562,5.211e-05
3473,7,0.03147954,5.211e-05
3474,7,0.02261480,5.214e-05
3475,7,0.04718003,5.214e-05
3476,7,0.04284310,5.217e-05
3477,7,0.03604095,5.217e-05
3478,7,0.03136445,5.22e-05
3479,7,0.02842460,5.22e-05
3480,7,0.03607885,5.223e-05
3481,7,0.03576055,5.223e-05
3482,7,0.05829157,5.226e-05
3483,7,0.04353221,5.226e-05
3484,7,0.03733840,5.229e-05
3485,7,0.04800161,5.229e-05
3486,7,0.04090421,5.232e-05
3487,7,0.04155327,5.232e-05
3488,7,0.05074605,5.235e-05
3489,7,0.03665932,5.235e-05
3490,7,0.04373517,5.238e-05
3491,7,0.03238163,5.238e-05
3492,7,0.03028997,5.241e-05
3493,7,0.05018565,5.241e-05
3494,7,0.04813769,5.244e-05
3495,7,0.02824980,5.244e-05
3496,7,0.03195958,5.247e-05
3497,7,0.03533104,5.247e-05
3498,7,0.03094344,5.25e-05
3499,7,0.03317112,5.25e-05
3500,7,0.05703740,5.253e-05
3501,7,0.04469401,5.253e-05
3502,7,0.04241197,5.256e-05
3503,7,0.03722069,5.256e-05
3504,7,0.04928482,5.259e-05
3505,7,0.04205816,5.259e-05
3506,7,0.03202570,5.262e-05
3507,7,0.04212023,5.262e-05
3508,7,0.04390360,5.265e-05
3509,7,0.02596618,5.265e-05
3510,7,0.04343465,5.268e-05
3511,7,0.03168807,5.268e-05
3512,7,0.02690594,5.271e-05
3513,7,0.04232765,5.271e-05
3514,7,0.04064468,5.274e-05
3515,7,0.02310656,5.274e-05
3516,7,0.03412412,5.277e-05
3517,7,0.04069497,5.277e-05
3518,7,0.03492581,5.28e-05
3519,7,0.04144644,5.28e-05
3520,7,0.04662228,5.283e-05
3521,7,0.04608341,5.283e-05
3522,7,0.03410994,5.286e-05
3523,7,0.02994907,5.286e-05
3524,7,0.03713110,5.289e-05
3525,7,0.04810032,5.289e-05
3526,7,0.03353869,5.292e-05
3527,7,0.04952624,5.292e-05
3528,7,0.02280704,5.295e-05
3529,7,0.03474908,5.295e-05
3530,7,0.03709857,5.298e-05
3531,7,0.03185112,5.298e-05
3532,7,0.03582753,5.301e-05
3533,7,0.04827872,5.301e-05
3534,7,0.03024469,5.304e-05
3535,7,0.03293252,5.304e-05
3536,7,0.03954703,5.307e-05
3537,7,0.03322339,5.307e-05
3538,7,0.03209822,5.31e-05
3539,7,0.05381428,5.31e-05
3540,7,0.04206032,5.313e-05
3541,7,0.03356464,5.313e-05
3542,7,0.05731784,5.316e-05
3543,7,0.04096095,5.316e-05
3544,7,0.03947981,5.319e-05
3545,7,0.04119566,5.319e-05
3546,7,0.02610453,5.322e-05
3547,7,0.02669490,5.322e-05
3548,7,0.05044192,5.325e-05
3549,7,0.03708357,5.325e-05
3550,7,0.05337533,5.328e-05
3551,7,0.03285579,5.328e-05
3552,7,0.03922554,5.331e-05
3553,7,0.02542151,5.331e-05
3554,7,0.03425764,5.334e-05
3555,7,0.04576673,5.334e-05
3556,7,0.07410063,5.337e-05
3557,7,0.03833117,5.337e-05
3558,7,0.03479021,5.34e-05
3559,7,0.05108505,5.34e-05
3560,7,0.03054082,5.343e-05
3561,7,0.03550537,5.343e-05
3562,7,0.04279038,5.346e-05
3563,7,0.04786256,5.346e-05
3564,7,0.02943391,5.349e-05
3565,7,0.03375561,5.349e-05
3566,7,0.05797376,5.352e-05
3567,7,0.04446082,5.352e-05
3568,7,0.04259849,5.355e-05
3569,7,0.03160763,5.355e-05
3570,7,0.03137859,5.358e-05
3571,7,0.03651792,5.358e-05
3572,7,0.05132288,5.361e-05
3573,7,0.03841520,5.361e-05
3574,7,0.04561029,5.364e-05
3575,7,0.03735754,5.364e-05
3576,7,0.02840913,5.367e-05
3577,7,0.05475391,5.367e-05
3578,7,0.03839494,5.37e-05
3579,7,0.03919904,5.37e-05
3580,7,0.02945880,5.373e-05
3581,7,0.05030003,5.373e-05
3582,7,0.02755999,5.376e-05
3583,7,0.05954133,5.376e-05
3584,7,0.04710691,5.379e-05
3585,7,0.04316068,5.379e-05
3586,7,0.03743683,5.382e-05
3587,7,0.05136739,5.382e-05
3588,7,0.03519715,5.385e-05
3589,7,0.05755379,5.385e-05
3590,7,0.03406477,5.388e-05
3591,7,0.03239688,5.388e-05
3592,7,0.03990608,5.391e-05
3593,7,0.03528652,5.391e-05
3594,7,0.03868883,5.394e-05
3595,7,0.05498039,5.394e-05
3596,7,0.04417611,5.397e-05
3597,7,0.04225679,5.397e-05
3598,7,0.05062114,5.4e-05
3599,7,0.05200928,5.4e-05
3600,7,0.04787051,5.403e-05
3601,7,0.05065703,5.403e-05
3602,7,0.04984548,5.406e-05
3603,7,0.03466431,5.406e-05
3604,7,0.04687663,5.409e-05
3605,7,0.03146406,5.409e-05
3606,7,0.03767512,5.412e-05
3607,7,0.04691515,5.412e-05
3608,7,0.04686080,5.415e-05
3609,7,0.03536537,5.415e-05
3610,7,0.03867372,5.418e-05
3611,7,0.03301458,5.418e-05
3612,7,0.04849741,5.421e-05
3613,7,0.02946914,5.421e-05
3614,7,0.05657318,5.424e-05
3615,7,0.03637172,5.424e-05
3616,7,0.05420137,5.427e-05
3617,7,0.06776932,5.427e-05
3618,7,0.04712794,5.43e-05
3619,7,0.04063561,5.43e-05
3620,7,0.03507480,5.433e-05
3621,7,0.03654572,5.433e-05
3622,7,0.05117236,5.436e-05
3623,7,0.03857658,5.436e-05
3624,7,0.03362740,5.439e-05
3625,7,0.04659685,5.439e-05
3626,7,0.03196613,5.442e-05
3627,7,0.04199343,5.442e-05
3628,7,0.03093087,5.445e-05
3629,7,0.04817448,5.445e-05
3630,7,0.04484728,5.448e-05
3631,7,0.03587165,5.448e-05
3632,7,0.04147843,5.451e-05
3633,7,0.07182752,5.451e-05
3634,7,0.03689691,5.454e-05
3635,7,0.03856954,5.454e-05
3636,7,0.04395423,5.457e-05
3637,7,0.04307026,5.457e-05
3638,7,0.03941440,5.46e-05
3639,7,0.03720890,5.46e-05
3640,7,0.04810571,5.463e-05
3641,8,0.04769499,5.463e-05
3642,8,0.03665173,5.466e-05
3643,8,0.03791211,5.466e-05
3644,8,0.04079933,5.469e-05
3645,8,0.03012774,5.469e-05
3646,8,0.03887693,5.472e-05
3647,8,0.05067967,5.472e-05
3648,8,0.03735538,5.475e-05
3649,8,0.04878430,5.475e-05
3650,8,0.05960843,5.478e-05
3651,8,0.02642434,5.478e-05
3652,8,0.04148040,5.481e-05
3653,8,0.04333957,5.481e-05
3654,8,0.04267455,5.484e-05
3655,8,0.03550758,5.484e-05
3656,8,0.04441506,5.487e-05
3657,8,0.02754495,5.487e-05
3658,8,0.03364556,5.49e-05
3659,8,0.02883029,5.49e-05
3660,8,0.04097569,5.493e-05
3661,8,0.04513929,5.493e-05
3662,8,0.03016421,5.496e-05
3663,8,0.03337652,5.496e-05
3664,8,0.02855674,5.499e-05
3665,8,0.01504307,5.499e-05
3666,8,0.03109668,5.502e-05
3667,8,0.02998777,5.502e-05
3668,8,0.03517138,5.505e-05
3669,8,0.03202751,5.505e-05
3670,8,0.03566087,5.508e-05
3671,8,0.03502613,5.508e-05
3672,8,0.06048267,5.511e-05
3673,8,0.02584132,5.511e-05
3674,8,0.03733201,5.514e-05
3675,8,0.05708128,5.514e-05
3676,8,0.03511108,5.517e-05
3677,8,0.04293374,5.517e-05
3678,8,0.03091909,5.52e-05
3679,8,0.04599858,5.52e-05
3680,8,0.03336265,5.523e-05
3681,8,0.03701565,5.523e-05
3682,8,0.04578642,5.526e-05
3683,8,0.03233476,5.526e-05
3684,8,0.04527654,5.529e-05
3685,8,0.04447001,5.529e-05
3686,8,0.03070399,5.532e-05
3687,8,0.04175763,5.532e-05
3688,8,0.03474190,5.535e-05
3689,8,0.03176317,5.535e-05
3690,8,0.04275769,5.538e-05
3691,8,0.04072392,5.538e-05
3692,8,0.02527090,5.541e-05
3693,8,0.03556581,5.541e-05
3694,8,0.03901280,5.544e-05
3695,8,0.03376060,5.544e-05
3696,8,0.03309497,5.547e-05
3697,8,0.05209742,5.547e-05
3698,8,0.04514460,5.55e-05
3699,8,0.06387799,5.55e-05
3700,8,0.03553677,5.553e-05
3701,8,0.04392076,5.553e-05
3702,8,0.03402084,5.556e-05
3703,8,0.03449012,5.556e-05
3704,8,0.03874707,5.559e-05
3705,8,0.05863578,5.559e-05
3706,8,0.04327347,5.562e-05
3707,8,0.03007287,5.562e-05
3708,8,0.04677005,5.565e-05
3709,8,0.03431588,5.565e-05
3710,8,0.05144741,5.568e-05
3711,8,0.05219314,5.568e-05
3712,8,0.03931044,5.571e-05
3713,8,0.03610779,5.571e-05
3714,8,0.06207910,5.574e-05
3715,8,0.03928722,5.574e-05
3716,8,0.02687971,5.577e-05
3717,8,0.02581134,5.577e-05
3718,8,0.03776570,5.58e-05
3719,8,0.04320087,5.58e-05
3720,8,0.04597325,5.583e-05
3721,8,0.02959803,5.583e-05
3722,8,0.03594600,5.586e-05
3723,8,0.04389517,5.586e-05
3724,8,0.03047177,5.589e-05
3725,8,0.04304769,5.589e-05
3726,8,0.04045016,5.592e-05
3727,8,0.03916719,5.592e-05
3728,8,0.03501625,5.595e-05
3729,8,0.06247859,5.595e-05
3730,8,0.02965014,5.598e-05
3731,8,0.03285821,5.598e-05
3732,8,0.05110651,5.601e-05
3733,8,0.04585485,5.601e-05
3734,8,0.03091549,5.604e-05
3735,8,0.03204880,5.604e-05
3736,8,0.03578085,5.607e-05
3737,8,0.04591333,5.607e-05
3738,8,0.02775454,5.61e-05
3739,8,0.03454718,5.61e-05
3740,8,0.04606636,5.613e-05
3741,8,0.02688866,5.613e-05
3742,8,0.03860215,5.616e-05
3743,8,0.04209305,5.616e-05
3744,8,0.03857936,5.619e-05
3745,8,0.03663689,5.619e-05
3746,8,0.03335903,5.622e-05
3747,8,0.03900715,5.622e-05
3748,8,0.03752474,5.625e-05
3749,8,0.03515345,5.625e-05
3750,8,0.03701343,5.628e-05
3751,8,0.03718920,5.628e-05
3752,8,0.04165432,5.631e-05
3753,8,0.04023435,5.631e-05
3754,8,0.03918756,5.634e-05
3755,8,0.04085599,5.634e-05
3756,8,0.03943966,5.637e-05
3757,8,0.05339608,5.637e-05
3758,8,0.02911713,5.64e-05
3759,8,0.03242847,5.64e-05
3760,8,0.03650567,5.643e-05
3761,8,0.03268638,5.643e-05
3762,8,0.03644585,5.646e-05
3763,8,0.05231409,5.646e-05
3764,8,0.03310882,5.649e-05
3765,8,0.04233315,5.649e-05
3766,8,0.03807930,5.652e-05
3767,8,0.04866942,5.652e-05
3768,8,0.05021872,5.655e-05
3769,8,0.03262179,5.655e-05
3770,8,0.03833634,5.658e-05
3771,8,0.03496691,5.658e-05
3772,8,0.04294109,5.661e-05
3773,8,0.03408936,5.661e-05
3774,8,0.04244826,5.664e-05
3775,8,0.02606227,5.664e-05
3776,8,0.03563836,5.667e-05
3777,8,0.02978089,5.667e-05
3778,8,0.03631957,5.67e-05
3779,8,0.05035482,5.67e-05
3780,8,0.03536699,5.673e-05
3781,8,0.04396502,5.673e-05
3782,8,0.04234941,5.676e-05
3783,8,0.04835518,5.676e-05
3784,8,0.02719345,5.679e-05
3785,8,0.03940083,5.679e-05
3786,8,0.02674202,5.682e-05
3787,8,0.03827041,5.682e-05
3788,8,0.03834606,5.685e-05
3789,8,0.03429686,5.685e-05
3790,8,0.02915001,5.688e-05
3791,8,0.03823614,5.688e-05
3792,8,0.02815563,5.691e-05
3793,8,0.04530713,5.691e-05
3794,8,0.02798514,5.694e-05
3795,8,0.04940002,5.694e-05
3796,8,0.03527434,5.697e-05
3797,8,0.04186512,5.697e-05
3798,8,0.04715637,5.7e-05
3799,8,0.04281369,5.7e-05
3800,8,0.02657685,5.703e-05
3801,8,0.03761533,5.703e-05
3802,8,0.02707158,5.706e-05
3803,8,0.03921720,5.706e-05
3804,8,0.02398214,5.709e-05
3805,8,0.04898100,5.709e-05
3806,8,0.02055470,5.712e-05
3807,8,0.04444946,5.712e-05
3808,8,0.03338985,5.715e-05
3809,8,0.03479566,5.715e-05
3810,8,0.03897374,5.718e-05
3811,8,0.05531835,5.718e-05
3812,8,0.04765311,5.721e-05
3813,8,0.05161272,5.721e-05
3814,8,0.03559699,5.724e-05
3815,8,0.04122082,5.724e-05
3816,8,0.05278455,5.727e-05
3817,8,0.02720744,5.727e-05
3818,8,0.03222549,5.73e-05
3819,8,0.02906075,5.73e-05
3820,8,0.03736987,5.733e-05
3821,8,0.02657671,5.733e-05
3822,8,0.03497301,5.736e-05
3823,8,0.04990692,5.736e-05
3824,8,0.03153637,5.739e-05
3825,8,0.03562820,5.739e-05
3826,8,0.04765840,5.742e-05
3827,8,0.03166399,5.742e-05
3828,8,0.02594010,5.745e-05
3829,8,0.02994792,5.745e-05
3830,8,0.03080168,5.748e-05
3831,8,0.02357637,5.748e-05
3832,8,0.03756092,5.751e-05
3833,8,0.03303532,5.751e-05
3834,8,0.04516444,5.754e-05
3835,8,0.03108750,5.754e-05
3836,8,0.03127257,5.757e-05
3837,8,0.04639421,5.757e-05
3838,8,0.04864191,5.76e-05
3839,8,0.04295972,5.76e-05
3840,8,0.03717338,5.763e-05
3841,8,0.02988294,5.763e-05
3842,8,0.04904202,5.766e-05
3843,8,0.03117974,5.766e-05
3844,8,0.04066430,5.769e-05
3845,8,0.04893813,5.769e-05
3846,8,0.02189760,5.772e-05
3847,8,0.03872912,5.772e-05
3848,8,0.03096729,5.775e-05
3849,8,0.03557494,5.775e-05
3850,8,0.04135736,5.778e-05
3851,8,0.04626280,5.778e-05
3852,8,0.03990337,5.781e-05
3853,8,0.04452270,5.781e-05
3854,8,0.04554986,5.784e-05
3855,8,0.03199036,5.784e-05
3856,8,0.05219606,5.787e-05
3857,8,0.03932909,5.787e-05
3858,8,0.02937349,5.79e-05
3859,8,0.04483418,5.79e-05
3860,8,0.05806103,5.793e-05
3861,8,0.03409706,5.793e-05
3862,8,0.03843913,5.796e-05
3863,8,0.03680582,5.796e-05
3864,8,0.03465926,5.799e-05
3865,8,0.04555460,5.799e-05
3866,8,0.03472465,5.802e-05
3867,8,0.03507012,5.802e-05
3868,8,0.04537713,5.805e-05
3869,8,0.04120264,5.805e-05
3870,8,0.02821852,5.808e-05
3871,8,0.04081213,5.808e-05
3872,8,0.04937440,5.811e-05
3873,8,0.04991473,5.811e-05
3874,8,0.03225369,5.814e-05
3875,8,0.05307269,5.814e-05
3876,8,0.03487447,5.817e-05
3877,8,0.02984402,5.817e-05
3878,8,0.04485740,5.82e-05
3879,8,0.04053986,5.82e-05
3880,8,0.04548268,5.823e-05
3881,8,0.04335217,5.823e-05
3882,8,0.05535553,5.826e-05
3883,8,0.05143394,5.826e-05
3884,8,0.04494467,5.829e-05
3885,8,0.03379792,5.829e-05
3886,8,0.04595119,5.832e-05
3887,8,0.03428437,5.832e-05
3888,8,0.04369429,5.835e-05
3889,8,0.03723846,5.835e-05
3890,8,0.02609027,5.838e-05
3891,8,0.05002258,5.838e-05
3892,8,0.04069217,5.841e-05
3893,8,0.03799616,5.841e-05
3894,8,0.02778382,5.844e-05
3895,8,0.04651315,5.844e-05
3896,8,0.03927268,5.847e-05
3897,8,0.03081284,5.847e-05
3898,8,0.02337169,5.85e-05
3899,8,0.03866859,5.85e-05
3900,8,0.04058387,5.853e-05
3901,8,0.03296671,5.853e-05
3902,8,0.04742685,5.856e-05
3903,8,0.03079465,5.856e-05
3904,8,0.02971038,5.859e-05
3905,8,0.02862740,5.859e-05
3906,8,0.04263312,5.862e-05
3907,8,0.04426480,5.862e-05
3908,8,0.04273172,5.865e-05
3909,8,0.05021491,5.865e-05
3910,8,0.03940133,5.868e-05
3911,8,0.04426977,5.868e-05
3912,8,0.03438599,5.871e-05
3913,8,0.05102736,5.871e-05
3914,8,0.03111893,5.874e-05
3915,8,0.03431825,5.874e-05
3916,8,0.03609459,5.877e-05
3917,8,0.04644633,5.877e-05
3918,8,0.05354100,5.88e-05
3919,8,0.03138891,5.88e-05
3920,8,0.04868533,5.883e-05
3921,8,0.03718513,5.883e-05
3922,8,0.04807575,5.886e-05
3923,8,0.04965318,5.886e-05
3924,8,0.03936175,5.889e-05
3925,8,0.05902967,5.889e-05
3926,8,0.03280002,5.892e-05
3927,8,0.04848258,5.892e-05
3928,8,0.03711151,5.895e-05
3929,8,0.03926463,5.895e-05
3930,8,0.05363409,5.898e-05
3931,8,0.04313307,5.898e-05
3932,8,0.05358032,5.901e-05
3933,8,0.03777042,5.901e-05
3934,8,0.04732070,5.904e-05
3935,8,0.05488370,5.904e-05
3936,8,0.06004499,5.907e-05
3937,8,0.03853010,5.907e-05
3938,8,0.03533890,5.91e-05
3939,8,0.04080855,5.91e-05
3940,8,0.03527987,5.913e-05
3941,8,0.03925483,5.913e-05
3942,8,0.03709305,5.916e-05
3943,8,0.03775468,5.916e-05
3944,8,0.03936144,5.919e-05
3945,8,0.04648162,5.919e-05
3946,8,0.06705504,5.922e-05
3947,8,0.03493624,5.922e-05
3948,8,0.05694557,5.925e-05
3949,8,0.03832148,5.925e-05
3950,8,0.04795740,5.928e-05
3951,8,0.04936127,5.928e-05
3952,8,0.02529116,5.931e-05
3953,8,0.02951948,5.931e-05
3954,8,0.03037077,5.934e-05
3955,8,0.04575424,5.934e-05
3956,8,0.04761394,5.937e-05
3957,8,0.02612374,5.937e-05
3958,8,0.03711458,5.94e-05
3959,8,0.03733891,5.94e-05
3960,8,0.03292703,5.943e-05
3961,8,0.03601493,5.943e-05
3962,8,0.02928502,5.946e-05
3963,8,0.03163237,5.946e-05
3964,8,0.04674464,5.949e-05
3965,8,0.03626295,5.949e-05
3966,8,0.03403901,5.952e-05
3967,8,0.02754904,5.952e-05
3968,8,0.04336747,5.955e-05
3969,8,0.03806291,5.955e-05
3970,8,0.03314009,5.958e-05
3971,8,0.03270027,5.958e-05
3972,8,0.04071937,5.961e-05
3973,8,0.03739878,5.961e-05
3974,8,0.05708928,5.964e-05
3975,8,0.03833356,5.964e-05
3976,8,0.03177546,5.967e-05
3977,8,0.04759078,5.967e-05
3978,8,0.04370664,5.97e-05
3979,8,0.02736903,5.97e-05
3980,8,0.04748079,5.973e-05
3981,8,0.03471075,5.973e-05
3982,8,0.03656900,5.976e-05
3983,8,0.03540621,5.976e-05
3984,8,0.04194979,5.979e-05
3985,8,0.02241384,5.979e-05
3986,8,0.04037989,5.982e-05
3987,8,0.03339865,5.982e-05
3988,8,0.04552849,5.985e-05
3989,8,0.05022084,5.985e-05
3990,8,0.05336552,5.988e-05
3991,8,0.03770734,5.988e-05
3992,8,0.05100067,5.991e-05
3993,8,0.04219515,5.991e-05
3994,8,0.04289691,5.994e-05
3995,8,0.04874345,5.994e-05
3996,8,0.03112374,5.997e-05
3997,8,0.06549750,5.997e-05
3998,8,0.03263812,6e-05
3999,8,0.02228105,6e-05
4000,8,0.03071505,6.003e-05
4001,8,0.03910003,6.003e-05
4002,8,0.04351104,6.006e-05
4003,8,0.04609223,6.006e-05
4004,8,0.02248379,6.009e-05
4005,8,0.05130710,6.009e-05
4006,8,0.04721946,6.012e-05
4007,8,0.04471878,6.012e-05
4008,8,0.03638987,6.015e-05
4009,8,0.03489092,6.015e-05
4010,8,0.03714858,6.018e-05
4011,8,0.03818373,6.018e-05
4012,8,0.04243439,6.021e-05
4013,8,0.04714688,6.021e-05
4014,8,0.03188582,6.024e-05
4015,8,0.03196178,6.024e-05
4016,8,0.04581760,6.027e-05
4017,8,0.04915601,6.027e-05
4018,8,0.04906465,6.03e-05
4019,8,0.03135337,6.03e-05
4020,8,0.03619628,6.033e-05
4021,8,0.03335610,6.033e-05
4022,8,0.02655485,6.036e-05
4023,8,0.02941348,6.036e-05
4024,8,0.02757771,6.039e-05
4025,8,0.03855275,6.039e-05
4026,8,0.03313259,6.042e-05
4027,8,0.02959596,6.042e-05
4028,8,0.04385874,6.045e-05
4029,8,0.03196101,6.045e-05
4030,8,0.02995055,6.048e-05
4031,8,0.03312721,6.048e-05
4032,8,0.06069954,6.051e-05
4033,8,0.04727887,6.051e-05
4034,8,0.04299205,6.054e-05
4035,8,0.02803711,6.054e-05
4036,8,0.05086125,6.057e-05
4037,8,0.03349798,6.057e-05
4038,8,0.04766693,6.06e-05
4039,8,0.03925046,6.06e-05
4040,8,0.04907965,6.063e-05
4041,8,0.03857400,6.063e-05
4042,8,0.04366674,6.066e-05
4043,8,0.03988183,6.066e-05
4044,8,0.05268197,6.069e-05
4045,8,0.03965282,6.069e-05
4046,8,0.03061022,6.072e-05
4047,8,0.03407986,6.072e-05
4048,8,0.04828645,6.075e-05
4049,8,0.03973679,6.075e-05
4050,8,0.03575723,6.078e-05
4051,8,0.03631591,6.078e-05
4052,8,0.04541135,6.081e-05
4053,8,0.03722221,6.081e-05
4054,8,0.02519168,6.084e-05
4055,8,0.04089207,6.084e-05
4056,8,0.03491328,6.087e-05
4057,8,0.03631569,6.087e-05
4058,8,0.03092192,6.09e-05
4059,8,0.02450177,6.09e-05
4060,8,0.04470497,6.093e-05
4061,8,0.04237530,6.093e-05
4062,8,0.02623221,6.096e-05
4063,8,0.04711010,6.096e-05
4064,8,0.03418305,6.099e-05
4065,8,0.03064376,6.099e-05
4066,8,0.02834593,6.102e-05
4067,8,0.04312036,6.102e-05
4068,8,0.03545227,6.105e-05
4069,8,0.04668282,6.105e-05
4070,8,0.03259358,6.108e-05
4071,8,0.04654807,6.108e-05
4072,8,0.02339811,6.111e-05
4073,8,0.02463904,6.111e-05
4074,8,0.05889286,6.114e-05
4075,8,0.03806313,6.114e-05
4076,8,0.03921326,6.117e-05
4077,8,0.05877019,6.117e-05
4078,8,0.04405318,6.12e-05
4079,8,0.02656784,6.12e-05
4080,8,0.03280396,6.123e-05
4081,8,0.03257473,6.123e-05
4082,8,0.03105318,6.126e-05
4083,8,0.04729887,6.126e-05
4084,8,0.04350864,6.129e-05
4085,8,0.05364364,6.129e-05
4086,8,0.04618746,6.132e-05
4087,8,0.05004551,6.132e-05
4088,8,0.03728396,6.135e-05
4089,8,0.03872793,6.135e-05
4090,8,0.03547534,6.138e-05
4091,8,0.04501659,6.138e-05
4092,8,0.03734293,6.141e-05
4093,8,0.03465064,6.141e-05
4094,8,0.04037178,6.144e-05
4095,8,0.03784261,6.144e-05
4096,8,0.04071734,6.147e-05
4097,8,0.04144908,6.147e-05
4098,8,0.02566839,6.15e-05
4099,8,0.03164111,6.15e-05
4100,8,0.03992491,6.153e-05
4101,8,0.03145694,6.153e-05
4102,8,0.04355014,6.156e-05
4103,8,0.03211866,6.156e-05
4104,8,0.03190367,6.159e-05
4105,8,0.04267786,6.159e-05
4106,8,0.04075255,6.162e-05
4107,8,0.04608469,6.162e-05
4108,8,0.04221632,6.165e-05
4109,8,0.03565480,6.165e-05
4110,8,0.02558329,6.168e-05
4111,8,0.05148657,6.168e-05
4112,8,0.03349688,6.171e-05
4113,8,0.04129531,6.171e-05
4114,8,0.04180441,6.174e-05
4115,8,0.04903879,6.174e-05
4116,8,0.04478702,6.177e-05
4117,8,0.03307872,6.177e-05
4118,8,0.04226042,6.18e-05
4119,8,0.03680006,6.18e-05
4120,8,0.04216695,6.183e-05
4121,8,0.05137634,6.183e-05
4122,8,0.03887328,6.186e-05
4123,8,0.03647143,6.186e-05
4124,8,0.02539653,6.189e-05
4125,8,0.03350003,6.189e-05
4126,8,0.03467882,6.192e-05
4127,8,0.03814166,6.192e-05
4128,8,0.04142850,6.195e-05
4129,8,0.05200077,6.195e-05
4130,8,0.04458270,6.198e-05
4131,8,0.04759891,6.198e-05
4132,8,0.03488396,6.201e-05
4133,8,0.04691518,6.201e-05
4134,8,0.04055392,6.204e-05
4135,8,0.04320220,6.204e-05
4136,8,0.03449673,6.207e-05
4137,8,0.02410778,6.207e-05
4138,8,0.07312071,6.21e-05
4139,8,0.03544785,6.21e-05
4140,8,0.04644636,6.213e-05
4141,8,0.03855665,6.213e-05
4142,8,0.03795547,6.216e-05
4143,8,0.03532257,6.216e-05
4144,8,0.03172262,6.219e-05
4145,8,0.03538053,6.219e-05
4146,8,0.03817471,6.222e-05
4147,8,0.03415844,6.222e-05
4148,8,0.03094848,6.225e-05
4149,8,0.03671874,6.225e-05
4150,8,0.02814237,6.228e-05
4151,8,0.03498917,6.228e-05
4152,8,0.04090806,6.231e-05
4153,8,0.02980199,6.231e-05
4154,8,0.03173821,6.234e-05
4155,8,0.03559496,6.234e-05
4156,8,0.03032039,6.237e-05
4157,8,0.03441219,6.237e-05
4158,8,0.04846931,6.24e-05
4159,8,0.03747869,6.24e-05
4160,8,0.03332023,6.243e-05
4161,9,0.02638000,6.243e-05
4162,9,0.04566488,6.246e-05
4163,9,0.03053584,6.246e-05
4164,9,0.03840137,6.249e-05
4165,9,0.03589715,6.249e-05
4166,9,0.04478185,6.252e-05
4167,9,0.03501242,6.252e-05
4168,9,0.05081857,6.255e-05
4169,9,0.04448713,6.255e-05
4170,9,0.03852660,6.258e-05
4171,9,0.03897190,6.258e-05
4172,9,0.03979877,6.261e-05
4173,9,0.04884987,6.261e-05
4174,9,0.04987122,6.264e-05
4175,9,0.03255165,6.264e-05
4176,9,0.03662004,6.267e-05
4177,9,0.06155207,6.267e-05
4178,9,0.03310819,6.27e-05
4179,9,0.05110512,6.27e-05
4180,9,0.03842039,6.273e-05
4181,9,0.04886874,6.273e-05
4182,9,0.02230052,6.276e-05
4183,9,0.03306481,6.276e-05
4184,9,0.02060304,6.279e-05
4185,9,0.03823612,6.279e-05
4186,9,0.02525751,6.282e-05
4187,9,0.05167712,6.282e-05
4188,9,0.03428023,6.285e-05
4189,9,0.02863782,6.285e-05
4190,9,0.03038363,6.288e-05
4191,9,0.04715528,6.288e-05
4192,9,0.04859067,6.291e-05
4193,9,0.04016958,6.291e-05
4194,9,0.04446125,6.294e-05
4195,9,0.02131683,6.294e-05
4196,9,0.02621799,6.297e-05
4197,9,0.03178968,6.297e-05
4198,9,0.04591163,6.3e-05
4199,9,0.06431234,6.3e-05
4200,9,0.04486891,6.303e-05
4201,9,0.04484968,6.303e-05
4202,9,0.05458054,6.306e-05
4203,9,0.03955106,6.306e-05
4204,9,0.06873933,6.309e-05
4205,9,0.03982031,6.309e-05
4206,9,0.04462945,6.312e-05
4207,9,0.03673517,6.312e-05
4208,9,0.03253983,6.315e-05
4209,9,0.05993094,6.315e-05
4210,9,0.03636005,6.318e-05
4211,9,0.05129911,6.318e-05
4212,9,0.02934419,6.321e-05
4213,9,0.03545349,6.321e-05
4214,9,0.05178468,6.324e-05
4215,9,0.04011424,6.324e-05
4216,9,0.03671186,6.327e-05
4217,9,0.02754261,6.327e-05
4218,9,0.03734784,6.33e-05
4219,9,0.02743905,6.33e-05
4220,9,0.02829694,6.333e-05
4221,9,0.03025475,6.333e-05
4222,9,0.04170055,6.336e-05
4223,9,0.02524401,6.336e-05
4224,9,0.03150774,6.339e-05
4225,9,0.02866338,6.339e-05
4226,9,0.05052833,6.342e-05
4227,9,0.02627053,6.342e-05
4228,9,0.02851638,6.345e-05
4229,9,0.02552623,6.345e-05
4230,9,0.03102638,6.348e-05
4231,9,0.05728181,6.348e-05
4232,9,0.03846788,6.351e-05
4233,9,0.03413810,6.351e-05
4234,9,0.02176248,6.354e-05
4235,9,0.04064871,6.354e-05
4236,9,0.04139214,6.357e-05
4237,9,0.03484153,6.357e-05
4238,9,0.04328049,6.36e-05
4239,9,0.02562195,6.36e-05
4240,9,0.03655897,6.363e-05
4241,9,0.05577650,6.363e-05
4242,9,0.03412399,6.366e-05
4243,9,0.04698506,6.366e-05
4244,9,0.03628844,6.369e-05
4245,9,0.02521211,6.369e-05
4246,9,0.03923770,6.372e-05
4247,9,0.03469770,6.372e-05
4248,9,0.02917875,6.375e-05
4249,9,0.03252510,6.375e-05
4250,9,0.03439516,6.378e-05
4251,9,0.03916473,6.378e-05
4252,9,0.04196927,6.381e-05
4253,9,0.02983809,6.381e-05
4254,9,0.04553087,6.384e-05
4255,9,0.03922983,6.384e-05
4256,9,0.03438981,6.387e-05
4257,9,0.03505279,6.387e-05
4258,9,0.03247733,6.39e-05
4259,9,0.03803082,6.39e-05
4260,9,0.03416796,6.393e-05
4261,9,0.03113377,6.393e-05
4262,9,0.04782019,6.396e-05
4263,9,0.04247716,6.396e-05
4264,9,0.04302126,6.399e-05
4265,9,0.02604281,6.399e-05
4266,9,0.04893375,6.402e-05
4267,9,0.03453933,6.402e-05
4268,9,0.03358500,6.405e-05
4269,9,0.04065314,6.405e-05
4270,9,0.04052679,6.408e-05
4271,9,0.02755045,6.408e-05
4272,9,0.02705582,6.411e-05
4273,9,0.04386102,6.411e-05
4274,9,0.04160096,6.414e-05
4275,9,0.04824676,6.414e-05
4276,9,0.03281089,6.417e-05
4277,9,0.03419250,6.417e-05
4278,9,0.03329363,6.42e-05
4279,9,0.03525389,6.42e-05
4280,9,0.04573042,6.423e-05
4281,9,0.04124580,6.423e-05
4282,9,0.03708410,6.426e-05
4283,9,0.04493978,6.426e-05
4284,9,0.04717248,6.429e-05
4285,9,0.03447751,6.429e-05
4286,9,0.02860100,6.432e-05
4287,9,0.03408968,6.432e-05
4288,9,0.04762011,6.435e-05
4289,9,0.04569724,6.435e-05
4290,9,0.02709722,6.438e-05
4291,9,0.03655736,6.438e-05
4292,9,0.02624522,6.441e-05
4293,9,0.03883896,6.441e-05
4294,9,0.03770651,6.444e-05
4295,9,0.04457323,6.444e-05
4296,9,0.02658891,6.447e-05
4297,9,0.04167349,6.447e-05
4298,9,0.03649818,6.45e-05
4299,9,0.03894622,6.45e-05
4300,9,0.03293778,6.453e-05
4301,9,0.02141212,6.453e-05
4302,9,0.04250951,6.456e-05
4303,9,0.03433229,6.456e-05
4304,9,0.03715952,6.459e-05
4305,9,0.03817309,6.459e-05
4306,9,0.03736329,6.462e-05
4307,9,0.04028624,6.462e-05
4308,9,0.04222520,6.465e-05
4309,9,0.03471576,6.465e-05
4310,9,0.04541083,6.468e-05
4311,9,0.04216450,6.468e-05
4312,9,0.05144076,6.471e-05
4313,9,0.03057723,6.471e-05
4314,9,0.03122225,6.474e-05
4315,9,0.05282319,6.474e-05
4316,9,0.03971347,6.477e-05
4317,9,0.03147561,6.477e-05
4318,9,0.02687945,6.48e-05
4319,9,0.04162633,6.48e-05
4320,9,0.03388796,6.483e-05
4321,9,0.05231913,6.483e-05
4322,9,0.04781903,6.486e-05
4323,9,0.03404124,6.486e-05
4324,9,0.02804246,6.489e-05
4325,9,0.04829175,6.489e-05
4326,9,0.03805064,6.492e-05
4327,9,0.04765301,6.492e-05
4328,9,0.02557277,6.495e-05
4329,9,0.04275488,6.495e-05
4330,9,0.03204590,6.498e-05
4331,9,0.03021933,6.498e-05
4332,9,0.03289208,6.501e-05
4333,9,0.04513558,6.501e-05
4334,9,0.05915390,6.504e-05
4335,9,0.03417894,6.504e-05
4336,9,0.04567497,6.507e-05
4337,9,0.02341312,6.507e-05
4338,9,0.03939800,6.51e-05
4339,9,0.03428662,6.51e-05
4340,9,0.03024817,6.513e-05
4341,9,0.03243533,6.513e-05
4342,9,0.04822209,6.516e-05
4343,9,0.01977974,6.516e-05
4344,9,0.04258034,6.519e-05
4345,9,0.04084763,6.519e-05
4346,9,0.04241342,6.522e-05
4347,9,0.03257190,6.522e-05
4348,9,0.03709260,6.525e-05
4349,9,0.03802969,6.525e-05
4350,9,0.03214352,6.528e-05
4351,9,0.04316382,6.528e-05
4352,9,0.02734769,6.531e-05
4353,9,0.03418811,6.531e-05
4354,9,0.03981234,6.534e-05
4355,9,0.04468884,6.534e-05
4356,9,0.04200099,6.537e-05
4357,9,0.04254343,6.537e-05
4358,9,0.04222170,6.54e-05
4359,9,0.02933167,6.54e-05
4360,9,0.03666826,6.543e-05
4361,9,0.05106463,6.543e-05
4362,9,0.02807613,6.546e-05
4363,9,0.04915493,6.546e-05
4364,9,0.02629766,6.549e-05
4365,9,0.02666198,6.549e-05
4366,9,0.03848777,6.552e-05
4367,9,0.02920519,6.552e-05
4368,9,0.03487256,6.555e-05
4369,9,0.03941416,6.555e-05
4370,9,0.03820425,6.558e-05
4371,9,0.03540652,6.558e-05
4372,9,0.04194245,6.561e-05
4373,9,0.02847814,6.561e-05
4374,9,0.04288920,6.564e-05
4375,9,0.03722542,6.564e-05
4376,9,0.04508989,6.567e-05
4377,9,0.03733440,6.567e-05
4378,9,0.03936870,6.57e-05
4379,9,0.02730409,6.57e-05
4380,9,0.04346155,6.573e-05
4381,9,0.02925178,6.573e-05
4382,9,0.02919417,6.576e-05
4383,9,0.03029781,6.576e-05
4384,9,0.04565016,6.579e-05
4385,9,0.03495414,6.579e-05
4386,9,0.03154332,6.582e-05
4387,9,0.02974704,6.582e-05
4388,9,0.03913052,6.585e-05
4389,9,0.02728121,6.585e-05
4390,9,0.03438620,6.588e-05
4391,9,0.03076494,6.588e-05
4392,9,0.03165609,6.591e-05
4393,9,0.02653072,6.591e-05
4394,9,0.03514432,6.594e-05
4395,9,0.04663314,6.594e-05
4396,9,0.03377018,6.597e-05
4397,9,0.03480123,6.597e-05
4398,9,0.04814397,6.6e-05
4399,9,0.03842418,6.6e-05
4400,9,0.02454272,6.603e-05
4401,9,0.04238390,6.603e-05
4402,9,0.03454109,6.606e-05
4403,9,0.04446738,6.606e-05
4404,9,0.03443272,6.609e-05
4405,9,0.03300799,6.609e-05
4406,9,0.02853554,6.612e-05
4407,9,0.02892297,6.612e-05
4408,9,0.03588454,6.615e-05
4409,9,0.02722150,6.615e-05
4410,9,0.03470714,6.618e-05
4411,9,0.03955026,6.618e-05
4412,9,0.03908974,6.621e-05
4413,9,0.03282775,6.621e-05
4414,9,0.04606424,6.624e-05
4415,9,0.03124436,6.624e-05
4416,9,0.05179818,6.627e-05
4417,9,0.03265224,6.627e-05
4418,9,0.04763597,6.63e-05
4419,9,0.04356626,6.63e-05
4420,9,0.03712473,6.633e-05
4421,9,0.03181063,6.633e-05
4422,9,0.03506305,6.636e-05
4423,9,0.03408755,6.636e-05
4424,9,0.03256614,6.639e-05
4425,9,0.03199821,6.639e-05
4426,9,0.04408114,6.642e-05
4427,9,0.02714995,6.642e-05
4428,9,0.04171867,6.645e-05
4429,9,0.04022448,6.645e-05
4430,9,0.04705346,6.648e-05
4431,9,0.03514590,6.648e-05
4432,9,0.02328410,6.651e-05
4433,9,0.03546043,6.651e-05
4434,9,0.03634117,6.654e-05
4435,9,0.05400323,6.654e-05
4436,9,0.03358155,6.657e-05
4437,9,0.03440141,6.657e-05
4438,9,0.03848782,6.66e-05
4439,9,0.03346531,6.66e-05
4440,9,0.03985132,6.663e-05
4441,9,0.03455462,6.663e-05
4442,9,0.04407047,6.666e-05
4443,9,0.02444419,6.666e-05
4444,9,0.03755034,6.669e-05
4445,9,0.04087386,6.669e-05
4446,9,0.04734078,6.672e-05
4447,9,0.05306472,6.672e-05
4448,9,0.03882088,6.675e-05
4449,9,0.03858306,6.675e-05
4450,9,0.04002199,6.678e-05
4451,9,0.03415736,6.678e-05
4452,9,0.03938215,6.681e-05
4453,9,0.03779133,6.681e-05
4454,9,0.02910526,6.684e-05
4455,9,0.03901118,6.684e-05
4456,9,0.04121592,6.687e-05
4457,9,0.04368201,6.687e-05
4458,9,0.02648495,6.69e-05
4459,9,0.04313027,6.69e-05
4460,9,0.03729537,6.693e-05
4461,9,0.03562180,6.693e-05
4462,9,0.03062744,6.696e-05
4463,9,0.04508724,6.696e-05
4464,9,0.03893785,6.699e-05
4465,9,0.02283075,6.699e-05
4466,9,0.03261603,6.702e-05
4467,9,0.04229978,6.702e-05
4468,9,0.02444014,6.705e-05
4469,9,0.03617108,6.705e-05
4470,9,0.04406427,6.708e-05
4471,9,0.03072133,6.708e-05
4472,9,0.02652895,6.711e-05
4473,9,0.06781154,6.711e-05
4474,9,0.03743743,6.714e-05
4475,9,0.03077836,6.714e-05
4476,9,0.03375643,6.717e-05
4477,9,0.03955147,6.717e-05
4478,9,0.03977546,6.72e-05
4479,9,0.03226667,6.72e-05
4480,9,0.03696404,6.723e-05
4481,9,0.03574224,6.723e-05
4482,9,0.05515780,6.726e-05
4483,9,0.03727315,6.726e-05
4484,9,0.04912492,6.729e-05
4485,9,0.02627331,6.729e-05
4486,9,0.03825759,6.732e-05
4487,9,0.03415161,6.732e-05
4488,9,0.04998270,6.735e-05
4489,9,0.02687785,6.735e-05
4490,9,0.02210766,6.738e-05
4491,9,0.04074493,6.738e-05
4492,9,0.03951032,6.741e-05
4493,9,0.03474490,6.741e-05
4494,9,0.06716603,6.744e-05
4495,9,0.03259525,6.744e-05
4496,9,0.03128381,6.747e-05
4497,9,0.04997073,6.747e-05
4498,9,0.03353066,6.75e-05
4499,9,0.04222250,6.75e-05
4500,9,0.04735164,6.753e-05
4501,9,0.04964610,6.753e-05
4502,9,0.03404871,6.756e-05
4503,9,0.04275341,6.756e-05
4504,9,0.05038708,6.759e-05
4505,9,0.04197522,6.759e-05
4506,9,0.03993836,6.762e-05
4507,9,0.05428845,6.762e-05
4508,9,0.04312369,6.765e-05
4509,9,0.04497927,6.765e-05
4510,9,0.03010228,6.768e-05
4511,9,0.04426240,6.768e-05
4512,9,0.03553551,6.771e-05
4513,9,0.02226041,6.771e-05
4514,9,0.03825946,6.774e-05
4515,9,0.03380540,6.774e-05
4516,9,0.03222099,6.777e-05
4517,9,0.03794576,6.777e-05
4518,9,0.04626853,6.78e-05
4519,9,0.04364921,6.78e-05
4520,9,0.04300544,6.783e-05
4521,9,0.03046111,6.783e-05
4522,9,0.04015807,6.786e-05
4523,9,0.03430196,6.786e-05
4524,9,0.03083891,6.789e-05
4525,9,0.05030374,6.789e-05
4526,9,0.04474663,6.792e-05
4527,9,0.04328985,6.792e-05
4528,9,0.03459060,6.795e-05
4529,9,0.02831788,6.795e-05
4530,9,0.04356902,6.798e-05
4531,9,0.04041036,6.798e-05
4532,9,0.04123465,6.801e-05
4533,9,0.03481632,6.801e-05
4534,9,0.04503953,6.804e-05
4535,9,0.03307569,6.804e-05
4536,9,0.03560251,6.807e-05
4537,9,0.03031782,6.807e-05
4538,9,0.03459387,6.81e-05
4539,9,0.03297791,6.81e-05
4540,9,0.03271302,6.813e-05
4541,9,0.06718824,6.813e-05
4542,9,0.03819932,6.816e-05
4543,9,0.04495416,6.816e-05
4544,9,0.02298584,6.819e-05
4545,9,0.03394553,6.819e-05
4546,9,0.05121960,6.822e-05
4547,9,0.02658364,6.822e-05
4548,9,0.05690984,6.825e-05
4549,9,0.03979286,6.825e-05
4550,9,0.03273771,6.828e-05
4551,9,0.04360127,6.828e-05
4552,9,0.04409547,6.831e-05
4553,9,0.03508909,6.831e-05
4554,9,0.03753184,6.834e-05
4555,9,0.02758597,6.834e-05
4556,9,0.04654706,6.837e-05
4557,9,0.03369037,6.837e-05
4558,9,0.02465094,6.84e-05
4559,9,0.06880499,6.84e-05
4560,9,0.04548566,6.843e-05
4561,9,0.03559126,6.843e-05
4562,9,0.03919451,6.846e-05
4563,9,0.03195572,6.846e-05
4564,9,0.03757571,6.849e-05
4565,9,0.03112288,6.849e-05
4566,9,0.03153346,6.852e-05
4567,9,0.02043206,6.852e-05
4568,9,0.04271790,6.855e-05
4569,9,0.04058374,6.855e-05
4570,9,0.02642074,6.858e-05
4571,9,0.02854442,6.858e-05
4572,9,0.02877695,6.861e-05
4573,9,0.03648512,6.861e-05
4574,9,0.03628702,6.864e-05
4575,9,0.03130411,6.864e-05
4576,9,0.03339791,6.867e-05
4577,9,0.02713825,6.867e-05
4578,9,0.03094624,6.87e-05
4579,9,0.03408926,6.87e-05
4580,9,0.04024711,6.873e-05
4581,9,0.04981101,6.873e-05
4582,9,0.05169684,6.876e-05
4583,9,0.04332483,6.876e-05
4584,9,0.03448926,6.879e-05
4585,9,0.03415882,6.879e-05
4586,9,0.03805191,6.882e-05
4587,9,0.05138579,6.882e-05
4588,9,0.03900840,6.885e-05
4589,9,0.02898133,6.885e-05
4590,9,0.03586150,6.888e-05
4591,9,0.04991608,6.888e-05
4592,9,0.02811469,6.891e-05
4593,9,0.03363572,6.891e-05
4594,9,0.03424536,6.894e-05
4595,9,0.03490419,6.894e-05
4596,9,0.04679695,6.897e-05
4597,9,0.02859306,6.897e-05
4598,9,0.04813178,6.9e-05
4599,9,0.02874461,6.9e-05
4600,9,0.04606711,6.903e-05
4601,9,0.03278377,6.903e-05
4602,9,0.03574444,6.906e-05
4603,9,0.03258933,6.906e-05
4604,9,0.04073283,6.909e-05
4605,9,0.03439792,6.909e-05
4606,9,0.03477651,6.912e-05
4607,9,0.04850223,6.912e-05
4608,9,0.03121333,6.915e-05
4609,9,0.03856943,6.915e-05
4610,9,0.02698729,6.918e-05
4611,9,0.03614965,6.918e-05
4612,9,0.03817642,6.921e-05
4613,9,0.03332739,6.921e-05
4614,9,0.02896338,6.924e-05
4615,9,0.03582851,6.924e-05
4616,9,0.03740636,6.927e-05
4617,9,0.03157090,6.927e-05
4618,9,0.02820600,6.93e-05
4619,9,0.02661891,6.93e-05
4620,9,0.02815989,6.933e-05
4621,9,0.04075720,6.933e-05
4622,9,0.05484745,6.936e-05
4623,9,0.04149135,6.936e-05
4624,9,0.03756791,6.939e-05
4625,9,0.04915180,6.939e-05
4626,9,0.04066025,6.942e-05
4627,9,0.02902668,6.942e-05
4628,9,0.03232240,6.945e-05
4629,9,0.03412686,6.945e-05
4630,9,0.02742855,6.948e-05
4631,9,0.02912679,6.948e-05
4632,9,0.04243536,6.951e-05
4633,9,0.03483732,6.951e-05
4634,9,0.05320883,6.954e-05
4635,9,0.04398928,6.954e-05
4636,9,0.03832230,6.957e-05
4637,9,0.04964074,6.957e-05
4638,9,0.04599454,6.96e-05
4639,9,0.04575030,6.96e-05
4640,9,0.04826158,6.963e-05
4641,9,0.02784305,6.963e-05
4642,9,0.04757657,6.966e-05
4643,9,0.02873711,6.966e-05
4644,9,0.04532569,6.969e-05
4645,9,0.04877708,6.969e-05
4646,9,0.03789519,6.972e-05
4647,9,0.04457438,6.972e-05
4648,9,0.03729724,6.975e-05
4649,9,0.03780615,6.975e-05
4650,9,0.04105207,6.978e-05
4651,9,0.03854237,6.978e-05
4652,9,0.04277470,6.981e-05
4653,9,0.02857014,6.981e-05
4654,9,0.03725475,6.984e-05
4655,9,0.04608618,6.984e-05
4656,9,0.03664090,6.987e-05
4657,9,0.02106508,6.987e-05
4658,9,0.03837623,6.99e-05
4659,9,0.02815084,6.99e-05
4660,9,0.04196352,6.993e-05
4661,9,0.03340007,6.993e-05
4662,9,0.03824558,6.996e-05
4663,9,0.02076110,6.996e-05
4664,9,0.02617989,6.999e-05
4665,9,0.02772473,6.999e-05
4666,9,0.04008196,7.002e-05
4667,9,0.03940907,7.002e-05
4668,9,0.03451903,7.005e-05
4669,9,0.04046232,7.005e-05
4670,9,0.03871278,7.008e-05
4671,9,0.02842615,7.008e-05
4672,9,0.04382768,7.011e-05
4673,9,0.03575931,7.011e-05
4674,9,0.03242346,7.014e-05
4675,9,0.05202488,7.014e-05
4676,9,0.03227932,7.017e-05
4677,9,0.03046245,7.017e-05
4678,9,0.03950542,7.02e-05
4679,9,0.03481163,7.02e-05
4680,9,0.03151508,7.023e-05
4681,10,0.02935739,7.023e-05
4682,10,0.04253715,7.026e-05
4683,10,0.03413431,7.026e-05
4684,10,0.03260484,7.029e-05
4685,10,0.03551051,7.029e-05
4686,10,0.03898801,7.032e-05
4687,10,0.03980068,7.032e-05
4688,10,0.04183880,7.035e-05
4689,10,0.02764473,7.035e-05
4690,10,0.03241066,7.038e-05
4691,10,0.03736798,7.038e-05
4692,10,0.04450173,7.041e-05
4693,10,0.03359967,7.041e-05
4694,10,0.04086576,7.044e-05
4695,10,0.04527955,7.044e-05
4696,10,0.03254253,7.047e-05
4697,10,0.05216293,7.047e-05
4698,10,0.03365821,7.05e-05
4699,10,0.04727152,7.05e-05
4700,10,0.05899845,7.053e-05
4701,10,0.03611505,7.053e-05
4702,10,0.03377020,7.056e-05
4703,10,0.03816777,7.056e-05
4704,10,0.03224570,7.059e-05
4705,10,0.03246126,7.059e-05
4706,10,0.03480421,7.062e-05
4707,10,0.04040480,7.062e-05
4708,10,0.04346508,7.065e-05
4709,10,0.05049144,7.065e-05
4710,10,0.03180037,7.068e-05
4711,10,0.04805692,7.068e-05
4712,10,0.04880618,7.071e-05
4713,10,0.03616931,7.071e-05
4714,10,0.03213084,7.074e-05
4715,10,0.03268547,7.074e-05
4716,10,0.03800328,7.077e-05
4717,10,0.02244213,7.077e-05
4718,10,0.02841100,7.08e-05
4719,10,0.03123135,7.08e-05
4720,10,0.03373715,7.083e-05
4721,10,0.02955249,7.083e-05
4722,10,0.03076531,7.086e-05
4723,10,0.04397045,7.086e-05
4724,10,0.03402280,7.089e-05
4725,10,0.03354402,7.089e-05
4726,10,0.03939782,7.092e-05
4727,10,0.05841955,7.092e-05
4728,10,0.03778972,7.095e-05
4729,10,0.02751972,7.095e-05
4730,10,0.04192512,7.098e-05
4731,10,0.03104334,7.098e-05
4732,10,0.03939716,7.101e-05
4733,10,0.02322968,7.101e-05
4734,10,0.03046128,7.104e-05
4735,10,0.02996460,7.104e-05
4736,10,0.03510409,7.107e-05
4737,10,0.04203626,7.107e-05
4738,10,0.02903894,7.11e-05
4739,10,0.03495963,7.11e-05
4740,10,0.03171449,7.113e-05
4741,10,0.04169272,7.113e-05
4742,10,0.03561018,7.116e-05
4743,10,0.03613130,7.116e-05
4744,10,0.03125522,7.119e-05
4745,10,0.04443282,7.119e-05
4746,10,0.03308826,7.122e-05
4747,10,0.03355232,7.122e-05
4748,10,0.03251751,7.125e-05
4749,10,0.03850848,7.125e-05
4750,10,0.04715185,7.128e-05
4751,10,0.04427303,7.128e-05
4752,10,0.04028114,7.131e-05
4753,10,0.03728081,7.131e-05
4754,10,0.02235535,7.134e-05
4755,10,0.03926888,7.134e-05
4756,10,0.03778354,7.137e-05
4757,10,0.03540905,7.137e-05
4758,10,0.04677598,7.14e-05
4759,10,0.02804199,7.14e-05
4760,10,0.04360048,7.143e-05
4761,10,0.03718287,7.143e-05
4762,10,0.05012321,7.146e-05
4763,10,0.03910306,7.146e-05
4764,10,0.04174370,7.149e-05
4765,10,0.04658128,7.149e-05
4766,10,0.03053230,7.152e-05
4767,10,0.04918082,7.152e-05
4768,10,0.02558582,7.155e-05
4769,10,0.04215980,7.155e-05
4770,10,0.04545993,7.158e-05
4771,10,0.02542119,7.158e-05
4772,10,0.03223074,7.161e-05
4773,10,0.02318179,7.161e-05
4774,10,0.03239016,7.164e-05
4775,10,0.03951348,7.164e-05
4776,10,0.06731627,7.167e-05
4777,10,0.04671549,7.167e-05
4778,10,0.03668816,7.17e-05
4779,10,0.03130428,7.17e-05
4780,10,0.05170243,7.173e-05
4781,10,0.02732488,7.173e-05
4782,10,0.03895903,7.176e-05
4783,10,0.03289031,7.176e-05
4784,10,0.04415718,7.179e-05
4785,10,0.02210086,7.179e-05
4786,10,0.03041296,7.182e-05
4787,10,0.02843691,7.182e-05
4788,10,0.04882826,7.185e-05
4789,10,0.03504385,7.185e-05
4790,10,0.04242228,7.188e-05
4791,10,0.03341904,7.188e-05
4792,10,0.02904273,7.191e-05
4793,10,0.03005294,7.191e-05
4794,10,0.03306967,7.194e-05
4795,10,0.03085875,7.194e-05
4796,10,0.03543750,7.197e-05
4797,10,0.03224726,7.197e-05
4798,10,0.04391370,7.2e-05
4799,10,0.05528197,7.2e-05
4800,10,0.02246722,7.203e-05
4801,10,0.03878245,7.203e-05
4802,10,0.02305242,7.206e-05
4803,10,0.02618780,7.206e-05
4804,10,0.04072459,7.209e-05
4805,10,0.02560826,7.209e-05
4806,10,0.04650401,7.212e-05
4807,10,0.02840457,7.212e-05
4808,10,0.03031193,7.215e-05
4809,10,0.04078187,7.215e-05
4810,10,0.02424415,7.218e-05
4811,10,0.03825853,7.218e-05
4812,10,0.04228207,7.221e-05
4813,10,0.05423146,7.221e-05
4814,10,0.04912099,7.224e-05
4815,10,0.02492312,7.224e-05
4816,10,0.04066610,7.227e-05
4817,10,0.02419776,7.227e-05
4818,10,0.02355307,7.23e-05
4819,10,0.04080135,7.23e-05
4820,10,0.03418334,7.233e-05
4821,10,0.03510647,7.233e-05
4822,10,0.03194588,7.236e-05
4823,10,0.05168880,7.236e-05
4824,10,0.03066036,7.239e-05
4825,10,0.04477164,7.239e-05
4826,10,0.03285798,7.242e-05
4827,10,0.03635599,7.242e-05
4828,10,0.03415191,7.245e-05
4829,10,0.03331397,7.245e-05
4830,10,0.04715137,7.248e-05
4831,10,0.02072512,7.248e-05
4832,10,0.04539943,7.251e-05
4833,10,0.04292311,7.251e-05
4834,10,0.03212642,7.254e-05
4835,10,0.02314822,7.254e-05
4836,10,0.03304731,7.257e-05
4837,10,0.03571271,7.257e-05
4838,10,0.02885201,7.26e-05
4839,10,0.03838776,7.26e-05
4840,10,0.04051358,7.263e-05
4841,10,0.05245094,7.263e-05
4842,10,0.02757377,7.266e-05
4843,10,0.03050097,7.266e-05
4844,10,0.04367958,7.269e-05
4845,10,0.04088040,7.269e-05
4846,10,0.03644427,7.272e-05
4847,10,0.03837215,7.272e-05
4848,10,0.05047856,7.275e-05
4849,10,0.03810018,7.275e-05
4850,10,0.04001450,7.278e-05
4851,10,0.04767156,7.278e-05
4852,10,0.03082424,7.281e-05
4853,10,0.04295737,7.281e-05
4854,10,0.02809320,7.284e-05
4855,10,0.04033321,7.284e-05
4856,10,0.02768231,7.287e-05
4857,10,0.04368909,7.287e-05
4858,10,0.03727949,7.29e-05
4859,10,0.04451741,7.29e-05
4860,10,0.02994188,7.293e-05
4861,10,0.02983456,7.293e-05
4862,10,0.03734597,7.296e-05
4863,10,0.04801818,7.296e-05
4864,10,0.02726122,7.299e-05
4865,10,0.02509715,7.299e-05
4866,10,0.02347643,7.302e-05
4867,10,0.02815405,7.302e-05
4868,10,0.04183805,7.305e-05
4869,10,0.04693530,7.305e-05
4870,10,0.02888591,7.308e-05
4871,10,0.02726558,7.308e-05
4872,10,0.03135045,7.311e-05
4873,10,0.04087324,7.311e-05
4874,10,0.04485788,7.314e-05
4875,10,0.03672679,7.314e-05
4876,10,0.03520669,7.317e-05
4877,10,0.04017367,7.317e-05
4878,10,0.04570763,7.32e-05
4879,10,0.04749887,7.32e-05
4880,10,0.04030706,7.323e-05
4881,10,0.02949733,7.323e-05
4882,10,0.03400621,7.326e-05
4883,10,0.03283210,7.326e-05
4884,10,0.04964054,7.329e-05
4885,10,0.04607921,7.329e-05
4886,10,0.03261500,7.332e-05
4887,10,0.03774490,7.332e-05
4888,10,0.03172427,7.335e-05
4889,10,0.04495480,7.335e-05
4890,10,0.03552895,7.338e-05
4891,10,0.04795941,7.338e-05
4892,10,0.03000610,7.341e-05
4893,10,0.03912523,7.341e-05
4894,10,0.03475824,7.344e-05
4895,10,0.02154965,7.344e-05
4896,10,0.05686099,7.347e-05
4897,10,0.03893447,7.347e-05
4898,10,0.03298370,7.35e-05
4899,10,0.04651498,7.35e-05
4900,10,0.03224399,7.353e-05
4901,10,0.04442019,7.353e-05
4902,10,0.03062683,7.356e-05
4903,10,0.04113196,7.356e-05
4904,10,0.04250853,7.359e-05
4905,10,0.04005163,7.359e-05
4906,10,0.03272526,7.362e-05
4907,10,0.04375700,7.362e-05
4908,10,0.04007912,7.365e-05
4909,10,0.03480542,7.365e-05
4910,10,0.03318474,7.368e-05
4911,10,0.03070525,7.368e-05
4912,10,0.03725584,7.371e-05
4913,10,0.03489937,7.371e-05
4914,10,0.03198165,7.374e-05
4915,10,0.04148407,7.374e-05
4916,10,0.03219353,7.377e-05
4917,10,0.03791838,7.377e-05
4918,10,0.02875703,7.38e-05
4919,10,0.04012517,7.38e-05
4920,10,0.03349068,7.383e-05
4921,10,0.04044013,7.383e-05
4922,10,0.05085307,7.386e-05
4923,10,0.03340770,7.386e-05
4924,10,0.03390446,7.389e-05
4925,10,0.03823464,7.389e-05
4926,10,0.02701598,7.392e-05
4927,10,0.04711737,7.392e-05
4928,10,0.04850186,7.395e-05
4929,10,0.04380441,7.395e-05
4930,10,0.04236474,7.398e-05
4931,10,0.03720234,7.398e-05
4932,10,0.04946621,7.401e-05
4933,10,0.04537104,7.401e-05
4934,10,0.02968121,7.404e-05
4935,10,0.03597530,7.404e-05
4936,10,0.03593408,7.407e-05
4937,10,0.04005263,7.407e-05
4938,10,0.02754543,7.41e-05
4939,10,0.03288175,7.41e-05
4940,10,0.05655481,7.413e-05
4941,10,0.03535378,7.413e-05
4942,10,0.02941771,7.416e-05
4943,10,0.03456303,7.416e-05
4944,10,0.03273658,7.419e-05
4945,10,0.03853521,7.419e-05
4946,10,0.03805764,7.422e-05
4947,10,0.03724546,7.422e-05
4948,10,0.05277047,7.425e-05
4949,10,0.03237638,7.425e-05
4950,10,0.03152380,7.428e-05
4951,10,0.03366554,7.428e-05
4952,10,0.04362636,7.431e-05
4953,10,0.03968006,7.431e-05
4954,10,0.04594864,7.434e-05
4955,10,0.03597529,7.434e-05
4956,10,0.03510303,7.437e-05
4957,10,0.03749693,7.437e-05
4958,10,0.02499790,7.44e-05
4959,10,0.03618042,7.44e-05
4960,10,0.03112720,7.443e-05
4961,10,0.03659104,7.443e-05
4962,10,0.03814020,7.446e-05
4963,10,0.04605979,7.446e-05
4964,10,0.03517091,7.449e-05
4965,10,0.03356107,7.449e-05
4966,10,0.04118117,7.452e-05
4967,10,0.04882041,7.452e-05
4968,10,0.02867814,7.455e-05
4969,10,0.02371734,7.455e-05
4970,10,0.06847788,7.458e-05
4971,10,0.02993578,7.458e-05
4972,10,0.03072593,7.461e-05
4973,10,0.04421357,7.461e-05
4974,10,0.02243621,7.464e-05
4975,10,0.03028116,7.464e-05
4976,10,0.03313204,7.467e-05
4977,10,0.03652926,7.467e-05
4978,10,0.04170625,7.47e-05
4979,10,0.02773496,7.47e-05
4980,10,0.04020991,7.473e-05
4981,10,0.03154983,7.473e-05
4982,10,0.03590550,7.476e-05
4983,10,0.02574863,7.476e-05
4984,10,0.04092705,7.479e-05
4985,10,0.04477745,7.479e-05
4986,10,0.03409830,7.482e-05
4987,10,0.03978115,7.482e-05
4988,10,0.04496656,7.485e-05
4989,10,0.03145060,7.485e-05
4990,10,0.03283480,7.488e-05
4991,10,0.03686986,7.488e-05
4992,10,0.03183178,7.491e-05
4993,10,0.02816797,7.491e-05
4994,10,0.03492987,7.494e-05
4995,10,0.05347286,7.494e-05
4996,10,0.02585276,7.497e-05
4997,10,0.07049386,7.497e-05
4998,10,0.03229585,7.5e-05
4999,10,0.03809915,7.5e-05
5000,10,0.03264600,7.503e-05
5001,10,0.04208142,7.503e-05
5002,10,0.03544821,7.506e-05
5003,10,0.04109455,7.506e-05
5004,10,0.04416171,7.509e-05
5005,10,0.03169324,7.509e-05
5006,10,0.05182256,7.512e-05
5007,10,0.02987739,7.512e-05
5008,10,0.04134673,7.515e-05
5009,10,0.04136522,7.515e-05
5010,10,0.03600650,7.518e-05
5011,10,0.03220742,7.518e-05
5012,10,0.03786588,7.521e-05
5013,10,0.04964443,7.521e-05
5014,10,0.04017570,7.524e-05
5015,10,0.03627773,7.524e-05
5016,10,0.02963324,7.527e-05
5017,10,0.03499502,7.527e-05
5018,10,0.02960983,7.53e-05
5019,10,0.03608434,7.53e-05
5020,10,0.04247704,7.533e-05
5021,10,0.02689813,7.533e-05
5022,10,0.02975719,7.536e-05
5023,10,0.06523964,7.536e-05
5024,10,0.02792047,7.539e-05
5025,10,0.04853193,7.539e-05
5026,10,0.03260573,7.542e-05
5027,10,0.03683525,7.542e-05
5028,10,0.05399025,7.545e-05
5029,10,0.04620714,7.545e-05
5030,10,0.04622012,7.548e-05
5031,10,0.03016170,7.548e-05
5032,10,0.03743811,7.551e-05
5033,10,0.05079723,7.551e-05
5034,10,0.02970067,7.554e-05
5035,10,0.03723523,7.554e-05
5036,10,0.04264628,7.557e-05
5037,10,0.03364194,7.557e-05
5038,10,0.03116157,7.56e-05
5039,10,0.03911980,7.56e-05
5040,10,0.03491407,7.563e-05
5041,10,0.03379342,7.563e-05
5042,10,0.03572679,7.566e-05
5043,10,0.03514424,7.566e-05
5044,10,0.03322516,7.569e-05
5045,10,0.03700674,7.569e-05
5046,10,0.04166050,7.572e-05
5047,10,0.03044503,7.572e-05
5048,10,0.03394989,7.575e-05
5049,10,0.03819631,7.575e-05
5050,10,0.03556279,7.578e-05
5051,10,0.04229531,7.578e-05
5052,10,0.01871873,7.581e-05
5053,10,0.02431489,7.581e-05
5054,10,0.02899234,7.584e-05
5055,10,0.05118905,7.584e-05
5056,10,0.03725334,7.587e-05
5057,10,0.04017500,7.587e-05
5058,10,0.02681710,7.59e-05
5059,10,0.03313469,7.59e-05
5060,10,0.04099803,7.593e-05
5061,10,0.03726668,7.593e-05
5062,10,0.02495686,7.596e-05
5063,10,0.04292522,7.596e-05
5064,10,0.02883133,7.599e-05
5065,10,0.04067630,7.599e-05
5066,10,0.04069429,7.602e-05
5067,10,0.04308869,7.602e-05
5068,10,0.02506221,7.605e-05
5069,10,0.03679725,7.605e-05
5070,10,0.05108094,7.608e-05
5071,10,0.02787233,7.608e-05
5072,10,0.03975084,7.611e-05
5073,10,0.03578894,7.611e-05
5074,10,0.03997914,7.614e-05
5075,10,0.03444679,7.614e-05
5076,10,0.03466080,7.617e-05
5077,10,0.03079554,7.617e-05
5078,10,0.03556604,7.62e-05
5079,10,0.04520077,7.62e-05
5080,10,0.03494542,7.623e-05
5081,10,0.02480593,7.623e-05
5082,10,0.02810775,7.626e-05
5083,10,0.04354809,7.626e-05
5084,10,0.04400036,7.629e-05
5085,10,0.04132811,7.629e-05
5086,10,0.02585717,7.632e-05
5087,10,0.04020973,7.632e-05
5088,10,0.03995122,7.635e-05
5089,10,0.02631895,7.635e-05
5090,10,0.04061416,7.638e-05
5091,10,0.03358944,7.638e-05
5092,10,0.03690540,7.641e-05
5093,10,0.02953219,7.641e-05
5094,10,0.04106095,7.644e-05
5095,10,0.03702687,7.644e-05
5096,10,0.04026380,7.647e-05
5097,10,0.05121417,7.647e-05
5098,10,0.04490846,7.65e-05
5099,10,0.04151807,7.65e-05
5100,10,0.03280008,7.653e-05
5101,10,0.02791294,7.653e-05
5102,10,0.03870209,7.656e-05
5103,10,0.02418880,7.656e-05
5104,10,0.03123545,7.659e-05
5105,10,0.03744542,7.659e-05
5106,10,0.03738527,7.662e-05
5107,10,0.03007991,7.662e-05
5108,10,0.05784444,7.665e-05
5109,10,0.02311993,7.665e-05
5110,10,0.03134327,7.668e-05
5111,10,0.03996801,7.668e-05
5112,10,0.02891474,7.671e-05
5113,10,0.03741184,7.671e-05
5114,10,0.02517373,7.674e-05
5115,10,0.04024881,7.674e-05
5116,10,0.03102623,7.677e-05
5117,10,0.03358227,7.677e-05
5118,10,0.02720495,7.68e-05
5119,10,0.03062966,7.68e-05
5120,10,0.03965297,7.683e-05
5121,10,0.04323132,7.683e-05
5122,10,0.03331872,7.686e-05
5123,10,0.04046253,7.686e-05
5124,10,0.02816516,7.689e-05
5125,10,0.04490729,7.689e-05
5126,10,0.04428761,7.692e-05
5127,10,0.03978789,7.692e-05
5128,10,0.03564095,7.695e-05
5129,10,0.03856783,7.695e-05
5130,10,0.02874514,7.698e-05
5131,10,0.03388163,7.698e-05
5132,10,0.03206929,7.701e-05
5133,10,0.04703324,7.701e-05
5134,10,0.04060860,7.704e-05
5135,10,0.04482486,7.704e-05
5136,10,0.03405366,7.707e-05
5137,10,0.02843876,7.707e-05
5138,10,0.04473829,7.71e-05
5139,10,0.03600154,7.71e-05
5140,10,0.03955107,7.713e-05
5141,10,0.03595853,7.713e-05
5142,10,0.02564147,7.716e-05
5143,10,0.03064715,7.716e-05
5144,10,0.04579086,7.719e-05
5145,10,0.04935689,7.719e-05
5146,10,0.02980852,7.722e-05
5147,10,0.04557821,7.722e-05
5148,10,0.03153341,7.725e-05
5149,10,0.04165300,7.725e-05
5150,10,0.03896116,7.728e-05
5151,10,0.03208329,7.728e-05
5152,10,0.02754592,7.731e-05
5153,10,0.05139163,7.731e-05
5154,10,0.03930881,7.734e-05
5155,10,0.02903349,7.734e-05
5156,10,0.03850775,7.737e-05
5157,10,0.04778695,7.737e-05
5158,10,0.03601265,7.74e-05
5159,10,0.04203327,7.74e-05
5160,10,0.02302080,7.743e-05
5161,10,0.03474648,7.743e-05
5162,10,0.03266883,7.746e-05
5163,10,0.03214524,7.746e-05
5164,10,0.03140321,7.749e-05
5165,10,0.03421354,7.749e-05
5166,10,0.04132850,7.752e-05
5167,10,0.03250714,7.752e-05
5168,10,0.04102099,7.755e-05
5169,10,0.02634176,7.755e-05
5170,10,0.03368942,7.758e-05
5171,10,0.04665742,7.758e-05
5172,10,0.03037288,7.761e-05
5173,10,0.03317380,7.761e-05
5174,10,0.05029925,7.764e-05
5175,10,0.02830132,7.764e-05
5176,10,0.02369094,7.767e-05
5177,10,0.03916537,7.767e-05
5178,10,0.03938157,7.77e-05
5179,10,0.02971321,7.77e-05
5180,10,0.04809009,7.773e-05
5181,10,0.03134527,7.773e-05
5182,10,0.02751995,7.776e-05
5183,10,0.02282575,7.776e-05
5184,10,0.04123731,7.779e-05
5185,10,0.04099742,7.779e-05
5186,10,0.03265254,7.782e-05
5187,10,0.04205251,7.782e-05
5188,10,0.03996692,7.785e-05
5189,10,0.02948854,7.785e-05
5190,10,0.04050091,7.788e-05
5191,10,0.03781738,7.788e-05
5192,10,0.04861768,7.791e-05
5193,10,0.03524934,7.791e-05
5194,10,0.03873681,7.794e-05
5195,10,0.02903038,7.794e-05
5196,10,0.05351705,7.797e-05
5197,10,0.03008381,7.797e-05
5198,10,0.02495866,7.8e-05
5199,10,0.02715347,7.8e-05
5200,10,0.04408727,7.803e-05
5201,11,0.03004545,7.803e-05
5202,11,0.04143817,7.806e-05
5203,11,0.02386815,7.806e-05
5204,11,0.04787910,7.809e-05
5205,11,0.04589005,7.809e-05
5206,11,0.04749842,7.812e-05
5207,11,0.03115201,7.812e-05
5208,11,0.03290356,7.815e-05
5209,11,0.03575133,7.815e-05
5210,11,0.03727615,7.818e-05
5211,11,0.03513195,7.818e-05
5212,11,0.03685445,7.821e-05
5213,11,0.04323824,7.821e-05
5214,11,0.03883649,7.824e-05
5215,11,0.03811737,7.824e-05
5216,11,0.03974927,7.827e-05
5217,11,0.05745908,7.827e-05
5218,11,0.04600143,7.83e-05
5219,11,0.03205719,7.83e-05
5220,11,0.03723397,7.833e-05
5221,11,0.03951970,7.833e-05
5222,11,0.04766525,7.836e-05
5223,11,0.03341983,7.836e-05
5224,11,0.02635347,7.839e-05
5225,11,0.03885612,7.839e-05
5226,11,0.03004718,7.842e-05
5227,11,0.04529949,7.842e-05
5228,11,0.03714988,7.845e-05
5229,11,0.03189475,7.845e-05
5230,11,0.02545119,7.848e-05
5231,11,0.02809174,7.848e-05
5232,11,0.03267880,7.851e-05
5233,11,0.03652176,7.851e-05
5234,11,0.04722434,7.854e-05
5235,11,0.03684965,7.854e-05
5236,11,0.04209843,7.857e-05
5237,11,0.04475639,7.857e-05
5238,11,0.02825592,7.86e-05
5239,11,0.03914047,7.86e-05
5240,11,0.03260808,7.863e-05
5241,11,0.04511574,7.863e-05
5242,11,0.03087240,7.866e-05
5243,11,0.03902267,7.866e-05
5244,11,0.03482472,7.869e-05
5245,11,0.03059545,7.869e-05
5246,11,0.03844180,7.872e-05
5247,11,0.02601854,7.872e-05
5248,11,0.03959522,7.875e-05
5249,11,0.02917765,7.875e-05
5250,11,0.03840982,7.878e-05
5251,11,0.05662547,7.878e-05
5252,11,0.04081150,7.881e-05
5253,11,0.03736216,7.881e-05
5254,11,0.03787162,7.884e-05
5255,11,0.02813337,7.884e-05
5256,11,0.03751474,7.887e-05
5257,11,0.03925816,7.887e-05
5258,11,0.03554988,7.89e-05
5259,11,0.02912910,7.89e-05
5260,11,0.02204877,7.893e-05
5261,11,0.02609286,7.893e-05
5262,11,0.04816671,7.896e-05
5263,11,0.02689920,7.896e-05
5264,11,0.04385662,7.899e-05
5265,11,0.03816520,7.899e-05
5266,11,0.03622351,7.902e-05
5267,11,0.03359227,7.902e-05
5268,11,0.03579817,7.905e-05
5269,11,0.05159428,7.905e-05
5270,11,0.03442813,7.908e-05
5271,11,0.03013398,7.908e-05
5272,11,0.03679728,7.911e-05
5273,11,0.03840926,7.911e-05
5274,11,0.03537600,7.914e-05
5275,11,0.03244184,7.914e-05
5276,11,0.04464399,7.917e-05
5277,11,0.03143509,7.917e-05
5278,11,0.05953585,7.92e-05
5279,11,0.03398718,7.92e-05
5280,11,0.03404026,7.923e-05
5281,11,0.04481984,7.923e-05
5282,11,0.03078052,7.926e-05
5283,11,0.03288589,7.926e-05
5284,11,0.04479893,7.929e-05
5285,11,0.03753089,7.929e-05
5286,11,0.03223590,7.932e-05
5287,11,0.04223599,7.932e-05
5288,11,0.03931113,7.935e-05
5289,11,0.04502904,7.935e-05
5290,11,0.02686549,7.938e-05
5291,11,0.02101473,7.938e-05
5292,11,0.04950240,7.941e-05
5293,11,0.03876660,7.941e-05
5294,11,0.04109493,7.944e-05
5295,11,0.02947088,7.944e-05
5296,11,0.03476624,7.947e-05
5297,11,0.03686041,7.947e-05
5298,11,0.03245373,7.95e-05
5299,11,0.03176388,7.95e-05
5300,11,0.04035925,7.953e-05
5301,11,0.03446570,7.953e-05
5302,11,0.03839358,7.956e-05
5303,11,0.03147459,7.956e-05
5304,11,0.03565947,7.959e-05
5305,11,0.03944945,7.959e-05
5306,11,0.02018268,7.962e-05
5307,11,0.05205541,7.962e-05
5308,11,0.04389742,7.965e-05
5309,11,0.03848227,7.965e-05
5310,11,0.03196106,7.968e-05
5311,11,0.04826113,7.968e-05
5312,11,0.03437840,7.971e-05
5313,11,0.03613947,7.971e-05
5314,11,0.02456884,7.974e-05
5315,11,0.04368612,7.974e-05
5316,11,0.03609147,7.977e-05
5317,11,0.05884279,7.977e-05
5318,11,0.04478639,7.98e-05
5319,11,0.03860740,7.98e-05
5320,11,0.03169253,7.983e-05
5321,11,0.02824872,7.983e-05
5322,11,0.03616737,7.986e-05
5323,11,0.04452728,7.986e-05
5324,11,0.04342103,7.989e-05
5325,11,0.03177024,7.989e-05
5326,11,0.03404529,7.992e-05
5327,11,0.03699141,7.992e-05
5328,11,0.04068213,7.995e-05
5329,11,0.04747390,7.995e-05
5330,11,0.02642976,7.998e-05
5331,11,0.03053508,7.998e-05
5332,11,0.03875005,8.001e-05
5333,11,0.02299851,8.001e-05
5334,11,0.02780490,8.004e-05
5335,11,0.04162588,8.004e-05
5336,11,0.03461676,8.007e-05
5337,11,0.03398454,8.007e-05
5338,11,0.03034603,8.01e-05
5339,11,0.03543486,8.01e-05
5340,11,0.04119364,8.013e-05
5341,11,0.02945573,8.013e-05
5342,11,0.02954263,8.016e-05
5343,11,0.04733057,8.016e-05
5344,11,0.01510792,8.019e-05
5345,11,0.04243892,8.019e-05
5346,11,0.03398075,8.022e-05
5347,11,0.04270382,8.022e-05
5348,11,0.03529889,8.025e-05
5349,11,0.03228179,8.025e-05
5350,11,0.03483755,8.028e-05
5351,11,0.03433117,8.028e-05
5352,11,0.03025723,8.031e-05
5353,11,0.02640430,8.031e-05
5354,11,0.04388958,8.034e-05
5355,11,0.04410711,8.034e-05
5356,11,0.02420139,8.037e-05
5357,11,0.03039287,8.037e-05
5358,11,0.04054667,8.04e-05
5359,11,0.03723645,8.04e-05
5360,11,0.04422676,8.043e-05
5361,11,0.03421101,8.043e-05
5362,11,0.03250286,8.046e-05
5363,11,0.03401019,8.046e-05
5364,11,0.02548065,8.049e-05
5365,11,0.03395568,8.049e-05
5366,11,0.04296478,8.052e-05
5367,11,0.02542199,8.052e-05
5368,11,0.04147571,8.055e-05
5369,11,0.03682808,8.055e-05
5370,11,0.05656783,8.058e-05
5371,11,0.03375595,8.058e-05
5372,11,0.03467436,8.061e-05
5373,11,0.02831731,8.061e-05
5374,11,0.04897357,8.064e-05
5375,11,0.02749319,8.064e-05
5376,11,0.03395816,8.067e-05
5377,11,0.03095076,8.067e-05
5378,11,0.04147307,8.07e-05
5379,11,0.04501594,8.07e-05
5380,11,0.04158271,8.073e-05
5381,11,0.02687310,8.073e-05
5382,11,0.02897706,8.076e-05
5383,11,0.02587446,8.076e-05
5384,11,0.03960078,8.079e-05
5385,11,0.03038972,8.079e-05
5386,11,0.03311865,8.082e-05
5387,11,0.02923073,8.082e-05
5388,11,0.02994098,8.085e-05
5389,11,0.03754761,8.085e-05
5390,11,0.02971014,8.088e-05
5391,11,0.02768331,8.088e-05
5392,11,0.03277896,8.091e-05
5393,11,0.03543594,8.091e-05
5394,11,0.02403132,8.094e-05
5395,11,0.02508855,8.094e-05
5396,11,0.02729826,8.097e-05
5397,11,0.02811203,8.097e-05
5398,11,0.03637904,8.1e-05
5399,11,0.02321405,8.1e-05
5400,11,0.04368736,8.103e-05
5401,11,0.02304695,8.103e-05
5402,11,0.02833355,8.106e-05
5403,11,0.05427620,8.106e-05
5404,11,0.01741907,8.109e-05
5405,11,0.03290774,8.109e-05
5406,11,0.04426904,8.112e-05
5407,11,0.03816535,8.112e-05
5408,11,0.03069540,8.115e-05
5409,11,0.02648165,8.115e-05
5410,11,0.04408674,8.118e-05
5411,11,0.02501370,8.118e-05
5412,11,0.03624099,8.121e-05
5413,11,0.04484775,8.121e-05
5414,11,0.02999412,8.124e-05
5415,11,0.04783152,8.124e-05
5416,11,0.04492816,8.127e-05
5417,11,0.03504899,8.127e-05
5418,11,0.02725186,8.13e-05
5419,11,0.03166178,8.13e-05
5420,11,0.02536331,8.133e-05
5421,11,0.03132275,8.133e-05
5422,11,0.04243007,8.136e-05
5423,11,0.03638839,8.136e-05
5424,11,0.04097374,8.139e-05
5425,11,0.03108233,8.139e-05
5426,11,0.03561603,8.142e-05
5427,11,0.03436617,8.142e-05
5428,11,0.04534851,8.145e-05
5429,11,0.02945944,8.145e-05
5430,11,0.02940809,8.148e-05
5431,11,0.03358797,8.148e-05
5432,11,0.02928663,8.151e-05
5433,11,0.02636653,8.151e-05
5434,11,0.03392934,8.154e-05
5435,11,0.04563494,8.154e-05
5436,11,0.06266494,8.157e-05
5437,11,0.02004793,8.157e-05
5438,11,0.03491180,8.16e-05
5439,11,0.02438283,8.16e-05
5440,11,0.02835579,8.163e-05
5441,11,0.03973597,8.163e-05
5442,11,0.04197723,8.166e-05
5443,11,0.02270906,8.166e-05
5444,11,0.03658821,8.169e-05
5445,11,0.03566708,8.169e-05
5446,11,0.03885779,8.172e-05
5447,11,0.03299251,8.172e-05
5448,11,0.03181460,8.175e-05
5449,11,0.03558900,8.175e-05
5450,11,0.03380796,8.178e-05
5451,11,0.04227217,8.178e-05
5452,11,0.03922885,8.181e-05
5453,11,0.04342186,8.181e-05
5454,11,0.04153897,8.184e-05
5455,11,0.03402696,8.184e-05
5456,11,0.04221344,8.187e-05
5457,11,0.02972162,8.187e-05
5458,11,0.03413280,8.19e-05
5459,11,0.03222076,8.19e-05
5460,11,0.03328121,8.193e-05
5461,11,0.03618721,8.193e-05
5462,11,0.03485775,8.196e-05
5463,11,0.03786679,8.196e-05
5464,11,0.03545801,8.199e-05
5465,11,0.03024397,8.199e-05
5466,11,0.04120946,8.202e-05
5467,11,0.04367265,8.202e-05
5468,11,0.02463384,8.205e-05
5469,11,0.04485781,8.205e-05
5470,11,0.03074373,8.208e-05
5471,11,0.05320274,8.208e-05
5472,11,0.03953118,8.211e-05
5473,11,0.03793276,8.211e-05
5474,11,0.03376498,8.214e-05
5475,11,0.03909415,8.214e-05
5476,11,0.03463835,8.217e-05
5477,11,0.03731378,8.217e-05
5478,11,0.04739676,8.22e-05
5479,11,0.03497653,8.22e-05
5480,11,0.04323218,8.223e-05
5481,11,0.03569891,8.223e-05
5482,11,0.03188089,8.226e-05
5483,11,0.02651786,8.226e-05
5484,11,0.04145453,8.229e-05
5485,11,0.02695917,8.229e-05
5486,11,0.02804163,8.232e-05
5487,11,0.04748933,8.232e-05
5488,11,0.02990683,8.235e-05
5489,11,0.02467748,8.235e-05
5490,11,0.03257333,8.238e-05
5491,11,0.03242834,8.238e-05
5492,11,0.03972498,8.241e-05
5493,11,0.02443575,8.241e-05
5494,11,0.02081832,8.244e-05
5495,11,0.03111540,8.244e-05
5496,11,0.02693173,8.247e-05
5497,11,0.02910169,8.247e-05
5498,11,0.03091709,8.25e-05
5499,11,0.04617317,8.25e-05
5500,11,0.03871720,8.253e-05
5501,11,0.02359716,8.253e-05
5502,11,0.03990303,8.256e-05
5503,11,0.03383818,8.256e-05
5504,11,0.03025675,8.259e-05
5505,11,0.03599062,8.259e-05
5506,11,0.03501023,8.262e-05
5507,11,0.03307108,8.262e-05
5508,11,0.03660700,8.265e-05
5509,11,0.03980343,8.265e-05
5510,11,0.02486742,8.268e-05
5511,11,0.03528002,8.268e-05
5512,11,0.04349551,8.271e-05
5513,11,0.02884426,8.271e-05
5514,11,0.03891860,8.274e-05
5515,11,0.03478830,8.274e-05
5516,11,0.03398616,8.277e-05
5517,11,0.03677604,8.277e-05
5518,11,0.04580821,8.28e-05
5519,11,0.05113362,8.28e-05
5520,11,0.05118030,8.283e-05
5521,11,0.04062127,8.283e-05
5522,11,0.03884866,8.286e-05
5523,11,0.03733661,8.286e-05
5524,11,0.02823617,8.289e-05
5525,11,0.04124893,8.289e-05
5526,11,0.04386392,8.292e-05
5527,11,0.03986044,8.292e-05
5528,11,0.04329492,8.295e-05
5529,11,0.04095813,8.295e-05
5530,11,0.03067398,8.298e-05
5531,11,0.05347297,8.298e-05
5532,11,0.04629465,8.301e-05
5533,11,0.02998211,8.301e-05
5534,11,0.04568162,8.304e-05
5535,11,0.03500272,8.304e-05
5536,11,0.02740225,8.307e-05
5537,11,0.02470346,8.307e-05
5538,11,0.04135242,8.31e-05
5539,11,0.02557249,8.31e-05
5540,11,0.04752141,8.313e-05
5541,11,0.03462085,8.313e-05
5542,11,0.02682610,8.316e-05
5543,11,0.02904494,8.316e-05
5544,11,0.02390783,8.319e-05
5545,11,0.02182117,8.319e-05
5546,11,0.04654886,8.322e-05
5547,11,0.03459524,8.322e-05
5548,11,0.03528405,8.325e-05
5549,11,0.02950751,8.325e-05
5550,11,0.03152956,8.328e-05
5551,11,0.03639596,8.328e-05
5552,11,0.03164055,8.331e-05
5553,11,0.04042469,8.331e-05
5554,11,0.03377051,8.334e-05
5555,11,0.04663346,8.334e-05
5556,11,0.03949751,8.337e-05
5557,11,0.03077273,8.337e-05
5558,11,0.02935707,8.34e-05
5559,11,0.04736270,8.34e-05
5560,11,0.03887576,8.343e-05
5561,11,0.03792501,8.343e-05
5562,11,0.03417872,8.346e-05
5563,11,0.03862434,8.346e-05
5564,11,0.03760325,8.349e-05
5565,11,0.03743704,8.349e-05
5566,11,0.02716881,8.352e-05
5567,11,0.03207738,8.352e-05
5568,11,0.02388709,8.355e-05
5569,11,0.03352024,8.355e-05
5570,11,0.02442812,8.358e-05
5571,11,0.04781785,8.358e-05
5572,11,0.03892256,8.361e-05
5573,11,0.04053915,8.361e-05
5574,11,0.04255649,8.364e-05
5575,11,0.03191742,8.364e-05
5576,11,0.03277867,8.367e-05
5577,11,0.04004641,8.367e-05
5578,11,0.03795574,8.37e-05
5579,11,0.03964091,8.37e-05
5580,11,0.03847807,8.373e-05
5581,11,0.05003472,8.373e-05
5582,11,0.03053241,8.376e-05
5583,11,0.03748881,8.376e-05
5584,11,0.04015556,8.379e-05
5585,11,0.03911926,8.379e-05
5586,11,0.03907730,8.382e-05
5587,11,0.03204278,8.382e-05
5588,11,0.05764304,8.385e-05
5589,11,0.04827501,8.385e-05
5590,11,0.03016041,8.388e-05
5591,11,0.02849451,8.388e-05
5592,11,0.03194297,8.391e-05
5593,11,0.03720390,8.391e-05
5594,11,0.02677130,8.394e-05
5595,11,0.04103758,8.394e-05
5596,11,0.03537453,8.397e-05
5597,11,0.03580584,8.397e-05
5598,11,0.04582524,8.4e-05
5599,11,0.03668994,8.4e-05
5600,11,0.03621683,8.403e-05
5601,11,0.03915342,8.403e-05
5602,11,0.02850769,8.406e-05
5603,11,0.04277493,8.406e-05
5604,11,0.03239877,8.409e-05
5605,11,0.04369933,8.409e-05
5606,11,0.03832396,8.412e-05
5607,11,0.03176638,8.412e-05
5608,11,0.03679549,8.415e-05
5609,11,0.02564374,8.415e-05
5610,11,0.03680462,8.418e-05
5611,11,0.03282875,8.418e-05
5612,11,0.03586372,8.421e-05
5613,11,0.03611653,8.421e-05
5614,11,0.02789661,8.424e-05
5615,11,0.03705298,8.424e-05
5616,11,0.03466017,8.427e-05
5617,11,0.03805660,8.427e-05
5618,11,0.03266488,8.43e-05
5619,11,0.04182519,8.43e-05
5620,11,0.03643669,8.433e-05
5621,11,0.05159548,8.433e-05
5622,11,0.02975611,8.436e-05
5623,11,0.03798818,8.436e-05
5624,11,0.03534884,8.439e-05
5625,11,0.03591355,8.439e-05
5626,11,0.03670362,8.442e-05
5627,11,0.02626549,8.442e-05
5628,11,0.04235618,8.445e-05
5629,11,0.03957205,8.445e-05
5630,11,0.04255795,8.448e-05
5631,11,0.03122572,8.448e-05
5632,11,0.03770900,8.451e-05
5633,11,0.03235249,8.451e-05
5634,11,0.03953337,8.454e-05
5635,11,0.03410630,8.454e-05
5636,11,0.03513443,8.457e-05
5637,11,0.04035943,8.457e-05
5638,11,0.03122040,8.46e-05
5639,11,0.03370667,8.46e-05
5640,11,0.03499644,8.463e-05
5641,11,0.03215270,8.463e-05
5642,11,0.03207821,8.466e-05
5643,11,0.04192975,8.466e-05
5644,11,0.02779770,8.469e-05
5645,11,0.03482528,8.469e-05
5646,11,0.02795413,8.472e-05
5647,11,0.04580169,8.472e-05
5648,11,0.04158432,8.475e-05
5649,11,0.03522328,8.475e-05
5650,11,0.02613382,8.478e-05
5651,11,0.04473440,8.478e-05
5652,11,0.02877703,8.481e-05
5653,11,0.04211456,8.481e-05
5654,11,0.03437403,8.484e-05
5655,11,0.03383397,8.484e-05
5656,11,0.04085825,8.487e-05
5657,11,0.03557099,8.487e-05
5658,11,0.03102955,8.49e-05
5659,11,0.02462986,8.49e-05
5660,11,0.04042143,8.493e-05
5661,11,0.03412299,8.493e-05
5662,11,0.04828371,8.496e-05
5663,11,0.05667270,8.496e-05
5664,11,0.02825980,8.499e-05
5665,11,0.03521920,8.499e-05
5666,11,0.03649740,8.502e-05
5667,11,0.05240778,8.502e-05
5668,11,0.02077420,8.505e-05
5669,11,0.02984652,8.505e-05
5670,11,0.03755506,8.508e-05
5671,11,0.02718549,8.508e-05
5672,11,0.03954292,8.511e-05
5673,11,0.02977026,8.511e-05
5674,11,0.04061096,8.514e-05
5675,11,0.04772392,8.514e-05
5676,11,0.03876738,8.517e-05
5677,11,0.04229181,8.517e-05
5678,11,0.04063868,8.52e-05
5679,11,0.03800688,8.52e-05
5680,11,0.03062668,8.523e-05
5681,11,0.02720440,8.523e-05
5682,11,0.03720989,8.526e-05
5683,11,0.03336750,8.526e-05
5684,11,0.03627694,8.529e-05
5685,11,0.03428733,8.529e-05
5686,11,0.07065257,8.532e-05
5687,11,0.06070931,8.532e-05
5688,11,0.04441041,8.535e-05
5689,11,0.03407735,8.535e-05
5690,11,0.03396644,8.538e-05
5691,11,0.03707904,8.538e-05
5692,11,0.02494317,8.541e-05
5693,11,0.03384679,8.541e-05
5694,11,0.03909414,8.544e-05
5695,11,0.04480232,8.544e-05
5696,11,0.03816684,8.547e-05
5697,11,0.03109217,8.547e-05
5698,11,0.04461607,8.55e-05
5699,11,0.03971012,8.55e-05
5700,11,0.03895823,8.553e-05
5701,11,0.04943830,8.553e-05
5702,11,0.04537862,8.556e-05
5703,11,0.03394952,8.556e-05
5704,11,0.04411989,8.559e-05
5705,11,0.03052182,8.559e-05
5706,11,0.03761990,8.562e-05
5707,11,0.02377100,8.562e-05
5708,11,0.04578573,8.565e-05
5709,11,0.03563256,8.565e-05
5710,11,0.03250618,8.568e-05
5711,11,0.04165829,8.568e-05
5712,11,0.05059289,8.571e-05
5713,11,0.03336744,8.571e-05
5714,11,0.03062222,8.574e-05
5715,11,0.03422798,8.574e-05
5716,11,0.04025875,8.577e-05
5717,11,0.03276955,8.577e-05
5718,11,0.03481031,8.58e-05
5719,11,0.05096396,8.58e-05
5720,11,0.03892576,8.583e-05
5721,12,0.05082283,8.583e-05
5722,12,0.03045800,8.586e-05
5723,12,0.04419379,8.586e-05
5724,12,0.03116403,8.589e-05
5725,12,0.04072767,8.589e-05
5726,12,0.03081970,8.592e-05
5727,12,0.04085941,8.592e-05
5728,12,0.03049262,8.595e-05
5729,12,0.04907186,8.595e-05
5730,12,0.02649082,8.598e-05
5731,12,0.05188798,8.598e-05
5732,12,0.02162110,8.601e-05
5733,12,0.02774318,8.601e-05
5734,12,0.04089218,8.604e-05
5735,12,0.05195021,8.604e-05
5736,12,0.03837309,8.607e-05
5737,12,0.03197086,8.607e-05
5738,12,0.04516934,8.61e-05
5739,12,0.02563852,8.61e-05
5740,12,0.03309090,8.613e-05
5741,12,0.03284670,8.613e-05
5742,12,0.04275187,8.616e-05
5743,12,0.03059741,8.616e-05
5744,12,0.03712369,8.619e-05
5745,12,0.03482245,8.619e-05
5746,12,0.03732583,8.622e-05
5747,12,0.03421678,8.622e-05
5748,12,0.03943921,8.625e-05
5749,12,0.02793264,8.625e-05
5750,12,0.04815124,8.628e-05
5751,12,0.02375712,8.628e-05
5752,12,0.04087241,8.631e-05
5753,12,0.02808811,8.631e-05
5754,12,0.03683006,8.634e-05
5755,12,0.01928357,8.634e-05
5756,12,0.03434718,8.637e-05
5757,12,0.04501628,8.637e-05
5758,12,0.03055155,8.64e-05
5759,12,0.03258425,8.64e-05
5760,12,0.02263631,8.643e-05
5761,12,0.02322433,8.643e-05
5762,12,0.04178917,8.646e-05
5763,12,0.04629729,8.646e-05
5764,12,0.03751090,8.649e-05
5765,12,0.03234411,8.649e-05
5766,12,0.04728561,8.652e-05
5767,12,0.03535469,8.652e-05
5768,12,0.02560137,8.655e-05
5769,12,0.02517092,8.655e-05
5770,12,0.04486972,8.658e-05
5771,12,0.03024146,8.658e-05
5772,12,0.04325633,8.661e-05
5773,12,0.03953066,8.661e-05
5774,12,0.03389578,8.664e-05
5775,12,0.03181397,8.664e-05
5776,12,0.03178998,8.667e-05
5777,12,0.04001437,8.667e-05
5778,12,0.03269177,8.67e-05
5779,12,0.04069902,8.67e-05
5780,12,0.03355055,8.673e-05
5781,12,0.04819907,8.673e-05
5782,12,0.03662337,8.676e-05
5783,12,0.04710797,8.676e-05
5784,12,0.03932085,8.679e-05
5785,12,0.03651542,8.679e-05
5786,12,0.04808879,8.682e-05
5787,12,0.03471186,8.682e-05
5788,12,0.04225298,8.685e-05
5789,12,0.02576180,8.685e-05
5790,12,0.03376100,8.688e-05
5791,12,0.04188332,8.688e-05
5792,12,0.03965919,8.691e-05
5793,12,0.03429113,8.691e-05
5794,12,0.05785163,8.694e-05
5795,12,0.03378078,8.694e-05
5796,12,0.03272541,8.697e-05
5797,12,0.04733072,8.697e-05
5798,12,0.05177124,8.7e-05
5799,12,0.03688314,8.7e-05
5800,12,0.04020307,8.703e-05
5801,12,0.03391002,8.703e-05
5802,12,0.03973825,8.706e-05
5803,12,0.03239188,8.706e-05
5804,12,0.02786972,8.709e-05
5805,12,0.04262259,8.709e-05
5806,12,0.04487522,8.712e-05
5807,12,0.01964404,8.712e-05
5808,12,0.02247488,8.715e-05
5809,12,0.03681315,8.715e-05
5810,12,0.03470812,8.718e-05
5811,12,0.03417473,8.718e-05
5812,12,0.04756296,8.721e-05
5813,12,0.04031875,8.721e-05
5814,12,0.02608624,8.724e-05
5815,12,0.04780560,8.724e-05
5816,12,0.03648207,8.727e-05
5817,12,0.03312715,8.727e-05
5818,12,0.05541591,8.73e-05
5819,12,0.04576413,8.73e-05
5820,12,0.04288720,8.733e-05
5821,12,0.03202423,8.733e-05
5822,12,0.03323454,8.736e-05
5823,12,0.03586017,8.736e-05
5824,12,0.03155345,8.739e-05
5825,12,0.03246268,8.739e-05
